stamp,log_run_id,source,gps_available,forced_dropout,model_loaded,model_ready,model_samples,model_sha256,model_target_mode,model_input_normalization,ann_x,ann_y,output_x,output_y,odom_x,odom_y,gps_x,gps_y,origin_source,origin_x,origin_y,fuzzy_alpha_ann,fuzzy_alpha_odom,fuzzy_velocity_error,input_0,input_1,input_2,input_3,input_4,input_5,input_6,input_7,input_8,input_9,input_10,input_11,input_12,input_13,input_14
1.671000000,1779830080_5715,gps,True,False,True,True,1183,31c1594f7caae09c6975238b7b255ad5c765bc56640ec43b539fdb93165d94da,absolute,standard,0.247478433,-0.384893860,0.236782625,0.088076830,0.301173130,-0.000550907,0.236782625,0.088076830,first_gps,0.003839221,-0.137136925,nan,nan,nan,-0.007032193,-0.316398530,0.316476669,0.000004646,-0.000310911,0.000310945,0.000009293,-0.000621822,0.000621891,-0.004983949,-0.000349854,0.295322277,0.026573158,-0.004624397,-0.000049043
1.700000000,1779830080_5715,gps,True,False,True,True,1183,31c1594f7caae09c6975238b7b255ad5c765bc56640ec43b539fdb93165d94da,absolute,standard,0.266952163,-0.378882712,0.230864096,-0.050538170,0.336591488,-0.000606806,0.230864096,-0.050538170,first_gps,0.003839221,-0.137136925,nan,nan,nan,0.005302584,0.221353363,0.221416867,0.000016209,-0.000484704,0.000484975,0.000032417,-0.000969409,0.000969951,-0.010775955,-0.000531815,0.295014414,0.030114994,-0.009991135,-0.000054633
1.751000000,1779830080_5715,gps,True,False,True,True,1183,31c1594f7caae09c6975238b7b255ad5c765bc56640ec43b539fdb93165d94da,absolute,standard,0.313148240,-0.384552522,0.342749504,-0.173206132,0.372034098,-0.000647792,0.342749504,-0.173206132,first_gps,0.003839221,-0.137136925,nan,nan,nan,0.006687657,0.108503419,0.108709322,0.000042175,0.000124011,0.000130986,0.000084350,0.000248022,0.000261973,0.011415421,0.000165348,0.295229446,0.033659255,0.010592238,-0.000058731
1.803000000,1779830080_5715,gps,True,False,True,True,1183,31c1594f7caae09c6975238b7b255ad5c765bc56640ec43b539fdb93165d94da,absolute,standard,0.275036136,-0.387415858,0.375375874,-0.086068776,0.425172674,-0.000732341,0.375375874,-0.086068776,first_gps,0.003839221,-0.137136925,nan,nan,nan,0.002711040,-0.263663010,0.263676948,0.000046928,-0.000860151,0.000861431,0.000093856,-0.001720303,0.001722861,-0.024835472,-0.000973508,0.294332773,0.038973113,-0.023011421,-0.000067186
1.866000000,1779830080_5715,gps,True,False,True,True,1183,31c1594f7caae09c6975238b7b255ad5c765bc56640ec43b539fdb93165d94da,absolute,standard,0.325389562,-0.396353630,0.381673461,-0.065430108,0.442893912,-0.000762347,0.381673461,-0.065430108,first_gps,0.003839221,-0.137136925,nan,nan,nan,-0.003927358,0.268683067,0.268711769,0.000039466,-0.000349654,0.000351874,0.000078932,-0.000699307,0.000703748,-0.006426696,-0.000395179,0.295294196,0.040745237,-0.005962818,-0.000070187
1.901000000,1779830080_5715,gps,True,False,True,True,1183,31c1594f7caae09c6975238b7b255ad5c765bc56640ec43b539fdb93165d94da,absolute,standard,0.346185982,-0.402412138,0.345183108,-0.030135170,0.513754551,-0.000906698,0.345183108,-0.030135170,first_gps,0.003839221,-0.137136925,nan,nan,nan,0.000918852,-0.274192142,0.274193682,0.000014484,-0.000375074,0.000375354,0.000028969,-0.000750148,0.000750707,-0.006604490,-0.000400764,0.295217346,0.047831300,-0.006126231,-0.000084622
1.952000000,1779830080_5715,gps,True,False,True,True,1183,31c1594f7caae09c6975238b7b255ad5c765bc56640ec43b539fdb93165d94da,absolute,standard,0.415708963,-0.402213402,0.364926677,-0.104331176,0.549184439,-0.000969715,0.364926677,-0.104331176,first_gps,0.003839221,-0.137136925,nan,nan,nan,0.004880140,0.470881584,0.470906872,-0.000002821,-0.000104178,0.000104216,-0.000005642,-0.000208355,0.000208432,0.003073118,-0.000096733,0.295251289,0.051374289,0.002850588,-0.000090923
2.002000000,1779830080_5715,gps,True,False,True,True,1183,31c1594f7caae09c6975238b7b255ad5c765bc56640ec43b539fdb93165d94da,absolute,standard,0.468214052,-0.409255287,0.649859382,-0.095235241,0.602334021,-0.001062290,0.649859382,-0.095235241,first_gps,0.003839221,-0.137136925,nan,nan,nan,0.008208212,0.084994721,0.085390148,0.000021790,0.000397607,0.000398203,0.000043580,0.000795213,0.000796406,0.038485811,0.001015789,0.293184273,0.056689248,0.035621702,-0.000100181
2.050000000,1779830080_5715,gps,True,False,True,True,1183,31c1594f7caae09c6975238b7b255ad5c765bc56640ec43b539fdb93165d94da,absolute,standard,0.467241860,-0.414442300,0.701359792,0.118454683,0.673187869,-0.001195730,0.701359792,0.118454683,first_gps,0.003839221,-0.137136925,nan,nan,nan,-0.002707268,-1.000000000,1.000000000,0.000016683,-0.000690472,0.000690674,0.000033366,-0.001380944,0.001381347,-0.001211486,-0.000231338,0.295236776,0.063774632,-0.001123676,-0.000113525
2.124000000,1779830080_5715,gps,True,False,True,True,1183,31c1594f7caae09c6975238b7b255ad5c765bc56640ec43b539fdb93165d94da,absolute,standard,0.470880316,-0.420580130,0.767824257,0.209901233,0.708621046,-0.001259637,0.767824257,0.209901233,first_gps,0.003839221,-0.137136925,nan,nan,nan,-0.007070726,-1.000000000,1.000000000,0.000013661,-0.000863243,0.000863351,0.000027322,-0.001726486,0.001726702,-0.007203581,-0.000419585,0.295137419,0.067317950,-0.006680312,-0.000119916
2.162000000,1779830080_5715,gps,True,False,True,True,1183,31c1594f7caae09c6975238b7b255ad5c765bc56640ec43b539fdb93165d94da,absolute,standard,0.553859193,-0.412483429,0.490771904,-0.038973950,0.726332973,-0.001289245,0.490771904,-0.038973950,first_gps,0.003839221,-0.137136925,nan,nan,nan,0.001948890,1.000000000,1.000000000,0.000013856,-0.000647043,0.000647191,0.000027711,-0.001294086,0.001294383,0.000569741,-0.000175379,0.295198713,0.069089143,0.000528375,-0.000122876
2.218000000,1779830080_5715,gps,True,False,True,True,1183,31c1594f7caae09c6975238b7b255ad5c765bc56640ec43b539fdb93165d94da,absolute,standard,0.473538483,-0.430567743,0.689325452,-0.074233138,0.779484356,-0.001373788,0.689325452,-0.074233138,first_gps,0.003839221,-0.137136925,nan,nan,nan,-0.003763658,-0.000654117,0.003820077,0.000101226,-0.000693853,0.000701198,0.000202452,-0.001387706,0.001402396,-0.000475449,-0.000208215,0.295193680,0.074404281,-0.000440921,-0.000131331
2.250000000,1779830080_5715,gps,True,False,True,True,1183,31c1594f7caae09c6975238b7b255ad5c765bc56640ec43b539fdb93165d94da,absolute,standard,0.531282542,-0.428422584,0.793952986,-0.094852501,0.814915044,-0.001421279,0.793952986,-0.094852501,first_gps,0.003839221,-0.137136925,nan,nan,nan,0.003124736,0.112372981,0.112416417,0.000111225,-0.000334260,0.000352279,0.000222450,-0.000668519,0.000704558,0.012688167,0.000205332,0.295008368,0.077947350,0.011765576,-0.000136080
2.301000000,1779830080_5715,gps,True,False,True,True,1183,31c1594f7caae09c6975238b7b255ad5c765bc56640ec43b539fdb93165d94da,absolute,standard,0.484253311,-0.430927778,0.758218167,-0.034650924,0.868065902,-0.001475273,0.758218167,-0.034650924,first_gps,0.003839221,-0.137136925,nan,nan,nan,0.000087084,-0.206371134,0.206371152,0.000136037,-0.001407620,0.001414178,0.000272073,-0.002815240,0.002828356,-0.025990247,-0.001009786,0.294144239,0.083262436,-0.024070619,-0.000141479
2.352000000,1779830080_5715,gps,True,False,True,True,1183,31c1594f7caae09c6975238b7b255ad5c765bc56640ec43b539fdb93165d94da,absolute,standard,0.608879102,-0.442109344,1.000781184,-0.021515057,0.903499921,-0.001515211,1.000781184,-0.021515057,first_gps,0.003839221,-0.137136925,nan,nan,nan,-0.007116351,0.212813362,0.212932312,0.000119510,0.000102310,0.000157321,0.000239021,0.000204619,0.000314643,0.028598124,0.000705158,0.294089679,0.086805838,0.026493414,-0.000145473
2.400000000,1779830080_5715,gps,True,False,True,True,1183,31c1594f7caae09c6975238b7b255ad5c765bc56640ec43b539fdb93165d94da,absolute,standard,0.583864876,-0.441338121,1.029127578,0.173577080,0.938928110,-0.001562644,1.029127578,0.173577080,first_gps,0.003839221,-0.137136925,nan,nan,nan,-0.004441961,-0.473449589,0.473470426,0.000118795,-0.000594122,0.000605882,0.000237589,-0.001188244,0.001211764,0.003700122,-0.000077035,0.295139330,0.090348656,0.003430936,-0.000150216
2.450000000,1779830080_5715,gps,True,False,True,True,1183,31c1594f7caae09c6975238b7b255ad5c765bc56640ec43b539fdb93165d94da,absolute,standard,0.614085031,-0.452385900,0.995618924,0.005254189,0.992069679,-0.001627599,0.995618924,0.005254189,first_gps,0.003839221,-0.137136925,nan,nan,nan,-0.006844890,0.021394976,0.022463248,0.000094381,-0.000153768,0.000180422,0.000188761,-0.000307536,0.000360845,0.019341908,0.000414366,0.294636599,0.095662813,0.017925483,-0.000156712
2.501000000,1779830080_5715,gps,True,False,True,True,1183,31c1594f7caae09c6975238b7b255ad5c765bc56640ec43b539fdb93165d94da,absolute,standard,0.694637218,-0.450685633,0.950635808,-0.069282351,1.045216860,-0.001678676,0.950635808,-0.069282351,first_gps,0.003839221,-0.137136925,nan,nan,nan,-0.002505163,0.339269422,0.339278671,0.000103049,0.000102080,0.000145050,0.000206099,0.000204161,0.000290100,0.028095777,0.000689377,0.294220093,0.100977531,0.026037131,-0.000161820
2.552000000,1779830080_5715,gps,True,False,True,True,1183,31c1594f7caae09c6975238b7b255ad5c765bc56640ec43b539fdb93165d94da,absolute,standard,0.683034470,-0.453664469,1.148409365,0.072983027,1.080660908,-0.001718401,1.148409365,0.072983027,first_gps,0.003839221,-0.137136925,nan,nan,nan,-0.000446335,0.223981961,0.223982406,0.000105785,-0.000184409,0.000212597,0.000211570,-0.000368818,0.000425193,0.018224369,0.000379257,0.295064899,0.104521936,0.016911994,-0.000165792
2.600000000,1779830080_5715,gps,True,False,True,True,1183,31c1594f7caae09c6975238b7b255ad5c765bc56640ec43b539fdb93165d94da,absolute,standard,0.709488356,-0.453647933,1.110102388,0.097587467,1.116077395,-0.001757070,1.110102388,0.097587467,first_gps,0.003839221,-0.137136925,nan,nan,nan,0.001947384,0.306114319,0.306120513,0.000109097,-0.000207937,0.000234819,0.000218193,-0.000415874,0.000469638,0.017044018,0.000342175,0.294762567,0.108063585,0.015798270,-0.000169659
2.650000000,1779830080_5715,gps,True,False,True,True,1183,31c1594f7caae09c6975238b7b255ad5c765bc56640ec43b539fdb93165d94da,absolute,standard,0.731253498,-0.459435970,1.162975574,-0.024116707,1.169225955,-0.001820963,1.162975574,-0.024116707,first_gps,0.003839221,-0.137136925,nan,nan,nan,0.002026239,-0.157907657,0.157920656,0.000096885,0.000095549,0.000136075,0.000193771,0.000191097,0.000272149,0.028118336,0.000690085,0.294087594,0.113378441,0.026046412,-0.000176048
2.703000000,1779830080_5715,gps,True,False,True,True,1183,31c1594f7caae09c6975238b7b255ad5c765bc56640ec43b539fdb93165d94da,absolute,standard,0.694167966,-0.464549994,1.185007820,0.015280882,1.222381619,-0.001914295,1.185007820,0.015280882,first_gps,0.003839221,-0.137136925,nan,nan,nan,0.003859165,0.009306245,0.010074689,0.000097295,-0.000751317,0.000757591,0.000194590,-0.001502634,0.001515181,-0.002160574,-0.000261155,0.295428781,0.118694007,-0.002005296,-0.000185381
2.760000000,1779830080_5715,gps,True,False,True,True,1183,31c1594f7caae09c6975238b7b255ad5c765bc56640ec43b539fdb93165d94da,absolute,standard,0.767617517,-0.463344178,1.165800912,0.081670893,1.257803438,-0.001980180,1.165800912,0.081670893,first_gps,0.003839221,-0.137136925,nan,nan,nan,0.004241340,-0.320331532,0.320359609,0.000104622,-0.000192317,0.000218933,0.000209243,-0.000384634,0.000437866,0.017852067,0.000367561,0.294817289,0.122236189,0.016551868,-0.000191970
2.800000000,1779830080_5715,gps,True,False,True,True,1183,31c1594f7caae09c6975238b7b255ad5c765bc56640ec43b539fdb93165d94da,absolute,standard,0.864795398,-0.462887824,1.454512394,-0.068726965,1.293232102,-0.002030349,1.454512394,-0.068726965,first_gps,0.003839221,-0.137136925,nan,nan,nan,0.002247008,0.537604684,0.537609380,0.000119336,0.000368142,0.000387001,0.000238673,0.000736284,0.000774002,0.037302609,0.000978618,0.293149328,0.125779056,0.034512187,-0.000196987
2.850000000,1779830080_5715,gps,True,False,True,True,1183,31c1594f7caae09c6975238b7b255ad5c765bc56640ec43b539fdb93165d94da,absolute,standard,0.885404934,-0.474889440,1.385544690,0.137008102,1.346381856,-0.002105947,1.385544690,0.137008102,first_gps,0.003839221,-0.137136925,nan,nan,nan,-0.007186166,0.423692053,0.423752990,0.000094825,0.000553587,0.000561650,0.000189651,0.001107174,0.001123300,0.045274799,0.001229072,0.292257155,0.131094031,0.041851803,-0.000204547
2.905000000,1779830080_5715,gps,True,False,True,True,1183,31c1594f7caae09c6975238b7b255ad5c765bc56640ec43b539fdb93165d94da,absolute,standard,0.843690851,-0.476550683,1.358396219,0.101383034,1.399535386,-0.002172961,1.358396219,0.101383034,first_gps,0.003839221,-0.137136925,nan,nan,nan,0.002511240,0.202656014,0.202671572,0.000092681,-0.000189630,0.000211067,0.000185363,-0.000379259,0.000422134,0.017956431,0.000370840,0.295005416,0.136409384,0.016659460,-0.000211248
2.953000000,1779830080_5715,gps,True,False,True,True,1183,31c1594f7caae09c6975238b7b255ad5c765bc56640ec43b539fdb93165d94da,absolute,standard,0.826998376,-0.490728652,1.427990719,0.009090381,1.434964545,-0.002191863,1.427990719,0.009090381,first_gps,0.003839221,-0.137136925,nan,nan,nan,-0.012101572,-0.005692763,0.013373691,0.000076107,-0.000206496,0.000220074,0.000152214,-0.000412991,0.000440149,0.017406732,0.000353570,0.294686584,0.139952300,0.016130978,-0.000213138
3.000000000,1779830080_5715,gps,True,False,True,True,1183,31c1594f7caae09c6975238b7b255ad5c765bc56640ec43b539fdb93165d94da,absolute,standard,0.815397406,-0.494834819,1.492768797,-0.124499824,1.470390526,-0.002204877,1.492768797,-0.124499824,first_gps,0.003839221,-0.137136925,nan,nan,nan,-0.011736051,-0.023756095,0.026496923,0.000052083,-0.000627125,0.000629284,0.000104166,-0.001254250,0.001258568,0.002661961,-0.000109650,0.295241287,0.143494898,0.002469101,-0.000214440
3.050000000,1779830080_5715,gps,True,False,True,True,1183,31c1594f7caae09c6975238b7b255ad5c765bc56640ec43b539fdb93165d94da,absolute,standard,0.870357893,-0.488829156,1.530799485,-0.004994384,1.523538288,-0.002206629,1.530799485,-0.004994384,first_gps,0.003839221,-0.137136925,nan,nan,nan,-0.000519736,-0.258813567,0.258814088,0.000048853,-0.000497010,0.000499405,0.000097707,-0.000994021,0.000998811,0.006229673,0.000002433,0.295250646,0.148809674,0.005779116,-0.000214615
3.101000000,1779830080_5715,gps,True,False,True,True,1183,31c1594f7caae09c6975238b7b255ad5c765bc56640ec43b539fdb93165d94da,absolute,standard,0.876161777,-0.491264806,1.729255866,-0.088441106,1.576688732,-0.002185387,1.729255866,-0.088441106,first_gps,0.003839221,-0.137136925,nan,nan,nan,0.003929456,0.012280386,0.012893739,0.000062368,-0.000675988,0.000678859,0.000124735,-0.001351976,0.001357717,-0.000373305,-0.000205006,0.295336606,0.154124719,-0.000346363,-0.000212491
3.152000000,1779830080_5715,gps,True,False,True,True,1183,31c1594f7caae09c6975238b7b255ad5c765bc56640ec43b539fdb93165d94da,absolute,standard,0.966486908,-0.494957537,1.691293260,-0.032283039,1.612112323,-0.002159360,1.691293260,-0.032283039,first_gps,0.003839221,-0.137136925,nan,nan,nan,-0.004423217,-0.160964782,0.161025544,0.000052474,0.000311281,0.000315673,0.000104949,0.000622562,0.000631346,0.036301578,0.000947170,0.293309398,0.157667078,0.033596182,-0.000209888
3.200000000,1779830080_5715,gps,True,False,True,True,1183,31c1594f7caae09c6975238b7b255ad5c765bc56640ec43b539fdb93165d94da,absolute,standard,0.903249486,-0.497626283,1.614302141,-0.184743085,1.647553024,-0.002120507,1.614302141,-0.184743085,first_gps,0.003839221,-0.137136925,nan,nan,nan,-0.004685527,-0.505545105,0.505566818,0.000040647,-0.001101824,0.001102574,0.000081293,-0.002203649,0.002205148,-0.014587945,-0.000651572,0.295009171,0.161211148,-0.013529562,-0.000206003
3.250000000,1779830080_5715,gps,True,False,True,True,1183,31c1594f7caae09c6975238b7b255ad5c765bc56640ec43b539fdb93165d94da,absolute,standard,0.950965365,-0.501770690,1.665577210,0.030735503,1.700691646,-0.002054843,1.665577210,0.030735503,first_gps,0.003839221,-0.137136925,nan,nan,nan,-0.000941376,-0.072579472,0.072585577,0.000044073,-0.000518914,0.000520782,0.000088146,-0.001037827,0.001041564,0.006145435,-0.000000214,0.295229534,0.166525010,0.005700544,-0.000199436
3.300000000,1779830080_5715,gps,True,False,True,True,1183,31c1594f7caae09c6975238b7b255ad5c765bc56640ec43b539fdb93165d94da,absolute,standard,0.955446998,-0.506047595,1.719337107,0.031141971,1.753844505,-0.001967287,1.719337107,0.031141971,first_gps,0.003839221,-0.137136925,nan,nan,nan,-0.005595699,-0.407537235,0.407575649,0.000026132,-0.001031738,0.001032069,0.000052264,-0.002063476,0.002064138,-0.012403106,-0.000582933,0.294943511,0.171840296,-0.011498443,-0.000190681
3.350000000,1779830080_5715,gps,True,False,True,True,1183,31c1594f7caae09c6975238b7b255ad5c765bc56640ec43b539fdb93165d94da,absolute,standard,1.021930236,-0.503124005,1.727318188,0.059184988,1.789275562,-0.001905840,1.727318188,0.059184988,first_gps,0.003839221,-0.137136925,nan,nan,nan,-0.000981729,-0.462821275,0.462822316,0.000024384,-0.000434545,0.000435229,0.000048768,-0.000869091,0.000870458,0.008229100,0.000065247,0.295078622,0.175383402,0.007630214,-0.000184536
3.401000000,1779830080_5715,gps,True,False,True,True,1183,31c1594f7caae09c6975238b7b255ad5c765bc56640ec43b539fdb93165d94da,absolute,standard,1.035784639,-0.508308498,1.757224868,-0.085052699,1.824706233,-0.001847223,1.757224868,-0.085052699,first_gps,0.003839221,-0.137136925,nan,nan,nan,-0.000180911,-0.098225694,0.098225861,0.000009428,-0.000211195,0.000211405,0.000018856,-0.000422389,0.000422810,0.016270866,0.000317886,0.294965717,0.178926469,0.015090741,-0.000178674
3.450000000,1779830080_5715,gps,True,False,True,True,1183,31c1594f7caae09c6975238b7b255ad5c765bc56640ec43b539fdb93165d94da,absolute,standard,1.125551821,-0.509344722,1.949482041,0.015339940,1.877851504,-0.001762905,1.949482041,0.015339940,first_gps,0.003839221,-0.137136925,nan,nan,nan,-0.003111740,0.411131795,0.411143570,-0.000015743,0.000108383,0.000109520,-0.000031486,0.000216765,0.000219040,0.027943270,0.000684586,0.294054049,0.184240996,0.025880454,-0.000170242
3.500000000,1779830080_5715,gps,True,False,True,True,1183,31c1594f7caae09c6975238b7b255ad5c765bc56640ec43b539fdb93165d94da,absolute,standard,1.090536952,-0.518637265,1.866819442,0.130438273,1.913285358,-0.001687126,1.866819442,0.130438273,first_gps,0.003839221,-0.137136925,nan,nan,nan,-0.007715707,0.201548463,0.201696096,-0.000030993,-0.000236174,0.000238199,-0.000061986,-0.000472349,0.000476399,0.015857909,0.000304913,0.294949100,0.187784381,0.014706265,-0.000162665
3.550000000,1779830080_5715,gps,True,False,True,True,1183,31c1594f7caae09c6975238b7b255ad5c765bc56640ec43b539fdb93165d94da,absolute,standard,1.167698377,-0.511282491,1.876409125,0.011868396,1.966434276,-0.001568056,1.876409125,0.011868396,first_gps,0.003839221,-0.137136925,nan,nan,nan,0.002380117,0.321213417,0.321222235,-0.000031853,0.000118051,0.000122273,-0.000063707,0.000236103,0.000244547,0.029112331,0.000721313,0.294005541,0.193099273,0.026964704,-0.000150758
3.600000000,1779830080_5715,gps,True,False,True,True,1183,31c1594f7caae09c6975238b7b255ad5c765bc56640ec43b539fdb93165d94da,absolute,standard,1.091718154,-0.524574988,1.980914333,0.045080341,2.001863281,-0.001494532,1.980914333,0.045080341,first_gps,0.003839221,-0.137136925,nan,nan,nan,-0.007369155,-0.208312313,0.208442616,-0.000049224,-0.000683998,0.000685767,-0.000098448,-0.001367996,0.001371533,-0.000150675,-0.000198012,0.295167324,0.196642173,-0.000139720,-0.000143405
3.652000000,1779830080_5715,gps,True,False,True,True,1183,31c1594f7caae09c6975238b7b255ad5c765bc56640ec43b539fdb93165d94da,absolute,standard,1.090238863,-0.520020834,2.067818472,-0.003120588,2.055003502,-0.001393558,2.067818472,-0.003120588,first_gps,0.003839221,-0.137136925,nan,nan,nan,0.000606736,-0.415739740,0.415740183,-0.000034307,-0.001354058,0.001354492,-0.000068615,-0.002708116,0.002708985,-0.024272790,-0.000955830,0.294342234,0.201956196,-0.022488738,-0.000133308
3.700000000,1779830080_5715,gps,True,False,True,True,1183,31c1594f7caae09c6975238b7b255ad5c765bc56640ec43b539fdb93165d94da,absolute,standard,1.259432297,-0.516476267,2.065682967,0.003054085,2.090441461,-0.001322249,2.065682967,0.003054085,first_gps,0.003839221,-0.137136925,nan,nan,nan,-0.002248154,0.483027451,0.483032683,-0.000031338,0.000273735,0.000275523,-0.000062676,0.000547470,0.000551046,0.034391660,0.000887168,0.293513532,0.205499992,0.031836527,-0.000126177
3.751000000,1779830080_5715,gps,True,False,True,True,1183,31c1594f7caae09c6975238b7b255ad5c765bc56640ec43b539fdb93165d94da,absolute,standard,1.200137914,-0.527408400,2.232665437,0.113561614,2.143585226,-0.001212863,2.232665437,0.113561614,first_gps,0.003839221,-0.137136925,nan,nan,nan,-0.005709707,-0.179345218,0.179436084,-0.000050651,-0.000252658,0.000257685,-0.000101301,-0.000505315,0.000515369,0.016294169,0.000318618,0.294793578,0.210814368,0.015103572,-0.000115238
3.800000000,1779830080_5715,gps,True,False,True,True,1183,31c1594f7caae09c6975238b7b255ad5c765bc56640ec43b539fdb93165d94da,absolute,standard,1.225095421,-0.523284254,2.325751967,-0.114927798,2.179020726,-0.001149441,2.325751967,-0.114927798,first_gps,0.003839221,-0.137136925,nan,nan,nan,0.003507312,-0.194433706,0.194465337,-0.000061721,-0.000275109,0.000281947,-0.000123441,-0.000550218,0.000563895,0.015406161,0.000290721,0.295042219,0.214357918,0.014291170,-0.000108896
3.852000000,1779830080_5715,gps,True,False,True,True,1183,31c1594f7caae09c6975238b7b255ad5c765bc56640ec43b539fdb93165d94da,absolute,standard,1.257721353,-0.530380231,2.254923621,-0.123472253,2.232169349,-0.001064509,2.254923621,-0.123472253,first_gps,0.003839221,-0.137136925,nan,nan,nan,-0.003916959,0.232929786,0.232962718,-0.000063452,-0.000359834,0.000365386,-0.000126904,-0.000719668,0.000730772,0.012585458,0.000202106,0.295100165,0.219672780,0.011673867,-0.000100403
3.900000000,1779830080_5715,gps,True,False,True,True,1183,31c1594f7caae09c6975238b7b255ad5c765bc56640ec43b539fdb93165d94da,absolute,standard,1.236115911,-0.535112027,2.346545474,-0.048582836,2.285321076,-0.000989908,2.346545474,-0.048582836,first_gps,0.003839221,-0.137136925,nan,nan,nan,-0.004595343,-0.213612475,0.213661898,-0.000070017,-0.000834981,0.000837912,-0.000140035,-0.001669962,0.001675823,-0.003514380,-0.000303686,0.295513044,0.224987953,-0.003262819,-0.000092943
3.961000000,1779830080_5715,gps,True,False,True,True,1183,31c1594f7caae09c6975238b7b255ad5c765bc56640ec43b539fdb93165d94da,absolute,standard,1.293166733,-0.532030223,2.275752286,-0.031815699,2.338458146,-0.000937403,2.275752286,-0.031815699,first_gps,0.003839221,-0.137136925,nan,nan,nan,-0.000325300,-0.228916364,0.228916595,-0.000072112,-0.000522952,0.000527900,-0.000144223,-0.001045903,0.001055800,0.008122308,0.000061892,0.295201115,0.230301660,0.007534277,-0.000087692
4.000000000,1779830080_5715,gps,True,False,True,True,1183,31c1594f7caae09c6975238b7b255ad5c765bc56640ec43b539fdb93165d94da,absolute,standard,1.335073493,-0.530280238,2.261519891,0.079441798,2.356170604,-0.000914583,2.261519891,0.079441798,first_gps,0.003839221,-0.137136925,nan,nan,nan,0.001371048,0.174862069,0.174867444,-0.000069644,-0.000208200,0.000219539,-0.000139287,-0.000416400,0.000439078,0.019118234,0.000407339,0.294675568,0.232072906,0.017720029,-0.000085410
4.053000000,1779830080_5715,gps,True,False,True,True,1183,31c1594f7caae09c6975238b7b255ad5c765bc56640ec43b539fdb93165d94da,absolute,standard,1.332883002,-0.538936890,2.567403568,-0.277286060,2.409311968,-0.000812710,2.567403568,-0.277286060,first_gps,0.003839221,-0.137136925,nan,nan,nan,-0.006633463,0.053032602,0.053445858,-0.000076522,-0.000330233,0.000338983,-0.000153044,-0.000660466,0.000677966,0.015079183,0.000280448,0.294679337,0.237387042,0.013970194,-0.000075223
4.104000000,1779830080_5715,gps,True,False,True,True,1183,31c1594f7caae09c6975238b7b255ad5c765bc56640ec43b539fdb93165d94da,absolute,standard,1.371087624,-0.535642925,2.546899061,0.108884130,2.462471408,-0.000695713,2.546899061,0.108884130,first_gps,0.003839221,-0.137136925,nan,nan,nan,-0.000060208,0.287948199,0.287948205,-0.000069894,-0.000664673,0.000668337,-0.000139788,-0.001329345,0.001336675,0.003101752,-0.000095834,0.295368802,0.242702986,0.002878295,-0.000063523
4.152000000,1779830080_5715,gps,True,False,True,True,1183,31c1594f7caae09c6975238b7b255ad5c765bc56640ec43b539fdb93165d94da,absolute,standard,1.432092154,-0.531053194,2.424911308,-0.034620630,2.497906463,-0.000620250,2.424911308,-0.034620630,first_gps,0.003839221,-0.137136925,nan,nan,nan,0.002050296,0.289047661,0.289054932,-0.000058113,-0.000100457,0.000116055,-0.000116227,-0.000200915,0.000232111,0.021631296,0.000486289,0.294793191,0.246246492,0.020064074,-0.000055977
4.204000000,1779830080_5715,gps,True,False,True,True,1183,31c1594f7caae09c6975238b7b255ad5c765bc56640ec43b539fdb93165d94da,absolute,standard,1.490799112,-0.528611704,2.682529200,0.008099084,2.551030308,0.000118696,2.682529200,0.008099084,first_gps,0.003839221,-0.137136925,nan,nan,nan,0.001691778,0.327824173,0.327828539,-0.000051836,0.000281900,0.000286627,-0.000103673,0.000563801,0.000573253,0.034265006,0.000883189,0.293436878,0.251558876,0.031710088,0.000017918
4.250000000,1779830080_5715,gps,True,False,True,True,1183,31c1594f7caae09c6975238b7b255ad5c765bc56640ec43b539fdb93165d94da,absolute,standard,1.643124912,-0.511022944,2.689824965,-0.015283066,2.586311841,0.003325462,2.689824965,-0.015283066,first_gps,0.003839221,-0.137136925,nan,nan,nan,0.002697419,0.688995923,0.689001204,-0.000060703,0.001576691,0.001577859,-0.000121406,0.003153383,0.003155719,0.079873157,0.002316011,0.286126027,0.255087029,0.073343155,0.000338594
4.300000000,1779830080_5715,gps,True,False,True,True,1183,31c1594f7caae09c6975238b7b255ad5c765bc56640ec43b539fdb93165d94da,absolute,standard,1.581687052,-0.520852290,2.511235900,0.182742491,2.638592877,0.012785321,2.511235900,0.182742491,first_gps,0.003839221,-0.137136925,nan,nan,nan,-0.003807599,-0.136292178,0.136345354,-0.000075272,0.001450539,0.001452490,-0.000150543,0.002901077,0.002904981,0.075733490,0.002185960,0.287026981,0.260315133,0.069608996,0.001284580
4.352000000,1779830080_5715,gps,True,False,True,True,1183,31c1594f7caae09c6975238b7b255ad5c765bc56640ec43b539fdb93165d94da,absolute,standard,1.695273067,-0.500701824,2.632911479,0.097939466,2.672754809,0.022146701,2.632911479,0.097939466,first_gps,0.003839221,-0.137136925,nan,nan,nan,0.003153578,0.368986372,0.368999848,-0.000052941,0.002163750,0.002164398,-0.000105882,0.004327500,0.004328795,0.100912189,0.002976972,0.280453544,0.263731326,0.092014263,0.002220718
4.400000000,1779830080_5715,gps,True,False,True,True,1183,31c1594f7caae09c6975238b7b255ad5c765bc56640ec43b539fdb93165d94da,absolute,standard,1.761378575,-0.490336718,2.750218096,0.016503251,2.706178637,0.033903537,2.750218096,0.016503251,first_gps,0.003839221,-0.137136925,nan,nan,nan,-0.006180517,0.348204460,0.348259306,-0.000071450,0.003016003,0.003016849,-0.000142900,0.006032006,0.006033698,0.132019990,0.003954252,0.270283136,0.267073709,0.119004001,0.003396402
4.454000000,1779830080_5715,gps,True,False,True,True,1183,31c1594f7caae09c6975238b7b255ad5c765bc56640ec43b539fdb93165d94da,absolute,standard,1.817966197,-0.468254583,2.635549420,0.058107246,2.754510102,0.055927254,2.635549420,0.058107246,first_gps,0.003839221,-0.137136925,nan,nan,nan,-0.002505028,-0.633187386,0.633192341,-0.000084138,0.003436788,0.003437818,-0.000168276,0.006873576,0.006875636,0.147699704,0.004446845,0.263987292,0.271906856,0.132114012,0.005598773
4.501000000,1779830080_5715,gps,True,False,True,True,1183,31c1594f7caae09c6975238b7b255ad5c765bc56640ec43b539fdb93165d94da,absolute,standard,1.886812267,-0.440854750,2.819236905,0.049779517,2.800248611,0.082959652,2.819236905,0.049779517,first_gps,0.003839221,-0.137136925,nan,nan,nan,0.002781447,-0.219699487,0.219717093,-0.000051288,0.004296718,0.004297024,-0.000102575,0.008593436,0.008594049,0.178751433,0.005422364,0.249898987,0.276480707,0.157219123,0.008302013
4.554000000,1779830080_5715,gps,True,False,True,True,1183,31c1594f7caae09c6975238b7b255ad5c765bc56640ec43b539fdb93165d94da,absolute,standard,2.025659179,-0.398210475,2.839276406,0.214769934,2.829031234,0.103621639,2.839276406,0.214769934,first_gps,0.003839221,-0.137136925,nan,nan,nan,0.008538315,0.420170514,0.420257259,-0.000030027,0.005490511,0.005490593,-0.000060054,0.010981022,0.010981186,0.222119043,0.006784797,0.226309134,0.279358969,0.189770937,0.010368212
4.601000000,1779830080_5715,gps,True,False,True,True,1183,31c1594f7caae09c6975238b7b255ad5c765bc56640ec43b539fdb93165d94da,absolute,standard,2.084171816,-0.369549441,2.811268107,0.152438050,2.869267602,0.138293134,2.811268107,0.152438050,first_gps,0.003839221,-0.137136925,nan,nan,nan,-0.001830486,0.344526308,0.344531170,-0.000041680,0.006358688,0.006358825,-0.000083360,0.012717376,0.012717649,0.254522048,0.007802768,0.205846585,0.283382606,0.211779967,0.013835361
4.652000000,1779830080_5715,gps,True,False,True,True,1183,31c1594f7caae09c6975238b7b255ad5c765bc56640ec43b539fdb93165d94da,absolute,standard,2.102692183,-0.344512180,2.947803369,0.162396342,2.893957025,0.163710203,2.947803369,0.162396342,first_gps,0.003839221,-0.137136925,nan,nan,nan,0.004583761,0.079776366,0.079907943,-0.000035707,0.006832444,0.006832537,-0.000071413,0.013664888,0.013665075,0.271865159,0.008347618,0.193959108,0.285851548,0.222619584,0.016377068
4.700000000,1779830080_5715,gps,True,False,True,True,1183,31c1594f7caae09c6975238b7b255ad5c765bc56640ec43b539fdb93165d94da,absolute,standard,2.203556458,-0.295210435,2.988943246,0.271878253,2.927440394,0.204950663,2.988943246,0.271878253,first_gps,0.003839221,-0.137136925,nan,nan,nan,-0.005141548,0.283498951,0.283545571,-0.000059369,0.008139572,0.008139788,-0.000118739,0.016279144,0.016279577,0.318592292,0.009815594,0.159336729,0.289199885,0.248637168,0.020501114
4.750000000,1779830080_5715,gps,True,False,True,True,1183,31c1594f7caae09c6975238b7b255ad5c765bc56640ec43b539fdb93165d94da,absolute,standard,2.191390772,-0.284027087,2.908496201,0.370793724,2.947251882,0.234320125,2.908496201,0.370793724,first_gps,0.003839221,-0.137136925,nan,nan,nan,-0.003091732,0.032830667,0.032975923,-0.000059596,0.008125660,0.008125878,-0.000119193,0.016251319,0.016251757,0.318847087,0.009823598,0.159193107,0.291181034,0.248851317,0.023438061
4.800000000,1779830080_5715,gps,True,False,True,True,1183,31c1594f7caae09c6975238b7b255ad5c765bc56640ec43b539fdb93165d94da,absolute,standard,2.272293036,-0.238446965,3.060880115,0.312230049,2.964942821,0.265012164,3.060880115,0.312230049,first_gps,0.003839221,-0.137136925,nan,nan,nan,-0.002238811,0.254954590,0.254964420,-0.000058425,0.009083149,0.009083337,-0.000116851,0.018166298,0.018166674,0.352610015,0.010884292,0.131892964,0.292950128,0.264187578,0.026507264
4.852000000,1779830080_5715,gps,True,False,True,True,1183,31c1594f7caae09c6975238b7b255ad5c765bc56640ec43b539fdb93165d94da,absolute,standard,2.301045514,-0.197947521,3.045185203,0.250176505,2.987295459,0.313205191,3.045185203,0.250176505,first_gps,0.003839221,-0.137136925,nan,nan,nan,-0.005167257,0.141672187,0.141766389,-0.000065119,0.009789565,0.009789782,-0.000130238,0.019579130,0.019579563,0.378424146,0.011695267,0.110038623,0.295185391,0.273955491,0.031326567
4.902000000,1779830080_5715,gps,True,False,True,True,1183,31c1594f7caae09c6975238b7b255ad5c765bc56640ec43b539fdb93165d94da,absolute,standard,2.421593565,-0.122006475,2.946133968,0.281140111,3.004396406,0.363503102,2.946133968,0.281140111,first_gps,0.003839221,-0.137136925,nan,nan,nan,0.002681835,0.686180355,0.686185596,-0.000101582,0.010999746,0.011000215,-0.000203164,0.021999493,0.022000431,0.421380190,0.013044771,0.072185457,0.296895486,0.286291595,0.036356358
4.964000000,1779830080_5715,gps,True,False,True,True,1183,31c1594f7caae09c6975238b7b255ad5c765bc56640ec43b539fdb93165d94da,absolute,standard,2.371400508,-0.095193640,2.954048188,0.183594151,3.016049999,0.415334062,2.954048188,0.183594151,first_gps,0.003839221,-0.137136925,nan,nan,nan,0.004274937,-0.063204642,0.063349048,-0.000090816,0.011387295,0.011387657,-0.000181632,0.022774591,0.022775315,0.435171324,0.013478032,0.059742359,0.298060845,0.289268908,0.041539454
5.007000000,1779830080_5715,gps,True,False,True,True,1183,31c1594f7caae09c6975238b7b255ad5c765bc56640ec43b539fdb93165d94da,absolute,standard,2.506355578,-0.023189840,2.914132758,0.268458417,3.018698676,0.432844200,2.914132758,0.268458417,first_gps,0.003839221,-0.137136925,nan,nan,nan,0.001794055,1.000000000,1.000000000,-0.000089022,0.012639677,0.012639991,-0.000178044,0.025279354,0.025279981,0.480056407,0.014888139,0.018480768,0.298325713,0.294576386,0.043290468
5.056000000,1779830080_5715,gps,True,False,True,True,1183,31c1594f7caae09c6975238b7b255ad5c765bc56640ec43b539fdb93165d94da,absolute,standard,2.467633322,-0.005587858,3.037740109,0.399608246,3.022913531,0.485805549,3.037740109,0.399608246,first_gps,0.003839221,-0.137136925,nan,nan,nan,0.001570639,-1.000000000,1.000000000,-0.000064608,0.012892219,0.012892381,-0.000129215,0.025784437,0.025784761,0.489629523,0.015188887,0.009619664,0.298747199,0.295160070,0.048586603
5.121000000,1779830080_5715,gps,True,False,True,True,1183,31c1594f7caae09c6975238b7b255ad5c765bc56640ec43b539fdb93165d94da,absolute,standard,2.431174566,0.032673054,3.230838739,0.391423554,3.021508792,0.538906660,3.230838739,0.391423554,first_gps,0.003839221,-0.137136925,nan,nan,nan,0.000917268,-0.249556380,0.249558066,-0.000074351,0.013349247,0.013349454,-0.000148701,0.026698494,0.026698908,0.505898882,0.015700004,-0.005469691,0.298606725,0.295116495,0.053896714
5.172000000,1779830080_5715,gps,True,False,True,True,1183,31c1594f7caae09c6975238b7b255ad5c765bc56640ec43b539fdb93165d94da,absolute,standard,2.508815642,0.116800133,2.960718222,0.676504508,3.018245284,0.591955013,2.960718222,0.676504508,first_gps,0.003839221,-0.137136925,nan,nan,nan,0.008949026,0.656017228,0.656078264,-0.000063193,0.014336815,0.014336955,-0.000126387,0.028673631,0.028673909,0.541137415,0.016807055,-0.038050596,0.298280374,0.292783928,0.059201549
5.206000000,1779830080_5715,gps,True,False,True,True,1183,31c1594f7caae09c6975238b7b255ad5c765bc56640ec43b539fdb93165d94da,absolute,standard,2.458937760,0.125756985,3.113304325,0.674778509,3.016059456,0.627321720,3.113304325,0.674778509,first_gps,0.003839221,-0.137136925,nan,nan,nan,0.000548814,0.257690709,0.257691294,-0.000056759,0.014508324,0.014508435,-0.000113518,0.029016648,0.029016870,0.547080597,0.016993766,-0.043510647,0.298061791,0.292025278,0.062738220
5.252000000,1779830080_5715,gps,True,False,True,True,1183,31c1594f7caae09c6975238b7b255ad5c765bc56640ec43b539fdb93165d94da,absolute,standard,2.460918335,0.144300931,2.943095995,0.619117226,3.013854918,0.662679520,2.943095995,0.619117226,first_gps,0.003839221,-0.137136925,nan,nan,nan,0.002228735,0.214236884,0.214248477,-0.000031661,0.014455021,0.014455056,-0.000063323,0.028910042,0.028910111,0.545087964,0.016931165,-0.041675077,0.297841337,0.292245374,0.066274000
5.312000000,1779830080_5715,gps,True,False,True,True,1183,31c1594f7caae09c6975238b7b255ad5c765bc56640ec43b539fdb93165d94da,absolute,standard,2.445692871,0.135877998,2.895475427,0.542553304,3.011653011,0.698041755,2.895475427,0.542553304,first_gps,0.003839221,-0.137136925,nan,nan,nan,0.003830427,-0.076327258,0.076423311,-0.000017771,0.013801501,0.013801512,-0.000035541,0.027603002,0.027603025,0.521405692,0.016187165,-0.019828917,0.297621147,0.294418092,0.069810224
5.351000000,1779830080_5715,gps,True,False,True,True,1183,31c1594f7caae09c6975238b7b255ad5c765bc56640ec43b539fdb93165d94da,absolute,standard,2.482670255,0.140700354,2.793717879,0.588477942,3.008341155,0.751090671,2.793717879,0.588477942,first_gps,0.003839221,-0.137136925,nan,nan,nan,0.008651957,-0.569065703,0.569131470,0.000009718,0.013056697,0.013056700,0.000019436,0.026113393,0.026113400,0.493962812,0.015325021,0.005599104,0.297289961,0.295176579,0.075115115
5.404000000,1779830080_5715,gps,True,False,True,True,1183,31c1594f7caae09c6975238b7b255ad5c765bc56640ec43b539fdb93165d94da,absolute,standard,2.452271824,0.171281337,2.944900812,0.522348268,3.005055500,0.804131977,2.944900812,0.522348268,first_gps,0.003839221,-0.137136925,nan,nan,nan,-0.000579927,0.062263961,0.062266661,0.000005119,0.013272215,0.013272216,0.000010238,0.026544431,0.026544433,0.501854461,0.015572945,-0.001719358,0.296961395,0.295116612,0.080419246
5.450000000,1779830080_5715,gps,True,False,True,True,1183,31c1594f7caae09c6975238b7b255ad5c765bc56640ec43b539fdb93165d94da,absolute,standard,2.469727240,0.226784873,2.801706154,0.708542079,3.002855761,0.839498951,2.801706154,0.708542079,first_gps,0.003839221,-0.137136925,nan,nan,nan,0.010379342,-0.080577604,0.081243344,0.000023368,0.014002796,0.014002815,0.000046737,0.028005591,0.028005630,0.528338034,0.016404951,-0.026251328,0.296741422,0.294091310,0.083955943
5.514000000,1779830080_5715,gps,True,False,True,True,1183,31c1594f7caae09c6975238b7b255ad5c765bc56640ec43b539fdb93165d94da,absolute,standard,2.470079940,0.213527679,2.995748745,0.883196716,3.000632085,0.874858315,2.995748745,0.883196716,first_gps,0.003839221,-0.137136925,nan,nan,nan,0.001071690,-0.224898744,0.224901298,0.000023270,0.013318588,0.013318609,0.000046540,0.026637176,0.026637217,0.504760802,0.015664250,-0.004416956,0.296519054,0.295298099,0.087491880
5.550000000,1779830080_5715,gps,True,False,True,True,1183,31c1594f7caae09c6975238b7b255ad5c765bc56640ec43b539fdb93165d94da,absolute,standard,2.478580958,0.263918352,2.926043547,1.075114930,2.997284705,0.927899904,2.926043547,1.075114930,first_gps,0.003839221,-0.137136925,nan,nan,nan,0.005719394,-0.179187092,0.179278346,0.000016920,0.013739611,0.013739622,0.000033841,0.027479222,0.027479243,0.521231290,0.016181686,-0.019677190,0.296184316,0.294572437,0.092796038
5.600000000,1779830080_5715,gps,True,False,True,True,1183,31c1594f7caae09c6975238b7b255ad5c765bc56640ec43b539fdb93165d94da,absolute,standard,2.470278250,0.274261338,2.849065806,0.903763069,2.995057291,0.963258737,2.849065806,0.903763069,first_gps,0.003839221,-0.137136925,nan,nan,nan,0.001613460,-0.068168498,0.068187590,0.000020793,0.013576007,0.013576023,0.000041586,0.027152014,0.027152045,0.515109346,0.015989359,-0.014006092,0.295961575,0.294845907,0.096331922
5.658000000,1779830080_5715,gps,True,False,True,True,1183,31c1594f7caae09c6975238b7b255ad5c765bc56640ec43b539fdb93165d94da,absolute,standard,2.494876241,0.292779594,2.987967906,0.859853393,2.991730183,1.016308836,2.987967906,0.859853393,first_gps,0.003839221,-0.137136925,nan,nan,nan,-0.008005860,-0.550012720,0.550070983,0.000008346,0.013526317,0.013526320,0.000016693,0.027052634,0.027052639,0.513248321,0.015930893,-0.012290471,0.295628864,0.295125638,0.101636932
5.701000000,1779830080_5715,gps,True,False,True,True,1183,31c1594f7caae09c6975238b7b255ad5c765bc56640ec43b539fdb93165d94da,absolute,standard,2.494876241,0.292779594,2.987967906,0.859853393,2.991730183,1.016308836,2.987967906,0.859853393,first_gps,0.003839221,-0.137136925,nan,nan,nan,-0.008005860,-0.550012720,0.550070983,0.000008346,0.013526317,0.013526320,0.000016693,0.027052634,0.027052639,0.513248321,0.015930893,-0.012290471,0.295628864,0.295125638,0.101636932
5.756000000,1779830080_5715,gps,True,False,True,True,1183,31c1594f7caae09c6975238b7b255ad5c765bc56640ec43b539fdb93165d94da,absolute,standard,2.507501243,0.402382498,3.061353906,1.236408775,2.985123711,1.122401706,3.061353906,1.236408775,first_gps,0.003839221,-0.137136925,nan,nan,nan,0.003792706,0.180590890,0.180630712,0.000058541,0.014271144,0.014271265,0.000117081,0.028542289,0.028542529,0.539582358,0.016758202,-0.036652560,0.294968217,0.293228462,0.112246219
5.800000000,1779830080_5715,gps,True,False,True,True,1183,31c1594f7caae09c6975238b7b255ad5c765bc56640ec43b539fdb93165d94da,absolute,standard,2.502409864,0.389138951,3.061353906,1.236408775,2.982918664,1.157759896,3.061353906,1.236408775,first_gps,0.003839221,-0.137136925,nan,nan,nan,0.003554971,-0.220325380,0.220354058,0.000067738,0.013570219,0.013570388,0.000135476,0.027140438,0.027140776,0.514925292,0.015983577,-0.013840815,0.294747712,0.294965006,0.115782038
5.852000000,1779830080_5715,gps,True,False,True,True,1183,31c1594f7caae09c6975238b7b255ad5c765bc56640ec43b539fdb93165d94da,absolute,standard,2.548425289,0.452735291,3.102116888,1.391774022,2.980715677,1.193114527,3.102116888,1.391774022,first_gps,0.003839221,-0.137136925,nan,nan,nan,0.008386188,0.455205920,0.455283162,0.000064879,0.014197083,0.014197231,0.000129758,0.028394166,0.028394463,0.536578700,0.016663839,-0.033851208,0.294527413,0.293277280,0.119317501
5.903000000,1779830080_5715,gps,True,False,True,True,1183,31c1594f7caae09c6975238b7b255ad5c765bc56640ec43b539fdb93165d94da,absolute,standard,2.518449165,0.489471016,2.923263097,1.337508568,2.977396824,1.246161548,2.923263097,1.337508568,first_gps,0.003839221,-0.137136925,nan,nan,nan,0.000623209,0.221932117,0.221932992,0.000066063,0.014618754,0.014618903,0.000132126,0.029237508,0.029237807,0.551696607,0.017138782,-0.047741475,0.294195528,0.291367963,0.124622203
5.965000000,1779830080_5715,gps,True,False,True,True,1183,31c1594f7caae09c6975238b7b255ad5c765bc56640ec43b539fdb93165d94da,absolute,standard,2.562376614,0.450149593,2.808573374,1.389160721,2.977057207,1.281579347,2.808573374,1.389160721,first_gps,0.003839221,-0.137136925,nan,nan,nan,0.006541472,-1.000000000,1.000000000,0.000082097,0.013307306,0.013307559,0.000164194,0.026614611,0.026615118,0.503709626,0.015631226,-0.003438823,0.294161566,0.295059881,0.128163983
6.013000000,1779830080_5715,gps,True,False,True,True,1183,31c1594f7caae09c6975238b7b255ad5c765bc56640ec43b539fdb93165d94da,absolute,standard,2.502816585,0.420980267,3.025734899,1.362738502,2.979232922,1.316953856,3.025734899,1.362738502,first_gps,0.003839221,-0.137136925,nan,nan,nan,-0.006949757,-0.308086562,0.308164938,0.000074461,0.012422030,0.012422253,0.000148922,0.024844061,0.024844507,0.470604181,0.014591188,0.027232928,0.294379138,0.294050425,0.131701434
6.069000000,1779830080_5715,gps,True,False,True,True,1183,31c1594f7caae09c6975238b7b255ad5c765bc56640ec43b539fdb93165d94da,absolute,standard,2.521352631,0.481228760,2.974097100,1.464819001,2.987342914,1.387345690,2.974097100,1.464819001,first_gps,0.003839221,-0.137136925,nan,nan,nan,0.001315323,0.136474967,0.136481306,0.000065647,0.012623994,0.012624164,0.000131294,0.025247987,0.025248329,0.477592589,0.014810736,0.020772488,0.295190137,0.294597304,0.138740617
6.123000000,1779830080_5715,gps,True,False,True,True,1183,31c1594f7caae09c6975238b7b255ad5c765bc56640ec43b539fdb93165d94da,absolute,standard,2.508675313,0.447982646,3.062325029,1.348788984,2.991405204,1.422543376,3.062325029,1.348788984,first_gps,0.003839221,-0.137136925,nan,nan,nan,-0.007799282,-0.351618162,0.351704650,0.000038761,0.011719552,0.011719617,0.000077521,0.023439105,0.023439233,0.444961175,0.013785589,0.050820558,0.295596366,0.290979114,0.142260386
6.205000000,1779830080_5715,gps,True,False,True,True,1183,31c1594f7caae09c6975238b7b255ad5c765bc56640ec43b539fdb93165d94da,absolute,standard,2.502745450,0.468968185,3.039484852,1.388903904,2.993441902,1.440137024,3.039484852,1.388903904,first_gps,0.003839221,-0.137136925,nan,nan,nan,-0.003390093,0.064944085,0.065032506,0.000033337,0.011823463,0.011823510,0.000066673,0.023646926,0.023647020,0.448823007,0.013906912,0.047254952,0.295800036,0.291378754,0.144019751
6.269000000,1779830080_5715,gps,True,False,True,True,1183,31c1594f7caae09c6975238b7b255ad5c765bc56640ec43b539fdb93165d94da,absolute,standard,2.564584970,0.532120867,2.926732567,1.396548248,2.995482976,1.457738873,2.926732567,1.396548248,first_gps,0.003839221,-0.137136925,nan,nan,nan,0.002106335,0.417912607,0.417917915,0.000037549,0.012659288,0.012659344,0.000075098,0.025318576,0.025318688,0.479132688,0.014859119,0.019346956,0.296004143,0.294695499,0.145779935
6.300000000,1779830080_5715,gps,True,False,True,True,1183,31c1594f7caae09c6975238b7b255ad5c765bc56640ec43b539fdb93165d94da,absolute,standard,2.561266851,0.644523384,2.940505371,1.390076061,3.011915739,1.616278460,2.940505371,1.390076061,first_gps,0.003839221,-0.137136925,nan,nan,nan,-0.008929054,0.201896587,0.202093938,0.000012197,0.013308642,0.013308647,0.000024393,0.026617283,0.026617294,0.505202443,0.015678125,-0.004821765,0.297647419,0.294991982,0.161633894
6.350000000,1779830080_5715,gps,True,False,True,True,1183,31c1594f7caae09c6975238b7b255ad5c765bc56640ec43b539fdb93165d94da,absolute,standard,2.561685213,0.664723461,2.985731153,1.634575346,3.012064396,1.633996439,2.985731153,1.634575346,first_gps,0.003839221,-0.137136925,nan,nan,nan,0.010609030,-0.027425621,0.029406058,0.000030232,0.013262018,0.013262053,0.000060464,0.026524036,0.026524105,0.503768031,0.015633061,-0.003495686,0.297662285,0.295289357,0.163405692
6.408000000,1779830080_5715,gps,True,False,True,True,1183,31c1594f7caae09c6975238b7b255ad5c765bc56640ec43b539fdb93165d94da,absolute,standard,2.549598264,0.665072823,3.087964261,1.632582856,3.012508888,1.687143863,3.087964261,1.632582856,first_gps,0.003839221,-0.137136925,nan,nan,nan,-0.004943111,0.037010386,0.037339028,-0.000004622,0.012860918,0.012860919,-0.000009244,0.025721836,0.025721838,0.489159914,0.015174134,0.010050196,0.297706734,0.295001343,0.168720434
6.452000000,1779830080_5715,gps,True,False,True,True,1183,31c1594f7caae09c6975238b7b255ad5c765bc56640ec43b539fdb93165d94da,absolute,standard,2.602806514,0.725579431,3.011396263,1.746876471,3.012799360,1.722560995,3.011396263,1.746876471,first_gps,0.003839221,-0.137136925,nan,nan,nan,-0.006837765,0.466916953,0.466967018,-0.000011219,0.013440340,0.013440345,-0.000022438,0.026880680,0.026880690,0.509258887,0.015805562,-0.008581007,0.297735781,0.294921934,0.172262148
6.500000000,1779830080_5715,gps,True,False,True,True,1183,31c1594f7caae09c6975238b7b255ad5c765bc56640ec43b539fdb93165d94da,absolute,standard,2.603101728,0.684978135,3.032506169,1.672259085,3.013085494,1.757998938,3.032506169,1.672259085,first_gps,0.003839221,-0.137136925,nan,nan,nan,0.006379426,-0.773958075,0.773984366,-0.000007152,0.012242513,0.012242515,-0.000014304,0.024485026,0.024485031,0.467040107,0.014479220,0.030512090,0.297764395,0.293616357,0.175805942
6.550000000,1779830080_5715,gps,True,False,True,True,1183,31c1594f7caae09c6975238b7b255ad5c765bc56640ec43b539fdb93165d94da,absolute,standard,2.565433427,0.769927771,3.041115537,1.849925989,3.013504895,1.811149184,3.041115537,1.849925989,first_gps,0.003839221,-0.137136925,nan,nan,nan,-0.007677818,-0.076166665,0.076552660,-0.000010407,0.013495691,0.013495695,-0.000020813,0.026991382,0.026991390,0.512423155,0.015904970,-0.011523696,0.297806335,0.295113753,0.181120966
6.600000000,1779830080_5715,gps,True,False,True,True,1183,31c1594f7caae09c6975238b7b255ad5c765bc56640ec43b539fdb93165d94da,absolute,standard,2.616991546,0.832398531,3.040142248,1.852824138,3.013926166,1.864300785,3.040142248,1.852824138,first_gps,0.003839221,-0.137136925,nan,nan,nan,0.001269699,0.374812730,0.374814881,-0.000000315,0.013621837,0.013621837,-0.000000631,0.027243674,0.027243674,0.517453848,0.016063014,-0.016188165,0.297848462,0.294931398,0.186436127
6.650000000,1779830080_5715,gps,True,False,True,True,1183,31c1594f7caae09c6975238b7b255ad5c765bc56640ec43b539fdb93165d94da,absolute,standard,2.581310203,0.811383690,3.029633108,1.639156969,3.014216887,1.899724747,3.029633108,1.639156969,first_gps,0.003839221,-0.137136925,nan,nan,nan,0.002111318,-0.089683525,0.089708374,-0.000005291,0.013001361,0.013001362,-0.000010582,0.026002723,0.026002725,0.494393455,0.015338550,0.005202130,0.297877534,0.295318835,0.189978523
6.700000000,1779830080_5715,gps,True,False,True,True,1183,31c1594f7caae09c6975238b7b255ad5c765bc56640ec43b539fdb93165d94da,absolute,standard,2.589272487,0.857376027,2.925885555,1.840545146,3.014660343,1.952857817,2.925885555,1.840545146,first_gps,0.003839221,-0.137136925,nan,nan,nan,0.006538878,0.025877169,0.026690537,0.000011192,0.013105176,0.013105181,0.000022384,0.026210352,0.026210361,0.498040011,0.015453110,0.001816924,0.297921880,0.295071900,0.195291830
6.753000000,1779830080_5715,gps,True,False,True,True,1183,31c1594f7caae09c6975238b7b255ad5c765bc56640ec43b539fdb93165d94da,absolute,standard,2.637672335,0.914028226,3.099914346,1.941486333,3.014942322,1.988296404,3.099914346,1.941486333,first_gps,0.003839221,-0.137136925,nan,nan,nan,-0.000684068,0.448863485,0.448864006,0.000036301,0.013612833,0.013612882,0.000072603,0.027225667,0.027225764,0.514971003,0.015985013,-0.013882624,0.297950078,0.294951370,0.198835688
6.800000000,1779830080_5715,gps,True,False,True,True,1183,31c1594f7caae09c6975238b7b255ad5c765bc56640ec43b539fdb93165d94da,absolute,standard,2.605707499,0.911406127,2.946553596,1.986437278,3.015359787,2.041439364,2.946553596,1.986437278,first_gps,0.003839221,-0.137136925,nan,nan,nan,-0.002839446,0.147081886,0.147109291,0.000048418,0.013090161,0.013090250,0.000096836,0.026180321,0.026180501,0.495900031,0.015385881,0.003801972,0.297991824,0.295157973,0.204149984
6.853000000,1779830080_5715,gps,True,False,True,True,1183,31c1594f7caae09c6975238b7b255ad5c765bc56640ec43b539fdb93165d94da,absolute,standard,2.625500529,0.980196841,3.018970749,2.097055675,3.015640475,2.076870940,3.018970749,2.097055675,first_gps,0.003839221,-0.137136925,nan,nan,nan,-0.001576610,0.257796680,0.257801501,0.000048181,0.013927182,0.013927266,0.000096363,0.027854365,0.027854532,0.525218479,0.016306947,-0.023370931,0.298019893,0.294372512,0.207693142
6.900000000,1779830080_5715,gps,True,False,True,True,1183,31c1594f7caae09c6975238b7b255ad5c765bc56640ec43b539fdb93165d94da,absolute,standard,2.607068760,0.988418948,2.985869200,2.052322356,3.016052595,2.130016250,2.985869200,2.052322356,first_gps,0.003839221,-0.137136925,nan,nan,nan,0.000742786,-0.069187909,0.069191896,0.000041919,0.013518114,0.013518179,0.000083838,0.027036229,0.027036359,0.511169965,0.015865600,-0.010360487,0.298061105,0.295121037,0.213007673
6.950000000,1779830080_5715,gps,True,False,True,True,1183,31c1594f7caae09c6975238b7b255ad5c765bc56640ec43b539fdb93165d94da,absolute,standard,2.641859555,1.002164278,3.017931449,2.240075084,3.016330792,2.165449212,3.017931449,2.240075084,first_gps,0.003839221,-0.137136925,nan,nan,nan,-0.009309731,0.421742062,0.421844803,0.000033432,0.013193566,0.013193609,0.000066865,0.026387132,0.026387217,0.499518507,0.015499559,0.000446818,0.298088925,0.295386285,0.216550969
7.000000000,1779830080_5715,gps,True,False,True,True,1183,31c1594f7caae09c6975238b7b255ad5c765bc56640ec43b539fdb93165d94da,absolute,standard,2.617285771,0.975436344,3.143551339,2.205972888,3.016619915,2.200878811,3.143551339,2.205972888,first_gps,0.003839221,-0.137136925,nan,nan,nan,0.000813258,-0.288553175,0.288554321,0.000040005,0.012345398,0.012345462,0.000080009,0.024690795,0.024690925,0.469195090,0.014546920,0.028528339,0.298117837,0.293865000,0.220093929
7.051000000,1779830080_5715,gps,True,False,True,True,1183,31c1594f7caae09c6975238b7b255ad5c765bc56640ec43b539fdb93165d94da,absolute,standard,2.655571120,1.088034104,3.117791439,2.211091519,3.017060913,2.254020125,3.117791439,2.211091519,first_gps,0.003839221,-0.137136925,nan,nan,nan,0.002324232,0.364056296,0.364063715,0.000051678,0.013521941,0.013522040,0.000103356,0.027043882,0.027044080,0.511412349,0.015873215,-0.010580954,0.298161937,0.294994384,0.225408061
7.100000000,1779830080_5715,gps,True,False,True,True,1183,31c1594f7caae09c6975238b7b255ad5c765bc56640ec43b539fdb93165d94da,absolute,standard,2.660658472,1.108360264,2.852248906,2.239190692,3.017494344,2.307166872,2.852248906,2.239190692,first_gps,0.003839221,-0.137136925,nan,nan,nan,0.002201239,0.380111152,0.380117526,0.000055013,0.013217379,0.013217493,0.000110026,0.026434757,0.026434986,0.499750742,0.015506854,0.000231229,0.298205280,0.295287230,0.230722735
7.150000000,1779830080_5715,gps,True,False,True,True,1183,31c1594f7caae09c6975238b7b255ad5c765bc56640ec43b539fdb93165d94da,absolute,standard,2.625121474,1.125144079,2.980510597,2.424662716,3.017776258,2.342589229,2.980510597,2.424662716,first_gps,0.003839221,-0.137136925,nan,nan,nan,-0.000080533,-0.057119846,0.057119903,0.000063498,0.013380976,0.013381127,0.000126996,0.026761953,0.026762254,0.505396244,0.015684213,-0.005005136,0.298233471,0.295211197,0.234264971
7.203000000,1779830080_5715,gps,True,False,True,True,1183,31c1594f7caae09c6975238b7b255ad5c765bc56640ec43b539fdb93165d94da,absolute,standard,2.622898799,1.135361471,2.994186038,2.560126216,3.018205842,2.395737601,2.994186038,2.560126216,first_gps,0.003839221,-0.137136925,nan,nan,nan,-0.006254078,-0.068069334,0.068356037,0.000066194,0.012969590,0.012969758,0.000132387,0.025939179,0.025939517,0.490769756,0.015224708,0.008558482,0.298276430,0.295061088,0.239579808
7.251000000,1779830080_5715,gps,True,False,True,True,1183,31c1594f7caae09c6975238b7b255ad5c765bc56640ec43b539fdb93165d94da,absolute,standard,2.646013064,1.192485808,2.862312496,2.340851755,3.018478912,2.431174393,2.862312496,2.340851755,first_gps,0.003839221,-0.137136925,nan,nan,nan,0.004131041,-0.176787154,0.176835413,0.000093181,0.013411880,0.013412204,0.000186363,0.026823760,0.026824408,0.506604560,0.015722173,-0.006130315,0.298303737,0.295411030,0.243123487
7.300000000,1779830080_5715,gps,True,False,True,True,1183,31c1594f7caae09c6975238b7b255ad5c765bc56640ec43b539fdb93165d94da,absolute,standard,2.647338405,1.212398428,3.010137482,2.410891362,3.018757557,2.466599339,3.010137482,2.410891362,first_gps,0.003839221,-0.137136925,nan,nan,nan,-0.001419120,0.134232310,0.134239811,0.000096213,0.013282076,0.013282424,0.000192426,0.026564152,0.026564849,0.502131488,0.015581648,-0.001976761,0.298331601,0.295199027,0.246665982
7.350000000,1779830080_5715,gps,True,False,True,True,1183,31c1594f7caae09c6975238b7b255ad5c765bc56640ec43b539fdb93165d94da,absolute,standard,2.662690355,1.281740440,2.999953642,2.405543086,3.017294701,2.519717844,2.999953642,2.405543086,first_gps,0.003839221,-0.137136925,nan,nan,nan,-0.000841995,0.229472033,0.229473578,0.000090514,0.013831415,0.013831711,0.000181029,0.027662830,0.027663422,0.522055398,0.016207576,-0.020459571,0.298185316,0.294805765,0.251977833
7.400000000,1779830080_5715,gps,True,False,True,True,1183,31c1594f7caae09c6975238b7b255ad5c765bc56640ec43b539fdb93165d94da,absolute,standard,2.702343436,1.385644351,2.993445655,2.529922145,3.013179128,2.554898969,2.993445655,2.529922145,first_gps,0.003839221,-0.137136925,nan,nan,nan,0.004490608,0.613053499,0.613069945,0.000092099,0.014977495,0.014977778,0.000184197,0.029954989,0.029955556,0.563473184,0.017508754,-0.058484636,0.297773758,0.289395199,0.255495945
7.450000000,1779830080_5715,gps,True,False,True,True,1183,31c1594f7caae09c6975238b7b255ad5c765bc56640ec43b539fdb93165d94da,absolute,standard,2.687527621,1.438380260,3.024366986,2.548827009,3.002351904,2.606895302,3.024366986,2.548827009,first_gps,0.003839221,-0.137136925,nan,nan,nan,0.007816515,0.499621641,0.499682782,0.000103469,0.015263350,0.015263701,0.000206937,0.030526700,0.030527402,0.574222467,0.017846453,-0.068194574,0.296691036,0.287138932,0.260695578
7.500000000,1779830080_5715,gps,True,False,True,True,1183,31c1594f7caae09c6975238b7b255ad5c765bc56640ec43b539fdb93165d94da,absolute,standard,2.682870818,1.553461752,2.884924591,2.632144392,2.986054838,2.657463494,2.884924591,2.632144392,first_gps,0.003839221,-0.137136925,nan,nan,nan,0.005233684,0.762693369,0.762711325,0.000093866,0.016650020,0.016650285,0.000187732,0.033300041,0.033300570,0.624749682,0.019433812,-0.112785120,0.295061329,0.272894158,0.265752398
7.550000000,1779830080_5715,gps,True,False,True,True,1183,31c1594f7caae09c6975238b7b255ad5c765bc56640ec43b539fdb93165d94da,absolute,standard,2.599113783,1.546508011,3.001286016,2.717109815,2.972239059,2.690081380,3.001286016,2.717109815,first_gps,0.003839221,-0.137136925,nan,nan,nan,-0.001478279,0.077794594,0.077808639,0.000097769,0.016609582,0.016609870,0.000195539,0.033219165,0.033219740,0.623939957,0.019408374,-0.112030933,0.293679751,0.273034860,0.269014186
7.600000000,1779830080_5715,gps,True,False,True,True,1183,31c1594f7caae09c6975238b7b255ad5c765bc56640ec43b539fdb93165d94da,absolute,standard,2.600812226,1.594095804,2.844564096,2.699589255,2.956143193,2.721633091,2.844564096,2.699589255,first_gps,0.003839221,-0.137136925,nan,nan,nan,0.001106151,0.251225467,0.251227902,0.000060665,0.016993032,0.016993141,0.000121330,0.033986065,0.033986282,0.637075834,0.019821049,-0.123226544,0.292070165,0.268238598,0.272169357
7.651000000,1779830080_5715,gps,True,False,True,True,1183,31c1594f7caae09c6975238b7b255ad5c765bc56640ec43b539fdb93165d94da,absolute,standard,2.545377964,1.691434462,2.786129895,2.705556897,2.927914831,2.766638622,2.786129895,2.705556897,first_gps,0.003839221,-0.137136925,nan,nan,nan,-0.000102864,0.265045027,0.265045047,0.000050957,0.018356542,0.018356613,0.000101914,0.036713085,0.036713226,0.686237601,0.021365512,-0.162987775,0.289247329,0.246035185,0.276669910
7.700000000,1779830080_5715,gps,True,False,True,True,1183,31c1594f7caae09c6975238b7b255ad5c765bc56640ec43b539fdb93165d94da,absolute,standard,2.480218358,1.736874194,2.829804843,2.827016649,2.906501866,2.794866673,2.829804843,2.827016649,first_gps,0.003839221,-0.137136925,nan,nan,nan,0.000726825,0.000766695,0.001056455,0.000051913,0.019059323,0.019059394,0.000103827,0.038118646,0.038118787,0.711585474,0.022161839,-0.182113084,0.287106032,0.232379473,0.279492715
7.755000000,1779830080_5715,gps,True,False,True,True,1183,31c1594f7caae09c6975238b7b255ad5c765bc56640ec43b539fdb93165d94da,absolute,standard,2.480577194,1.786183198,2.848008609,3.030706809,2.857972413,2.846435770,2.848008609,3.030706809,first_gps,0.003839221,-0.137136925,nan,nan,nan,-0.000278818,-0.661264185,0.661264244,0.000053925,0.019372915,0.019372990,0.000107849,0.038745831,0.038745981,0.722841601,0.022515460,-0.190351187,0.282253087,0.225957332,0.284649625
7.829000000,1779830080_5715,gps,True,False,True,True,1183,31c1594f7caae09c6975238b7b255ad5c765bc56640ec43b539fdb93165d94da,absolute,standard,2.363973206,1.871920120,2.869573006,2.742421820,2.817053060,2.880303463,2.869573006,2.742421820,first_gps,0.003839221,-0.137136925,nan,nan,nan,-0.005054788,0.122155703,0.122260242,0.000044123,0.020724767,0.020724814,0.000088246,0.041449534,0.041449628,0.771926544,0.024057509,-0.222721345,0.278161151,0.193972227,0.288036394
7.858000000,1779830080_5715,gps,True,False,True,True,1183,31c1594f7caae09c6975238b7b255ad5c765bc56640ec43b539fdb93165d94da,absolute,standard,2.368336371,1.893482097,2.747412999,2.970118107,2.802635533,2.890606958,2.747412999,2.970118107,first_gps,0.003839221,-0.137136925,nan,nan,nan,0.003941941,0.189493358,0.189534355,0.000044911,0.020762666,0.020762714,0.000089822,0.041525332,0.041525429,0.773280715,0.024100052,-0.223544184,0.276719399,0.193022659,0.289066744
7.900000000,1779830080_5715,gps,True,False,True,True,1183,31c1594f7caae09c6975238b7b255ad5c765bc56640ec43b539fdb93165d94da,absolute,standard,2.324413859,1.939504982,2.821931444,2.955440006,2.772761335,2.909655088,2.821931444,2.955440006,first_gps,0.003839221,-0.137136925,nan,nan,nan,0.009384395,-1.000000000,1.000000000,0.000022045,0.022030403,0.022030414,0.000044090,0.044060806,0.044060828,0.817912014,0.025502186,-0.248404280,0.273731979,0.159937411,0.290971557
7.952000000,1779830080_5715,gps,True,False,True,True,1183,31c1594f7caae09c6975238b7b255ad5c765bc56640ec43b539fdb93165d94da,absolute,standard,2.209164805,1.980466575,2.736081495,3.010600009,2.725622344,2.934137336,2.736081495,3.010600009,first_gps,0.003839221,-0.137136925,nan,nan,nan,0.004099249,-0.178362676,0.178409776,0.000026265,0.022635416,0.022635431,0.000052530,0.045270832,0.045270863,0.839581489,0.026182952,-0.258436754,0.269018080,0.142519613,0.293419782
8.000000000,1779830080_5715,gps,True,False,True,True,1183,31c1594f7caae09c6975238b7b255ad5c765bc56640ec43b539fdb93165d94da,absolute,standard,2.138274552,1.999591880,2.662110715,2.859933180,2.692867161,2.947605002,2.662110715,2.859933180,first_gps,0.003839221,-0.137136925,nan,nan,nan,-0.004557682,-0.167513562,0.167575553,0.000002533,0.023308479,0.023308479,0.000005066,0.046616958,0.046616959,0.864144687,0.026954628,-0.268741776,0.265742562,0.122211962,0.294766548
8.050000000,1779830080_5715,gps,True,False,True,True,1183,31c1594f7caae09c6975238b7b255ad5c765bc56640ec43b539fdb93165d94da,absolute,standard,2.061984717,2.042687408,2.600721097,2.970914503,2.642128840,2.963364838,2.600721097,2.970914503,first_gps,0.003839221,-0.137136925,nan,nan,nan,0.004857693,-0.366525124,0.366557313,-0.000004617,0.024325872,0.024325872,-0.000009233,0.048651744,0.048651744,0.899473713,0.028064522,-0.280609022,0.260668729,0.091688608,0.296342532
8.104000000,1779830080_5715,gps,True,False,True,True,1183,31c1594f7caae09c6975238b7b255ad5c765bc56640ec43b539fdb93165d94da,absolute,standard,2.087484236,2.048015110,2.584986355,3.096743704,2.590687746,2.976681255,2.584986355,3.096743704,first_gps,0.003839221,-0.137136925,nan,nan,nan,0.001220591,-1.000000000,1.000000000,0.000006360,0.024016886,0.024016887,0.000012720,0.048033773,0.048033774,0.888016587,0.027704586,-0.277098972,0.255524620,0.101716602,0.297674174
8.153000000,1779830080_5715,gps,True,False,True,True,1183,31c1594f7caae09c6975238b7b255ad5c765bc56640ec43b539fdb93165d94da,absolute,standard,1.872530384,2.072785878,2.735919077,3.014732082,2.555803392,2.982883458,2.735919077,3.014732082,first_gps,0.003839221,-0.137136925,nan,nan,nan,-0.008061192,-0.027802806,0.028947864,0.000011067,0.025882520,0.025882522,0.000022135,0.051765040,0.051765045,0.955358005,0.029820179,-0.292304701,0.252036185,0.041265757,0.298294394
8.204000000,1779830080_5715,gps,True,False,True,True,1183,31c1594f7caae09c6975238b7b255ad5c765bc56640ec43b539fdb93165d94da,absolute,standard,1.811715386,2.092301874,2.774880895,3.144995596,2.502887692,2.987516943,2.774880895,3.144995596,first_gps,0.003839221,-0.137136925,nan,nan,nan,0.000566412,-0.226260545,0.226261254,0.000002253,0.026502465,0.026502465,0.000004506,0.053004930,0.053004931,0.978445560,0.030545496,-0.294429292,0.246744615,0.019967888,0.298757742
8.250000000,1779830080_5715,gps,True,False,True,True,1183,31c1594f7caae09c6975238b7b255ad5c765bc56640ec43b539fdb93165d94da,absolute,standard,1.767026966,2.106307404,2.512254274,2.992382925,2.467450035,2.988107583,2.512254274,2.992382925,first_gps,0.003839221,-0.137136925,nan,nan,nan,0.007897677,-0.300598338,0.300702069,0.000019331,0.026977206,0.026977213,0.000038663,0.053954411,0.053954425,0.995508282,0.031081537,-0.295389067,0.243200849,0.004168555,0.298816806
8.301000000,1779830080_5715,gps,True,False,True,True,1183,31c1594f7caae09c6975238b7b255ad5c765bc56640ec43b539fdb93165d94da,absolute,standard,1.740600732,2.091494971,2.522984472,3.007390640,2.432021399,2.988691677,2.522984472,3.007390640,first_gps,0.003839221,-0.137136925,nan,nan,nan,-0.010479346,-0.317430983,0.317603913,0.000006253,0.026824583,0.026824584,0.000012507,0.053649166,0.053649167,0.990044406,0.030909884,-0.295316119,0.239657985,0.009239444,0.298875216
8.350000000,1779830080_5715,gps,True,False,True,True,1183,31c1594f7caae09c6975238b7b255ad5c765bc56640ec43b539fdb93165d94da,absolute,standard,1.699441431,2.101596456,2.365396197,2.735226471,2.378886974,2.989555647,2.365396197,2.735226471,first_gps,0.003839221,-0.137136925,nan,nan,nan,-0.006700252,-0.078061995,0.078349017,-0.000017347,0.026753620,0.026753626,-0.000034695,0.053507240,0.053507251,0.987946193,0.030843967,-0.295074993,0.234344543,0.011179288,0.298961613
8.400000000,1779830080_5715,gps,True,False,True,True,1183,31c1594f7caae09c6975238b7b255ad5c765bc56640ec43b539fdb93165d94da,absolute,standard,1.441382063,2.243896386,2.184497071,3.059883268,2.343460901,2.990136027,2.184497071,3.059883268,first_gps,0.003839221,-0.137136925,nan,nan,nan,0.000570799,0.098367033,0.098368689,-0.000019162,0.027146261,0.027146267,-0.000038324,0.054292521,0.054292535,-0.997907000,0.031288402,-0.295294659,0.230801935,-0.001941695,0.299019651
8.456000000,1779830080_5715,gps,True,False,True,True,1183,31c1594f7caae09c6975238b7b255ad5c765bc56640ec43b539fdb93165d94da,absolute,standard,1.414137455,2.262073887,2.196598558,2.967630569,2.290315584,2.991022631,2.196598558,2.967630569,first_gps,0.003839221,-0.137136925,nan,nan,nan,0.002772810,0.450490167,0.450498700,-0.000022285,0.027646840,0.027646849,-0.000044570,0.055293680,0.055293698,-0.980063317,0.031848978,-0.294681339,0.225487404,-0.018480930,0.299108311
8.501000000,1779830080_5715,gps,True,False,True,True,1183,31c1594f7caae09c6975238b7b255ad5c765bc56640ec43b539fdb93165d94da,absolute,standard,1.671538935,2.114339526,2.325549381,3.140956942,2.254903131,2.991604606,2.325549381,3.140956942,first_gps,0.003839221,-0.137136925,nan,nan,nan,-0.008459429,-1.000000000,1.000000000,-0.000021499,0.026808484,0.026808492,-0.000042997,0.053616968,0.053616985,0.988987813,0.030876690,-0.295034428,0.221946159,0.010211028,0.299166509
8.556000000,1779830080_5715,gps,True,False,True,True,1183,31c1594f7caae09c6975238b7b255ad5c765bc56640ec43b539fdb93165d94da,absolute,standard,1.332846303,2.253731022,2.170090687,3.250851702,2.201760804,2.992473347,2.170090687,3.250851702,first_gps,0.003839221,-0.137136925,nan,nan,nan,-0.005214825,-0.049151098,0.049426964,-0.000013333,0.027293887,0.027293890,-0.000026665,0.054587774,0.054587780,-0.993349198,0.031431589,-0.295028120,0.216631926,-0.006165248,0.299253383
8.600000000,1779830080_5715,gps,True,False,True,True,1183,31c1594f7caae09c6975238b7b255ad5c765bc56640ec43b539fdb93165d94da,absolute,standard,1.300377814,2.280817499,2.167504595,2.924728648,2.148613990,2.993360857,2.167504595,2.924728648,first_gps,0.003839221,-0.137136925,nan,nan,nan,0.007215844,0.289054708,0.289144760,0.000006065,0.027868786,0.027868787,0.000012129,0.055737572,0.055737574,-0.972646822,0.032081974,-0.294129873,0.211317244,-0.025337727,0.299342134
8.650000000,1779830080_5715,gps,True,False,True,True,1183,31c1594f7caae09c6975238b7b255ad5c765bc56640ec43b539fdb93165d94da,absolute,standard,1.255386097,2.262471672,2.184519657,2.958174347,2.113184407,2.993951369,2.184519657,2.958174347,first_gps,0.003839221,-0.137136925,nan,nan,nan,-0.013453960,0.305906497,0.306202211,-0.000016926,0.027948604,0.027948609,-0.000033852,0.055897207,0.055897217,-0.969450330,0.032182395,-0.293935407,0.207774286,-0.028297275,0.299401185
8.703000000,1779830080_5715,gps,True,False,True,True,1183,31c1594f7caae09c6975238b7b255ad5c765bc56640ec43b539fdb93165d94da,absolute,standard,1.494061335,2.164224285,2.116725630,3.011387989,2.060054183,2.994851761,2.116725630,3.011387989,first_gps,0.003839221,-0.137136925,nan,nan,nan,0.007562637,0.071491704,0.071890592,0.000003532,0.027104842,0.027104843,0.000007064,0.054209685,0.054209685,0.999877927,0.031218813,-0.295291375,0.202461264,0.000113246,0.299491224
8.751000000,1779830080_5715,gps,True,False,True,True,1183,31c1594f7caae09c6975238b7b255ad5c765bc56640ec43b539fdb93165d94da,absolute,standard,1.602201488,2.163063963,1.934033730,3.021106348,2.024626230,2.995451283,1.934033730,3.021106348,first_gps,0.003839221,-0.137136925,nan,nan,nan,0.005801708,-0.580005073,0.580034089,0.000001776,0.025641205,0.025641205,0.000003552,0.051282410,0.051282410,0.947316090,0.029567535,-0.291097883,0.198918468,0.048624836,0.299551176
8.800000000,1779830080_5715,gps,True,False,True,True,1183,31c1594f7caae09c6975238b7b255ad5c765bc56640ec43b539fdb93165d94da,absolute,standard,1.228223460,2.298845363,1.951575671,2.983101906,1.989192680,2.996057903,1.951575671,2.983101906,first_gps,0.003839221,-0.137136925,nan,nan,nan,-0.001176939,0.391170627,0.391172398,0.000005724,0.027570612,0.027570612,0.000011449,0.055141223,0.055141224,-0.982915496,0.031759374,-0.294932614,0.195375113,-0.015845004,0.299611838
8.850000000,1779830080_5715,gps,True,False,True,True,1183,31c1594f7caae09c6975238b7b255ad5c765bc56640ec43b539fdb93165d94da,absolute,standard,1.433115874,2.180992260,1.893368821,2.900724836,1.936055718,2.996973067,1.893368821,2.900724836,first_gps,0.003839221,-0.137136925,nan,nan,nan,0.006676538,-0.213999448,0.214103573,0.000025766,0.026951956,0.026951969,0.000051532,0.053903912,0.053903937,0.994643159,0.031054358,-0.295326801,0.190061417,0.004970528,0.299703355
8.900000000,1779830080_5715,gps,True,False,True,True,1183,31c1594f7caae09c6975238b7b255ad5c765bc56640ec43b539fdb93165d94da,absolute,standard,1.396360613,2.190102920,1.917081459,3.134071180,1.882921934,2.997901680,1.917081459,3.134071180,first_gps,0.003839221,-0.137136925,nan,nan,nan,0.006895563,-0.175863007,0.175998142,0.000047201,0.027018644,0.027018686,0.000094401,0.054037289,0.054037371,0.996325287,0.031107204,-0.295352511,0.184748039,0.003409835,0.299796216
8.950000000,1779830080_5715,gps,True,False,True,True,1183,31c1594f7caae09c6975238b7b255ad5c765bc56640ec43b539fdb93165d94da,absolute,standard,1.382607627,2.187772635,1.887655868,3.034724011,1.847494394,2.998510437,1.887655868,3.034724011,first_gps,0.003839221,-0.137136925,nan,nan,nan,-0.000544471,-0.397955837,0.397956209,0.000059337,0.027010858,0.027010923,0.000118674,0.054021715,0.054021846,0.995659661,0.031086293,-0.295214787,0.181205285,0.004025674,0.299857092
9.000000000,1779830080_5715,gps,True,False,True,True,1183,31c1594f7caae09c6975238b7b255ad5c765bc56640ec43b539fdb93165d94da,absolute,standard,1.120752938,2.320647356,1.675893140,3.102734629,1.812074412,2.999122987,1.675893140,3.102734629,first_gps,0.003839221,-0.137136925,nan,nan,nan,0.001056501,-0.075618495,0.075625875,0.000081203,0.027155922,0.027156043,0.000162406,0.054311844,0.054312087,-0.998701898,0.031263429,-0.295302451,0.177663287,-0.001204282,0.299918347
9.050000000,1779830080_5715,gps,True,False,True,True,1183,31c1594f7caae09c6975238b7b255ad5c765bc56640ec43b539fdb93165d94da,absolute,standard,1.343093278,2.213678147,1.751228983,3.126549629,1.758931915,3.000054129,1.751228983,3.126549629,first_gps,0.003839221,-0.137136925,nan,nan,nan,0.009300191,-0.241672666,0.241851547,0.000094009,0.026822914,0.026823078,0.000188018,0.053645827,0.053646157,0.989447873,0.030891144,-0.294990955,0.172349037,0.009782677,0.300011461
9.100000000,1779830080_5715,gps,True,False,True,True,1183,31c1594f7caae09c6975238b7b255ad5c765bc56640ec43b539fdb93165d94da,absolute,standard,1.351507975,2.213249121,1.737530093,3.181100568,1.723504895,3.000662665,1.737530093,3.181100568,first_gps,0.003839221,-0.137136925,nan,nan,nan,0.002594428,-0.655290856,0.655295992,0.000116386,0.026673038,0.026673292,0.000232772,0.053346077,0.053346585,0.983947953,0.030718358,-0.294727385,0.168806335,0.014875417,0.300072315
9.150000000,1779830080_5715,gps,True,False,True,True,1183,31c1594f7caae09c6975238b7b255ad5c765bc56640ec43b539fdb93165d94da,absolute,standard,1.283373849,2.214479034,1.669254200,2.883660201,1.670364514,3.001597355,1.669254200,2.883660201,first_gps,0.003839221,-0.137136925,nan,nan,nan,-0.004272341,0.108919859,0.109003617,0.000101002,0.026737605,0.026737795,0.000202005,0.053475209,0.053475591,0.985388530,0.030763615,-0.294916946,0.163492297,0.013547174,0.300165784
9.200000000,1779830080_5715,gps,True,False,True,True,1183,31c1594f7caae09c6975238b7b255ad5c765bc56640ec43b539fdb93165d94da,absolute,standard,1.076626808,2.377439112,1.656081515,3.027097313,1.634934613,3.002221242,1.656081515,3.027097313,first_gps,0.003839221,-0.137136925,nan,nan,nan,0.006343239,1.000000000,1.000000000,0.000143014,0.027933952,0.027934318,0.000286028,0.055867904,0.055868636,-0.970945962,0.032135408,-0.294113734,0.159949307,-0.026920313,0.300228172
9.252000000,1779830080_5715,gps,True,False,True,True,1183,31c1594f7caae09c6975238b7b255ad5c765bc56640ec43b539fdb93165d94da,absolute,standard,1.216038194,2.219150169,1.512123781,3.053368473,1.581792644,3.003164916,1.512123781,3.053368473,first_gps,0.003839221,-0.137136925,nan,nan,nan,-0.010161412,0.016618623,0.019479038,0.000112385,0.026717474,0.026717711,0.000224770,0.053434949,0.053435421,0.984937074,0.030749433,-0.295085658,0.154635110,0.013974351,0.300322540
9.302000000,1779830080_5715,gps,True,False,True,True,1183,31c1594f7caae09c6975238b7b255ad5c765bc56640ec43b539fdb93165d94da,absolute,standard,0.955944561,2.372588087,1.280986364,3.020188537,1.528665469,3.004133155,1.280986364,3.020188537,first_gps,0.003839221,-0.137136925,nan,nan,nan,0.007883514,0.296149900,0.296254811,0.000133853,0.027624598,0.027624922,0.000267706,0.055249196,0.055249845,-0.981958005,0.031789454,-0.294779649,0.149322392,-0.016726203,0.300419364
9.356000000,1779830080_5715,gps,True,False,True,True,1183,31c1594f7caae09c6975238b7b255ad5c765bc56640ec43b539fdb93165d94da,absolute,standard,0.904837013,2.365715879,1.513027598,3.189294148,1.475522397,3.005105829,1.513027598,3.189294148,first_gps,0.003839221,-0.137136925,nan,nan,nan,0.000994537,0.044227969,0.044239149,0.000118660,0.027391558,0.027391815,0.000237320,0.054783117,0.054783631,-0.989613423,0.031548952,-0.295082459,0.144008085,-0.009632076,0.300516631
9.403000000,1779830080_5715,gps,True,False,True,True,1183,31c1594f7caae09c6975238b7b255ad5c765bc56640ec43b539fdb93165d94da,absolute,standard,1.146941461,2.250294698,1.547700478,2.876582907,1.440101358,3.005775400,1.547700478,2.876582907,first_gps,0.003839221,-0.137136925,nan,nan,nan,0.000295385,-0.254667220,0.254667391,0.000130322,0.026728194,0.026728512,0.000260643,0.053456389,0.053457024,0.987274203,0.030822856,-0.294979462,0.140465981,0.011799350,0.300583588
9.450000000,1779830080_5715,gps,True,False,True,True,1183,31c1594f7caae09c6975238b7b255ad5c765bc56640ec43b539fdb93165d94da,absolute,standard,0.886873403,2.388586570,1.340776713,2.945814571,1.404678630,3.006451040,1.340776713,2.945814571,first_gps,0.003839221,-0.137136925,nan,nan,nan,0.011210926,0.018041349,0.021240884,0.000162189,0.027175164,0.027175648,0.000324378,0.054350328,0.054351296,-0.997161339,0.031311828,-0.295173487,0.136923708,-0.002632402,0.300651152
9.500000000,1779830080_5715,gps,True,False,True,True,1183,31c1594f7caae09c6975238b7b255ad5c765bc56640ec43b539fdb93165d94da,absolute,standard,1.132586929,2.264008315,1.359407921,3.057106835,1.369247898,3.007124293,1.359407921,3.057106835,first_gps,0.003839221,-0.137136925,nan,nan,nan,0.000334985,-0.373039808,0.373039958,0.000176415,0.026475114,0.026475702,0.000352830,0.052950229,0.052951404,0.977883914,0.030527851,-0.294511962,0.133380635,0.020495604,0.300718477
9.550000000,1779830080_5715,gps,True,False,True,True,1183,31c1594f7caae09c6975238b7b255ad5c765bc56640ec43b539fdb93165d94da,absolute,standard,1.066413407,2.274140265,1.247559372,2.887173002,1.316116671,3.008133607,1.247559372,2.887173002,first_gps,0.003839221,-0.137136925,nan,nan,nan,0.002848243,-0.195263859,0.195284631,0.000197142,0.026871981,0.026872704,0.000394284,0.053743962,0.053745408,0.991690373,0.030961594,-0.295090946,0.128067513,0.007705236,0.300819409
9.608000000,1779830080_5715,gps,True,False,True,True,1183,31c1594f7caae09c6975238b7b255ad5c765bc56640ec43b539fdb93165d94da,absolute,standard,0.788399342,2.396624939,1.295794469,2.922575708,1.262979520,3.009135938,1.295794469,2.922575708,first_gps,0.003839221,-0.137136925,nan,nan,nan,0.001697153,-0.121648913,0.121660752,0.000192230,0.027402273,0.027402947,0.000384460,0.054804546,0.054805894,-0.989505899,0.031552330,-0.295099288,0.122753797,-0.009732416,0.300919642
9.651000000,1779830080_5715,gps,True,False,True,True,1183,31c1594f7caae09c6975238b7b255ad5c765bc56640ec43b539fdb93165d94da,absolute,standard,1.037831346,2.288572486,1.094888588,2.918894952,1.227554944,3.009802016,1.094888588,2.918894952,first_gps,0.003839221,-0.137136925,nan,nan,nan,-0.000353494,0.304737442,0.304737647,0.000197346,0.026755416,0.026756143,0.000394692,0.053510831,0.053512287,0.988168051,0.030850937,-0.294946546,0.119211340,0.010968559,0.300986250
9.700000000,1779830080_5715,gps,True,False,True,True,1183,31c1594f7caae09c6975238b7b255ad5c765bc56640ec43b539fdb93165d94da,absolute,standard,0.984505312,2.279087982,1.136302012,2.998851093,1.192130997,3.010470753,1.136302012,2.998851093,first_gps,0.003839221,-0.137136925,nan,nan,nan,-0.008338447,0.213185437,0.213348448,0.000161136,0.026936479,0.026936961,0.000322272,0.053872957,0.053873921,0.994351746,0.031045203,-0.295126365,0.115668945,0.005237424,0.301053123
9.761000000,1779830080_5715,gps,True,False,True,True,1183,31c1594f7caae09c6975238b7b255ad5c765bc56640ec43b539fdb93165d94da,absolute,standard,1.015342109,2.291706274,1.119466632,3.057002176,1.138983226,3.011445434,1.119466632,3.057002176,first_gps,0.003839221,-0.137136925,nan,nan,nan,0.001379139,-0.164033733,0.164039531,0.000143314,0.025973855,0.025974251,0.000286629,0.051947711,0.051948502,0.959827559,0.029960594,-0.292891905,0.110354168,0.037162066,0.301150591
9.800000000,1779830080_5715,gps,True,False,True,True,1183,31c1594f7caae09c6975238b7b255ad5c765bc56640ec43b539fdb93165d94da,absolute,standard,0.950870765,2.302015049,1.323731957,3.188467437,1.103555215,3.012083428,1.323731957,3.188467437,first_gps,0.003839221,-0.137136925,nan,nan,nan,0.005133289,0.066314564,0.066512947,0.000151015,0.026580607,0.026581036,0.000302029,0.053161213,0.053162071,0.982551280,0.030674481,-0.294952990,0.106811367,0.016184585,0.301214391
9.851000000,1779830080_5715,gps,True,False,True,True,1183,31c1594f7caae09c6975238b7b255ad5c765bc56640ec43b539fdb93165d94da,absolute,standard,0.697943484,2.431154233,0.876711017,2.873597959,1.050427040,3.013042950,0.876711017,2.873597959,first_gps,0.003839221,-0.137136925,nan,nan,nan,0.006626038,0.414099978,0.414152986,0.000136247,0.027400208,0.027400546,0.000272493,0.054800415,0.054801093,-0.987218665,0.031624186,-0.295039465,0.101498549,-0.011853312,0.301310343
9.910000000,1779830080_5715,gps,True,False,True,True,1183,31c1594f7caae09c6975238b7b255ad5c765bc56640ec43b539fdb93165d94da,absolute,standard,0.945216716,2.311336192,0.993363756,3.058965049,0.997283139,3.014021154,0.993363756,3.058965049,first_gps,0.003839221,-0.137136925,nan,nan,nan,0.001758405,-0.695207771,0.695209995,0.000141702,0.026103737,0.026104121,0.000283403,0.052207473,0.052208243,0.966507953,0.030170465,-0.293528822,0.096184159,0.030999105,0.301408163
9.951000000,1779830080_5715,gps,True,False,True,True,1183,31c1594f7caae09c6975238b7b255ad5c765bc56640ec43b539fdb93165d94da,absolute,standard,0.835411382,2.314815414,1.023954354,3.020566105,0.961865524,3.014684895,1.023954354,3.020566105,first_gps,0.003839221,-0.137136925,nan,nan,nan,0.002424273,0.059787551,0.059836680,0.000147538,0.026914008,0.026914413,0.000295075,0.053828017,0.053828826,0.996316728,0.031106935,-0.295120837,0.092642398,0.003415096,0.301474538
10.002000000,1779830080_5715,gps,True,False,True,True,1183,31c1594f7caae09c6975238b7b255ad5c765bc56640ec43b539fdb93165d94da,absolute,standard,0.863186767,2.328213659,1.244723897,3.184995098,0.908720398,3.015683466,1.244723897,3.184995098,first_gps,0.003839221,-0.137136925,nan,nan,nan,0.006725590,-0.484888425,0.484935066,0.000151251,0.026406559,0.026406992,0.000302502,0.052813118,0.052813984,0.977975828,0.030530739,-0.294631685,0.087327885,0.020418448,0.301574395
10.050000000,1779830080_5715,gps,True,False,True,True,1183,31c1594f7caae09c6975238b7b255ad5c765bc56640ec43b539fdb93165d94da,absolute,standard,0.566596444,2.440752868,0.882795276,2.938439591,0.873296725,3.016343136,0.882795276,2.938439591,first_gps,0.003839221,-0.137136925,nan,nan,nan,0.000494630,0.130471808,0.130472746,0.000172972,0.027366456,0.027367003,0.000345945,0.054732912,0.054734005,-0.988479793,0.031584566,-0.294995823,0.083785518,-0.010681093,0.301640362
10.100000000,1779830080_5715,gps,True,False,True,True,1183,31c1594f7caae09c6975238b7b255ad5c765bc56640ec43b539fdb93165d94da,absolute,standard,0.551189688,2.441261960,0.871146601,2.962940404,0.837871538,3.016999026,0.871146601,2.962940404,first_gps,0.003839221,-0.137136925,nan,nan,nan,-0.004093084,0.165232166,0.165282854,0.000167404,0.027291744,0.027292258,0.000334807,0.054583488,0.054584515,-0.991225618,0.031498304,-0.295237080,0.080242999,-0.008140429,0.301705951
10.151000000,1779830080_5715,gps,True,False,True,True,1183,31c1594f7caae09c6975238b7b255ad5c765bc56640ec43b539fdb93165d94da,absolute,standard,0.752372493,2.328729291,0.864766884,2.891851179,0.784732632,3.018003692,0.864766884,2.891851179,first_gps,0.003839221,-0.137136925,nan,nan,nan,-0.007484599,0.135806377,0.136012467,0.000145144,0.026592696,0.026593092,0.000290288,0.053185392,0.053186184,0.984328762,0.030730322,-0.295091406,0.074929109,0.014539880,0.301806417
10.206000000,1779830080_5715,gps,True,False,True,True,1183,31c1594f7caae09c6975238b7b255ad5c765bc56640ec43b539fdb93165d94da,absolute,standard,0.528043320,2.464124381,0.893015972,2.898827364,0.731602808,3.019009053,0.893015972,2.898827364,first_gps,0.003839221,-0.137136925,nan,nan,nan,-0.001045622,0.753964954,0.753965680,0.000158966,0.027708924,0.027709380,0.000317932,0.055417849,0.055418761,-0.976182868,0.031970886,-0.294362996,0.069616126,-0.022066533,0.301906953
10.252000000,1779830080_5715,gps,True,False,True,True,1183,31c1594f7caae09c6975238b7b255ad5c765bc56640ec43b539fdb93165d94da,absolute,standard,0.687497302,2.355272427,0.796047061,3.050758785,0.696174820,3.019674258,0.796047061,3.050758785,first_gps,0.003839221,-0.137136925,nan,nan,nan,0.006852021,-0.022193801,0.023227462,0.000205911,0.026863325,0.026864115,0.000411822,0.053726651,0.053728229,0.993518689,0.031019032,-0.295151770,0.066073327,0.006010604,0.301973474
10.313000000,1779830080_5715,gps,True,False,True,True,1183,31c1594f7caae09c6975238b7b255ad5c765bc56640ec43b539fdb93165d94da,absolute,standard,0.703769839,2.371439817,0.625509367,3.048741429,0.643033973,3.020674232,0.625509367,3.048741429,first_gps,0.003839221,-0.137136925,nan,nan,nan,0.013230941,-0.095509526,0.096421613,0.000222904,0.026323300,0.026324244,0.000445807,0.052646600,0.052648487,0.974568904,0.030423707,-0.294295633,0.060759243,0.023562654,0.302073471
10.350000000,1779830080_5715,gps,True,False,True,True,1183,31c1594f7caae09c6975238b7b255ad5c765bc56640ec43b539fdb93165d94da,absolute,standard,0.464219843,2.481904209,0.608862741,3.067291849,0.607612289,3.021322929,0.608862741,3.067291849,first_gps,0.003839221,-0.137136925,nan,nan,nan,0.001086035,0.523853896,0.523855022,0.000231418,0.027346183,0.027347162,0.000462837,0.054692367,0.054694325,-0.988703097,0.031577551,-0.294997700,0.057217074,-0.010473945,0.302138341
10.400000000,1779830080_5715,gps,True,False,True,True,1183,31c1594f7caae09c6975238b7b255ad5c765bc56640ec43b539fdb93165d94da,absolute,standard,0.656940586,2.373927806,0.738496127,3.134406338,0.572189908,3.021978659,0.738496127,3.134406338,first_gps,0.003839221,-0.137136925,nan,nan,nan,0.005953824,-0.318687121,0.318742732,0.000239044,0.026497743,0.026498821,0.000478087,0.052995486,0.052997642,0.980367979,0.030605890,-0.294666577,0.053674836,0.018196879,0.302203914
10.459000000,1779830080_5715,gps,True,False,True,True,1183,31c1594f7caae09c6975238b7b255ad5c765bc56640ec43b539fdb93165d94da,absolute,standard,0.384590153,2.484187526,0.710727996,3.009983001,0.519044334,3.022945242,0.710727996,3.009983001,first_gps,0.003839221,-0.137136925,nan,nan,nan,0.001020246,-0.082451219,0.082457531,0.000259698,0.027128695,0.027129938,0.000519397,0.054257390,0.054259876,-0.997837360,0.031290590,-0.295366181,0.048360279,-0.002006788,0.302300572
10.533000000,1779830080_5715,gps,True,False,True,True,1183,31c1594f7caae09c6975238b7b255ad5c765bc56640ec43b539fdb93165d94da,absolute,standard,0.575284569,2.380124339,0.399010072,2.996979103,0.448192439,3.024214153,0.399010072,2.996979103,first_gps,0.003839221,-0.137136925,nan,nan,nan,-0.003930232,-0.411420278,0.411439050,0.000263360,0.026619330,0.026620633,0.000526720,0.053238660,0.053241265,0.984369069,0.030731588,-0.294979671,0.041275089,0.014496932,0.302427463
10.567000000,1779830080_5715,gps,True,False,True,True,1183,31c1594f7caae09c6975238b7b255ad5c765bc56640ec43b539fdb93165d94da,absolute,standard,0.360060082,2.502326257,0.241842268,3.096945702,0.430478144,3.024521927,0.241842268,3.096945702,first_gps,0.003839221,-0.137136925,nan,nan,nan,0.003723062,0.452684098,0.452699408,0.000270061,0.027434161,0.027435491,0.000540123,0.054868323,0.054870981,-0.986569518,0.031644579,-0.295019997,0.039503660,-0.012455201,0.302458241
10.601000000,1779830080_5715,gps,True,False,True,True,1183,31c1594f7caae09c6975238b7b255ad5c765bc56640ec43b539fdb93165d94da,absolute,standard,0.494883421,2.382140632,0.564998245,2.973260130,0.377346377,3.024801737,0.564998245,2.973260130,first_gps,0.003839221,-0.137136925,nan,nan,nan,-0.006668824,-0.193865323,0.193979990,0.000266019,0.027044319,0.027045627,0.000532038,0.054088637,0.054091254,0.998368214,0.031171384,-0.295267121,0.034190483,0.001513673,0.302486222
10.650000000,1779830080_5715,gps,True,False,True,True,1183,31c1594f7caae09c6975238b7b255ad5c765bc56640ec43b539fdb93165d94da,absolute,standard,0.205917277,2.482352571,0.355195009,2.942839798,0.342009228,3.022238469,0.355195009,2.942839798,first_gps,0.003839221,-0.137136925,nan,nan,nan,-0.002849853,0.176812628,0.176835594,0.000251332,0.028587206,0.028588311,0.000502665,0.057174412,0.057176622,-0.945591764,0.032931934,-0.291138297,0.030656768,-0.050254211,0.302229895
10.701000000,1779830080_5715,gps,True,False,True,True,1183,31c1594f7caae09c6975238b7b255ad5c765bc56640ec43b539fdb93165d94da,absolute,standard,0.193211461,2.486559889,0.526882625,2.983544943,0.289572580,3.013698705,0.526882625,2.983544943,first_gps,0.003839221,-0.137136925,nan,nan,nan,0.001538234,0.384581200,0.384584276,0.000245631,0.028736492,0.028737542,0.000491262,0.057472985,0.057475084,-0.941333989,0.033065695,-0.290310459,0.025413103,-0.054119761,0.301375919
10.750000000,1779830080_5715,gps,True,False,True,True,1183,31c1594f7caae09c6975238b7b255ad5c765bc56640ec43b539fdb93165d94da,absolute,standard,0.150102987,2.488242385,0.234997884,3.015303701,0.255252531,3.004921834,0.234997884,3.015303701,first_gps,0.003839221,-0.137136925,nan,nan,nan,0.010800754,0.127512742,0.127969354,0.000289793,0.028891095,0.028892548,0.000579586,0.057782189,0.057785096,-0.935902555,0.033236329,-0.289365524,0.021981098,-0.059069548,0.300498231
10.800000000,1779830080_5715,gps,True,False,True,True,1183,31c1594f7caae09c6975238b7b255ad5c765bc56640ec43b539fdb93165d94da,absolute,standard,-0.005190237,2.418701040,0.066798587,2.839685514,0.205151237,2.987264591,0.066798587,2.839685514,first_gps,0.003839221,-0.137136925,nan,nan,nan,-0.004278455,0.367589888,0.367614786,0.000278330,0.031329234,0.031330470,0.000556661,0.062658468,0.062660941,-0.848716974,0.035975345,-0.262674552,0.016970969,-0.135175770,0.298732507
10.852000000,1779830080_5715,gps,True,False,True,True,1183,31c1594f7caae09c6975238b7b255ad5c765bc56640ec43b539fdb93165d94da,absolute,standard,-0.029377581,2.418486783,0.318935005,2.920823328,0.172927285,2.972566226,0.318935005,2.920823328,first_gps,0.003839221,-0.137136925,nan,nan,nan,-0.000834285,0.034164376,0.034174561,0.000268908,0.030928256,0.030929425,0.000537816,0.061856512,0.061858850,-0.863899261,0.035498379,-0.268614575,0.013748574,-0.122404144,0.297262671
10.900000000,1779830080_5715,gps,True,False,True,True,1183,31c1594f7caae09c6975238b7b255ad5c765bc56640ec43b539fdb93165d94da,absolute,standard,-0.047111001,2.404097196,0.352293023,2.697073903,0.141802384,2.955630048,0.352293023,2.697073903,first_gps,0.003839221,-0.137136925,nan,nan,nan,-0.003266366,-0.224655976,0.224679720,0.000279628,0.031096672,0.031097930,0.000559256,0.062193345,0.062195859,-0.857682881,0.035693673,-0.266312584,0.010636084,-0.127693245,0.295569053
10.952000000,1779830080_5715,gps,True,False,True,True,1183,31c1594f7caae09c6975238b7b255ad5c765bc56640ec43b539fdb93165d94da,absolute,standard,-0.123121741,2.359081802,0.241889797,2.936127945,0.097569534,2.926200241,0.241889797,2.936127945,first_gps,0.003839221,-0.137136925,nan,nan,nan,-0.000008171,-0.302179922,0.302179922,0.000288273,0.032234054,0.032235343,0.000576547,0.064468107,0.064470685,-0.816118251,0.036999464,-0.247501143,0.006212799,-0.161336054,0.292626072
11.000000000,1779830080_5715,gps,True,False,True,True,1183,31c1594f7caae09c6975238b7b255ad5c765bc56640ec43b539fdb93165d94da,absolute,standard,-0.198493009,2.299013093,0.029283954,3.097052456,0.056733250,2.892231538,0.029283954,3.097052456,first_gps,0.003839221,-0.137136925,nan,nan,nan,0.001111037,-0.353924228,0.353925972,0.000286938,0.033461406,0.033462636,0.000573877,0.066922812,0.066925272,-0.771302694,0.038407386,-0.222289614,0.002129170,-0.194363645,0.289229202
11.050000000,1779830080_5715,gps,True,False,True,True,1183,31c1594f7caae09c6975238b7b255ad5c765bc56640ec43b539fdb93165d94da,absolute,standard,-0.247136264,2.261863750,0.041531413,2.810564462,0.031609776,2.867252050,0.041531413,2.810564462,first_gps,0.003839221,-0.137136925,nan,nan,nan,0.000659721,0.182071259,0.182072455,0.000284274,0.034169096,0.034170278,0.000568548,0.068338191,0.068340556,-0.744548930,0.039247880,-0.205269315,-0.000383177,-0.212423013,0.286731253
11.100000000,1779830080_5715,gps,True,False,True,True,1183,31c1594f7caae09c6975238b7b255ad5c765bc56640ec43b539fdb93165d94da,absolute,standard,-0.290153137,2.223359941,0.001351155,2.756847596,-0.002597615,2.826606721,0.001351155,2.756847596,first_gps,0.003839221,-0.137136925,nan,nan,nan,-0.007373189,-0.006229795,0.009652681,0.000272383,0.034255339,0.034256422,0.000544767,0.068510677,0.068512843,-0.741247985,0.039351583,-0.202980624,-0.003803916,-0.214461191,0.282666720
11.152000000,1779830080_5715,gps,True,False,True,True,1183,31c1594f7caae09c6975238b7b255ad5c765bc56640ec43b539fdb93165d94da,absolute,standard,-0.294781418,2.157131299,-0.189428306,2.860861318,-0.022921508,2.797587875,-0.189428306,2.860861318,first_gps,0.003839221,-0.137136925,nan,nan,nan,0.002473549,0.708402871,0.708407189,0.000273163,0.036089563,0.036090597,0.000546325,0.072179126,0.072181193,-0.676189601,0.041395452,-0.155281825,-0.005836305,-0.251284085,0.279764836
11.200000000,1779830080_5715,gps,True,False,True,True,1183,31c1594f7caae09c6975238b7b255ad5c765bc56640ec43b539fdb93165d94da,absolute,standard,-0.347693384,2.091502909,0.016638726,2.804048170,-0.041130246,2.767216720,0.016638726,2.804048170,first_gps,0.003839221,-0.137136925,nan,nan,nan,-0.010562506,0.509602636,0.509712088,0.000269356,0.036778346,0.036779332,0.000538712,0.073556691,0.073558664,-0.651735987,0.042163685,-0.135450323,-0.007657179,-0.262290026,0.276727720
11.251000000,1779830080_5715,gps,True,False,True,True,1183,31c1594f7caae09c6975238b7b255ad5c765bc56640ec43b539fdb93165d94da,absolute,standard,-0.380075180,2.037712318,0.031991805,2.966616847,-0.064325317,2.719409503,0.031991805,2.966616847,first_gps,0.003839221,-0.137136925,nan,nan,nan,-0.000326259,0.388936814,0.388936950,0.000270214,0.037416193,0.037417169,0.000540428,0.074832387,0.074834338,-0.629002149,0.042877890,-0.116474741,-0.009976686,-0.271489101,0.271946998
11.301000000,1779830080_5715,gps,True,False,True,True,1183,31c1594f7caae09c6975238b7b255ad5c765bc56640ec43b539fdb93165d94da,absolute,standard,-0.410332941,1.949029728,0.088110067,2.697071505,-0.082317691,2.669431610,0.088110067,2.697071505,first_gps,0.003839221,-0.137136925,nan,nan,nan,-0.000306947,0.380180447,0.380180571,0.000258571,0.038568363,0.038569230,0.000517141,0.077136727,0.077138460,-0.588356642,0.044154806,-0.080888079,-0.011775924,-0.283880911,0.266949209
11.350000000,1779830080_5715,gps,True,False,True,True,1183,31c1594f7caae09c6975238b7b255ad5c765bc56640ec43b539fdb93165d94da,absolute,standard,-0.430952217,1.897052432,-0.124200984,2.647949028,-0.091321759,2.635166484,-0.124200984,2.647949028,first_gps,0.003839221,-0.137136925,nan,nan,nan,0.006465892,0.226201595,0.226293988,0.000274439,0.039160633,0.039161595,0.000548878,0.078321266,0.078323190,-0.565988308,0.044857528,-0.060805613,-0.012676330,-0.289096032,0.263522696
11.406000000,1779830080_5715,gps,True,False,True,True,1183,31c1594f7caae09c6975238b7b255ad5c765bc56640ec43b539fdb93165d94da,absolute,standard,-0.453852024,1.829880802,-0.173583785,2.571813366,-0.100221746,2.582790423,-0.173583785,2.571813366,first_gps,0.003839221,-0.137136925,nan,nan,nan,0.004143330,-0.096510049,0.096598948,0.000273310,0.039577109,0.039578052,0.000546620,0.079154218,0.079156105,-0.550319675,0.045349772,-0.046494020,-0.013566329,-0.291655657,0.258285090
11.450000000,1779830080_5715,gps,True,False,True,True,1183,31c1594f7caae09c6975238b7b255ad5c765bc56640ec43b539fdb93165d94da,absolute,standard,-0.458056344,1.783394145,-0.058562730,2.703923516,-0.103061164,2.547483353,-0.058562730,2.703923516,first_gps,0.003839221,-0.137136925,nan,nan,nan,0.002770322,0.088111938,0.088155478,0.000260802,0.040050278,0.040051127,0.000521604,0.080100556,0.080102254,-0.533943123,0.045864257,-0.031420129,-0.013850271,-0.293532215,0.254754383
11.501000000,1779830080_5715,gps,True,False,True,True,1183,31c1594f7caae09c6975238b7b255ad5c765bc56640ec43b539fdb93165d94da,absolute,standard,-0.451812319,1.683731327,-0.144481578,2.641621123,-0.102631400,2.494352998,-0.144481578,2.641621123,first_gps,0.003839221,-0.137136925,nan,nan,nan,0.002249093,0.180247700,0.180261732,0.000260183,0.041267868,0.041268689,0.000520367,0.082535737,0.082537377,-0.490509441,0.047228766,0.008805374,-0.013807295,-0.295241519,0.249441348
11.550000000,1779830080_5715,gps,True,False,True,True,1183,31c1594f7caae09c6975238b7b255ad5c765bc56640ec43b539fdb93165d94da,absolute,standard,-0.450370614,1.624591592,0.035249531,2.517016214,-0.099217709,2.459092516,0.035249531,2.517016214,first_gps,0.003839221,-0.137136925,nan,nan,nan,-0.001332794,-0.269560270,0.269563565,0.000254923,0.041674787,0.041675567,0.000509845,0.083349575,0.083351134,-0.476082448,0.047682004,0.022175505,-0.013465925,-0.294570000,0.245915300
11.605000000,1779830080_5715,gps,True,False,True,True,1183,31c1594f7caae09c6975238b7b255ad5c765bc56640ec43b539fdb93165d94da,absolute,standard,-0.455690665,1.549789222,-0.191072286,2.498305309,-0.089441407,2.406892416,-0.191072286,2.498305309,first_gps,0.003839221,-0.137136925,nan,nan,nan,-0.003076262,0.001607509,0.003470947,0.000236857,0.042341124,0.042341786,0.000473715,0.084682247,0.084683572,-0.451686027,0.048448440,0.044591223,-0.012488295,-0.291523535,0.240695290
11.652000000,1779830080_5715,gps,True,False,True,True,1183,31c1594f7caae09c6975238b7b255ad5c765bc56640ec43b539fdb93165d94da,absolute,standard,-0.426916864,1.462540423,-0.137059192,2.426507577,-0.080473552,2.372601727,-0.137059192,2.426507577,first_gps,0.003839221,-0.137136925,nan,nan,nan,0.001275429,-0.127528188,0.127534565,0.000237736,0.043508048,0.043508698,0.000475473,0.087016097,0.087017396,-0.409661563,0.049768677,0.082697922,-0.011591510,-0.283522590,0.237266221
11.701000000,1779830080_5715,gps,True,False,True,True,1183,31c1594f7caae09c6975238b7b255ad5c765bc56640ec43b539fdb93165d94da,absolute,standard,-0.435642192,1.465998267,-0.059520218,2.334295446,-0.071507921,2.338323930,-0.059520218,2.334295446,first_gps,0.003839221,-0.137136925,nan,nan,nan,0.001377312,-0.069091496,0.069105223,0.000231343,0.042995524,0.042996146,0.000462687,0.085991048,0.085992293,-0.428051263,0.049190948,0.066147194,-0.010694947,-0.287642270,0.233838441
11.751000000,1779830080_5715,gps,True,False,True,True,1183,31c1594f7caae09c6975238b7b255ad5c765bc56640ec43b539fdb93165d94da,absolute,standard,-0.401135393,1.394947062,-0.296929778,2.214308183,-0.058069414,2.286896806,-0.296929778,2.214308183,first_gps,0.003839221,-0.137136925,nan,nan,nan,-0.002407800,0.279638543,0.279648909,0.000229819,0.043737108,0.043737711,0.000459639,0.087474215,0.087475423,-0.401112802,0.050037245,0.090288725,-0.009351096,-0.281221582,0.228695729
11.800000000,1779830080_5715,gps,True,False,True,True,1183,31c1594f7caae09c6975238b7b255ad5c765bc56640ec43b539fdb93165d94da,absolute,standard,-0.426545737,1.432214185,-0.008904198,2.352800298,-0.049713784,2.252476947,-0.008904198,2.352800298,first_gps,0.003839221,-0.137136925,nan,nan,nan,-0.001561475,-0.275736859,0.275741280,0.000240017,0.042426213,0.042426892,0.000480034,0.084852426,0.084853784,-0.449134539,0.048528597,0.046994709,-0.008515533,-0.291579691,0.225253743
11.850000000,1779830080_5715,gps,True,False,True,True,1183,31c1594f7caae09c6975238b7b255ad5c765bc56640ec43b539fdb93165d94da,absolute,standard,-0.429197681,1.394589412,0.081554529,2.177672974,-0.041182969,2.200029375,0.081554529,2.177672974,first_gps,0.003839221,-0.137136925,nan,nan,nan,-0.003946566,0.116285644,0.116352596,0.000233176,0.042499413,0.042500053,0.000466353,0.084998827,0.085000106,-0.446022222,0.048626374,0.049821442,-0.007662451,-0.290978159,0.220008986
11.901000000,1779830080_5715,gps,True,False,True,True,1183,31c1594f7caae09c6975238b7b255ad5c765bc56640ec43b539fdb93165d94da,absolute,standard,-0.436057802,1.405453587,-0.075784796,2.126850091,-0.035931941,2.164985849,-0.075784796,2.126850091,first_gps,0.003839221,-0.137136925,nan,nan,nan,-0.000465027,0.090108337,0.090109537,0.000223434,0.041877057,0.041877653,0.000446868,0.083754114,0.083755306,-0.468124318,0.047932016,0.029533362,-0.007137349,-0.293933044,0.216504633
11.950000000,1779830080_5715,gps,True,False,True,True,1183,31c1594f7caae09c6975238b7b255ad5c765bc56640ec43b539fdb93165d94da,absolute,standard,-0.433325354,1.378500377,-0.094405252,2.055814269,-0.029930332,2.112208317,-0.094405252,2.055814269,first_gps,0.003839221,-0.137136925,nan,nan,nan,-0.006252433,0.153628030,0.153755209,0.000222936,0.041621249,0.041621846,0.000445871,0.083242499,0.083243693,-0.476164373,0.047679430,0.022083851,-0.006537188,-0.294364579,0.211226880
12.000000000,1779830080_5715,gps,True,False,True,True,1183,31c1594f7caae09c6975238b7b255ad5c765bc56640ec43b539fdb93165d94da,absolute,standard,-0.443469012,1.392661073,0.165528650,2.221150350,-0.028413065,2.076800277,0.165528650,2.221150350,first_gps,0.003839221,-0.137136925,nan,nan,nan,-0.001624895,-0.088349613,0.088364554,0.000227547,0.040889748,0.040890381,0.000455095,0.081779496,0.081780762,-0.502403954,0.046855089,-0.002231052,-0.006385461,-0.295410090,0.207686076
12.051000000,1779830080_5715,gps,True,False,True,True,1183,31c1594f7caae09c6975238b7b255ad5c765bc56640ec43b539fdb93165d94da,absolute,standard,-0.440147573,1.358307605,-0.011107866,2.036197836,-0.026106740,2.023709460,-0.011107866,2.036197836,first_gps,0.003839221,-0.137136925,nan,nan,nan,0.000680869,-0.117813549,0.117815516,0.000232362,0.040880295,0.040880955,0.000464724,0.081760590,0.081761911,-0.502691842,0.046846045,-0.002496164,-0.006154829,-0.295163981,0.202376994
12.102000000,1779830080_5715,gps,True,False,True,True,1183,31c1594f7caae09c6975238b7b255ad5c765bc56640ec43b539fdb93165d94da,absolute,standard,-0.440817765,1.307194109,0.030500359,2.116978352,-0.023798258,1.970614490,0.030500359,2.116978352,first_gps,0.003839221,-0.137136925,nan,nan,nan,-0.005922533,0.075222260,0.075455051,0.000242572,0.041123094,0.041123810,0.000485143,0.082246188,0.082247619,-0.494055650,0.047117359,0.005512597,-0.005923980,-0.295155929,0.197067497
12.150000000,1779830080_5715,gps,True,False,True,True,1183,31c1594f7caae09c6975238b7b255ad5c765bc56640ec43b539fdb93165d94da,absolute,standard,-0.427924339,1.253964714,0.154800020,1.824468401,-0.022248244,1.935218478,0.154800020,1.824468401,first_gps,0.003839221,-0.137136925,nan,nan,nan,-0.008546562,0.211392837,0.211565534,0.000215493,0.041650933,0.041651490,0.000430985,0.083301865,0.083302980,-0.475053797,0.047714320,0.023103033,-0.005768979,-0.294187537,0.193527896
12.200000000,1779830080_5715,gps,True,False,True,True,1183,31c1594f7caae09c6975238b7b255ad5c765bc56640ec43b539fdb93165d94da,absolute,standard,-0.445405093,1.276540453,0.009289780,1.947643653,-0.020698181,1.899824134,0.009289780,1.947643653,first_gps,0.003839221,-0.137136925,nan,nan,nan,-0.001634431,0.016543012,0.016623556,0.000222805,0.040791078,0.040791686,0.000445609,0.081582155,0.081583372,-0.505803209,0.046748298,-0.005379111,-0.005613973,-0.295015135,0.189988461
12.258000000,1779830080_5715,gps,True,False,True,True,1183,31c1594f7caae09c6975238b7b255ad5c765bc56640ec43b539fdb93165d94da,absolute,standard,-0.355123189,1.228933471,0.038575911,1.927056742,-0.018367090,1.846718332,0.038575911,1.927056742,first_gps,0.003839221,-0.137136925,nan,nan,nan,0.004840322,0.998304181,0.998315915,0.000210951,0.041786846,0.041787379,0.000421902,0.083573692,0.083574757,-0.469507000,0.047888577,0.028258663,-0.005380864,-0.294083208,0.184677881
12.300000000,1779830080_5715,gps,True,False,True,True,1183,31c1594f7caae09c6975238b7b255ad5c765bc56640ec43b539fdb93165d94da,absolute,standard,-0.424819669,1.172791244,0.096756130,1.974543599,-0.016824113,1.811321560,0.096756130,1.974543599,first_gps,0.003839221,-0.137136925,nan,nan,nan,-0.000402654,0.190752326,0.190752751,0.000206149,0.041643759,0.041644270,0.000412297,0.083287519,0.083288539,-0.474194987,0.047741300,0.023908083,-0.005226566,-0.294264533,0.181138204
12.350000000,1779830080_5715,gps,True,False,True,True,1183,31c1594f7caae09c6975238b7b255ad5c765bc56640ec43b539fdb93165d94da,absolute,standard,-0.440830589,1.129507909,0.138210491,1.743792648,-0.014510005,1.758226409,0.138210491,1.743792648,first_gps,0.003839221,-0.137136925,nan,nan,nan,-0.007425493,0.032635993,0.033470076,0.000178878,0.041515697,0.041516082,0.000357755,0.083031394,0.083032165,-0.478824706,0.047595853,0.019623329,-0.004995155,-0.294545259,0.175828689
12.405000000,1779830080_5715,gps,True,False,True,True,1183,31c1594f7caae09c6975238b7b255ad5c765bc56640ec43b539fdb93165d94da,absolute,standard,-0.440678824,1.126518317,-0.000562314,1.828011834,-0.012186307,1.705131506,-0.000562314,1.828011834,first_gps,0.003839221,-0.137136925,nan,nan,nan,-0.001471666,-0.066657521,0.066673765,0.000181807,0.040966649,0.040967053,0.000363613,0.081933299,0.081934106,-0.498074499,0.046991103,0.001785203,-0.004762785,-0.295113238,0.170519199
12.452000000,1779830080_5715,gps,True,False,True,True,1183,31c1594f7caae09c6975238b7b255ad5c765bc56640ec43b539fdb93165d94da,absolute,standard,-0.415046832,1.171247431,0.037590032,1.867536207,-0.012513060,1.669704022,0.037590032,1.867536207,first_gps,0.003839221,-0.137136925,nan,nan,nan,-0.002456429,-0.626166056,0.626170874,0.000183600,0.039622735,0.039623160,0.000367199,0.079245469,0.079246320,-0.546500191,0.045469765,-0.042974930,-0.004795461,-0.292082610,0.166976450
12.500000000,1779830080_5715,gps,True,False,True,True,1183,31c1594f7caae09c6975238b7b255ad5c765bc56640ec43b539fdb93165d94da,absolute,standard,-0.423156915,1.170020005,0.001629716,1.603594031,-0.015333810,1.634386555,0.001629716,1.603594031,first_gps,0.003839221,-0.137136925,nan,nan,nan,0.005189479,-0.442872706,0.442903109,0.000185270,0.039352240,0.039352676,0.000370539,0.078704480,0.078705352,-0.555658206,0.045182058,-0.051398607,-0.005077536,-0.290947292,0.163444704
12.550000000,1779830080_5715,gps,True,False,True,True,1183,31c1594f7caae09c6975238b7b255ad5c765bc56640ec43b539fdb93165d94da,absolute,standard,-0.447997924,1.115142960,0.118857354,1.590648346,-0.022358285,1.581715007,0.118857354,1.590648346,first_gps,0.003839221,-0.137136925,nan,nan,nan,0.002111246,0.008900452,0.009147426,0.000219771,0.039816115,0.039816722,0.000439543,0.079632230,0.079633443,-0.539469560,0.045690639,-0.036503657,-0.005779983,-0.292880456,0.158177549
12.601000000,1779830080_5715,gps,True,False,True,True,1183,31c1594f7caae09c6975238b7b255ad5c765bc56640ec43b539fdb93165d94da,absolute,standard,-0.435934072,1.110719618,-0.341413285,1.529953468,-0.027037245,1.546587665,-0.341413285,1.529953468,first_gps,0.003839221,-0.137136925,nan,nan,nan,0.000272373,0.191221389,0.191221583,0.000233705,0.039604890,0.039605580,0.000467409,0.079209780,0.079211159,-0.547333368,0.045443590,-0.043743007,-0.006247879,-0.291993812,0.154664815
12.650000000,1779830080_5715,gps,True,False,True,True,1183,31c1594f7caae09c6975238b7b255ad5c765bc56640ec43b539fdb93165d94da,absolute,standard,-0.442013702,1.089410572,0.146248713,1.500423658,-0.034051740,1.493908269,0.146248713,1.500423658,first_gps,0.003839221,-0.137136925,nan,nan,nan,0.001342407,0.135067811,0.135074482,0.000239988,0.039346143,0.039346875,0.000479977,0.078692286,0.078693750,-0.556555913,0.045153855,-0.052201417,-0.006949329,-0.290703601,0.149396875
12.700000000,1779830080_5715,gps,True,False,True,True,1183,31c1594f7caae09c6975238b7b255ad5c765bc56640ec43b539fdb93165d94da,absolute,standard,-0.452256893,1.047304233,0.058405430,1.692607497,-0.038721074,1.458787819,0.058405430,1.692607497,first_gps,0.003839221,-0.137136925,nan,nan,nan,-0.000476671,-0.051868146,0.051870336,0.000243331,0.039569396,0.039570144,0.000486663,0.079138793,0.079140289,-0.548462014,0.045408133,-0.044795231,-0.007416262,-0.291948747,0.145884830
12.752000000,1779830080_5715,gps,True,False,True,True,1183,31c1594f7caae09c6975238b7b255ad5c765bc56640ec43b539fdb93165d94da,absolute,standard,-0.452371813,1.018213135,-0.009430851,1.342746815,-0.045713500,1.406102178,-0.009430851,1.342746815,first_gps,0.003839221,-0.137136925,nan,nan,nan,-0.008183815,-0.153455029,0.153673097,0.000223098,0.039275811,0.039276445,0.000446197,0.078551623,0.078552890,-0.557738041,0.045116718,-0.053267803,-0.008115505,-0.290437631,0.140616266
12.800000000,1779830080_5715,gps,True,False,True,True,1183,31c1594f7caae09c6975238b7b255ad5c765bc56640ec43b539fdb93165d94da,absolute,standard,-0.447855537,0.972056691,0.013652773,1.448870176,-0.050838611,1.353204288,0.013652773,1.448870176,first_gps,0.003839221,-0.137136925,nan,nan,nan,0.000168187,-0.219364268,0.219364333,0.000230828,0.039626577,0.039627250,0.000461657,0.079253155,0.079254499,-0.545224964,0.045509827,-0.041795577,-0.008628016,-0.292190517,0.135326477
12.850000000,1779830080_5715,gps,True,False,True,True,1183,31c1594f7caae09c6975238b7b255ad5c765bc56640ec43b539fdb93165d94da,absolute,standard,-0.459713899,0.927449226,-0.119717940,1.386764683,-0.054259364,1.317943865,-0.119717940,1.386764683,first_gps,0.003839221,-0.137136925,nan,nan,nan,-0.002285660,0.002336536,0.003268584,0.000227938,0.040004968,0.040005618,0.000455877,0.080009937,0.080011235,-0.530794199,0.045963183,-0.028495795,-0.008970091,-0.293632519,0.131800435
12.900000000,1779830080_5715,gps,True,False,True,True,1183,31c1594f7caae09c6975238b7b255ad5c765bc56640ec43b539fdb93165d94da,absolute,standard,-0.448740873,0.916938220,-0.076663097,1.223263257,-0.059381864,1.265047383,-0.076663097,1.223263257,first_gps,0.003839221,-0.137136925,nan,nan,nan,-0.004779211,0.172388324,0.172454560,0.000241884,0.039677092,0.039677829,0.000483768,0.079354184,0.079355659,-0.543038604,0.045578514,-0.039765374,-0.009482341,-0.292306945,0.126510786
12.950000000,1779830080_5715,gps,True,False,True,True,1183,31c1594f7caae09c6975238b7b255ad5c765bc56640ec43b539fdb93165d94da,absolute,standard,-0.457192689,0.902066421,-0.098139443,1.143512435,-0.062163358,1.229721116,-0.098139443,1.143512435,first_gps,0.003839221,-0.137136925,nan,nan,nan,0.000432559,-0.077643917,0.077645122,0.000244415,0.039485999,0.039486755,0.000488829,0.078971998,0.078973511,-0.550255050,0.045351803,-0.046420607,-0.009760490,-0.291575907,0.122978160
13.000000000,1779830080_5715,gps,True,False,True,True,1183,31c1594f7caae09c6975238b7b255ad5c765bc56640ec43b539fdb93165d94da,absolute,standard,-0.447418683,0.864532321,-0.011596433,1.014785086,-0.065406950,1.176680506,-0.011596433,1.014785086,first_gps,0.003839221,-0.137136925,nan,nan,nan,0.003865997,-0.233424406,0.233456418,0.000269498,0.039594872,0.039595789,0.000538997,0.079189743,0.079191577,-0.545790901,0.045492048,-0.042316042,-0.010084850,-0.292122875,0.117674099
13.050000000,1779830080_5715,gps,True,False,True,True,1183,31c1594f7caae09c6975238b7b255ad5c765bc56640ec43b539fdb93165d94da,absolute,standard,-0.451230525,0.831377075,-0.192131067,1.201457493,-0.067571823,1.141317834,-0.192131067,1.201457493,first_gps,0.003839221,-0.137136925,nan,nan,nan,-0.000794401,0.120472431,0.120475050,0.000267830,0.039847864,0.039848764,0.000535660,0.079695727,0.079697527,-0.537121321,0.045764411,-0.034335935,-0.010301337,-0.293089648,0.114137832
13.101000000,1779830080_5715,gps,True,False,True,True,1183,31c1594f7caae09c6975238b7b255ad5c765bc56640ec43b539fdb93165d94da,absolute,standard,-0.439480049,0.763711768,0.150399513,1.207258730,-0.068906862,1.088199926,0.150399513,1.207258730,first_gps,0.003839221,-0.137136925,nan,nan,nan,0.002617765,0.206277357,0.206293967,0.000287264,0.040633583,0.040634599,0.000574528,0.081267167,0.081269197,-0.509518170,0.046631590,-0.008829501,-0.010434841,-0.295191186,0.108826041
13.150000000,1779830080_5715,gps,True,False,True,True,1183,31c1594f7caae09c6975238b7b255ad5c765bc56640ec43b539fdb93165d94da,absolute,standard,-0.440791517,0.762845135,-0.234329681,1.184099175,-0.068534566,1.052779741,-0.234329681,1.184099175,first_gps,0.003839221,-0.137136925,nan,nan,nan,0.002868629,-0.320113292,0.320126145,0.000285204,0.040023924,0.040024940,0.000570408,0.080047847,0.080049880,-0.531312485,0.045946901,-0.028995406,-0.010397611,-0.293804024,0.105284022
13.201000000,1779830080_5715,gps,True,False,True,True,1183,31c1594f7caae09c6975238b7b255ad5c765bc56640ec43b539fdb93165d94da,absolute,standard,-0.420140332,0.658072859,-0.107825195,0.855086188,-0.067956902,0.999626139,-0.107825195,0.855086188,first_gps,0.003839221,-0.137136925,nan,nan,nan,-0.004007031,0.352753129,0.352775887,0.000267856,0.041546373,0.041547236,0.000535712,0.083092745,0.083094472,-0.477491973,0.047637722,0.020864752,-0.010339845,-0.294578643,0.099968662
13.250000000,1779830080_5715,gps,True,False,True,True,1183,31c1594f7caae09c6975238b7b255ad5c765bc56640ec43b539fdb93165d94da,absolute,standard,-0.439927179,0.706583291,0.147093575,1.050832208,-0.067581018,0.964193937,0.147093575,1.050832208,first_gps,0.003839221,-0.137136925,nan,nan,nan,-0.000033349,-0.334875872,0.334875873,0.000256094,0.039949693,0.039950514,0.000512188,0.079899385,0.079901027,-0.534952658,0.045832541,-0.032364788,-0.010302256,-0.293556868,0.096425442
13.300000000,1779830080_5715,gps,True,False,True,True,1183,31c1594f7caae09c6975238b7b255ad5c765bc56640ec43b539fdb93165d94da,absolute,standard,-0.439647810,0.638124089,-0.047965474,0.773653087,-0.067216691,0.928770546,-0.047965474,0.773653087,first_gps,0.003839221,-0.137136925,nan,nan,nan,0.009611421,0.071001616,0.071649207,0.000275271,0.041107427,0.041108349,0.000550541,0.082214855,0.082216698,-0.493447705,0.047136458,0.006075023,-0.010265824,-0.295082382,0.092883103
13.350000000,1779830080_5715,gps,True,False,True,True,1183,31c1594f7caae09c6975238b7b255ad5c765bc56640ec43b539fdb93165d94da,absolute,standard,-0.443926161,0.622612909,-0.002109924,0.893989933,-0.066675691,0.875630344,-0.002109924,0.893989933,first_gps,0.003839221,-0.137136925,nan,nan,nan,0.009279977,0.011117437,0.014481553,0.000301589,0.040759173,0.040760289,0.000603179,0.081518346,0.081520577,-0.506304934,0.046732536,-0.005847921,-0.010211724,-0.295198573,0.087569083
13.401000000,1779830080_5715,gps,True,False,True,True,1183,31c1594f7caae09c6975238b7b255ad5c765bc56640ec43b539fdb93165d94da,absolute,standard,-0.413276943,0.534763065,-0.007598932,0.747538250,-0.066166786,0.822488259,-0.007598932,0.747538250,first_gps,0.003839221,-0.137136925,nan,nan,nan,-0.002180232,0.289224151,0.289232369,0.000298328,0.041795210,0.041796275,0.000596655,0.083590421,0.083592550,-0.468290668,0.047926790,0.029359052,-0.010160833,-0.293741377,0.082254874
13.457000000,1779830080_5715,gps,True,False,True,True,1183,31c1594f7caae09c6975238b7b255ad5c765bc56640ec43b539fdb93165d94da,absolute,standard,-0.429601652,0.566122719,-0.108592912,0.743200615,-0.065835607,0.787059507,-0.108592912,0.743200615,first_gps,0.003839221,-0.137136925,nan,nan,nan,-0.004532413,-0.353020104,0.353049199,0.000288336,0.040440161,0.040441189,0.000576672,0.080880323,0.080882379,-0.515868985,0.046432073,-0.014699092,-0.010127715,-0.294599150,0.078711999
13.500000000,1779830080_5715,gps,True,False,True,True,1183,31c1594f7caae09c6975238b7b255ad5c765bc56640ec43b539fdb93165d94da,absolute,standard,-0.413962378,0.537360950,-0.133962261,0.735764266,-0.065527203,0.751625876,-0.133962261,0.735764266,first_gps,0.003839221,-0.137136925,nan,nan,nan,0.000369216,-0.608906262,0.608906374,0.000281719,0.040624593,0.040625570,0.000563439,0.081249186,0.081251140,-0.509112954,0.046644320,-0.008451719,-0.010096875,-0.295132675,0.075168636
13.550000000,1779830080_5715,gps,True,False,True,True,1183,31c1594f7caae09c6975238b7b255ad5c765bc56640ec43b539fdb93165d94da,absolute,standard,-0.400061338,0.494121869,-0.053715427,0.810101087,-0.065088853,0.698477017,-0.053715427,0.810101087,first_gps,0.003839221,-0.137136925,nan,nan,nan,0.002466085,0.460358493,0.460365098,0.000276947,0.041234412,0.041235342,0.000553894,0.082468825,0.082470685,-0.487181833,0.047333306,0.011880012,-0.010053040,-0.294853458,0.069853750
13.603000000,1779830080_5715,gps,True,False,True,True,1183,31c1594f7caae09c6975238b7b255ad5c765bc56640ec43b539fdb93165d94da,absolute,standard,-0.426647860,0.472182875,-0.101326970,0.613763572,-0.064649330,0.645339126,-0.101326970,0.613763572,first_gps,0.003839221,-0.137136925,nan,nan,nan,-0.012803472,-0.400223758,0.400428502,0.000229721,0.040369233,0.040369886,0.000459443,0.080738465,0.080739773,-0.518597932,0.046346340,-0.017233134,-0.010009088,-0.294615198,0.064539961
13.651000000,1779830080_5715,gps,True,False,True,True,1183,31c1594f7caae09c6975238b7b255ad5c765bc56640ec43b539fdb93165d94da,absolute,standard,-0.425580646,0.471733905,0.067019359,0.734789742,-0.064362878,0.609899293,0.067019359,0.734789742,first_gps,0.003839221,-0.137136925,nan,nan,nan,0.006563052,-0.311710648,0.311779733,0.000239332,0.040283965,0.040284676,0.000478663,0.080567930,0.080569352,-0.521517176,0.046254630,-0.019948700,-0.009980442,-0.294657326,0.060995977
13.700000000,1779830080_5715,gps,True,False,True,True,1183,31c1594f7caae09c6975238b7b255ad5c765bc56640ec43b539fdb93165d94da,absolute,standard,-0.423731688,0.443458457,-0.222412765,0.587730005,-0.064081747,0.574463604,-0.222412765,0.587730005,first_gps,0.003839221,-0.137136925,nan,nan,nan,-0.001079100,-0.368617607,0.368619187,0.000227925,0.040280438,0.040281083,0.000455851,0.080560875,0.080562165,-0.521741498,0.046247582,-0.020165974,-0.009952329,-0.294783899,0.057452409
13.750000000,1779830080_5715,gps,True,False,True,True,1183,31c1594f7caae09c6975238b7b255ad5c765bc56640ec43b539fdb93165d94da,absolute,standard,-0.359848734,0.408460084,-0.027263312,0.625243630,-0.063677210,0.521321083,-0.027263312,0.625243630,first_gps,0.003839221,-0.137136925,nan,nan,nan,0.004168655,0.874325767,0.874335705,0.000254231,0.041140602,0.041141387,0.000508462,0.082281204,0.082282775,-0.491465330,0.047198736,0.007919267,-0.009911876,-0.295286962,0.052138156
13.801000000,1779830080_5715,gps,True,False,True,True,1183,31c1594f7caae09c6975238b7b255ad5c765bc56640ec43b539fdb93165d94da,absolute,standard,-0.402279464,0.348690657,-0.082073664,0.512131657,-0.062779719,0.485903791,-0.082073664,0.512131657,first_gps,0.003839221,-0.137136925,nan,nan,nan,0.000076859,0.297915885,0.297915895,0.000275915,0.041461148,0.041462066,0.000551830,0.082922296,0.082924132,-0.480001612,0.047558880,0.018549595,-0.009822127,-0.294861200,0.048596427
13.850000000,1779830080_5715,gps,True,False,True,True,1183,31c1594f7caae09c6975238b7b255ad5c765bc56640ec43b539fdb93165d94da,absolute,standard,-0.388693094,0.291986278,-0.049135251,0.339516789,-0.056761547,0.433125459,-0.049135251,0.339516789,first_gps,0.003839221,-0.137136925,nan,nan,nan,-0.002649469,0.336063704,0.336074147,0.000277765,0.041941934,0.041942854,0.000555531,0.083883869,0.083885709,-0.462153724,0.048119587,0.035048556,-0.009220309,-0.293389010,0.043318594
13.900000000,1779830080_5715,gps,True,False,True,True,1183,31c1594f7caae09c6975238b7b255ad5c765bc56640ec43b539fdb93165d94da,absolute,standard,-0.377605684,0.216522094,0.043988584,0.398777119,-0.049653284,0.398424830,0.043988584,0.398777119,first_gps,0.003839221,-0.137136925,nan,nan,nan,-0.007124726,0.243288262,0.243392564,0.000251131,0.042920440,0.042921175,0.000502262,0.085840880,0.085842349,-0.426970703,0.049224895,0.067153890,-0.008509483,-0.287547206,0.039848531
13.951000000,1779830080_5715,gps,True,False,True,True,1183,31c1594f7caae09c6975238b7b255ad5c765bc56640ec43b539fdb93165d94da,absolute,standard,-0.345671280,0.153228199,-0.136868306,0.379303712,-0.034441663,0.347531744,-0.136868306,0.379303712,first_gps,0.003839221,-0.137136925,nan,nan,nan,-0.003139722,0.317456065,0.317471591,0.000253205,0.043742580,0.043743313,0.000506411,0.087485160,0.087486626,-0.397614864,0.050147136,0.093346372,-0.006988321,-0.280130774,0.034759222
14.000000000,1779830080_5715,gps,True,False,True,True,1183,31c1594f7caae09c6975238b7b255ad5c765bc56640ec43b539fdb93165d94da,absolute,standard,-0.343810529,0.105966283,-0.014565997,0.381124670,-0.021317460,0.314622664,-0.014565997,0.381124670,first_gps,0.003839221,-0.137136925,nan,nan,nan,-0.000968749,0.100088136,0.100092824,0.000246439,0.044270452,0.044271138,0.000492877,0.088540904,0.088542276,-0.378841480,0.050736919,0.109678573,-0.005675901,-0.274097591,0.031468314
14.050000000,1779830080_5715,gps,True,False,True,True,1183,31c1594f7caae09c6975238b7b255ad5c765bc56640ec43b539fdb93165d94da,absolute,standard,-0.304122915,0.060014103,0.032908164,0.232418134,0.002673373,0.267214721,0.032908164,0.232418134,first_gps,0.003839221,-0.137136925,nan,nan,nan,0.004246629,-0.499515247,0.499533298,0.000255442,0.044741807,0.044742537,0.000510884,0.089483615,0.089485073,-0.361825742,0.051271484,0.124261409,-0.003276817,-0.268048975,0.026727520
14.100000000,1779830080_5715,gps,True,False,True,True,1183,31c1594f7caae09c6975238b7b255ad5c765bc56640ec43b539fdb93165d94da,absolute,standard,-0.246788385,-0.005265734,0.164636650,0.342384786,0.021394856,0.237149413,0.164636650,0.342384786,first_gps,0.003839221,-0.137136925,nan,nan,nan,0.001314680,0.427181797,0.427183820,0.000247968,0.045977430,0.045978099,0.000495935,0.091954860,0.091956198,-0.316710290,0.052688828,0.160755398,-0.001404669,-0.247615891,0.023720989
14.150000000,1779830080_5715,gps,True,False,True,True,1183,31c1594f7caae09c6975238b7b255ad5c765bc56640ec43b539fdb93165d94da,absolute,standard,-0.213741079,-0.061890082,-0.223896333,0.042637873,0.053343255,0.194694377,-0.223896333,0.042637873,first_gps,0.003839221,-0.137136925,nan,nan,nan,0.009233074,0.255815030,0.255981599,0.000270159,0.046855807,0.046856586,0.000540317,0.093711614,0.093713172,-0.284751653,0.053692838,0.184852965,0.001790171,-0.230365651,0.019475486
14.200000000,1779830080_5715,gps,True,False,True,True,1183,31c1594f7caae09c6975238b7b255ad5c765bc56640ec43b539fdb93165d94da,absolute,standard,-0.156234547,-0.112151799,0.185872933,0.331296906,0.077043421,0.168382356,0.185872933,0.331296906,first_gps,0.003839221,-0.137136925,nan,nan,nan,-0.002616019,0.484585967,0.484593028,0.000270772,0.047640126,0.047640895,0.000541543,0.095280252,0.095281791,-0.256025261,0.054595304,0.204760288,0.004160188,-0.212662594,0.016844284
14.251000000,1779830080_5715,gps,True,False,True,True,1183,31c1594f7caae09c6975238b7b255ad5c765bc56640ec43b539fdb93165d94da,absolute,standard,-0.076124303,-0.169314594,0.096185216,0.215134266,0.115959001,0.132211321,0.096185216,0.215134266,first_gps,0.003839221,-0.137136925,nan,nan,nan,0.001104909,0.625646810,0.625647785,0.000273221,0.048850004,0.048850769,0.000546443,0.097700009,0.097701537,-0.212944131,0.055948738,0.231667510,0.008051746,-0.183156643,0.013227180
14.300000000,1779830080_5715,gps,True,False,True,True,1183,31c1594f7caae09c6975238b7b255ad5c765bc56640ec43b539fdb93165d94da,absolute,standard,-0.145980105,-0.173948690,0.208743418,-0.048055100,0.143944134,0.110488005,0.208743418,-0.048055100,first_gps,0.003839221,-0.137136925,nan,nan,nan,-0.009553541,-0.231609802,0.231806753,0.000254361,0.048022163,0.048022837,0.000508722,0.096044326,0.096045674,-0.242473909,0.055021032,0.213605751,0.010850259,-0.203736313,0.011054849
14.350000000,1779830080_5715,gps,True,False,True,True,1183,31c1594f7caae09c6975238b7b255ad5c765bc56640ec43b539fdb93165d94da,absolute,standard,-0.035597472,-0.238472520,0.347382283,0.156359201,0.188637994,0.081764196,0.347382283,0.156359201,first_gps,0.003839221,-0.137136925,nan,nan,nan,-0.002401843,0.276564312,0.276574741,0.000249057,0.049830154,0.049830777,0.000498114,0.099660308,0.099661553,-0.178469451,0.057031792,0.250107613,0.015319645,-0.157041289,0.008182468
14.400000000,1779830080_5715,gps,True,False,True,True,1183,31c1594f7caae09c6975238b7b255ad5c765bc56640ec43b539fdb93165d94da,absolute,standard,-0.033617374,-0.257522880,0.199272822,0.210464615,0.220010826,0.065328143,0.199272822,0.210464615,first_gps,0.003839221,-0.137136925,nan,nan,nan,-0.002003748,0.042551324,0.042598476,0.000236905,0.050041675,0.050042236,0.000473809,0.100083350,0.100084471,-0.170813841,0.057272300,0.253781041,0.018456928,-0.150962813,0.006538862
14.453000000,1779830080_5715,gps,True,False,True,True,1183,31c1594f7caae09c6975238b7b255ad5c765bc56640ec43b539fdb93165d94da,absolute,standard,0.050394311,-0.293900984,0.337585903,0.043390208,0.269086674,0.044961726,0.337585903,0.043390208,first_gps,0.003839221,-0.137136925,nan,nan,nan,0.003081914,0.101529457,0.101576222,0.000250964,0.051197190,0.051197806,0.000501929,0.102394381,0.102395611,-0.129549567,0.058568655,0.271193115,0.023364513,-0.116900396,0.004502221
14.501000000,1779830080_5715,gps,True,False,True,True,1183,31c1594f7caae09c6975238b7b255ad5c765bc56640ec43b539fdb93165d94da,absolute,standard,0.170782681,-0.326648385,0.367310272,-0.013978815,0.320029027,0.029917403,0.367310272,-0.013978815,first_gps,0.003839221,-0.137136925,nan,nan,nan,0.002648526,0.513446636,0.513453467,0.000231269,0.052365449,0.052365960,0.000462537,0.104730898,0.104731919,-0.087784026,0.059880758,0.284007762,0.028458748,-0.080372117,0.002997788
14.552000000,1779830080_5715,gps,True,False,True,True,1183,31c1594f7caae09c6975238b7b255ad5c765bc56640ec43b539fdb93165d94da,absolute,standard,0.192392381,-0.354748384,0.281630242,-0.058980070,0.354752186,0.022916685,0.281630242,-0.058980070,first_gps,0.003839221,-0.137136925,nan,nan,nan,-0.006338569,-0.160997246,0.161121974,0.000203693,0.053352123,0.053352512,0.000407386,0.106704247,0.106705024,-0.052263162,0.060996679,0.291171471,0.031931064,-0.048241601,0.002297717
14.606000000,1779830080_5715,gps,True,False,True,True,1183,31c1594f7caae09c6975238b7b255ad5c765bc56640ec43b539fdb93165d94da,absolute,standard,0.268737495,-0.362250922,0.327276547,0.195458989,0.407341735,0.015186336,0.327276547,0.195458989,first_gps,0.003839221,-0.137136925,nan,nan,nan,0.001691381,0.380397154,0.380400914,0.000216256,0.053681684,0.053682119,0.000432512,0.107363368,0.107364239,-0.039923812,0.061384331,0.292978763,0.037190019,-0.036940583,0.001524682
14.656000000,1779830080_5715,gps,True,False,True,True,1183,31c1594f7caae09c6975238b7b255ad5c765bc56640ec43b539fdb93165d94da,absolute,standard,0.349560472,-0.371446301,0.308392589,-0.024559245,0.442392964,0.010032009,0.308392589,-0.024559245,first_gps,0.003839221,-0.137136925,nan,nan,nan,-0.002795684,0.892862810,0.892867187,0.000209980,0.053950584,0.053950993,0.000419961,0.107901168,0.107901985,-0.030635655,0.061676127,0.293909374,0.040695142,-0.028374900,0.001009249
14.700000000,1779830080_5715,gps,True,False,True,True,1183,31c1594f7caae09c6975238b7b255ad5c765bc56640ec43b539fdb93165d94da,absolute,standard,0.269312934,-0.372308775,0.562748330,0.114796636,0.477454753,0.004868759,0.562748330,0.114796636,first_gps,0.003839221,-0.137136925,nan,nan,nan,0.006034298,0.107014330,0.107184325,0.000193953,0.053613959,0.053614309,0.000387906,0.107227917,0.107228619,-0.043090298,0.061284853,0.292810641,0.044201321,-0.039882331,0.000492924
14.750000000,1779830080_5715,gps,True,False,True,True,1183,31c1594f7caae09c6975238b7b255ad5c765bc56640ec43b539fdb93165d94da,absolute,standard,0.279708905,-0.379545747,0.598893132,-0.108196886,0.530027320,-0.002899191,0.598893132,-0.108196886,first_gps,0.003839221,-0.137136925,nan,nan,nan,0.000387713,-0.373173843,0.373174044,0.000189812,0.053311771,0.053312109,0.000379623,0.106623541,0.106624217,-0.054808094,0.060916728,0.291005877,0.049458577,-0.050607886,-0.000283871
14.804000000,1779830080_5715,gps,True,False,True,True,1183,31c1594f7caae09c6975238b7b255ad5c765bc56640ec43b539fdb93165d94da,absolute,standard,0.348587896,-0.404232802,0.737770399,0.156242224,0.582594861,-0.010685729,0.737770399,0.156242224,first_gps,0.003839221,-0.137136925,nan,nan,nan,-0.006697473,0.226305129,0.226404213,0.000165250,0.054099428,0.054099681,0.000330500,0.108198856,0.108199361,-0.025876001,0.061825656,0.294248523,0.054715332,-0.023972839,-0.001062525
14.852000000,1779830080_5715,gps,True,False,True,True,1183,31c1594f7caae09c6975238b7b255ad5c765bc56640ec43b539fdb93165d94da,absolute,standard,0.373171436,-0.393478568,0.602654606,0.107668778,0.617641967,-0.015894895,0.602654606,0.107668778,first_gps,0.003839221,-0.137136925,nan,nan,nan,-0.000081485,-1.000000000,1.000000000,0.000159484,0.053697491,0.053697728,0.000318967,0.107394983,0.107395457,-0.040024951,0.061381154,0.292912469,0.058220042,-0.037026777,-0.001583441
14.902000000,1779830080_5715,gps,True,False,True,True,1183,31c1594f7caae09c6975238b7b255ad5c765bc56640ec43b539fdb93165d94da,absolute,standard,0.311289532,-0.404425649,0.595758103,-0.043140872,0.652695498,-0.021115145,0.595758103,-0.043140872,first_gps,0.003839221,-0.137136925,nan,nan,nan,-0.001520824,0.040181765,0.040210536,0.000160933,0.053152217,0.053152461,0.000321866,0.106304434,0.106304921,-0.059584772,0.060766664,0.290041164,0.061725395,-0.054936289,-0.002105466
14.951000000,1779830080_5715,gps,True,False,True,True,1183,31c1594f7caae09c6975238b7b255ad5c765bc56640ec43b539fdb93165d94da,absolute,standard,0.418319416,-0.419813998,0.645490073,-0.002839039,0.705255304,-0.028935878,0.645490073,-0.002839039,first_gps,0.003839221,-0.137136925,nan,nan,nan,-0.000715410,0.294991974,0.294992841,0.000181396,0.054105253,0.054105557,0.000362793,0.108210506,0.108211115,-0.024826648,0.061858623,0.294272967,0.066981376,-0.022998538,-0.002887540
15.000000000,1779830080_5715,gps,True,False,True,True,1183,31c1594f7caae09c6975238b7b255ad5c765bc56640ec43b539fdb93165d94da,absolute,standard,0.468839262,-0.424568685,0.805421978,-0.039692622,0.758039902,-0.034884025,0.805421978,-0.039692622,first_gps,0.003839221,-0.137136925,nan,nan,nan,0.005464940,0.325637333,0.325683186,0.000191275,0.054422475,0.054422811,0.000382549,0.108844950,0.108845623,-0.013468961,0.062215435,0.294858799,0.072259836,-0.012484104,-0.003482354
15.050000000,1779830080_5715,gps,True,False,True,True,1183,31c1594f7caae09c6975238b7b255ad5c765bc56640ec43b539fdb93165d94da,absolute,standard,0.459725770,-0.435575771,0.997912188,0.117390778,0.793379435,-0.037605403,0.997912188,0.117390778,first_gps,0.003839221,-0.137136925,nan,nan,nan,-0.004258506,-0.028533719,0.028849748,0.000198808,0.054603486,0.054603848,0.000397616,0.109206973,0.109207697,-0.006446628,0.062436048,0.295259539,0.075793789,-0.005980614,-0.003754492
15.101000000,1779830080_5715,gps,True,False,True,True,1183,31c1594f7caae09c6975238b7b255ad5c765bc56640ec43b539fdb93165d94da,absolute,standard,0.435960983,-0.429619827,0.861108653,-0.148407888,0.828696912,-0.040317965,0.861108653,-0.148407888,first_gps,0.003839221,-0.137136925,nan,nan,nan,-0.001020281,-0.358521316,0.358522768,0.000196985,0.053601883,0.053602245,0.000393970,0.107203766,0.107204490,-0.042563115,0.061301415,0.292560225,0.079325537,-0.039354808,-0.004025748
15.150000000,1779830080_5715,gps,True,False,True,True,1183,31c1594f7caae09c6975238b7b255ad5c765bc56640ec43b539fdb93165d94da,absolute,standard,0.454874098,-0.436222340,1.013551366,0.080780610,0.881690647,-0.044371428,1.013551366,0.080780610,first_gps,0.003839221,-0.137136925,nan,nan,nan,0.004793685,0.036650191,0.036962358,0.000190318,0.053700789,0.053701126,0.000380635,0.107401578,0.107402253,-0.039018280,0.061412779,0.292811802,0.084624910,-0.036073595,-0.004431095
15.201000000,1779830080_5715,gps,True,False,True,True,1183,31c1594f7caae09c6975238b7b255ad5c765bc56640ec43b539fdb93165d94da,absolute,standard,0.499761106,-0.443537193,0.693052685,-0.013921348,0.934684064,-0.048430061,0.693052685,-0.013921348,first_gps,0.003839221,-0.137136925,nan,nan,nan,0.000134572,-0.421201759,0.421201780,0.000183025,0.053800981,0.053801293,0.000366049,0.107601963,0.107602586,-0.035840288,0.061512619,0.293348976,0.089924252,-0.033170093,-0.004836958
15.250000000,1779830080_5715,gps,True,False,True,True,1183,31c1594f7caae09c6975238b7b255ad5c765bc56640ec43b539fdb93165d94da,absolute,standard,0.521038391,-0.452852535,0.977502244,0.159773577,0.970010800,-0.051132164,0.977502244,0.159773577,first_gps,0.003839221,-0.137136925,nan,nan,nan,-0.000888312,-0.148994305,0.148996953,0.000179270,0.054133010,0.054133306,0.000358540,0.108266019,0.108266613,-0.024001570,0.061884543,0.294276863,0.093456925,-0.022231554,-0.005107168
15.300000000,1779830080_5715,gps,True,False,True,True,1183,31c1594f7caae09c6975238b7b255ad5c765bc56640ec43b539fdb93165d94da,absolute,standard,0.554182795,-0.463779800,0.978078672,0.140544567,1.005338577,-0.053839541,0.978078672,0.140544567,first_gps,0.003839221,-0.137136925,nan,nan,nan,-0.005806380,0.189501373,0.189590307,0.000156687,0.054255295,0.054255521,0.000313374,0.108510590,0.108511043,-0.019079441,0.062039177,0.294755087,0.096989703,-0.017688759,-0.005377906
15.350000000,1779830080_5715,gps,True,False,True,True,1183,31c1594f7caae09c6975238b7b255ad5c765bc56640ec43b539fdb93165d94da,absolute,standard,0.566448586,-0.461163422,0.945639935,0.041356987,1.058333778,-0.057886406,0.945639935,0.041356987,first_gps,0.003839221,-0.137136925,nan,nan,nan,0.005235814,-0.049771686,0.050046323,0.000163414,0.054233538,0.054233785,0.000326827,0.108467077,0.108467569,-0.020544826,0.061993140,0.294555380,0.102289223,-0.019038072,-0.005782592
15.401000000,1779830080_5715,gps,True,False,True,True,1183,31c1594f7caae09c6975238b7b255ad5c765bc56640ec43b539fdb93165d94da,absolute,standard,0.602912793,-0.469807491,1.213363326,-0.081875536,1.111324191,-0.061937416,1.213363326,-0.081875536,first_gps,0.003839221,-0.137136925,nan,nan,nan,-0.002404312,-0.412424051,0.412431060,0.000150573,0.054212133,0.054212342,0.000301146,0.108424266,0.108424685,-0.022026637,0.061946588,0.294550855,0.107588264,-0.020415138,-0.006187693
15.450000000,1779830080_5715,gps,True,False,True,True,1183,31c1594f7caae09c6975238b7b255ad5c765bc56640ec43b539fdb93165d94da,absolute,standard,0.706844091,-0.482747784,1.130706753,-0.027110640,1.146654317,-0.064657654,1.130706753,-0.027110640,first_gps,0.003839221,-0.137136925,nan,nan,nan,-0.005738488,0.383825337,0.383868232,0.000147175,0.055373537,0.055373733,0.000294349,0.110747074,0.110747465,0.018589131,0.063222570,0.294805536,0.111121277,0.017236088,-0.006459717
15.500000000,1779830080_5715,gps,True,False,True,True,1183,31c1594f7caae09c6975238b7b255ad5c765bc56640ec43b539fdb93165d94da,absolute,standard,0.627362710,-0.479839574,1.256845758,0.007153883,1.181979728,-0.067380615,1.256845758,0.007153883,first_gps,0.003839221,-0.137136925,nan,nan,nan,-0.000661577,-0.087919292,0.087921781,0.000152109,0.054346679,0.054346892,0.000304219,0.108693357,0.108693783,-0.018129669,0.062069015,0.294777644,0.114653818,-0.016807544,-0.006732013
15.552000000,1779830080_5715,gps,True,False,True,True,1183,31c1594f7caae09c6975238b7b255ad5c765bc56640ec43b539fdb93165d94da,absolute,standard,0.759606874,-0.488240455,1.254603669,0.003787322,1.234972306,-0.071453036,1.254603669,0.003787322,first_gps,0.003839221,-0.137136925,nan,nan,nan,0.000298782,0.343252931,0.343253061,0.000142628,0.055545274,0.055545457,0.000285255,0.111090548,0.111090914,0.024389070,0.063404780,0.294509047,0.119953076,0.022609699,-0.007139256
15.603000000,1779830080_5715,gps,True,False,True,True,1183,31c1594f7caae09c6975238b7b255ad5c765bc56640ec43b539fdb93165d94da,absolute,standard,0.681179096,-0.499134774,1.234373531,-0.197422069,1.287957050,-0.075558314,1.234373531,-0.197422069,first_gps,0.003839221,-0.137136925,nan,nan,nan,-0.008506266,0.213045007,0.213214754,0.000115123,0.054222188,0.054222310,0.000230245,0.108444376,0.108444620,-0.023209526,0.061909426,0.294530933,0.125251550,-0.021513827,-0.007549783
15.650000000,1779830080_5715,gps,True,False,True,True,1183,31c1594f7caae09c6975238b7b255ad5c765bc56640ec43b539fdb93165d94da,absolute,standard,0.753689420,-0.495766643,1.312252488,0.017725286,1.323281021,-0.078302270,1.312252488,0.017725286,first_gps,0.003839221,-0.137136925,nan,nan,nan,0.003785060,0.467621203,0.467636522,0.000110236,0.054511323,0.054511434,0.000220472,0.109022645,0.109022868,-0.012168719,0.062256283,0.295042234,0.128783947,-0.011284714,-0.007824179
15.704000000,1779830080_5715,gps,True,False,True,True,1183,31c1594f7caae09c6975238b7b255ad5c765bc56640ec43b539fdb93165d94da,absolute,standard,0.779332394,-0.507166432,1.329389722,-0.093314373,1.376265233,-0.082445134,1.329389722,-0.093314373,first_gps,0.003839221,-0.137136925,nan,nan,nan,-0.003575432,0.195271314,0.195304045,0.000096116,0.055081296,0.055081380,0.000192233,0.110162592,0.110162760,0.008451990,0.062904102,0.295098761,0.134082369,0.007837514,-0.008238465
15.750000000,1779830080_5715,gps,True,False,True,True,1183,31c1594f7caae09c6975238b7b255ad5c765bc56640ec43b539fdb93165d94da,absolute,standard,0.713019184,-0.514646483,1.542524419,-0.021268796,1.411583369,-0.085220184,1.542524419,-0.021268796,first_gps,0.003839221,-0.137136925,nan,nan,nan,-0.012661545,-0.196614074,0.197021341,0.000054889,0.054060327,0.054060355,0.000109779,0.108120655,0.108120711,-0.028378079,0.061747051,0.294069782,0.137614182,-0.026286696,-0.008515970
15.805000000,1779830080_5715,gps,True,False,True,True,1183,31c1594f7caae09c6975238b7b255ad5c765bc56640ec43b539fdb93165d94da,absolute,standard,0.819160955,-0.512525047,1.356268907,-0.028643763,1.464575463,-0.089390982,1.356268907,-0.028643763,first_gps,0.003839221,-0.137136925,nan,nan,nan,0.003387320,0.315543418,0.315561598,0.000073750,0.054751519,0.054751569,0.000147499,0.109503039,0.109503138,-0.003385901,0.062532204,0.295344865,0.142913392,-0.003141738,-0.008933050
15.850000000,1779830080_5715,gps,True,False,True,True,1183,31c1594f7caae09c6975238b7b255ad5c765bc56640ec43b539fdb93165d94da,absolute,standard,0.832295198,-0.523766193,1.597155974,0.098325545,1.499893901,-0.092174087,1.597155974,0.098325545,first_gps,0.003839221,-0.137136925,nan,nan,nan,-0.006275455,0.398727054,0.398776435,0.000039390,0.054684183,0.054684197,0.000078779,0.109368365,0.109368394,-0.006055588,0.062448333,0.295261975,0.146445236,-0.005617798,-0.009211361
15.900000000,1779830080_5715,gps,True,False,True,True,1183,31c1594f7caae09c6975238b7b255ad5c765bc56640ec43b539fdb93165d94da,absolute,standard,0.839288927,-0.515944922,1.472873755,-0.193560957,1.552883284,-0.096354584,1.472873755,-0.193560957,first_gps,0.003839221,-0.137136925,nan,nan,nan,0.010740393,0.116023780,0.116519841,0.000071521,0.054663530,0.054663576,0.000143042,0.109327059,0.109327153,-0.006958041,0.062419982,0.295437853,0.151744174,-0.006459103,-0.009629410
15.951000000,1779830080_5715,gps,True,False,True,True,1183,31c1594f7caae09c6975238b7b255ad5c765bc56640ec43b539fdb93165d94da,absolute,standard,0.824851276,-0.526644922,1.714738997,-0.014943558,1.588193342,-0.099160045,1.714738997,-0.014943558,first_gps,0.003839221,-0.137136925,nan,nan,nan,-0.001520650,0.093847312,0.093859631,0.000071561,0.054323638,0.054323685,0.000143123,0.108647276,0.108647371,-0.018770939,0.062048868,0.294750644,0.155275180,-0.017401812,-0.009909956
16.003000000,1779830080_5715,gps,True,False,True,True,1183,31c1594f7caae09c6975238b7b255ad5c765bc56640ec43b539fdb93165d94da,absolute,standard,0.872148047,-0.536149983,1.487462511,-0.093447970,1.641172357,-0.103352777,1.487462511,-0.093447970,first_gps,0.003839221,-0.137136925,nan,nan,nan,-0.007045281,0.327309726,0.327385542,0.000054824,0.054329054,0.054329081,0.000109648,0.108658107,0.108658162,-0.019015583,0.062041183,0.294595253,0.160573081,-0.017619855,-0.010329230
16.050000000,1779830080_5715,gps,True,False,True,True,1183,31c1594f7caae09c6975238b7b255ad5c765bc56640ec43b539fdb93165d94da,absolute,standard,0.821807398,-0.535550144,1.853827260,-0.063810176,1.676496061,-0.106142810,1.853827260,-0.063810176,first_gps,0.003839221,-0.137136925,nan,nan,nan,-0.010514016,-0.362867962,0.363020251,0.000050867,0.053540515,0.053540539,0.000101735,0.107081030,0.107081079,-0.046707023,0.061171230,0.292085582,0.164105451,-0.043169286,-0.010608233
16.100000000,1779830080_5715,gps,True,False,True,True,1183,31c1594f7caae09c6975238b7b255ad5c765bc56640ec43b539fdb93165d94da,absolute,standard,0.907815129,-0.532475585,1.704365412,-0.218963147,1.729484369,-0.110332393,1.704365412,-0.218963147,first_gps,0.003839221,-0.137136925,nan,nan,nan,0.008317229,0.013629529,0.015966852,0.000080759,0.054517972,0.054518032,0.000161518,0.109035945,0.109036064,-0.011143977,0.062288477,0.295179251,0.169404282,-0.010338401,-0.011027191
16.155000000,1779830080_5715,gps,True,False,True,True,1183,31c1594f7caae09c6975238b7b255ad5c765bc56640ec43b539fdb93165d94da,absolute,standard,0.926561887,-0.538296036,1.870716104,-0.035740746,1.764805264,-0.113117327,1.870716104,-0.035740746,first_gps,0.003839221,-0.137136925,nan,nan,nan,0.001419251,-0.090370225,0.090381369,0.000097863,0.054569256,0.054569344,0.000195726,0.109138512,0.109138688,-0.010104212,0.062321142,0.295127395,0.172936372,-0.009371470,-0.011305685
16.201000000,1779830080_5715,gps,True,False,True,True,1183,31c1594f7caae09c6975238b7b255ad5c765bc56640ec43b539fdb93165d94da,absolute,standard,0.973710660,-0.548915720,1.856574276,-0.236821148,1.817798310,-0.117280068,1.856574276,-0.236821148,first_gps,0.003839221,-0.137136925,nan,nan,nan,-0.005166015,0.277174819,0.277222957,0.000090328,0.054531804,0.054531879,0.000180655,0.109063608,0.109063757,-0.010646603,0.062304102,0.295288574,0.178235676,-0.009880287,-0.011721959
16.250000000,1779830080_5715,gps,True,False,True,True,1183,31c1594f7caae09c6975238b7b255ad5c765bc56640ec43b539fdb93165d94da,absolute,standard,0.971316445,-0.546668242,1.691285039,-0.212716683,1.853104916,-0.120048084,1.691285039,-0.212716683,first_gps,0.003839221,-0.137136925,nan,nan,nan,-0.000628929,-0.156572685,0.156573949,0.000083447,0.054534928,0.054534992,0.000166894,0.109069856,0.109069984,-0.010623273,0.062304835,0.294924177,0.181766337,-0.009846454,-0.011998760
16.300000000,1779830080_5715,gps,True,False,True,True,1183,31c1594f7caae09c6975238b7b255ad5c765bc56640ec43b539fdb93165d94da,absolute,standard,0.992955732,-0.549573476,1.850836814,-0.129141732,1.888430639,-0.122822999,1.850836814,-0.129141732,first_gps,0.003839221,-0.137136925,nan,nan,nan,0.001919353,0.223943387,0.223951611,0.000095787,0.054292982,0.054293067,0.000191574,0.108585965,0.108586134,-0.019570848,0.062023739,0.294714430,0.185298909,-0.018142981,-0.012276252
16.352000000,1779830080_5715,gps,True,False,True,True,1183,31c1594f7caae09c6975238b7b255ad5c765bc56640ec43b539fdb93165d94da,absolute,standard,0.967414077,-0.560718327,1.843739692,-0.032068385,1.941419252,-0.126981493,1.843739692,-0.032068385,first_gps,0.003839221,-0.137136925,nan,nan,nan,-0.009217719,0.214112761,0.214311084,0.000080611,0.053653382,0.053653443,0.000161222,0.107306765,0.107306886,-0.042922019,0.061290140,0.292649099,0.190597771,-0.039702756,-0.012692101
16.401000000,1779830080_5715,gps,True,False,True,True,1183,31c1594f7caae09c6975238b7b255ad5c765bc56640ec43b539fdb93165d94da,absolute,standard,1.049021601,-0.553609400,2.128690151,-0.090010414,1.976737408,-0.129755799,2.128690151,-0.090010414,first_gps,0.003839221,-0.137136925,nan,nan,nan,0.005785208,0.001525068,0.005982848,0.000079763,0.054847187,0.054847245,0.000159526,0.109694373,0.109694489,-0.000284178,0.062629647,0.295339543,0.194129586,-0.000263671,-0.012969532
16.452000000,1779830080_5715,gps,True,False,True,True,1183,31c1594f7caae09c6975238b7b255ad5c765bc56640ec43b539fdb93165d94da,absolute,standard,1.081234281,-0.556552602,1.865954582,-0.192760543,2.029730709,-0.133904218,1.865954582,-0.192760543,first_gps,0.003839221,-0.137136925,nan,nan,nan,0.008700480,0.255285948,0.255434167,0.000086883,0.054477893,0.054477962,0.000173766,0.108955785,0.108955924,-0.014853606,0.062171935,0.295025255,0.199428916,-0.013777054,-0.013384374
16.500000000,1779830080_5715,gps,True,False,True,True,1183,31c1594f7caae09c6975238b7b255ad5c765bc56640ec43b539fdb93165d94da,absolute,standard,1.023379333,-0.565094556,2.009343132,-0.182337791,2.065046608,-0.136667545,2.009343132,-0.182337791,first_gps,0.003839221,-0.137136925,nan,nan,nan,-0.005401529,-0.261642203,0.261697954,0.000072521,0.053718812,0.053718861,0.000145042,0.107437624,0.107437722,-0.041916923,0.061321716,0.292709304,0.202960506,-0.038770053,-0.013660706
16.550000000,1779830080_5715,gps,True,False,True,True,1183,31c1594f7caae09c6975238b7b255ad5c765bc56640ec43b539fdb93165d94da,absolute,standard,1.060248461,-0.564210146,2.272765380,-0.251887497,2.118021846,-0.140817060,2.272765380,-0.251887497,first_gps,0.003839221,-0.137136925,nan,nan,nan,0.002767741,-0.142881751,0.142908555,0.000090289,0.053870596,0.053870671,0.000180577,0.107741191,0.107741343,-0.036845580,0.061481037,0.293015045,0.208258030,-0.034069909,-0.014075658
16.603000000,1779830080_5715,gps,True,False,True,True,1183,31c1594f7caae09c6975238b7b255ad5c765bc56640ec43b539fdb93165d94da,absolute,standard,1.092677097,-0.567008193,2.148296435,0.211748995,2.153348970,-0.143575469,2.148296435,0.211748995,first_gps,0.003839221,-0.137136925,nan,nan,nan,0.005017028,0.044761427,0.045041713,0.000092345,0.054069387,0.054069466,0.000184691,0.108138775,0.108138933,-0.028433054,0.061745324,0.294041089,0.211790742,-0.026335322,-0.014351499
16.665000000,1779830080_5715,gps,True,False,True,True,1183,31c1594f7caae09c6975238b7b255ad5c765bc56640ec43b539fdb93165d94da,absolute,standard,1.162789958,-0.574564196,2.175758390,-0.174446141,2.223994252,-0.149092359,2.175758390,-0.174446141,first_gps,0.003839221,-0.137136925,nan,nan,nan,0.000836235,0.201674257,0.201675991,0.000087230,0.054322501,0.054322571,0.000174460,0.108645002,0.108645142,-0.017928405,0.062075337,0.294722216,0.218855271,-0.016617435,-0.014903188
16.727000000,1779830080_5715,gps,True,False,True,True,1183,31c1594f7caae09c6975238b7b255ad5c765bc56640ec43b539fdb93165d94da,absolute,standard,1.155564930,-0.582076779,2.300479421,-0.156672395,2.276975871,-0.153256033,2.300479421,-0.156672395,first_gps,0.003839221,-0.137136925,nan,nan,nan,-0.006843503,-0.047128115,0.047622398,0.000083795,0.054220759,0.054220823,0.000167590,0.108441517,0.108441647,-0.021586874,0.061960403,0.294473695,0.224153433,-0.020001043,-0.015319555
16.766000000,1779830080_5715,gps,True,False,True,True,1183,31c1594f7caae09c6975238b7b255ad5c765bc56640ec43b539fdb93165d94da,absolute,standard,1.172122812,-0.565887933,2.369984063,-0.110727968,2.312308991,-0.156035890,2.369984063,-0.110727968,first_gps,0.003839221,-0.137136925,nan,nan,nan,0.007167903,-0.824513547,0.824544703,0.000066263,0.053380665,0.053380706,0.000132526,0.106761330,0.106761412,-0.052346131,0.060994073,0.291311958,0.227686745,-0.048342897,-0.015597541
16.800000000,1779830080_5715,gps,True,False,True,True,1183,31c1594f7caae09c6975238b7b255ad5c765bc56640ec43b539fdb93165d94da,absolute,standard,1.361912500,-0.578107828,2.160393535,-0.030004592,2.365288161,-0.160168216,2.160393535,-0.030004592,first_gps,0.003839221,-0.137136925,nan,nan,nan,0.001810990,1.000000000,1.000000000,0.000086900,0.054816945,0.054817014,0.000173800,0.109633891,0.109634029,-0.000998221,0.062607215,0.295100988,0.232984662,-0.000925441,-0.016010774
16.853000000,1779830080_5715,gps,True,False,True,True,1183,31c1594f7caae09c6975238b7b255ad5c765bc56640ec43b539fdb93165d94da,absolute,standard,1.276843687,-0.574190306,2.302442520,-0.171226664,2.382945948,-0.161543975,2.302442520,-0.171226664,first_gps,0.003839221,-0.137136925,nan,nan,nan,-0.004892796,-0.987961647,0.987973763,0.000084943,0.054421761,0.054421827,0.000169886,0.108843521,0.108843654,-0.015106472,0.062163991,0.294855959,0.234750440,-0.014003902,-0.016148349
16.901000000,1779830080_5715,gps,True,False,True,True,1183,31c1594f7caae09c6975238b7b255ad5c765bc56640ec43b539fdb93165d94da,absolute,standard,1.331002288,-0.583113610,2.471290664,-0.106528598,2.435936196,-0.165691932,2.471290664,-0.106528598,first_gps,0.003839221,-0.137136925,nan,nan,nan,0.004538246,0.256798927,0.256839024,0.000065237,0.055118186,0.055118225,0.000130474,0.110236372,0.110236449,0.009555241,0.062938762,0.295157533,0.240049465,0.008862901,-0.016563145
16.950000000,1779830080_5715,gps,True,False,True,True,1183,31c1594f7caae09c6975238b7b255ad5c765bc56640ec43b539fdb93165d94da,absolute,standard,1.283326198,-0.585461361,2.540052052,-0.138414474,2.471258095,-0.168458036,2.540052052,-0.138414474,first_gps,0.003839221,-0.137136925,nan,nan,nan,-0.000284479,-0.289991879,0.289992018,0.000096944,0.054341473,0.054341559,0.000193888,0.108682946,0.108683119,-0.017385563,0.062092391,0.294894471,0.243581655,-0.016122687,-0.016839755
17.001000000,1779830080_5715,gps,True,False,True,True,1183,31c1594f7caae09c6975238b7b255ad5c765bc56640ec43b539fdb93165d94da,absolute,standard,1.295299719,-0.593161638,2.474291509,-0.075184889,2.524287359,-0.171966083,2.474291509,-0.075184889,first_gps,0.003839221,-0.137136925,nan,nan,nan,-0.003989531,-0.008061226,0.008994427,0.000103069,0.054371699,0.054371797,0.000206138,0.108743398,0.108743593,-0.015642653,0.062147146,0.295010419,0.248884581,-0.014509333,-0.017190560
17.050000000,1779830080_5715,gps,True,False,True,True,1183,31c1594f7caae09c6975238b7b255ad5c765bc56640ec43b539fdb93165d94da,absolute,standard,1.470056814,-0.588915914,2.517664611,-0.141250136,2.559708947,-0.171588963,2.517664611,-0.141250136,first_gps,0.003839221,-0.137136925,nan,nan,nan,-0.005561802,0.668625450,0.668648582,0.000090372,0.055540860,0.055540934,0.000180743,0.111081721,0.111081868,0.026610704,0.063474575,0.294293337,0.252426740,0.024660398,-0.017152848
17.100000000,1779830080_5715,gps,True,False,True,True,1183,31c1594f7caae09c6975238b7b255ad5c765bc56640ec43b539fdb93165d94da,absolute,standard,1.412690110,-0.590604040,2.446357605,-0.351948814,2.612581911,-0.166348826,2.446357605,-0.351948814,first_gps,0.003839221,-0.137136925,nan,nan,nan,-0.008068326,0.006007031,0.010058942,0.000075945,0.055463416,0.055463468,0.000151891,0.110926831,0.110926935,0.024364811,0.063404018,0.294465515,0.257714037,0.022583783,-0.016628835
17.150000000,1779830080_5715,gps,True,False,True,True,1183,31c1594f7caae09c6975238b7b255ad5c765bc56640ec43b539fdb93165d94da,absolute,standard,1.483914411,-0.579099691,2.615524161,-0.290225628,2.647372770,-0.159758358,2.615524161,-0.290225628,first_gps,0.003839221,-0.137136925,nan,nan,nan,-0.003250972,-0.071689554,0.071763229,0.000076499,0.056130464,0.056130516,0.000152999,0.112260929,0.112261033,0.047680969,0.064136517,0.291700088,0.261193122,0.044024750,-0.015969788
17.201000000,1779830080_5715,gps,True,False,True,True,1183,31c1594f7caae09c6975238b7b255ad5c765bc56640ec43b539fdb93165d94da,absolute,standard,1.531889504,-0.569479832,2.627795324,-0.313565782,2.698502677,-0.145300901,2.627795324,-0.313565782,first_gps,0.003839221,-0.137136925,nan,nan,nan,0.001180845,-0.125591245,0.125596796,0.000073909,0.056308147,0.056308196,0.000147818,0.112616294,0.112616391,0.053910020,0.064332208,0.291095334,0.266306113,0.049777726,-0.014524042
17.250000000,1779830080_5715,gps,True,False,True,True,1183,31c1594f7caae09c6975238b7b255ad5c765bc56640ec43b539fdb93165d94da,absolute,standard,1.757793094,-0.535694184,2.781636397,0.083568147,2.731605035,-0.132679858,2.781636397,0.083568147,first_gps,0.003839221,-0.137136925,nan,nan,nan,0.005946491,0.560802456,0.560833982,0.000068131,0.058385541,0.058385581,0.000136261,0.116771082,0.116771162,0.128674822,0.066681014,0.271520872,0.269616349,0.116157913,-0.013261938
17.300000000,1779830080_5715,gps,True,False,True,True,1183,31c1594f7caae09c6975238b7b255ad5c765bc56640ec43b539fdb93165d94da,absolute,standard,1.728641499,-0.531099388,2.636009651,-0.064967376,2.763728273,-0.117753520,2.636009651,-0.064967376,first_gps,0.003839221,-0.137136925,nan,nan,nan,-0.008527434,-0.063245796,0.063818084,0.000047542,0.058837182,0.058837202,0.000095084,0.117674365,0.117674403,0.144826938,0.067188447,0.265120886,0.272828673,0.129702691,-0.011769304
17.350000000,1779830080_5715,gps,True,False,True,True,1183,31c1594f7caae09c6975238b7b255ad5c765bc56640ec43b539fdb93165d94da,absolute,standard,1.965607461,-0.487949905,2.959554599,-0.127154556,2.809734657,-0.091199470,2.959554599,-0.127154556,first_gps,0.003839221,-0.137136925,nan,nan,nan,-0.004925455,0.967940630,0.967953162,0.000047434,0.060337675,0.060337693,0.000094867,0.120675349,0.120675387,0.198201388,0.068865255,0.239712857,0.277429311,0.172100534,-0.009113899
17.400000000,1779830080_5715,gps,True,False,True,True,1183,31c1594f7caae09c6975238b7b255ad5c765bc56640ec43b539fdb93165d94da,absolute,standard,1.913831413,-0.467531223,3.060982065,-0.208239409,2.852676074,-0.059915328,3.060982065,-0.208239409,first_gps,0.003839221,-0.137136925,nan,nan,nan,-0.001029437,-0.289370505,0.289372336,0.000057364,0.060477261,0.060477288,0.000114727,0.120954522,0.120954576,0.204501326,0.069063174,0.236475375,0.281723453,0.176972099,-0.005985485
17.450000000,1779830080_5715,gps,True,False,True,True,1183,31c1594f7caae09c6975238b7b255ad5c765bc56640ec43b539fdb93165d94da,absolute,standard,1.971867747,-0.440591125,2.780152805,0.070343011,2.879355052,-0.036610694,2.780152805,0.070343011,first_gps,0.003839221,-0.137136925,nan,nan,nan,0.002677552,0.051973793,0.052042718,0.000070237,0.061248280,0.061248320,0.000140473,0.122496559,0.122496640,0.231838593,0.069921999,0.220349237,0.284391351,0.196537605,-0.003655021
17.500000000,1779830080_5715,gps,True,False,True,True,1183,31c1594f7caae09c6975238b7b255ad5c765bc56640ec43b539fdb93165d94da,absolute,standard,1.991427018,-0.428026674,2.826759138,0.046901272,2.904330875,-0.011493065,2.826759138,0.046901272,first_gps,0.003839221,-0.137136925,nan,nan,nan,0.000846089,0.017727878,0.017748057,0.000073901,0.061404666,0.061404711,0.000147801,0.122809333,0.122809422,0.236929404,0.070081932,0.217047532,0.286888933,0.199916329,-0.001143258
17.550000000,1779830080_5715,gps,True,False,True,True,1183,31c1594f7caae09c6975238b7b255ad5c765bc56640ec43b539fdb93165d94da,absolute,standard,2.106753416,-0.376127475,2.810084354,0.180786853,2.938289948,0.029371633,2.810084354,0.180786853,first_gps,0.003839221,-0.137136925,nan,nan,nan,-0.003538577,0.137064682,0.137110352,0.000064818,0.062897054,0.062897087,0.000129635,0.125794108,0.125794174,0.290555118,0.071766633,0.180567402,0.290284840,0.233626254,0.002943211
17.600000000,1779830080_5715,gps,True,False,True,True,1183,31c1594f7caae09c6975238b7b255ad5c765bc56640ec43b539fdb93165d94da,absolute,standard,2.133557908,-0.355134695,2.928070562,0.088108021,2.958428064,0.058517314,2.928070562,0.088108021,first_gps,0.003839221,-0.137136925,nan,nan,nan,0.000086868,0.098250346,0.098250384,0.000042820,0.063187563,0.063187578,0.000085641,0.126375126,0.126375155,0.300701912,0.072085404,0.173038125,0.292298652,0.239274338,0.005857779
17.650000000,1779830080_5715,gps,True,False,True,True,1183,31c1594f7caae09c6975238b7b255ad5c765bc56640ec43b539fdb93165d94da,absolute,standard,2.277293494,-0.292536997,3.000387035,0.005321921,2.984653224,0.104719035,3.000387035,0.005321921,first_gps,0.003839221,-0.137136925,nan,nan,nan,0.006568481,0.595964792,0.596000989,0.000050963,0.064475764,0.064475784,0.000101927,0.128951528,0.128951568,0.346943439,0.073538124,0.136558712,0.294921168,0.261766835,0.010477952
17.700000000,1779830080_5715,gps,True,False,True,True,1183,31c1594f7caae09c6975238b7b255ad5c765bc56640ec43b539fdb93165d94da,absolute,standard,2.255602879,-0.269989664,3.037097572,0.049349353,2.999359243,0.136939528,3.037097572,0.049349353,first_gps,0.003839221,-0.137136925,nan,nan,nan,0.004720142,0.173588441,0.173652603,0.000052592,0.064821066,0.064821087,0.000105184,0.129642132,0.129642174,0.360273229,0.073956892,0.125491785,0.296391770,0.267278889,0.013700001
17.750000000,1779830080_5715,gps,True,False,True,True,1183,31c1594f7caae09c6975238b7b255ad5c765bc56640ec43b539fdb93165d94da,absolute,standard,2.299519623,-0.213611399,2.980466115,-0.032095892,3.017043646,0.187045110,2.980466115,-0.032095892,first_gps,0.003839221,-0.137136925,nan,nan,nan,-0.002330264,0.086998186,0.087029389,0.000034435,0.066069774,0.066069783,0.000068869,0.132139548,0.132139566,0.406799740,0.075418566,0.085265547,0.298160210,0.282840411,0.018710559
17.801000000,1779830080_5715,gps,True,False,True,True,1183,31c1594f7caae09c6975238b7b255ad5c765bc56640ec43b539fdb93165d94da,absolute,standard,2.302220478,-0.203227314,3.124563830,0.295372756,3.025826085,0.221364063,3.124563830,0.295372756,first_gps,0.003839221,-0.137136925,nan,nan,nan,0.002715000,-0.102222208,0.102258256,0.000029825,0.065813491,0.065813498,0.000059649,0.131626982,0.131626996,0.397579500,0.075128903,0.093408744,0.299038454,0.280214148,0.022142454
17.850000000,1779830080_5715,gps,True,False,True,True,1183,31c1594f7caae09c6975238b7b255ad5c765bc56640ec43b539fdb93165d94da,absolute,standard,2.431541567,-0.113609614,3.117759171,0.347368719,3.034393267,0.273787147,3.117759171,0.347368719,first_gps,0.003839221,-0.137136925,nan,nan,nan,0.000883384,0.679779429,0.679780003,0.000046006,0.067773802,0.067773817,0.000092012,0.135547603,0.135547634,0.467228854,0.077317002,0.030340458,0.299895172,0.293658383,0.027384763
17.900000000,1779830080_5715,gps,True,False,True,True,1183,31c1594f7caae09c6975238b7b255ad5c765bc56640ec43b539fdb93165d94da,absolute,standard,2.361823274,-0.110878678,2.955609247,0.438999591,3.036992764,0.309116265,2.955609247,0.438999591,first_gps,0.003839221,-0.137136925,nan,nan,nan,-0.004498485,-0.144145180,0.144215357,0.000035533,0.067632324,0.067632333,0.000071067,0.135264648,0.135264667,0.461543112,0.077138379,0.035603880,0.300155122,0.293260135,0.030917675
17.955000000,1779830080_5715,gps,True,False,True,True,1183,31c1594f7caae09c6975238b7b255ad5c765bc56640ec43b539fdb93165d94da,absolute,standard,2.411272005,-0.094957816,2.978641253,0.385795477,3.039951505,0.362187634,2.978641253,0.385795477,first_gps,0.003839221,-0.137136925,nan,nan,nan,0.003773565,-0.878223576,0.878231683,0.000057538,0.067070933,0.067070957,0.000115077,0.134141865,0.134141915,0.440410007,0.076474463,0.054966492,0.300450996,0.290174598,0.036224811
18.002000000,1779830080_5715,gps,True,False,True,True,1183,31c1594f7caae09c6975238b7b255ad5c765bc56640ec43b539fdb93165d94da,absolute,standard,2.396837076,-0.018648456,3.139110065,0.548829089,3.042913596,0.415244748,3.139110065,0.548829089,first_gps,0.003839221,-0.137136925,nan,nan,nan,-0.001723648,-0.072908330,0.072928702,0.000057977,0.068858553,0.068858578,0.000115955,0.137717106,0.137717155,0.504135808,0.078476468,-0.003836756,0.300747205,0.295276868,0.041530523
18.054000000,1779830080_5715,gps,True,False,True,True,1183,31c1594f7caae09c6975238b7b255ad5c765bc56640ec43b539fdb93165d94da,absolute,standard,2.387874941,-0.034149528,3.014650433,0.418971641,3.044880845,0.450627855,3.014650433,0.418971641,first_gps,0.003839221,-0.137136925,nan,nan,nan,-0.002802958,0.008171624,0.008638982,0.000078896,0.067881687,0.067881733,0.000157793,0.135763375,0.135763467,0.469477014,0.077387630,0.028280244,0.300943930,0.294016884,0.045068834
18.111000000,1779830080_5715,gps,True,False,True,True,1183,31c1594f7caae09c6975238b7b255ad5c765bc56640ec43b539fdb93165d94da,absolute,standard,2.454737301,0.012069095,3.040088578,0.615836102,3.047816079,0.503695640,3.040088578,0.615836102,first_gps,0.003839221,-0.137136925,nan,nan,nan,0.004518388,0.400379528,0.400405023,0.000094380,0.068218073,0.068218138,0.000188760,0.136436145,0.136436276,0.481568239,0.077767487,0.017095050,0.301237453,0.294895330,0.050375612
18.150000000,1779830080_5715,gps,True,False,True,True,1183,31c1594f7caae09c6975238b7b255ad5c765bc56640ec43b539fdb93165d94da,absolute,standard,2.424897942,0.028276207,2.936790609,0.610205453,3.049775471,0.539064395,2.936790609,0.610205453,first_gps,0.003839221,-0.137136925,nan,nan,nan,-0.002367186,0.124538781,0.124561277,0.000095680,0.068412922,0.068412989,0.000191360,0.136825843,0.136825977,0.487855326,0.077965002,0.011258186,0.301433393,0.294932000,0.053912488
18.204000000,1779830080_5715,gps,True,False,True,True,1183,31c1594f7caae09c6975238b7b255ad5c765bc56640ec43b539fdb93165d94da,absolute,standard,2.432562811,0.027349158,3.003183179,0.603689689,3.052711845,0.592137469,3.003183179,0.603689689,first_gps,0.003839221,-0.137136925,nan,nan,nan,-0.003005039,-0.409101671,0.409112708,0.000100247,0.067624621,0.067624695,0.000200494,0.135249242,0.135249391,0.460478135,0.077104922,0.036568495,0.301727030,0.293008360,0.059219795
18.289000000,1779830080_5715,gps,True,False,True,True,1183,31c1594f7caae09c6975238b7b255ad5c765bc56640ec43b539fdb93165d94da,absolute,standard,2.461099543,0.102227033,3.297308585,0.637222759,3.056647577,0.662883690,3.297308585,0.637222759,first_gps,0.003839221,-0.137136925,nan,nan,nan,0.003843752,0.157455309,0.157502218,0.000133391,0.068519753,0.068519883,0.000266782,0.137039506,0.137039765,0.492739255,0.078118435,0.006734623,0.302120603,0.295193554,0.066294417
18.314000000,1779830080_5715,gps,True,False,True,True,1183,31c1594f7caae09c6975238b7b255ad5c765bc56640ec43b539fdb93165d94da,absolute,standard,2.485439287,0.076771105,2.972597275,0.649934301,3.057635757,0.680570499,2.972597275,0.649934301,first_gps,0.003839221,-0.137136925,nan,nan,nan,0.004006634,-0.923579230,0.923587920,0.000137798,0.067503816,0.067503956,0.000275596,0.135007631,0.135007913,0.456547596,0.076981441,0.040178065,0.302219421,0.292493261,0.068063098
18.354000000,1779830080_5715,gps,True,False,True,True,1183,31c1594f7caae09c6975238b7b255ad5c765bc56640ec43b539fdb93165d94da,absolute,standard,2.435921976,0.089883838,3.012075992,0.639420501,3.059615538,0.715957203,3.012075992,0.639420501,first_gps,0.003839221,-0.137136925,nan,nan,nan,-0.008558195,0.076113209,0.076592841,0.000111268,0.067739767,0.067739858,0.000222535,0.135479533,0.135479716,0.465154960,0.077251849,0.032268731,0.302417399,0.293596854,0.071601768
18.406000000,1779830080_5715,gps,True,False,True,True,1183,31c1594f7caae09c6975238b7b255ad5c765bc56640ec43b539fdb93165d94da,absolute,standard,2.469416948,0.115686253,3.083015642,0.787015057,3.062575122,0.769016652,3.083015642,0.787015057,first_gps,0.003839221,-0.137136925,nan,nan,nan,0.000883650,-0.468985193,0.468986026,0.000106847,0.067537600,0.067537684,0.000213693,0.135075200,0.135075369,0.457610606,0.077014836,0.039219682,0.302713358,0.292764903,0.076907713
18.450000000,1779830080_5715,gps,True,False,True,True,1183,31c1594f7caae09c6975238b7b255ad5c765bc56640ec43b539fdb93165d94da,absolute,standard,2.477051114,0.173312068,3.044237313,0.959978974,3.064566339,0.804381739,3.044237313,0.959978974,first_gps,0.003839221,-0.137136925,nan,nan,nan,-0.010415881,0.201112628,0.201382174,0.000120927,0.068730920,0.068731027,0.000241855,0.137461841,0.137462053,0.501190218,0.078383930,-0.001104257,0.302912479,0.295319051,0.080444222
18.500000000,1779830080_5715,gps,True,False,True,True,1183,31c1594f7caae09c6975238b7b255ad5c765bc56640ec43b539fdb93165d94da,absolute,standard,2.457514669,0.172859903,2.978447511,0.722468114,3.066553327,0.839765579,2.978447511,0.722468114,first_gps,0.003839221,-0.137136925,nan,nan,nan,-0.008146478,-0.008164055,0.011533295,0.000112134,0.068248222,0.068248314,0.000224267,0.136496444,0.136496628,0.484139609,0.077848269,0.014706753,0.303111178,0.294912664,0.083982606
18.552000000,1779830080_5715,gps,True,False,True,True,1183,31c1594f7caae09c6975238b7b255ad5c765bc56640ec43b539fdb93165d94da,absolute,standard,2.463817319,0.185712898,2.999182650,0.922362304,3.069532913,0.892824915,2.999182650,0.922362304,first_gps,0.003839221,-0.137136925,nan,nan,nan,-0.001692525,-0.003316810,0.003723690,0.000105378,0.067761313,0.067761395,0.000210755,0.135522626,0.135522790,0.466151478,0.077283155,0.031329464,0.303409137,0.293509440,0.089288540
18.600000000,1779830080_5715,gps,True,False,True,True,1183,31c1594f7caae09c6975238b7b255ad5c765bc56640ec43b539fdb93165d94da,absolute,standard,2.478010092,0.207630244,3.104688726,1.100376932,3.072527988,0.945888750,3.104688726,1.100376932,first_gps,0.003839221,-0.137136925,nan,nan,nan,0.002632147,-0.100590061,0.100624493,0.000095923,0.067514430,0.067514499,0.000191846,0.135028861,0.135028997,0.458124956,0.077030995,0.038713554,0.303708644,0.292578459,0.094594923
18.654000000,1779830080_5715,gps,True,False,True,True,1183,31c1594f7caae09c6975238b7b255ad5c765bc56640ec43b539fdb93165d94da,absolute,standard,2.500752828,0.199243685,2.994454450,0.878876326,3.074524021,0.981266012,2.994454450,0.878876326,first_gps,0.003839221,-0.137136925,nan,nan,nan,0.006878394,-0.589789979,0.589830087,0.000123019,0.066628947,0.066629061,0.000246037,0.133257895,0.133258122,0.427225729,0.076060267,0.066931944,0.303908248,0.287637246,0.098132649
18.700000000,1779830080_5715,gps,True,False,True,True,1183,31c1594f7caae09c6975238b7b255ad5c765bc56640ec43b539fdb93165d94da,absolute,standard,2.501720726,0.268812930,3.160878368,1.172118596,3.076523548,1.016643972,3.160878368,1.172118596,first_gps,0.003839221,-0.137136925,nan,nan,nan,-0.001767486,-0.164717828,0.164727310,0.000114047,0.068138214,0.068138310,0.000228094,0.136276429,0.136276620,0.481590411,0.077768184,0.017069749,0.304108200,0.294814310,0.101670445
18.750000000,1779830080_5715,gps,True,False,True,True,1183,31c1594f7caae09c6975238b7b255ad5c765bc56640ec43b539fdb93165d94da,absolute,standard,2.529690312,0.327118788,2.923950001,1.160140173,3.079514689,1.069697546,2.923950001,1.160140173,first_gps,0.003839221,-0.137136925,nan,nan,nan,0.011750945,-0.162945858,0.163369022,0.000125732,0.068549785,0.068549901,0.000251464,0.137099571,0.137099801,0.497993597,0.078283505,0.001860639,0.304407314,0.295180964,0.106975803
18.803000000,1779830080_5715,gps,True,False,True,True,1183,31c1594f7caae09c6975238b7b255ad5c765bc56640ec43b539fdb93165d94da,absolute,standard,2.524556022,0.294990324,3.288907632,1.351706673,3.082496803,1.122762701,3.288907632,1.351706673,first_gps,0.003839221,-0.137136925,nan,nan,nan,0.002155916,-0.424623172,0.424628645,0.000133145,0.067191099,0.067191231,0.000266290,0.134382198,0.134382462,0.449201270,0.076750649,0.046904612,0.304705526,0.291409561,0.112282318
18.850000000,1779830080_5715,gps,True,False,True,True,1183,31c1594f7caae09c6975238b7b255ad5c765bc56640ec43b539fdb93165d94da,absolute,standard,2.533049442,0.355627065,3.001421614,1.094249736,3.084493085,1.158138094,3.001421614,1.094249736,first_gps,0.003839221,-0.137136925,nan,nan,nan,-0.002118672,0.150234097,0.150249036,0.000109988,0.068250922,0.068251011,0.000219976,0.136501844,0.136502021,0.487897390,0.077966323,0.011223166,0.304905154,0.295037435,0.115819857
18.901000000,1779830080_5715,gps,True,False,True,True,1183,31c1594f7caae09c6975238b7b255ad5c765bc56640ec43b539fdb93165d94da,absolute,standard,2.523037080,0.350710718,3.041551655,1.222031623,3.086495505,1.193507680,3.041551655,1.222031623,first_gps,0.003839221,-0.137136925,nan,nan,nan,0.002071750,0.051085710,0.051127702,0.000121879,0.067601734,0.067601843,0.000243758,0.135203467,0.135203687,0.464095492,0.077218565,0.033223128,0.305105396,0.293288010,0.119356816
18.950000000,1779830080_5715,gps,True,False,True,True,1183,31c1594f7caae09c6975238b7b255ad5c765bc56640ec43b539fdb93165d94da,absolute,standard,2.538269453,0.383685592,3.171966081,1.189358888,3.089497668,1.246577779,3.171966081,1.189358888,first_gps,0.003839221,-0.137136925,nan,nan,nan,-0.001897523,-0.211411707,0.211420222,0.000131480,0.067776966,0.067777094,0.000262960,0.135553932,0.135554187,0.470125873,0.077408015,0.027667388,0.305405612,0.293930946,0.124663826
19.001000000,1779830080_5715,gps,True,False,True,True,1183,31c1594f7caae09c6975238b7b255ad5c765bc56640ec43b539fdb93165d94da,absolute,standard,2.533093759,0.361656661,3.173602672,1.300002973,3.092501204,1.299632590,3.173602672,1.300002973,first_gps,0.003839221,-0.137136925,nan,nan,nan,-0.010478069,-0.511843981,0.511951220,0.000098185,0.066733456,0.066733529,0.000196369,0.133466913,0.133467057,0.433010656,0.076242006,0.061677584,0.305705966,0.288730684,0.129969307
19.050000000,1779830080_5715,gps,True,False,True,True,1183,31c1594f7caae09c6975238b7b255ad5c765bc56640ec43b539fdb93165d94da,absolute,standard,2.565668315,0.435502917,2.958172393,1.262546785,3.094509163,1.335008937,2.958172393,1.262546785,first_gps,0.003839221,-0.137136925,nan,nan,nan,-0.008632036,0.311072769,0.311192512,0.000100904,0.067840427,0.067840502,0.000201807,0.135680854,0.135681004,0.472928720,0.077496069,0.025072105,0.305906762,0.294092059,0.133506942
19.100000000,1779830080_5715,gps,True,False,True,True,1183,31c1594f7caae09c6975238b7b255ad5c765bc56640ec43b539fdb93165d94da,absolute,standard,2.556939794,0.463576246,3.086964182,1.463746398,3.097538920,1.388072084,3.086964182,1.463746398,first_gps,0.003839221,-0.137136925,nan,nan,nan,-0.001260202,0.112456260,0.112463321,0.000086177,0.067732081,0.067732136,0.000172355,0.135464163,0.135464273,0.469678168,0.077393950,0.028081289,0.306209737,0.293897105,0.138813256
19.150000000,1779830080_5715,gps,True,False,True,True,1183,31c1594f7caae09c6975238b7b255ad5c765bc56640ec43b539fdb93165d94da,absolute,standard,2.670931019,0.552510222,2.915651430,1.439244702,3.099560147,1.423444587,2.915651430,1.439244702,first_gps,0.003839221,-0.137136925,nan,nan,nan,0.001681417,0.981860840,0.981862279,0.000103920,0.068750676,0.068750754,0.000207839,0.137501352,0.137501509,0.506732054,0.078558032,-0.006244172,0.306411860,0.295197484,0.142350507
19.200000000,1779830080_5715,gps,True,False,True,True,1183,31c1594f7caae09c6975238b7b255ad5c765bc56640ec43b539fdb93165d94da,absolute,standard,2.565343209,0.501944079,3.085940856,1.439062089,3.101581021,1.458820118,3.085940856,1.439062089,first_gps,0.003839221,-0.137136925,nan,nan,nan,0.001981924,-0.115461526,0.115478535,0.000102620,0.067649566,0.067649644,0.000205240,0.135299132,0.135299288,0.466249014,0.077286220,0.031251274,0.306613948,0.293629406,0.145888060
19.250000000,1779830080_5715,gps,True,False,True,True,1183,31c1594f7caae09c6975238b7b255ad5c765bc56640ec43b539fdb93165d94da,absolute,standard,2.603067031,0.547244481,2.890590621,1.378410118,3.104585195,1.511892560,2.890590621,1.378410118,first_gps,0.003839221,-0.137136925,nan,nan,nan,0.002971969,0.284738041,0.284753551,0.000128829,0.067767745,0.067767868,0.000257657,0.135535490,0.135535735,0.470897585,0.077432259,0.026978487,0.306914365,0.294256606,0.151195304
19.305000000,1779830080_5715,gps,True,False,True,True,1183,31c1594f7caae09c6975238b7b255ad5c765bc56640ec43b539fdb93165d94da,absolute,standard,2.626518872,0.603087813,3.209293742,1.893495967,3.107604075,1.564943131,3.209293742,1.893495967,first_gps,0.003839221,-0.137136925,nan,nan,nan,0.004146651,0.367397608,0.367421007,0.000131040,0.068270184,0.068270310,0.000262081,0.136540369,0.136540620,0.488125851,0.077973501,0.011011069,0.307216253,0.295036402,0.156500361
19.351000000,1779830080_5715,gps,True,False,True,True,1183,31c1594f7caae09c6975238b7b255ad5c765bc56640ec43b539fdb93165d94da,absolute,standard,2.597305757,0.607547192,2.913196127,1.656850135,3.109615383,1.600320329,2.913196127,1.656850135,first_gps,0.003839221,-0.137136925,nan,nan,nan,-0.000914018,0.108718832,0.108722674,0.000132702,0.068139802,0.068139931,0.000265404,0.136279604,0.136279863,0.482194396,0.077787159,0.016514931,0.307417384,0.294928591,0.160038081
19.400000000,1779830080_5715,gps,True,False,True,True,1183,31c1594f7caae09c6975238b7b255ad5c765bc56640ec43b539fdb93165d94da,absolute,standard,2.637245878,0.642718935,3.105386716,1.488818189,3.111615507,1.635690189,3.105386716,1.488818189,first_gps,0.003839221,-0.137136925,nan,nan,nan,0.004671532,0.368028319,0.368057966,0.000151792,0.068190364,0.068190533,0.000303584,0.136380728,0.136381066,0.484051479,0.077845501,0.014779883,0.307617396,0.294738644,0.163575067
19.452000000,1779830080_5715,gps,True,False,True,True,1183,31c1594f7caae09c6975238b7b255ad5c765bc56640ec43b539fdb93165d94da,absolute,standard,2.648527221,0.694160962,3.118493032,1.634709145,3.114617004,1.688756581,3.118493032,1.634709145,first_gps,0.003839221,-0.137136925,nan,nan,nan,-0.000036322,0.405770612,0.405770613,0.000141902,0.068685964,0.068686110,0.000283804,0.137371927,0.137372220,0.501749789,0.078401509,-0.001622833,0.307917546,0.295211887,0.168881706
19.500000000,1779830080_5715,gps,True,False,True,True,1183,31c1594f7caae09c6975238b7b255ad5c765bc56640ec43b539fdb93165d94da,absolute,standard,2.616354815,0.673989829,3.167071937,1.853973082,3.116621257,1.724132079,3.167071937,1.853973082,first_gps,0.003839221,-0.137136925,nan,nan,nan,0.000238534,-0.209471746,0.209471882,0.000151669,0.067964345,0.067964514,0.000303337,0.135928689,0.135929028,0.476021821,0.077593241,0.022228093,0.308117971,0.294519176,0.172419256
19.556000000,1779830080_5715,gps,True,False,True,True,1183,31c1594f7caae09c6975238b7b255ad5c765bc56640ec43b539fdb93165d94da,absolute,standard,2.622742542,0.691040347,3.065851895,1.819616869,3.119625947,1.777193603,3.065851895,1.819616869,first_gps,0.003839221,-0.137136925,nan,nan,nan,-0.005236984,0.202801917,0.202869523,0.000148679,0.067587733,0.067587896,0.000297358,0.135175465,0.135175792,0.463199028,0.077190402,0.034057293,0.308418440,0.293264774,0.177725408
19.600000000,1779830080_5715,gps,True,False,True,True,1183,31c1594f7caae09c6975238b7b255ad5c765bc56640ec43b539fdb93165d94da,absolute,standard,2.624645648,0.739301883,3.096811040,1.706986776,3.122632985,1.830253899,3.096811040,1.706986776,first_gps,0.003839221,-0.137136925,nan,nan,nan,0.006077509,-0.026314063,0.027006778,0.000166990,0.067795077,0.067795283,0.000333979,0.135590155,0.135590566,0.470400049,0.077416628,0.027413610,0.308719144,0.293948338,0.183031438
19.650000000,1779830080_5715,gps,True,False,True,True,1183,31c1594f7caae09c6975238b7b255ad5c765bc56640ec43b539fdb93165d94da,absolute,standard,2.626010777,0.762541041,3.079496557,2.003812949,3.124643169,1.865626976,3.079496557,2.003812949,first_gps,0.003839221,-0.137136925,nan,nan,nan,-0.002952246,-0.075360680,0.075418484,0.000153844,0.068039991,0.068040165,0.000307688,0.136079983,0.136080330,0.478205021,0.077661829,0.020202850,0.308920162,0.294596012,0.186568746
19.700000000,1779830080_5715,gps,True,False,True,True,1183,31c1594f7caae09c6975238b7b255ad5c765bc56640ec43b539fdb93165d94da,absolute,standard,2.655036528,0.807303644,3.149761832,2.028814835,3.127686721,1.918685858,3.149761832,2.028814835,first_gps,0.003839221,-0.137136925,nan,nan,nan,0.001786424,0.207807584,0.207815262,0.000136918,0.068124818,0.068124956,0.000273835,0.136249637,0.136249912,0.480859102,0.077745209,0.017750070,0.309224518,0.294824765,0.191874634
19.750000000,1779830080_5715,gps,True,False,True,True,1183,31c1594f7caae09c6975238b7b255ad5c765bc56640ec43b539fdb93165d94da,absolute,standard,2.636682385,0.819980570,3.159526158,2.110645759,3.129718479,1.954060337,3.159526158,2.110645759,first_gps,0.003839221,-0.137136925,nan,nan,nan,0.000201164,-0.035969057,0.035969619,0.000126541,0.068052308,0.068052426,0.000253081,0.136104617,0.136104852,0.478884532,0.077683176,0.019575046,0.309427693,0.294655473,0.195412082
19.800000000,1779830080_5715,gps,True,False,True,True,1183,31c1594f7caae09c6975238b7b255ad5c765bc56640ec43b539fdb93165d94da,absolute,standard,2.664236768,0.856082065,3.189484490,1.866898216,3.131743364,1.989425575,3.189484490,1.866898216,first_gps,0.003839221,-0.137136925,nan,nan,nan,0.000694743,0.214577218,0.214578343,0.000127432,0.068241493,0.068241612,0.000254863,0.136482986,0.136483224,0.484819455,0.077869627,0.014070935,0.309630182,0.294819548,0.198948606
19.850000000,1779830080_5715,gps,True,False,True,True,1183,31c1594f7caae09c6975238b7b255ad5c765bc56640ec43b539fdb93165d94da,absolute,standard,2.684718595,0.901095366,3.198093243,1.927137405,3.134773035,2.042493646,3.198093243,1.927137405,first_gps,0.003839221,-0.137136925,nan,nan,nan,0.001753873,0.306357748,0.306362769,0.000140136,0.068352272,0.068352416,0.000280272,0.136704545,0.136704832,0.489699083,0.078022925,0.009554470,0.309933149,0.295140766,0.204255413
19.900000000,1779830080_5715,gps,True,False,True,True,1183,31c1594f7caae09c6975238b7b255ad5c765bc56640ec43b539fdb93165d94da,absolute,standard,2.677226069,0.942355195,3.016642618,1.974407672,3.137802894,2.095550204,3.016642618,1.974407672,first_gps,0.003839221,-0.137136925,nan,nan,nan,-0.000313800,0.175813474,0.175813754,0.000133373,0.068596019,0.068596149,0.000266747,0.137192038,0.137192298,0.498895695,0.078311845,0.001024089,0.310236135,0.295186631,0.209561068
19.950000000,1779830080_5715,gps,True,False,True,True,1183,31c1594f7caae09c6975238b7b255ad5c765bc56640ec43b539fdb93165d94da,absolute,standard,2.713915324,0.977373318,3.129409737,2.076606043,3.139807833,2.130918673,3.129409737,2.076606043,first_gps,0.003839221,-0.137136925,nan,nan,nan,-0.010447115,0.557893000,0.557990808,0.000128311,0.068800018,0.068800138,0.000256621,0.137600036,0.137600276,0.506460523,0.078549501,-0.005990221,0.310436629,0.295097590,0.213097915
20.000000000,1779830080_5715,gps,True,False,True,True,1183,31c1594f7caae09c6975238b7b255ad5c765bc56640ec43b539fdb93165d94da,absolute,standard,2.664577457,0.965308311,2.994044566,2.178445983,3.142802948,2.183990205,2.994044566,2.178445983,first_gps,0.003839221,-0.137136925,nan,nan,nan,-0.002048732,-0.043512505,0.043560710,0.000114555,0.068023265,0.068023362,0.000229111,0.136046530,0.136046723,0.479053779,0.077688493,0.019421761,0.310736140,0.294717236,0.218405069
20.050000000,1779830080_5715,gps,True,False,True,True,1183,31c1594f7caae09c6975238b7b255ad5c765bc56640ec43b539fdb93165d94da,absolute,standard,2.707770716,1.007719924,3.249136210,2.328627243,3.144781482,2.219363765,3.249136210,2.328627243,first_gps,0.003839221,-0.137136925,nan,nan,nan,0.003170869,0.334225637,0.334240678,0.000124791,0.068147750,0.068147864,0.000249583,0.136295499,0.136295728,0.482669830,0.077802095,0.016061491,0.310933994,0.294716036,0.221942425
20.100000000,1779830080_5715,gps,True,False,True,True,1183,31c1594f7caae09c6975238b7b255ad5c765bc56640ec43b539fdb93165d94da,absolute,standard,2.710814242,1.021469476,3.074518720,2.330668762,3.146754825,2.254744098,3.074518720,2.330668762,first_gps,0.003839221,-0.137136925,nan,nan,nan,-0.003613271,0.389351650,0.389368415,0.000122390,0.068055819,0.068055929,0.000244780,0.136111637,0.136111857,0.478997650,0.077686730,0.019465590,0.311131328,0.294590636,0.225480458
20.151000000,1779830080_5715,gps,True,False,True,True,1183,31c1594f7caae09c6975238b7b255ad5c765bc56640ec43b539fdb93165d94da,absolute,standard,2.689856633,1.003150784,3.238191462,2.144207132,3.149706130,2.307815553,3.238191462,2.144207132,first_gps,0.003839221,-0.137136925,nan,nan,nan,0.001336093,-0.386651047,0.386653355,0.000111051,0.067156110,0.067156202,0.000222103,0.134312220,0.134312404,0.447686361,0.076703057,0.048324912,0.311426458,0.291387748,0.230787603
20.201000000,1779830080_5715,gps,True,False,True,True,1183,31c1594f7caae09c6975238b7b255ad5c765bc56640ec43b539fdb93165d94da,absolute,standard,2.741245924,1.120967698,3.273145574,2.348626449,3.152664394,2.360859234,3.273145574,2.348626449,first_gps,0.003839221,-0.137136925,nan,nan,nan,0.000124698,0.505069522,0.505069538,0.000103960,0.068469773,0.068469852,0.000207920,0.136939545,0.136939703,0.495770636,0.078213669,0.003919653,0.311722285,0.294983059,0.236091971
20.250000000,1779830080_5715,gps,True,False,True,True,1183,31c1594f7caae09c6975238b7b255ad5c765bc56640ec43b539fdb93165d94da,absolute,standard,2.709544711,1.076369429,3.023660025,2.346125865,3.154019565,2.396274066,3.023660025,2.346125865,first_gps,0.003839221,-0.137136925,nan,nan,nan,-0.002647755,-0.497511556,0.497518602,0.000111620,0.067533754,0.067533847,0.000223240,0.135067509,0.135067693,0.461719294,0.077143914,0.035428954,0.311857802,0.293175503,0.239633455
20.300000000,1779830080_5715,gps,True,False,True,True,1183,31c1594f7caae09c6975238b7b255ad5c765bc56640ec43b539fdb93165d94da,absolute,standard,2.736226818,1.189367098,3.207319603,2.402293946,3.152871718,2.431677835,3.207319603,2.402293946,first_gps,0.003839221,-0.137136925,nan,nan,nan,0.002789962,0.332360031,0.332371741,0.000130383,0.068907040,0.068907164,0.000260766,0.137814081,0.137814327,0.510693023,0.078682469,-0.009920586,0.311743017,0.295204893,0.243173832
20.350000000,1779830080_5715,gps,True,False,True,True,1183,31c1594f7caae09c6975238b7b255ad5c765bc56640ec43b539fdb93165d94da,absolute,standard,2.717423123,1.242890815,3.309834713,2.250582469,3.146441472,2.484404634,3.309834713,2.250582469,first_gps,0.003839221,-0.137136925,nan,nan,nan,0.000022019,-0.304473651,0.304473652,0.000128787,0.069527621,0.069527740,0.000257575,0.139055242,0.139055480,0.533446172,0.079397281,-0.030955182,0.311099993,0.293517943,0.248446511
20.400000000,1779830080_5715,gps,True,False,True,True,1183,31c1594f7caae09c6975238b7b255ad5c765bc56640ec43b539fdb93165d94da,absolute,standard,2.717729135,1.338106487,3.226203040,2.623596059,3.139052030,2.519052507,3.226203040,2.623596059,first_gps,0.003839221,-0.137136925,nan,nan,nan,0.001471994,0.244537634,0.244542064,0.000132582,0.070673240,0.070673364,0.000265165,0.141346479,0.141346728,0.574742677,0.080694649,-0.068689972,0.310361048,0.287136716,0.251911299
20.452000000,1779830080_5715,gps,True,False,True,True,1183,31c1594f7caae09c6975238b7b255ad5c765bc56640ec43b539fdb93165d94da,absolute,standard,2.736414038,1.446762124,3.096487997,2.522532445,3.123415284,2.569818642,3.096487997,2.522532445,first_gps,0.003839221,-0.137136925,nan,nan,nan,0.000103436,0.665890249,0.665890257,0.000145423,0.071875936,0.071876083,0.000290846,0.143751871,0.143752166,0.617209642,0.082028788,-0.106212632,0.308797374,0.275288866,0.256987912
20.504000000,1779830080_5715,gps,True,False,True,True,1183,31c1594f7caae09c6975238b7b255ad5c765bc56640ec43b539fdb93165d94da,absolute,standard,2.679158281,1.491743528,3.067183996,2.596601320,3.102473849,2.618653860,3.067183996,2.596601320,first_gps,0.003839221,-0.137136925,nan,nan,nan,0.008515383,0.191752268,0.191941252,0.000147075,0.072178139,0.072178289,0.000294150,0.144356278,0.144356577,0.628305505,0.082377374,-0.115835642,0.306703230,0.271638665,0.261871434
20.550000000,1779830080_5715,gps,True,False,True,True,1183,31c1594f7caae09c6975238b7b255ad5c765bc56640ec43b539fdb93165d94da,absolute,standard,2.628462360,1.538662578,3.123407794,2.656712872,3.085701762,2.649845614,3.123407794,2.656712872,first_gps,0.003839221,-0.137136925,nan,nan,nan,0.000579263,-0.045372017,0.045375715,0.000159640,0.072945790,0.072945965,0.000319281,0.145891580,0.145891929,0.655344789,0.083226839,-0.138367074,0.305026022,0.260646823,0.264990610
20.618000000,1779830080_5715,gps,True,False,True,True,1183,31c1594f7caae09c6975238b7b255ad5c765bc56640ec43b539fdb93165d94da,absolute,standard,2.593239824,1.643177287,3.023834323,2.706845641,3.056503429,2.694239411,3.023834323,2.706845641,first_gps,0.003839221,-0.137136925,nan,nan,nan,-0.000032828,0.285579194,0.285579196,0.000146639,0.074338257,0.074338401,0.000293277,0.148676513,0.148676802,0.705262443,0.084795048,-0.177428985,0.302106188,0.235907879,0.269429989
20.653000000,1779830080_5715,gps,True,False,True,True,1183,31c1594f7caae09c6975238b7b255ad5c765bc56640ec43b539fdb93165d94da,absolute,standard,2.593828280,1.746563222,3.087318460,2.591387444,3.034492710,2.721987799,3.087318460,2.591387444,first_gps,0.003839221,-0.137136925,nan,nan,nan,0.001544934,0.999236291,0.999237485,0.000145614,0.075784838,0.075784978,0.000291228,0.151569676,0.151569956,0.757599166,0.086439255,-0.213599639,0.299905116,0.203636858,0.272204828
20.721000000,1779830080_5715,gps,True,False,True,True,1183,31c1594f7caae09c6975238b7b255ad5c765bc56640ec43b539fdb93165d94da,absolute,standard,2.588228790,1.758084896,3.009014290,2.740481827,3.022751042,2.735269778,3.009014290,2.740481827,first_gps,0.003839221,-0.137136925,nan,nan,nan,0.001544934,0.999236291,0.999237485,0.000145614,0.075784838,0.075784978,0.000291228,0.151569676,0.151569956,0.757599166,0.086439255,-0.213852839,0.298730950,0.203878247,0.273533026
20.755000000,1779830080_5715,gps,True,False,True,True,1183,31c1594f7caae09c6975238b7b255ad5c765bc56640ec43b539fdb93165d94da,absolute,standard,2.556821566,1.684136915,3.117157272,2.609697375,3.010559227,2.748107893,3.117157272,2.609697375,first_gps,0.003839221,-0.137136925,nan,nan,nan,-0.004373438,-0.672291347,0.672305572,0.000139054,0.074776401,0.074776530,0.000278107,0.149552802,0.149553061,0.720819714,0.085283794,-0.188675232,0.297511768,0.226877054,0.274816837
20.803000000,1779830080_5715,gps,True,False,True,True,1183,31c1594f7caae09c6975238b7b255ad5c765bc56640ec43b539fdb93165d94da,absolute,standard,2.424245428,1.808219095,2.905354175,2.813129032,2.943178872,2.805455956,2.905354175,2.813129032,first_gps,0.003839221,-0.137136925,nan,nan,nan,0.003037743,-0.074951425,0.075012959,0.000177449,0.076288009,0.076288216,0.000354898,0.152576019,0.152576431,0.774581059,0.086972757,-0.224437706,0.290773733,0.192199351,0.280551644
20.853000000,1779830080_5715,gps,True,False,True,True,1183,31c1594f7caae09c6975238b7b255ad5c765bc56640ec43b539fdb93165d94da,absolute,standard,2.337506906,1.867414618,3.151129425,2.778192734,2.898253363,2.833804980,3.151129425,2.778192734,first_gps,0.003839221,-0.137136925,nan,nan,nan,0.003512646,-0.041710919,0.041858565,0.000156283,0.077312940,0.077313098,0.000312566,0.154625881,0.154626197,0.812838670,0.088174655,-0.245746763,0.286281182,0.163824807,0.283386546
20.902000000,1779830080_5715,gps,True,False,True,True,1183,31c1594f7caae09c6975238b7b255ad5c765bc56640ec43b539fdb93165d94da,absolute,standard,2.259140639,1.923105232,3.189005764,2.951743200,2.850565705,2.857212741,3.189005764,2.951743200,first_gps,0.003839221,-0.137136925,nan,nan,nan,0.007802873,0.016924012,0.018636175,0.000187343,0.078274233,0.078274457,0.000374685,0.156548466,0.156548915,0.846502618,0.089232239,-0.261761658,0.281512416,0.137017510,0.285727322
20.974000000,1779830080_5715,gps,True,False,True,True,1183,31c1594f7caae09c6975238b7b255ad5c765bc56640ec43b539fdb93165d94da,absolute,standard,2.238108508,1.945548253,2.929420303,2.838464979,2.817514167,2.869939379,2.929420303,2.838464979,first_gps,0.003839221,-0.137136925,nan,nan,nan,-0.002448696,0.349002074,0.349010664,0.000184159,0.078727936,0.078728151,0.000368319,0.157455872,0.157456303,0.862787661,0.089743849,-0.268071264,0.278207262,0.123288921,0.286999986
21.014000000,1779830080_5715,gps,True,False,True,True,1183,31c1594f7caae09c6975238b7b255ad5c765bc56640ec43b539fdb93165d94da,absolute,standard,2.228261388,1.952030918,2.752873921,2.895453295,2.800670565,2.875413006,2.752873921,2.895453295,first_gps,0.003839221,-0.137136925,nan,nan,nan,-0.002448696,0.349002074,0.349010664,0.000184159,0.078727936,0.078728151,0.000368319,0.157455872,0.157456303,0.862787661,0.089743849,-0.268175164,0.276522902,0.123336706,0.287547349
21.072000000,1779830080_5715,gps,True,False,True,True,1183,31c1594f7caae09c6975238b7b255ad5c765bc56640ec43b539fdb93165d94da,absolute,standard,2.155258551,1.971362250,2.716014974,2.902893615,2.783630131,2.880294768,2.716014974,2.902893615,first_gps,0.003839221,-0.137136925,nan,nan,nan,0.000870707,0.195593675,0.195595613,0.000187468,0.079471192,0.079471413,0.000374936,0.158942384,0.158942826,0.889827396,0.090593327,-0.277911883,0.274818858,0.100224699,0.288035525
21.106000000,1779830080_5715,gps,True,False,True,True,1183,31c1594f7caae09c6975238b7b255ad5c765bc56640ec43b539fdb93165d94da,absolute,standard,1.988464029,2.012204075,2.675373210,2.853688647,2.678802562,2.896699888,2.675373210,2.853688647,first_gps,0.003839221,-0.137136925,nan,nan,nan,-0.005358161,0.300106069,0.300153898,0.000176327,0.080836757,0.080836949,0.000352653,0.161673514,0.161673899,0.946590098,0.092376580,-0.291277243,0.264336102,0.049337932,0.289676037
21.164000000,1779830080_5715,gps,True,False,True,True,1183,31c1594f7caae09c6975238b7b255ad5c765bc56640ec43b539fdb93165d94da,absolute,standard,1.936077837,2.023907883,2.675373210,2.853688647,2.678802562,2.896699888,2.675373210,2.853688647,first_gps,0.003839221,-0.137136925,nan,nan,nan,0.002429154,0.308400556,0.308410123,0.000182885,0.081669439,0.081669643,0.000365771,0.163338877,0.163339287,0.976573836,0.093318547,-0.294626544,0.264336102,0.021722410,0.289676037
21.218000000,1779830080_5715,gps,True,False,True,True,1183,31c1594f7caae09c6975238b7b255ad5c765bc56640ec43b539fdb93165d94da,absolute,standard,1.819314819,2.013979253,2.472751712,2.979230490,2.572524780,2.896242469,2.472751712,2.979230490,first_gps,0.003839221,-0.137136925,nan,nan,nan,-0.008614012,-0.175504622,0.175715889,0.000169999,0.082097893,0.082098069,0.000339998,0.164195786,0.164196138,0.983820917,0.093546221,-0.294724510,0.253708323,0.014993197,0.289630295
21.252000000,1779830080_5715,gps,True,False,True,True,1183,31c1594f7caae09c6975238b7b255ad5c765bc56640ec43b539fdb93165d94da,absolute,standard,1.837534566,2.021679909,2.507130832,2.874031554,2.554802564,2.896165929,2.507130832,2.874031554,first_gps,0.003839221,-0.137136925,nan,nan,nan,-0.003186365,-0.119336248,0.119378780,0.000158847,0.081680216,0.081680371,0.000317693,0.163360433,0.163360742,0.969762666,0.093104568,-0.294041328,0.251936102,0.028016303,0.289622641
21.304000000,1779830080_5715,gps,True,False,True,True,1183,31c1594f7caae09c6975238b7b255ad5c765bc56640ec43b539fdb93165d94da,absolute,standard,1.756403689,2.035274069,2.525759266,2.891166239,2.501656895,2.895943031,2.525759266,2.891166239,first_gps,0.003839221,-0.137136925,nan,nan,nan,0.002283074,0.037425512,0.037495084,0.000151978,0.082329813,0.082329954,0.000303956,0.164659627,0.164659907,0.993872617,0.093862004,-0.295167125,0.246621535,0.005682592,0.289600351
21.355000000,1779830080_5715,gps,True,False,True,True,1183,31c1594f7caae09c6975238b7b255ad5c765bc56640ec43b539fdb93165d94da,absolute,standard,1.486957174,2.162148716,2.403119129,2.757348714,2.466226049,2.895796686,2.403119129,2.757348714,first_gps,0.003839221,-0.137136925,nan,nan,nan,0.003063950,-0.103839416,0.103884609,0.000155005,0.082775941,0.082776086,0.000310010,0.165551882,0.165552172,-0.990542654,0.094351613,-0.294951438,0.243078450,-0.008765919,0.289585717
21.400000000,1779830080_5715,gps,True,False,True,True,1183,31c1594f7caae09c6975238b7b255ad5c765bc56640ec43b539fdb93165d94da,absolute,standard,1.480546561,2.172205364,2.436602998,2.994263049,2.430794269,2.895654250,2.436602998,2.994263049,first_gps,0.003839221,-0.137136925,nan,nan,nan,0.000587319,0.229704903,0.229705654,0.000155984,0.082783844,0.082783991,0.000311967,0.165567688,0.165567982,-0.989646990,0.094379751,-0.295064591,0.239535272,-0.009600343,0.289571473
21.453000000,1779830080_5715,gps,True,False,True,True,1183,31c1594f7caae09c6975238b7b255ad5c765bc56640ec43b539fdb93165d94da,absolute,standard,1.529284562,2.210277923,2.418159970,2.785719930,2.377639998,2.895468674,2.418159970,2.785719930,first_gps,0.003839221,-0.137136925,nan,nan,nan,0.007079191,1.000000000,1.000000000,0.000159667,0.082886562,0.082886716,0.000319335,0.165773124,0.165773431,-0.985700859,0.094503722,-0.295014267,0.234219845,-0.013261576,0.289552915
21.504000000,1779830080_5715,gps,True,False,True,True,1183,31c1594f7caae09c6975238b7b255ad5c765bc56640ec43b539fdb93165d94da,absolute,standard,1.678646511,2.047811484,2.385187430,2.871782591,2.342217909,2.895359556,2.385187430,2.871782591,first_gps,0.003839221,-0.137136925,nan,nan,nan,-0.007630890,0.018136351,0.019676323,0.000175751,0.081907997,0.081908185,0.000351502,0.163815993,0.163816370,0.978914058,0.093392067,-0.294563989,0.230677636,0.019541524,0.289542004
21.550000000,1779830080_5715,gps,True,False,True,True,1183,31c1594f7caae09c6975238b7b255ad5c765bc56640ec43b539fdb93165d94da,absolute,standard,1.409546625,2.186928023,2.300426563,3.061750607,2.289063161,2.895183408,2.300426563,3.061750607,first_gps,0.003839221,-0.137136925,nan,nan,nan,-0.007314285,0.348067790,0.348144632,0.000153015,0.082646410,0.082646551,0.000306030,0.165292820,0.165293103,-0.994414936,0.094229961,-0.295405608,0.225362162,-0.005183718,0.289524389
21.606000000,1779830080_5715,gps,True,False,True,True,1183,31c1594f7caae09c6975238b7b255ad5c765bc56640ec43b539fdb93165d94da,absolute,standard,1.574190462,2.061288516,2.232741462,2.854308306,2.235928222,2.894992925,2.232741462,2.854308306,first_gps,0.003839221,-0.137136925,nan,nan,nan,-0.003698332,-0.072139922,0.072234660,0.000143030,0.082451632,0.082451756,0.000286059,0.164903264,0.164903512,0.998754765,0.094015381,-0.295214487,0.220048668,0.001154891,0.289505341
21.655000000,1779830080_5715,gps,True,False,True,True,1183,31c1594f7caae09c6975238b7b255ad5c765bc56640ec43b539fdb93165d94da,absolute,standard,1.321815381,2.198607248,2.022556476,3.015187611,2.200495689,2.894860723,2.022556476,3.015187611,first_gps,0.003839221,-0.137136925,nan,nan,nan,0.001160270,0.212976774,0.212979935,0.000127643,0.082976461,0.082976559,0.000255285,0.165952921,0.165953117,-0.982380185,0.094608044,-0.294792892,0.216505414,-0.016334736,0.289492120
21.701000000,1779830080_5715,gps,True,False,True,True,1183,31c1594f7caae09c6975238b7b255ad5c765bc56640ec43b539fdb93165d94da,absolute,standard,1.577587716,2.075245146,2.244836926,2.987285169,2.165054699,2.894721513,2.244836926,2.987285169,first_gps,0.003839221,-0.137136925,nan,nan,nan,0.003255923,-0.556582281,0.556591804,0.000131875,0.082252904,0.082253009,0.000263751,0.164505807,0.164506019,0.991749230,0.093795296,-0.295170680,0.212961315,0.007652703,0.289478199
21.757000000,1779830080_5715,gps,True,False,True,True,1183,31c1594f7caae09c6975238b7b255ad5c765bc56640ec43b539fdb93165d94da,absolute,standard,1.610786973,2.072952807,2.133212655,2.919269222,2.111967068,2.896401892,2.133212655,2.919269222,first_gps,0.003839221,-0.137136925,nan,nan,nan,-0.004843939,-0.809565038,0.809579530,0.000127098,0.081447236,0.081447335,0.000254196,0.162894472,0.162894670,0.963023777,0.092892859,-0.293212485,0.207652552,0.034214841,0.289646237
21.800000000,1779830080_5715,gps,True,False,True,True,1183,31c1594f7caae09c6975238b7b255ad5c765bc56640ec43b539fdb93165d94da,absolute,standard,1.599417634,2.099588207,2.111155069,2.783231973,2.076790468,2.900658515,2.111155069,2.783231973,first_gps,0.003839221,-0.137136925,nan,nan,nan,0.009726144,-0.589678188,0.589758394,0.000157455,0.081321151,0.081321303,0.000314910,0.162642302,0.162642607,0.958943903,0.092764686,-0.292764543,0.204134892,0.037972024,0.290071900
21.853000000,1779830080_5715,gps,True,False,True,True,1183,31c1594f7caae09c6975238b7b255ad5c765bc56640ec43b539fdb93165d94da,absolute,standard,1.573202015,2.118064083,1.966871217,3.017129747,2.024155659,2.907983864,1.966871217,3.017129747,first_gps,0.003839221,-0.137136925,nan,nan,nan,-0.000863593,0.487793875,0.487794639,0.000172950,0.081407627,0.081407811,0.000345899,0.162815254,0.162815622,0.961327951,0.092839583,-0.293049782,0.198871411,0.035779364,0.290804434
21.901000000,1779830080_5715,gps,True,False,True,True,1183,31c1594f7caae09c6975238b7b255ad5c765bc56640ec43b539fdb93165d94da,absolute,standard,1.532917854,2.130632837,1.969238275,2.862197212,1.989068665,2.912875288,1.969238275,2.862197212,first_gps,0.003839221,-0.137136925,nan,nan,nan,0.008017280,0.265004963,0.265126210,0.000183459,0.081444521,0.081444727,0.000366917,0.162889041,0.162889454,0.962600575,0.092879564,-0.293201366,0.195362712,0.034608732,0.291293577
21.950000000,1779830080_5715,gps,True,False,True,True,1183,31c1594f7caae09c6975238b7b255ad5c765bc56640ec43b539fdb93165d94da,absolute,standard,1.558971820,2.128250141,1.814906177,2.896605055,1.936425725,2.920216221,1.814906177,2.896605055,first_gps,0.003839221,-0.137136925,nan,nan,nan,0.005587665,-0.366835128,0.366877681,0.000203278,0.080540927,0.080541183,0.000406555,0.161081854,0.161082367,0.929465477,0.091838594,-0.288150677,0.190098418,0.064917553,0.292027670
22.002000000,1779830080_5715,gps,True,False,True,True,1183,31c1594f7caae09c6975238b7b255ad5c765bc56640ec43b539fdb93165d94da,absolute,standard,1.460417729,2.138913478,1.879979774,2.927396654,1.883791878,2.927553738,1.879979774,2.927396654,first_gps,0.003839221,-0.137136925,nan,nan,nan,-0.001714521,0.018360546,0.018440424,0.000211309,0.081102533,0.081102808,0.000422619,0.162205066,0.162205616,0.950014110,0.092484148,-0.291532432,0.184835033,0.046160954,0.292761422
22.050000000,1779830080_5715,gps,True,False,True,True,1183,31c1594f7caae09c6975238b7b255ad5c765bc56640ec43b539fdb93165d94da,absolute,standard,1.471590123,2.153914920,1.983960405,2.881404518,1.848692684,2.932456746,1.983960405,2.881404518,first_gps,0.003839221,-0.137136925,nan,nan,nan,0.005664593,-0.566241107,0.566269440,0.000222874,0.081182921,0.081183227,0.000445748,0.162365842,0.162366454,0.952616238,0.092565897,-0.292058896,0.181325114,0.043800034,0.293251723
22.100000000,1779830080_5715,ann,False,False,True,True,1183,31c1594f7caae09c6975238b7b255ad5c765bc56640ec43b539fdb93165d94da,absolute,standard,1.467423507,2.153793080,1.467423507,2.153793080,1.813611065,2.937352691,1.803036797,2.887096117,first_gps,0.003839221,-0.137136925,1.000000000,0.000000000,7.172866949,-0.000185809,-0.219620652,0.219620730,0.000227577,0.080584660,0.080584981,0.000455153,0.161169319,0.161169962,0.931615918,0.091906152,-0.288423965,0.177816952,0.062934765,0.293741317
22.150000000,1779830080_5715,gps,True,False,True,True,1183,31c1594f7caae09c6975238b7b255ad5c765bc56640ec43b539fdb93165d94da,absolute,standard,1.328818460,2.173004902,1.704100304,2.943215966,1.760966436,2.944680940,1.704100304,2.943215966,first_gps,0.003839221,-0.137136925,nan,nan,nan,-0.002461549,0.146697270,0.146717921,0.000227581,0.082061157,0.082061472,0.000455162,0.164122313,0.164122944,0.984829644,0.093577911,-0.294935195,0.172552489,0.014066992,0.294474142
22.203000000,1779830080_5715,gps,True,False,True,True,1183,31c1594f7caae09c6975238b7b255ad5c765bc56640ec43b539fdb93165d94da,absolute,standard,1.375554866,2.199644037,1.726606555,2.912534303,1.708322056,2.952009258,1.726606555,2.912534303,first_gps,0.003839221,-0.137136925,nan,nan,nan,0.014038666,-0.087398854,0.088519172,0.000260430,0.081062485,0.081062903,0.000520860,0.162124969,0.162125806,0.948952998,0.092450813,-0.291553988,0.167288051,0.047161183,0.295206974
22.252000000,1779830080_5715,gps,True,False,True,True,1183,31c1594f7caae09c6975238b7b255ad5c765bc56640ec43b539fdb93165d94da,absolute,standard,1.384739851,2.184402678,1.488776630,3.104404145,1.673232189,2.956877419,1.488776630,3.104404145,first_gps,0.003839221,-0.137136925,nan,nan,nan,-0.001904318,-0.163234377,0.163245485,0.000237312,0.080495705,0.080496054,0.000474623,0.160991409,0.160992109,0.927729522,0.091784057,-0.287649797,0.163779064,0.066455122,0.295693790
22.301000000,1779830080_5715,gps,True,False,True,True,1183,31c1594f7caae09c6975238b7b255ad5c765bc56640ec43b539fdb93165d94da,absolute,standard,1.260541208,2.203354460,1.644467497,2.995360198,1.637925957,2.959861387,1.644467497,2.995360198,first_gps,0.003839221,-0.137136925,nan,nan,nan,-0.001916314,0.224436965,0.224445146,0.000243740,0.082118254,0.082118615,0.000487480,0.164236508,0.164237231,0.986222137,0.093621657,-0.295050339,0.160248441,0.012779068,0.295992187
22.355000000,1779830080_5715,gps,True,False,True,True,1183,31c1594f7caae09c6975238b7b255ad5c765bc56640ec43b539fdb93165d94da,absolute,standard,1.059510835,2.340865551,1.562294444,3.036197548,1.584905468,2.963417496,1.562294444,3.036197548,first_gps,0.003839221,-0.137136925,nan,nan,nan,-0.014352370,1.000000000,1.000000000,0.000240868,0.082677045,0.082677396,0.000481736,0.165354091,0.165354793,-0.993132337,0.094270255,-0.295191361,0.154946392,-0.006369860,0.296347798
22.401000000,1779830080_5715,gps,True,False,True,True,1183,31c1594f7caae09c6975238b7b255ad5c765bc56640ec43b539fdb93165d94da,absolute,standard,1.274915975,2.219942545,1.565284986,3.101010927,1.531880161,2.966985659,1.565284986,3.101010927,first_gps,0.003839221,-0.137136925,nan,nan,nan,0.002714601,-0.295154254,0.295166737,0.000263588,0.080994245,0.080994674,0.000527176,0.161988489,0.161989347,0.945920909,0.092355557,-0.290913308,0.149643861,0.049905651,0.296704614
22.452000000,1779830080_5715,gps,True,False,True,True,1183,31c1594f7caae09c6975238b7b255ad5c765bc56640ec43b539fdb93165d94da,absolute,standard,1.179581803,2.231210143,1.558976705,2.935513282,1.496527507,2.969377607,1.558976705,2.935513282,first_gps,0.003839221,-0.137136925,nan,nan,nan,0.003201049,-0.091885570,0.091941311,0.000288965,0.081892658,0.081893167,0.000577931,0.163785315,0.163786335,0.978035327,0.093364461,-0.294533394,0.146108596,0.020356318,0.296943809
22.506000000,1779830080_5715,gps,True,False,True,True,1183,31c1594f7caae09c6975238b7b255ad5c765bc56640ec43b539fdb93165d94da,absolute,standard,1.197524780,2.245638061,1.391209269,3.049467090,1.443496166,2.972950193,1.391209269,3.049467090,first_gps,0.003839221,-0.137136925,nan,nan,nan,0.004252880,0.094449245,0.094544946,0.000317426,0.081288609,0.081289229,0.000634853,0.162577218,0.162578458,0.957055520,0.092705361,-0.292511790,0.140805462,0.039705149,0.297301067
22.550000000,1779830080_5715,gps,True,False,True,True,1183,31c1594f7caae09c6975238b7b255ad5c765bc56640ec43b539fdb93165d94da,absolute,standard,1.172392171,2.249744137,1.349226022,2.800298615,1.408145728,2.975333427,1.349226022,2.800298615,first_gps,0.003839221,-0.137136925,nan,nan,nan,0.004454425,-0.337660732,0.337690112,0.000317965,0.081480051,0.081480672,0.000635930,0.162960103,0.162961344,0.963316823,0.092902065,-0.293375129,0.137270418,0.033960081,0.297539391
22.609000000,1779830080_5715,gps,True,False,True,True,1183,31c1594f7caae09c6975238b7b255ad5c765bc56640ec43b539fdb93165d94da,absolute,standard,1.175852943,2.252033774,1.358347738,2.978561557,1.355121468,2.978897235,1.358347738,2.978561557,first_gps,0.003839221,-0.137136925,nan,nan,nan,-0.001558518,-0.737591059,0.737592705,0.000328397,0.081239782,0.081240446,0.000656795,0.162479564,0.162480892,0.954616731,0.092628744,-0.292359489,0.131967992,0.041968132,0.297895772
22.650000000,1779830080_5715,gps,True,False,True,True,1183,31c1594f7caae09c6975238b7b255ad5c765bc56640ec43b539fdb93165d94da,absolute,standard,1.099757467,2.269391514,1.327302273,2.996178259,1.319772583,2.981254282,1.327302273,2.996178259,first_gps,0.003839221,-0.137136925,nan,nan,nan,0.000139560,0.333137540,0.333137569,0.000329814,0.081944540,0.081945203,0.000659628,0.163889079,0.163890406,0.979239577,0.093402294,-0.294464860,0.128433104,0.019232509,0.298131476
22.700000000,1779830080_5715,gps,True,False,True,True,1183,31c1594f7caae09c6975238b7b255ad5c765bc56640ec43b539fdb93165d94da,absolute,standard,1.072421147,2.275073768,1.295693117,3.087817361,1.266741037,2.984800025,1.295693117,3.087817361,first_gps,0.003839221,-0.137136925,nan,nan,nan,0.004131372,0.066375368,0.066503817,0.000316004,0.081530015,0.081530627,0.000632008,0.163060030,0.163061255,0.963940136,0.092921647,-0.293442710,0.123129949,0.033385717,0.298486051
22.752000000,1779830080_5715,gps,True,False,True,True,1183,31c1594f7caae09c6975238b7b255ad5c765bc56640ec43b539fdb93165d94da,absolute,standard,1.063761022,2.286263944,1.144876362,2.983572388,1.231393656,2.987162930,1.144876362,2.983572388,first_gps,0.003839221,-0.137136925,nan,nan,nan,0.002227941,0.323163765,0.323171445,0.000331614,0.081727844,0.081728517,0.000663228,0.163455688,0.163457033,0.970741441,0.093135317,-0.293869136,0.119595211,0.027088335,0.298722341
22.801000000,1779830080_5715,gps,True,False,True,True,1183,31c1594f7caae09c6975238b7b255ad5c765bc56640ec43b539fdb93165d94da,absolute,standard,0.991710376,2.292798028,1.214899929,3.151362287,1.178353638,2.990678434,1.214899929,3.151362287,first_gps,0.003839221,-0.137136925,nan,nan,nan,0.000813508,0.317835575,0.317836616,0.000329640,0.082285249,0.082285910,0.000659281,0.164570499,0.164571820,0.989629550,0.093728704,-0.295231479,0.114291209,0.009621966,0.299073891
22.850000000,1779830080_5715,gps,True,False,True,True,1183,31c1594f7caae09c6975238b7b255ad5c765bc56640ec43b539fdb93165d94da,absolute,standard,0.949353529,2.284355284,1.213411328,2.975044074,1.143001384,2.993018994,1.213411328,2.975044074,first_gps,0.003839221,-0.137136925,nan,nan,nan,-0.004770258,-0.050355472,0.050580915,0.000313717,0.082071721,0.082072321,0.000627435,0.164143443,0.164144642,0.982090227,0.093491849,-0.294976001,0.110755984,0.016614423,0.299307948
22.902000000,1779830080_5715,gps,True,False,True,True,1183,31c1594f7caae09c6975238b7b255ad5c765bc56640ec43b539fdb93165d94da,absolute,standard,1.017694964,2.301628272,0.984921087,2.911810169,1.089979006,2.996536928,0.984921087,2.911810169,first_gps,0.003839221,-0.137136925,nan,nan,nan,-0.000831583,0.257989749,0.257991089,0.000317205,0.081052625,0.081053246,0.000634409,0.162105250,0.162106491,0.945245247,0.092334330,-0.290687237,0.105453746,0.050502289,0.299659741
22.950000000,1779830080_5715,gps,True,False,True,True,1183,31c1594f7caae09c6975238b7b255ad5c765bc56640ec43b539fdb93165d94da,absolute,standard,0.923700408,2.302929155,1.121236659,2.987193313,1.054619740,2.998896594,1.121236659,2.987193313,first_gps,0.003839221,-0.137136925,nan,nan,nan,-0.001777267,-0.021623489,0.021696405,0.000325086,0.081747304,0.081747950,0.000650173,0.163494608,0.163495901,0.969125048,0.093084536,-0.294023939,0.101917819,0.028609078,0.299895708
23.001000000,1779830080_5715,gps,True,False,True,True,1183,31c1594f7caae09c6975238b7b255ad5c765bc56640ec43b539fdb93165d94da,absolute,standard,0.913190768,2.327660605,0.886715201,2.904393846,1.001591855,3.002425020,0.886715201,2.904393846,first_gps,0.003839221,-0.137136925,nan,nan,nan,0.010983226,-0.066462670,0.067364069,0.000360050,0.081675736,0.081676529,0.000720101,0.163351471,0.163353058,0.966546619,0.093003532,-0.293635188,0.096615031,0.030974271,0.300248550
23.050000000,1779830080_5715,gps,True,False,True,True,1183,31c1594f7caae09c6975238b7b255ad5c765bc56640ec43b539fdb93165d94da,absolute,standard,0.868310159,2.328092642,1.006033430,3.121633771,0.966238297,3.004799249,1.006033430,3.121633771,first_gps,0.003839221,-0.137136925,nan,nan,nan,0.004879422,-0.091031053,0.091161732,0.000374729,0.081981893,0.081982750,0.000749458,0.163963787,0.163965500,0.977172935,0.093337368,-0.294493026,0.093079675,0.021155357,0.300485973
23.100000000,1779830080_5715,gps,True,False,True,True,1183,31c1594f7caae09c6975238b7b255ad5c765bc56640ec43b539fdb93165d94da,absolute,standard,0.857780677,2.324953210,0.910538251,2.923101252,0.930897037,3.007182474,0.910538251,2.923101252,first_gps,0.003839221,-0.137136925,nan,nan,nan,-0.004432806,-0.178144291,0.178199434,0.000385034,0.081802364,0.081803271,0.000770067,0.163604729,0.163606541,0.970569274,0.093129908,-0.293929386,0.089545549,0.027254228,0.300724295
23.150000000,1779830080_5715,gps,True,False,True,True,1183,31c1594f7caae09c6975238b7b255ad5c765bc56640ec43b539fdb93165d94da,absolute,standard,0.887202196,2.334927352,0.991033369,3.008212571,0.877862439,3.010737858,0.991033369,3.008212571,first_gps,0.003839221,-0.137136925,nan,nan,nan,0.000032374,-0.163930656,0.163930659,0.000372043,0.080970874,0.080971729,0.000744085,0.161941749,0.161943458,0.940246189,0.092177280,-0.290016407,0.084242089,0.055091154,0.301079834
23.201000000,1779830080_5715,gps,True,False,True,True,1183,31c1594f7caae09c6975238b7b255ad5c765bc56640ec43b539fdb93165d94da,absolute,standard,0.796203820,2.337614959,0.945333491,3.133966556,0.824848808,3.014277241,0.945333491,3.133966556,first_gps,0.003839221,-0.137136925,nan,nan,nan,-0.008342879,-0.377468500,0.377560687,0.000387063,0.081910290,0.081911204,0.000774125,0.163820579,0.163822408,0.973734438,0.093229344,-0.293811085,0.078940726,0.024299201,0.301433772
23.250000000,1779830080_5715,gps,True,False,True,True,1183,31c1594f7caae09c6975238b7b255ad5c765bc56640ec43b539fdb93165d94da,absolute,standard,0.744165553,2.346297922,0.743090525,3.116296073,0.789479886,3.016631685,0.743090525,3.116296073,first_gps,0.003839221,-0.137136925,nan,nan,nan,-0.005498089,0.056045913,0.056314948,0.000373969,0.082159586,0.082160437,0.000747938,0.164319171,0.164320874,0.983124532,0.093524343,-0.294885030,0.075403834,0.015648243,0.301669217
23.300000000,1779830080_5715,gps,True,False,True,True,1183,31c1594f7caae09c6975238b7b255ad5c765bc56640ec43b539fdb93165d94da,absolute,standard,0.766600964,2.365049749,0.783920281,2.982700153,0.736448226,3.020171699,0.783920281,2.982700153,first_gps,0.003839221,-0.137136925,nan,nan,nan,0.005078992,-0.058996464,0.059214685,0.000379413,0.081503172,0.081504055,0.000758826,0.163006344,0.163008110,0.959013457,0.092766871,-0.292850163,0.070100668,0.037918063,0.302023218
23.350000000,1779830080_5715,gps,True,False,True,True,1183,31c1594f7caae09c6975238b7b255ad5c765bc56640ec43b539fdb93165d94da,absolute,standard,0.754185275,2.358951115,0.730863777,3.084497450,0.701112166,3.022517927,0.730863777,3.084497450,first_gps,0.003839221,-0.137136925,nan,nan,nan,-0.004668722,-0.038449040,0.038731455,0.000376276,0.081226999,0.081227871,0.000752553,0.162453998,0.162455741,0.949677586,0.092473576,-0.291226509,0.066567062,0.046428178,0.302257841
23.400000000,1779830080_5715,gps,True,False,True,True,1183,31c1594f7caae09c6975238b7b255ad5c765bc56640ec43b539fdb93165d94da,absolute,standard,0.827599781,2.371493682,0.578376691,3.101805600,0.665739623,3.024869576,0.578376691,3.101805600,first_gps,0.003839221,-0.137136925,nan,nan,nan,0.003925264,-0.842041200,0.842050349,0.000375297,0.080604694,0.080605568,0.000750594,0.161209389,0.161211136,0.926884719,0.091757517,-0.287553139,0.063029808,0.067237194,0.302493006
23.450000000,1779830080_5715,gps,True,False,True,True,1183,31c1594f7caae09c6975238b7b255ad5c765bc56640ec43b539fdb93165d94da,absolute,standard,0.689598053,2.384883274,0.563171660,3.049855596,0.612710563,3.028385443,0.563171660,3.049855596,first_gps,0.003839221,-0.137136925,nan,nan,nan,-0.002353307,0.373939646,0.373947051,0.000381491,0.081984549,0.081985436,0.000762982,0.163969098,0.163970873,0.975861133,0.093296157,-0.294535483,0.057726902,0.022378863,0.302844592
23.501000000,1779830080_5715,gps,True,False,True,True,1183,31c1594f7caae09c6975238b7b255ad5c765bc56640ec43b539fdb93165d94da,absolute,standard,0.648900715,2.388957366,0.735050015,3.072772694,0.577358950,3.030725408,0.735050015,3.072772694,first_gps,0.003839221,-0.137136925,nan,nan,nan,-0.000570625,0.249346065,0.249346718,0.000380247,0.082119105,0.082119986,0.000760493,0.164238210,0.164239971,0.980642919,0.093446381,-0.294718077,0.054191740,0.017944540,0.303078589
23.550000000,1779830080_5715,gps,True,False,True,True,1183,31c1594f7caae09c6975238b7b255ad5c765bc56640ec43b539fdb93165d94da,absolute,standard,0.603580668,2.385962250,0.569718241,3.024224879,0.524333410,3.034224192,0.569718241,3.024224879,first_gps,0.003839221,-0.137136925,nan,nan,nan,-0.007887943,0.238780016,0.238910267,0.000341749,0.082177242,0.082177952,0.000683498,0.164354484,0.164355905,0.983134479,0.093524655,-0.294845244,0.048889186,0.015636892,0.303428467
23.600000000,1779830080_5715,gps,True,False,True,True,1183,31c1594f7caae09c6975238b7b255ad5c765bc56640ec43b539fdb93165d94da,absolute,standard,0.644842488,2.391776146,0.602349584,2.923875538,0.471267987,3.037087755,0.602349584,2.923875538,first_gps,0.003839221,-0.137136925,nan,nan,nan,-0.003747386,-0.254224992,0.254252610,0.000336329,0.081032711,0.081033409,0.000672659,0.162065422,0.162066818,0.941443035,0.092214880,-0.290225641,0.043582644,0.054001075,0.303714824
23.650000000,1779830080_5715,gps,True,False,True,True,1183,31c1594f7caae09c6975238b7b255ad5c765bc56640ec43b539fdb93165d94da,absolute,standard,0.380402122,2.516029279,0.453740205,3.131578497,0.435852492,3.036281618,0.453740205,3.131578497,first_gps,0.003839221,-0.137136925,nan,nan,nan,-0.003453259,0.635388373,0.635397757,0.000345314,0.082931300,0.082932019,0.000690627,0.165862601,0.165864039,-0.990408686,0.094355821,-0.295130953,0.040041095,-0.008895579,0.303634210
23.703000000,1779830080_5715,gps,True,False,True,True,1183,31c1594f7caae09c6975238b7b255ad5c765bc56640ec43b539fdb93165d94da,absolute,standard,0.284651251,2.503482274,0.392922456,3.042318881,0.383055244,3.030392447,0.392922456,3.042318881,first_gps,0.003839221,-0.137136925,nan,nan,nan,-0.004179491,0.753214427,0.753226023,0.000338577,0.084196334,0.084197015,0.000677153,0.168392668,0.168394029,-0.945198025,0.095776156,-0.290738897,0.034761370,-0.050555699,0.303045293
23.750000000,1779830080_5715,gps,True,False,True,True,1183,31c1594f7caae09c6975238b7b255ad5c765bc56640ec43b539fdb93165d94da,absolute,standard,0.262275875,2.502409313,0.413542816,3.263835806,0.348338950,3.023376211,0.413542816,3.263835806,first_gps,0.003839221,-0.137136925,nan,nan,nan,-0.002271836,0.772920642,0.772923981,0.000335470,0.084303874,0.084304542,0.000670941,0.168607749,0.168609084,-0.941395348,0.095895621,-0.290262412,0.031289740,-0.054052909,0.302343669
23.801000000,1779830080_5715,gps,True,False,True,True,1183,31c1594f7caae09c6975238b7b255ad5c765bc56640ec43b539fdb93165d94da,absolute,standard,0.115359332,2.462563836,0.560805445,2.971769165,0.297392472,3.008295462,0.560805445,2.971769165,first_gps,0.003839221,-0.137136925,nan,nan,nan,-0.007170786,0.303597201,0.303681874,0.000330026,0.085463787,0.085464424,0.000660051,0.170927574,0.170928848,-0.899793461,0.097202583,-0.280706819,0.026195093,-0.091408586,0.300835594
23.853000000,1779830080_5715,gps,True,False,True,True,1183,31c1594f7caae09c6975238b7b255ad5c765bc56640ec43b539fdb93165d94da,absolute,standard,0.032966598,2.431860960,0.338069998,2.983471717,0.264443354,2.995276289,0.338069998,2.983471717,first_gps,0.003839221,-0.137136925,nan,nan,nan,-0.010529394,0.041147267,0.042473118,0.000290674,0.086078195,0.086078686,0.000581347,0.172156390,0.172157371,-0.877441295,0.097904797,-0.273593134,0.022900181,-0.110875369,0.299533677
23.900000000,1779830080_5715,gps,True,False,True,True,1183,31c1594f7caae09c6975238b7b255ad5c765bc56640ec43b539fdb93165d94da,absolute,standard,0.000810271,2.413066181,0.227626810,2.745769923,0.216952577,2.971464923,0.227626810,2.745769923,first_gps,0.003839221,-0.137136925,nan,nan,nan,-0.003796914,0.348035835,0.348056546,0.000281143,0.086813370,0.086813826,0.000562286,0.173626741,0.173627651,-0.851209136,0.098728904,-0.263551763,0.018151103,-0.133027719,0.297152540
23.950000000,1779830080_5715,gps,True,False,True,True,1183,31c1594f7caae09c6975238b7b255ad5c765bc56640ec43b539fdb93165d94da,absolute,standard,-0.065596880,2.377628327,0.194677240,2.922228138,0.186827178,2.952819803,0.194677240,2.922228138,first_gps,0.003839221,-0.137136925,nan,nan,nan,0.006130811,0.376761657,0.376811535,0.000291432,0.087984047,0.087984530,0.000582864,0.175968094,0.175969059,-0.807882284,0.100090057,-0.243191474,0.015138563,-0.167648746,0.295288028
24.000000000,1779830080_5715,gps,True,False,True,True,1183,31c1594f7caae09c6975238b7b255ad5c765bc56640ec43b539fdb93165d94da,absolute,standard,-0.097384303,2.350731714,0.245097905,2.955395472,0.158110332,2.932090319,0.245097905,2.955395472,first_gps,0.003839221,-0.137136925,nan,nan,nan,0.003066451,0.441818896,0.441829537,0.000312461,0.088465294,0.088465846,0.000624922,0.176930588,0.176931692,-0.790756297,0.100628086,-0.233647242,0.012266879,-0.180347856,0.293215080
24.050000000,1779830080_5715,gps,True,False,True,True,1183,31c1594f7caae09c6975238b7b255ad5c765bc56640ec43b539fdb93165d94da,absolute,standard,-0.163425547,2.313616639,0.100674677,3.021159892,0.117956479,2.897303876,0.100674677,3.021159892,first_gps,0.003839221,-0.137136925,nan,nan,nan,-0.002013222,0.072719346,0.072747208,0.000297164,0.088590848,0.088591347,0.000594328,0.177181697,0.177182693,-0.785667021,0.100787971,-0.230841077,0.008251493,-0.184145698,0.289736436
24.101000000,1779830080_5715,gps,True,False,True,True,1183,31c1594f7caae09c6975238b7b255ad5c765bc56640ec43b539fdb93165d94da,absolute,standard,-0.235982651,2.234517332,-0.020016986,2.945768234,0.081736135,2.858438072,-0.020016986,2.945768234,first_gps,0.003839221,-0.137136925,nan,nan,nan,-0.006952885,0.144955416,0.145122070,0.000285165,0.089983111,0.089983563,0.000570329,0.179966223,0.179967126,-0.735389149,0.102367496,-0.198903775,0.004629459,-0.218056253,0.285849855
24.150000000,1779830080_5715,gps,True,False,True,True,1183,31c1594f7caae09c6975238b7b255ad5c765bc56640ec43b539fdb93165d94da,absolute,standard,-0.277658999,2.175425899,0.094682566,2.827051065,0.059970699,2.830489478,0.094682566,2.827051065,first_gps,0.003839221,-0.137136925,nan,nan,nan,-0.009205934,0.203992125,0.204199746,0.000271137,0.090971825,0.090972229,0.000542274,0.181943649,0.181944457,-0.700467012,0.103464608,-0.173912293,0.002452915,-0.238632690,0.283054996
24.201000000,1779830080_5715,gps,True,False,True,True,1183,31c1594f7caae09c6975238b7b255ad5c765bc56640ec43b539fdb93165d94da,absolute,standard,-0.273860095,2.169105127,0.116819526,2.716078304,0.040236256,2.801068994,0.116819526,2.716078304,first_gps,0.003839221,-0.137136925,nan,nan,nan,0.003617730,0.311963142,0.311984118,0.000284726,0.091052960,0.091053405,0.000569452,0.182105920,0.182106810,-0.697890457,0.103545553,-0.171917982,0.000479471,-0.239952994,0.280112947
24.257000000,1779830080_5715,gps,True,False,True,True,1183,31c1594f7caae09c6975238b7b255ad5c765bc56640ec43b539fdb93165d94da,absolute,standard,-0.274870583,2.071643790,-0.003095287,2.718597558,0.014660598,2.754506652,-0.003095287,2.718597558,first_gps,0.003839221,-0.137136925,nan,nan,nan,-0.003786247,1.000000000,1.000000000,0.000287682,0.092801831,0.092802277,0.000575364,0.185603662,0.185604554,-0.635230298,0.105514080,-0.121632152,-0.002078095,-0.268866529,0.275456713
24.300000000,1779830080_5715,gps,True,False,True,True,1183,31c1594f7caae09c6975238b7b255ad5c765bc56640ec43b539fdb93165d94da,absolute,standard,-0.370750934,1.993733876,0.005170577,2.620948924,-0.005833015,2.705492837,0.005170577,2.620948924,first_gps,0.003839221,-0.137136925,nan,nan,nan,-0.002179016,0.159712953,0.159727816,0.000247370,0.093267574,0.093267902,0.000494740,0.186535147,0.186535803,-0.619028032,0.106023089,-0.107806199,-0.004127456,-0.274735423,0.270555332
24.358000000,1779830080_5715,gps,True,False,True,True,1183,31c1594f7caae09c6975238b7b255ad5c765bc56640ec43b539fdb93165d94da,absolute,standard,-0.391870170,1.927585805,0.063195290,2.638309580,-0.016556255,2.671732756,0.063195290,2.638309580,first_gps,0.003839221,-0.137136925,nan,nan,nan,-0.007230077,0.166206245,0.166363428,0.000217480,0.093998483,0.093998735,0.000434960,0.187996966,0.187997470,-0.592322540,0.106862067,-0.084435711,-0.005199780,-0.282908269,0.267179324
24.400000000,1779830080_5715,gps,True,False,True,True,1183,31c1594f7caae09c6975238b7b255ad5c765bc56640ec43b539fdb93165d94da,absolute,standard,-0.383993320,1.883966160,-0.001851508,2.633103886,-0.028088886,2.619873269,-0.001851508,2.633103886,first_gps,0.003839221,-0.137136925,nan,nan,nan,-0.016313657,0.454174948,0.454467841,0.000176332,0.094134487,0.094134653,0.000352664,0.188268975,0.188269305,-0.587229481,0.107022070,-0.079896150,-0.006353043,-0.284214728,0.261993375
24.465000000,1779830080_5715,gps,True,False,True,True,1183,31c1594f7caae09c6975238b7b255ad5c765bc56640ec43b539fdb93165d94da,absolute,standard,-0.346847450,1.803493672,-0.060370429,2.662029035,-0.034053238,2.567083034,-0.060370429,2.662029035,first_gps,0.003839221,-0.137136925,nan,nan,nan,-0.004529716,1.000000000,1.000000000,0.000168202,0.095456633,0.095456781,0.000336403,0.190913266,0.190913562,-0.539216241,0.108530450,-0.036292313,-0.006949478,-0.293085057,0.256714352
24.500000000,1779830080_5715,gps,True,False,True,True,1183,31c1594f7caae09c6975238b7b255ad5c765bc56640ec43b539fdb93165d94da,absolute,standard,-0.424744645,1.725820001,-0.107875891,2.588726970,-0.034931688,2.531659729,-0.107875891,2.588726970,first_gps,0.003839221,-0.137136925,nan,nan,nan,0.001324019,-0.092383783,0.092393270,0.000175360,0.095949745,0.095949905,0.000350721,0.191899489,0.191899810,-0.521984747,0.109071794,-0.020383881,-0.007037323,-0.294662046,0.253172021
24.556000000,1779830080_5715,gps,True,False,True,True,1183,31c1594f7caae09c6975238b7b255ad5c765bc56640ec43b539fdb93165d94da,absolute,standard,-0.410938351,1.637532393,0.087885941,2.570605047,-0.031530592,2.478659702,0.087885941,2.570605047,first_gps,0.003839221,-0.137136925,nan,nan,nan,-0.002908729,0.239955681,0.239973310,0.000156095,0.096918956,0.096919081,0.000312190,0.193837911,0.193838163,-0.486856033,0.110175395,0.012185318,-0.006697214,-0.294926357,0.247872018
24.613000000,1779830080_5715,gps,True,False,True,True,1183,31c1594f7caae09c6975238b7b255ad5c765bc56640ec43b539fdb93165d94da,absolute,standard,-0.413571223,1.619923419,0.053390252,2.548619938,-0.029764236,2.461024172,0.053390252,2.548619938,first_gps,0.003839221,-0.137136925,nan,nan,nan,0.009206465,-0.180851314,0.181085495,0.000166245,0.097034489,0.097034631,0.000332490,0.194068978,0.194069263,-0.482704875,0.110305807,0.016042228,-0.006520578,-0.294960201,0.246108465
24.658000000,1779830080_5715,gps,True,False,True,True,1183,31c1594f7caae09c6975238b7b255ad5c765bc56640ec43b539fdb93165d94da,absolute,standard,-0.427353089,1.577718503,-0.012079477,2.436499434,-0.024472879,2.408146799,-0.012079477,2.436499434,first_gps,0.003839221,-0.137136925,nan,nan,nan,-0.001147626,-0.009871368,0.009937854,0.000144601,0.096965526,0.096965633,0.000289202,0.193931051,0.193931267,-0.484987629,0.110234092,0.013912358,-0.005991442,-0.294767360,0.240820728
24.706000000,1779830080_5715,gps,True,False,True,True,1183,31c1594f7caae09c6975238b7b255ad5c765bc56640ec43b539fdb93165d94da,absolute,standard,-0.425238985,1.558393144,-0.137337893,2.325137256,-0.019191359,2.355257596,-0.137337893,2.325137256,first_gps,0.003839221,-0.137136925,nan,nan,nan,0.003986724,-0.010048896,0.010810841,0.000156762,0.096738712,0.096738839,0.000313524,0.193477425,0.193477679,-0.493246786,0.109974623,0.006262886,-0.005463290,-0.295154175,0.235531808
24.752000000,1779830080_5715,gps,True,False,True,True,1183,31c1594f7caae09c6975238b7b255ad5c765bc56640ec43b539fdb93165d94da,absolute,standard,-0.390116136,1.503129796,0.049907847,2.355595647,-0.015673454,2.320001990,0.049907847,2.355595647,first_gps,0.003839221,-0.137136925,nan,nan,nan,-0.002795358,0.418590991,0.418600325,0.000152290,0.097408458,0.097408577,0.000304579,0.194816916,0.194817154,-0.469217496,0.110729526,0.028500455,-0.005111500,-0.293792811,0.232006247
24.801000000,1779830080_5715,gps,True,False,True,True,1183,31c1594f7caae09c6975238b7b255ad5c765bc56640ec43b539fdb93165d94da,absolute,standard,-0.413246796,1.465135378,-0.029281888,2.385754769,-0.010388344,2.267124254,-0.029281888,2.385754769,first_gps,0.003839221,-0.137136925,nan,nan,nan,-0.003598945,0.092823692,0.092893435,0.000202587,0.097267036,0.097267247,0.000405174,0.194534072,0.194534493,-0.473530121,0.110594040,0.024518931,-0.004582989,-0.294169073,0.226718473
24.850000000,1779830080_5715,gps,True,False,True,True,1183,31c1594f7caae09c6975238b7b255ad5c765bc56640ec43b539fdb93165d94da,absolute,standard,-0.391223111,1.474566055,-0.023787849,2.244316181,-0.006877971,2.231862465,-0.023787849,2.244316181,first_gps,0.003839221,-0.137136925,nan,nan,nan,0.006874941,-0.512072531,0.512118679,0.000215508,0.096666387,0.096666628,0.000431016,0.193332775,0.193333255,-0.494797834,0.109925896,0.004826067,-0.004231952,-0.295270845,0.223192295
24.900000000,1779830080_5715,gps,True,False,True,True,1183,31c1594f7caae09c6975238b7b255ad5c765bc56640ec43b539fdb93165d94da,absolute,standard,-0.398505490,1.428381457,0.082686406,2.070459750,-0.003374215,2.196606228,0.082686406,2.070459750,first_gps,0.003839221,-0.137136925,nan,nan,nan,0.005695445,0.195429225,0.195512199,0.000226047,0.097255336,0.097255598,0.000452093,0.194510671,0.194511197,-0.473713353,0.110588284,0.024338868,-0.003881576,-0.294053581,0.219666671
24.950000000,1779830080_5715,gps,True,False,True,True,1183,31c1594f7caae09c6975238b7b255ad5c765bc56640ec43b539fdb93165d94da,absolute,standard,-0.408799535,1.419679911,0.069355155,2.277382255,0.000622543,2.143612943,0.069355155,2.277382255,first_gps,0.003839221,-0.137136925,nan,nan,nan,0.006355998,-0.149383763,0.149518920,0.000238691,0.096630380,0.096630674,0.000477381,0.193260759,0.193261349,-0.496048553,0.109886603,0.003666177,-0.003481900,-0.295314702,0.214367342
25.000000000,1779830080_5715,gps,True,False,True,True,1183,31c1594f7caae09c6975238b7b255ad5c765bc56640ec43b539fdb93165d94da,absolute,standard,-0.401044194,1.352978354,0.091509072,2.176896025,0.002862240,2.108259797,0.091509072,2.176896025,first_gps,0.003839221,-0.137136925,nan,nan,nan,0.001087514,0.132199263,0.132203736,0.000252968,0.097420210,0.097420539,0.000505936,0.194840421,0.194841078,-0.467815308,0.110773577,0.029804460,-0.003257931,-0.293763948,0.210832028
25.052000000,1779830080_5715,gps,True,False,True,True,1183,31c1594f7caae09c6975238b7b255ad5c765bc56640ec43b539fdb93165d94da,absolute,standard,-0.411047844,1.328341126,0.138762244,2.156191712,0.006208189,2.055213909,0.138762244,2.156191712,first_gps,0.003839221,-0.137136925,nan,nan,nan,0.000767612,-0.011247223,0.011273387,0.000276051,0.097137270,0.097137662,0.000552102,0.194274539,0.194275324,-0.477627061,0.110465331,0.020727769,-0.002923336,-0.294417522,0.205527439
25.100000000,1779830080_5715,gps,True,False,True,True,1183,31c1594f7caae09c6975238b7b255ad5c765bc56640ec43b539fdb93165d94da,absolute,standard,-0.399903760,1.402715140,-0.123985778,1.981558514,0.006564531,2.019784291,-0.123985778,1.981558514,first_gps,0.003839221,-0.137136925,nan,nan,nan,-0.000496248,-0.356757469,0.356757814,0.000275489,0.095291448,0.095291846,0.000550978,0.190582896,0.190583692,-0.544263745,0.108371878,-0.040947415,-0.002887701,-0.292560978,0.201984477
25.151000000,1779830080_5715,gps,True,False,True,True,1183,31c1594f7caae09c6975238b7b255ad5c765bc56640ec43b539fdb93165d94da,absolute,standard,-0.384681463,1.266976213,0.140361704,2.027360368,0.006159048,1.966644535,0.140361704,2.027360368,first_gps,0.003839221,-0.137136925,nan,nan,nan,-0.008945106,0.434605004,0.434697049,0.000216591,0.097141987,0.097142228,0.000433183,0.194283974,0.194284456,-0.476566928,0.110498636,0.021729544,-0.002928250,-0.294636101,0.196670502
25.200000000,1779830080_5715,gps,True,False,True,True,1183,31c1594f7caae09c6975238b7b255ad5c765bc56640ec43b539fdb93165d94da,absolute,standard,-0.417106334,1.284629060,-0.065245875,1.761009663,0.005753627,1.913491987,-0.065245875,1.761009663,first_gps,0.003839221,-0.137136925,nan,nan,nan,-0.002189078,0.093958201,0.093983698,0.000208235,0.096083268,0.096083494,0.000416470,0.192166536,0.192166987,-0.515080199,0.109288706,-0.013990328,-0.002968792,-0.295084139,0.191355247
25.252000000,1779830080_5715,gps,True,False,True,True,1183,31c1594f7caae09c6975238b7b255ad5c765bc56640ec43b539fdb93165d94da,absolute,standard,-0.404974401,1.303953956,0.076458966,2.036649461,0.005469997,1.878058388,0.076458966,2.036649461,first_gps,0.003839221,-0.137136925,nan,nan,nan,0.000170561,-0.383387617,0.383387655,0.000186456,0.095189863,0.095190046,0.000372912,0.190379727,0.190380092,-0.547815521,0.108260296,-0.044205220,-0.002997155,-0.292059170,0.187811887
25.300000000,1779830080_5715,gps,True,False,True,True,1183,31c1594f7caae09c6975238b7b255ad5c765bc56640ec43b539fdb93165d94da,absolute,standard,-0.393821919,1.232745165,-0.211526789,1.805534136,0.005197219,1.842642008,-0.211526789,1.805534136,first_gps,0.003839221,-0.137136925,nan,nan,nan,0.004501936,0.352268381,0.352297146,0.000206314,0.096381436,0.096381657,0.000412627,0.192762873,0.192763315,-0.504022686,0.109636088,-0.003732985,-0.003024433,-0.295370492,0.184270249
25.351000000,1779830080_5715,gps,True,False,True,True,1183,31c1594f7caae09c6975238b7b255ad5c765bc56640ec43b539fdb93165d94da,absolute,standard,-0.400685890,1.202016961,-0.086826828,2.094474873,0.004791495,1.789494009,-0.086826828,2.094474873,first_gps,0.003839221,-0.137136925,nan,nan,nan,0.003882781,0.282278416,0.282305119,0.000201243,0.096203900,0.096204110,0.000402486,0.192407800,0.192408221,-0.509689283,0.109458067,-0.008986077,-0.003065005,-0.295117127,0.178955449
25.404000000,1779830080_5715,gps,True,False,True,True,1183,31c1594f7caae09c6975238b7b255ad5c765bc56640ec43b539fdb93165d94da,absolute,standard,-0.425406091,1.158113211,0.162671914,1.693199679,0.004381517,1.736356409,0.162671914,1.693199679,first_gps,0.003839221,-0.137136925,nan,nan,nan,-0.006973748,-0.020038747,0.021217552,0.000211163,0.096043008,0.096043240,0.000422326,0.192086015,0.192086479,-0.516351056,0.109248781,-0.015155830,-0.003106003,-0.294782581,0.173641689
25.450000000,1779830080_5715,gps,True,False,True,True,1183,31c1594f7caae09c6975238b7b255ad5c765bc56640ec43b539fdb93165d94da,absolute,standard,-0.392733906,1.134606677,-0.238550180,1.834286480,0.004111983,1.700917897,-0.238550180,1.834286480,first_gps,0.003839221,-0.137136925,nan,nan,nan,-0.002905741,0.404896717,0.404907143,0.000203593,0.096312725,0.096312940,0.000407186,0.192625450,0.192625880,-0.506281923,0.109565112,-0.005826539,-0.003132956,-0.295196903,0.170097838
25.500000000,1779830080_5715,gps,True,False,True,True,1183,31c1594f7caae09c6975238b7b255ad5c765bc56640ec43b539fdb93165d94da,absolute,standard,-0.411660761,1.125284527,-0.172021640,1.606988794,0.003852037,1.665483908,-0.172021640,1.606988794,first_gps,0.003839221,-0.137136925,nan,nan,nan,0.004305520,-0.235870403,0.235909696,0.000204035,0.095867623,0.095867840,0.000408071,0.191735246,0.191735681,-0.521777997,0.109078289,-0.020189727,-0.003158951,-0.294634944,0.166554439
25.550000000,1779830080_5715,gps,True,False,True,True,1183,31c1594f7caae09c6975238b7b255ad5c765bc56640ec43b539fdb93165d94da,absolute,standard,-0.412393208,1.048027968,0.091447416,1.574351223,0.003444704,1.612338645,0.091447416,1.574351223,first_gps,0.003839221,-0.137136925,nan,nan,nan,0.002510386,0.096121694,0.096154470,0.000213638,0.096720215,0.096720451,0.000427276,0.193440430,0.193440902,-0.491992652,0.110014023,0.007427874,-0.003199684,-0.295212186,0.161239913
25.600000000,1779830080_5715,gps,True,False,True,True,1183,31c1594f7caae09c6975238b7b255ad5c765bc56640ec43b539fdb93165d94da,absolute,standard,-0.367510257,1.038263139,0.000072690,1.500935219,0.003169726,1.576915534,0.000072690,1.500935219,first_gps,0.003839221,-0.137136925,nan,nan,nan,0.005564130,0.634539339,0.634563733,0.000203607,0.096773549,0.096773763,0.000407215,0.193547097,0.193547526,-0.488488229,0.110124118,0.010675942,-0.003227182,-0.295069826,0.157697601
25.650000000,1779830080_5715,gps,True,False,True,True,1183,31c1594f7caae09c6975238b7b255ad5c765bc56640ec43b539fdb93165d94da,absolute,standard,-0.404510296,1.022042361,-0.097086732,1.398175116,0.002751139,1.523770705,-0.097086732,1.398175116,first_gps,0.003839221,-0.137136925,nan,nan,nan,-0.003691111,-0.419793799,0.419810026,0.000193415,0.095819269,0.095819464,0.000386829,0.191638538,0.191638928,-0.522901587,0.109042990,-0.021226829,-0.003269041,-0.294523130,0.152383119
25.700000000,1779830080_5715,gps,True,False,True,True,1183,31c1594f7caae09c6975238b7b255ad5c765bc56640ec43b539fdb93165d94da,absolute,standard,-0.382595371,0.960313003,-0.048646741,1.476786854,0.002452386,1.488334096,-0.048646741,1.476786854,first_gps,0.003839221,-0.137136925,nan,nan,nan,0.002347664,0.431927313,0.431933693,0.000214625,0.096948786,0.096949023,0.000429250,0.193897572,0.193898047,-0.482092447,0.110325047,0.016607465,-0.003298916,-0.294889085,0.148839458
25.750000000,1779830080_5715,gps,True,False,True,True,1183,31c1594f7caae09c6975238b7b255ad5c765bc56640ec43b539fdb93165d94da,absolute,standard,-0.407776023,0.975047558,-0.036237884,1.503031319,0.001993581,1.435200471,-0.036237884,1.503031319,first_gps,0.003839221,-0.137136925,nan,nan,nan,0.001490007,-0.307405053,0.307408664,0.000206337,0.095695182,0.095695404,0.000412673,0.191390364,0.191390809,-0.526759501,0.108921790,-0.024774900,-0.003344796,-0.294008057,0.143526095
25.810000000,1779830080_5715,gps,True,False,True,True,1183,31c1594f7caae09c6975238b7b255ad5c765bc56640ec43b539fdb93165d94da,absolute,standard,-0.412986671,0.907359141,-0.008261420,1.653760793,0.001535826,1.382046460,-0.008261420,1.653760793,first_gps,0.003839221,-0.137136925,nan,nan,nan,0.001572357,-0.140144954,0.140153774,0.000215628,0.096313735,0.096313976,0.000431255,0.192627469,0.192627952,-0.503498869,0.109652545,-0.003246206,-0.003390572,-0.295312003,0.138210694
25.850000000,1779830080_5715,gps,True,False,True,True,1183,31c1594f7caae09c6975238b7b255ad5c765bc56640ec43b539fdb93165d94da,absolute,standard,-0.424744415,0.907042027,-0.093575570,1.365621309,0.001223306,1.346615650,-0.093575570,1.365621309,first_gps,0.003839221,-0.137136925,nan,nan,nan,-0.011527031,0.031645188,0.033679228,0.000197567,0.095719871,0.095720075,0.000395134,0.191439742,0.191440149,-0.525929994,0.108947850,-0.024039052,-0.003421824,-0.294444137,0.134667613
25.900000000,1779830080_5715,gps,True,False,True,True,1183,31c1594f7caae09c6975238b7b255ad5c765bc56640ec43b539fdb93165d94da,absolute,standard,-0.405307357,0.901034446,-0.043045915,1.484879689,0.000899864,1.311189181,-0.043045915,1.484879689,first_gps,0.003839221,-0.137136925,nan,nan,nan,-0.001436946,-0.376542861,0.376545603,0.000191734,0.095481520,0.095481713,0.000383468,0.190963040,0.190963425,-0.535081504,0.108660347,-0.032471317,-0.003454168,-0.293432638,0.131124966
25.950000000,1779830080_5715,gps,True,False,True,True,1183,31c1594f7caae09c6975238b7b255ad5c765bc56640ec43b539fdb93165d94da,absolute,standard,-0.406579888,0.836582991,-0.101809246,1.419524515,0.000425275,1.258044714,-0.101809246,1.419524515,first_gps,0.003839221,-0.137136925,nan,nan,nan,0.005132971,-0.239240668,0.239295726,0.000210726,0.096194110,0.096194341,0.000421452,0.192388221,0.192388682,-0.509516502,0.109463495,-0.008823049,-0.003501627,-0.295027200,0.125810520
26.001000000,1779830080_5715,gps,True,False,True,True,1183,31c1594f7caae09c6975238b7b255ad5c765bc56640ec43b539fdb93165d94da,absolute,standard,-0.382580539,0.813390227,-0.067547441,1.330418183,-0.000055284,1.204901072,-0.067547441,1.330418183,first_gps,0.003839221,-0.137136925,nan,nan,nan,0.000198781,-0.758000819,0.758000845,0.000187322,0.095779992,0.095780175,0.000374644,0.191559983,0.191560350,-0.523757046,0.109016115,-0.022014780,-0.003549683,-0.294418166,0.120496155
26.052000000,1779830080_5715,gps,True,False,True,True,1183,31c1594f7caae09c6975238b7b255ad5c765bc56640ec43b539fdb93165d94da,absolute,standard,-0.396078030,0.783794132,0.122723445,1.146210199,-0.000391867,1.169476634,0.122723445,1.146210199,first_gps,0.003839221,-0.137136925,nan,nan,nan,0.008013792,-0.433339921,0.433414014,0.000186429,0.096055197,0.096055378,0.000372857,0.192110395,0.192110756,-0.512996695,0.109354161,-0.012049603,-0.003583341,-0.294950069,0.116953711
26.101000000,1779830080_5715,gps,True,False,True,True,1183,31c1594f7caae09c6975238b7b255ad5c765bc56640ec43b539fdb93165d94da,absolute,standard,-0.415394648,0.739943418,0.109036738,1.375532536,-0.000897375,1.116325996,0.109036738,1.375532536,first_gps,0.003839221,-0.137136925,nan,nan,nan,-0.002207102,-0.100428561,0.100452811,0.000166120,0.096079307,0.096079451,0.000332240,0.192158615,0.192158902,-0.511575447,0.109398811,-0.010733910,-0.003633892,-0.295038596,0.111638648
26.150000000,1779830080_5715,gps,True,False,True,True,1183,31c1594f7caae09c6975238b7b255ad5c765bc56640ec43b539fdb93165d94da,absolute,standard,-0.397885095,0.719963434,-0.127056497,1.150652185,-0.001228168,1.080897000,-0.127056497,1.150652185,first_gps,0.003839221,-0.137136925,nan,nan,nan,-0.003517631,-0.477858362,0.477871309,0.000138578,0.095934816,0.095934917,0.000277155,0.191869633,0.191869833,-0.517373436,0.109216662,-0.016105919,-0.003666971,-0.294793812,0.108095748
26.201000000,1779830080_5715,gps,True,False,True,True,1183,31c1594f7caae09c6975238b7b255ad5c765bc56640ec43b539fdb93165d94da,absolute,standard,-0.365554681,0.663720509,-0.000898252,1.064445732,-0.001551071,1.045460848,-0.000898252,1.064445732,first_gps,0.003839221,-0.137136925,nan,nan,nan,0.001240823,0.581902352,0.581903675,0.000141557,0.097049525,0.097049628,0.000283114,0.194099050,0.194099257,-0.477632623,0.110465157,0.020741785,-0.003699262,-0.294690111,0.104552133
26.250000000,1779830080_5715,gps,True,False,True,True,1183,31c1594f7caae09c6975238b7b255ad5c765bc56640ec43b539fdb93165d94da,absolute,standard,-0.409488615,0.656084418,-0.001219263,0.844015563,-0.002031872,0.992315613,-0.001219263,0.844015563,first_gps,0.003839221,-0.137136925,nan,nan,nan,0.005158113,0.070449386,0.070637965,0.000158593,0.096356365,0.096356496,0.000317186,0.192712730,0.192712991,-0.502352357,0.109688563,-0.002182723,-0.003747342,-0.295350392,0.099237609
26.301000000,1779830080_5715,gps,True,False,True,True,1183,31c1594f7caae09c6975238b7b255ad5c765bc56640ec43b539fdb93165d94da,absolute,standard,-0.399874989,0.619570322,0.076330530,1.182972206,-0.002503880,0.939175513,0.076330530,1.182972206,first_gps,0.003839221,-0.137136925,nan,nan,nan,-0.005040221,0.217576515,0.217634886,0.000145197,0.096292917,0.096293026,0.000290394,0.192585833,0.192586052,-0.504141899,0.109632343,-0.003842759,-0.003794543,-0.295303990,0.093923599
26.353000000,1779830080_5715,gps,True,False,True,True,1183,31c1594f7caae09c6975238b7b255ad5c765bc56640ec43b539fdb93165d94da,absolute,standard,-0.395486534,0.606392108,0.003331942,0.803249265,-0.002812411,0.903738229,0.003331942,0.803249265,first_gps,0.003839221,-0.137136925,nan,nan,nan,-0.003581849,0.271623561,0.271647177,0.000145521,0.096186999,0.096187109,0.000291042,0.192373997,0.192374217,-0.508608414,0.109492023,-0.007991241,-0.003825396,-0.295416909,0.090379871
26.401000000,1779830080_5715,gps,True,False,True,True,1183,31c1594f7caae09c6975238b7b255ad5c765bc56640ec43b539fdb93165d94da,absolute,standard,-0.409127995,0.578158677,-0.016840094,1.011513734,-0.003108932,0.868327735,-0.016840094,1.011513734,first_gps,0.003839221,-0.137136925,nan,nan,nan,0.006468750,0.019322927,0.020376953,0.000165081,0.096389358,0.096389500,0.000330162,0.192778717,0.192779000,-0.501909592,0.109702473,-0.001770110,-0.003855048,-0.295056047,0.086838822
26.452000000,1779830080_5715,gps,True,False,True,True,1183,31c1594f7caae09c6975238b7b255ad5c765bc56640ec43b539fdb93165d94da,absolute,standard,-0.396994592,0.544000737,-0.062883773,0.509511675,-0.003536141,0.815176297,-0.062883773,0.509511675,first_gps,0.003839221,-0.137136925,nan,nan,nan,0.001181572,0.164083429,0.164087683,0.000178375,0.096424995,0.096425160,0.000356750,0.192849991,0.192850321,-0.501036173,0.109729912,-0.000960772,-0.003897769,-0.295145765,0.081523678
26.500000000,1779830080_5715,gps,True,False,True,True,1183,31c1594f7caae09c6975238b7b255ad5c765bc56640ec43b539fdb93165d94da,absolute,standard,-0.394997490,0.508876810,-0.219889460,1.001469555,-0.003819454,0.779740195,-0.219889460,1.001469555,first_gps,0.003839221,-0.137136925,nan,nan,nan,0.000805793,0.159434432,0.159436468,0.000167867,0.096659923,0.096660069,0.000335733,0.193319845,0.193320137,-0.492101609,0.110010600,0.007327455,-0.003926100,-0.295240232,0.077980068
26.552000000,1779830080_5715,gps,True,False,True,True,1183,31c1594f7caae09c6975238b7b255ad5c765bc56640ec43b539fdb93165d94da,absolute,standard,-0.395080015,0.483363419,-0.071694774,0.868725960,-0.004249621,0.726587806,-0.071694774,0.868725960,first_gps,0.003839221,-0.137136925,nan,nan,nan,0.005901901,0.119322067,0.119467938,0.000185143,0.096589528,0.096589706,0.000370285,0.193179056,0.193179411,-0.493683690,0.109960897,0.005861936,-0.003969117,-0.295372987,0.072664829
26.602000000,1779830080_5715,gps,True,False,True,True,1183,31c1594f7caae09c6975238b7b255ad5c765bc56640ec43b539fdb93165d94da,absolute,standard,-0.348203565,0.431337539,0.189464984,0.478566715,-0.004680176,0.673451184,0.189464984,0.478566715,first_gps,0.003839221,-0.137136925,nan,nan,nan,-0.002060011,0.635427486,0.635430826,0.000170745,0.097084298,0.097084448,0.000341490,0.194168597,0.194168897,-0.475331289,0.110537455,0.022853805,-0.004012172,-0.294300834,0.067351166
26.650000000,1779830080_5715,gps,True,False,True,True,1183,31c1594f7caae09c6975238b7b255ad5c765bc56640ec43b539fdb93165d94da,absolute,standard,-0.391703101,0.467157305,0.111512681,0.636538907,-0.004968204,0.638018843,0.111512681,0.636538907,first_gps,0.003839221,-0.137136925,nan,nan,nan,-0.001664861,-0.355115546,0.355119449,0.000175972,0.095562743,0.095562905,0.000351945,0.191125487,0.191125811,-0.529394914,0.108838996,-0.027225616,-0.004040975,-0.293980579,0.063807932
26.705000000,1779830080_5715,gps,True,False,True,True,1183,31c1594f7caae09c6975238b7b255ad5c765bc56640ec43b539fdb93165d94da,absolute,standard,-0.373465466,0.387059569,0.022419645,0.500243291,-0.005387988,0.584872495,0.022419645,0.500243291,first_gps,0.003839221,-0.137136925,nan,nan,nan,0.002025607,0.309509235,0.309515864,0.000182805,0.096824911,0.096825084,0.000365611,0.193649822,0.193650167,-0.484348207,0.110254180,0.014515390,-0.004082953,-0.294960969,0.058493298
26.750000000,1779830080_5715,gps,True,False,True,True,1183,31c1594f7caae09c6975238b7b255ad5c765bc56640ec43b539fdb93165d94da,absolute,standard,-0.389693176,0.402576394,0.014587068,0.626864914,-0.005661162,0.549450876,0.014587068,0.626864914,first_gps,0.003839221,-0.137136925,nan,nan,nan,0.008878612,-0.217877695,0.218058524,0.000211476,0.096062361,0.096062594,0.000422951,0.192124722,0.192125188,-0.511675892,0.109395656,-0.010828245,-0.004110271,-0.295068790,0.054951136
26.800000000,1779830080_5715,gps,True,False,True,True,1183,31c1594f7caae09c6975238b7b255ad5c765bc56640ec43b539fdb93165d94da,absolute,standard,-0.353549790,0.416097319,-0.051360433,0.468997731,-0.005926900,0.514017659,-0.051360433,0.468997731,first_gps,0.003839221,-0.137136925,nan,nan,nan,-0.002305942,-1.000000000,1.000000000,0.000219203,0.095074495,0.095074748,0.000438406,0.190148991,0.190149496,-0.546395968,0.108304892,-0.042857840,-0.004136845,-0.291950537,0.051407814
26.851000000,1779830080_5715,gps,True,False,True,True,1183,31c1594f7caae09c6975238b7b255ad5c765bc56640ec43b539fdb93165d94da,absolute,standard,-0.370571844,0.306630752,0.080975191,0.549996389,-0.002555038,0.460999733,0.080975191,0.549996389,first_gps,0.003839221,-0.137136925,nan,nan,nan,-0.010111019,0.277096427,0.277280837,0.000214184,0.096750456,0.096750693,0.000428368,0.193500912,0.193501386,-0.485137888,0.110229372,0.013779079,-0.003799658,-0.294899484,0.046106021
26.900000000,1779830080_5715,gps,True,False,True,True,1183,31c1594f7caae09c6975238b7b255ad5c765bc56640ec43b539fdb93165d94da,absolute,standard,-0.379648135,0.271370204,-0.133468151,0.543053348,0.006415380,0.408635448,-0.133468151,0.543053348,first_gps,0.003839221,-0.137136925,nan,nan,nan,-0.002976096,-0.127418398,0.127453150,0.000197073,0.096832797,0.096832998,0.000394147,0.193665594,0.193665995,-0.482832019,0.110301813,0.015915345,-0.002902617,-0.294798692,0.040869593
26.950000000,1779830080_5715,gps,True,False,True,True,1183,31c1594f7caae09c6975238b7b255ad5c765bc56640ec43b539fdb93165d94da,absolute,standard,-0.347235762,0.166966648,-0.009340813,0.373357618,0.015450142,0.374381631,-0.009340813,0.373357618,first_gps,0.003839221,-0.137136925,nan,nan,nan,-0.007442366,0.120861669,0.121090593,0.000167750,0.098624883,0.098625025,0.000335501,0.197249765,0.197250051,-0.418762884,0.112314604,0.074555318,-0.001999140,-0.285758490,0.037444211
27.001000000,1779830080_5715,gps,True,False,True,True,1183,31c1594f7caae09c6975238b7b255ad5c765bc56640ec43b539fdb93165d94da,absolute,standard,-0.300128234,0.106685779,0.144327665,0.314170652,0.026890982,0.340861019,0.144327665,0.314170652,first_gps,0.003839221,-0.137136925,nan,nan,nan,-0.000971364,0.316809491,0.316810980,0.000172924,0.099740034,0.099740184,0.000345848,0.199480069,0.199480369,-0.378664609,0.113574328,0.109825879,-0.000855056,-0.274024177,0.034092150
27.050000000,1779830080_5715,gps,True,False,True,True,1183,31c1594f7caae09c6975238b7b255ad5c765bc56640ec43b539fdb93165d94da,absolute,standard,-0.270886924,0.049716645,-0.027507619,0.272805897,0.048434288,0.292290977,-0.027507619,0.272805897,first_gps,0.003839221,-0.137136925,nan,nan,nan,-0.005090828,0.386109638,0.386143197,0.000149918,0.100304909,0.100305021,0.000299836,0.200609819,0.200610043,-0.357893320,0.114226878,0.127456475,0.001299274,-0.266270179,0.029235146
27.100000000,1779830080_5715,gps,True,False,True,True,1183,31c1594f7caae09c6975238b7b255ad5c765bc56640ec43b539fdb93165d94da,absolute,standard,-0.261351883,0.008973568,-0.057028036,0.106089614,0.065608445,0.261306181,-0.057028036,0.106089614,first_gps,0.003839221,-0.137136925,nan,nan,nan,-0.005125749,0.245916186,0.245969599,0.000143811,0.100785462,0.100785565,0.000287621,0.201570924,0.201571130,-0.339900601,0.114792136,0.142397319,0.003016690,-0.258828276,0.026136666
27.151000000,1779830080_5715,gps,True,False,True,True,1183,31c1594f7caae09c6975238b7b255ad5c765bc56640ec43b539fdb93165d94da,absolute,standard,-0.238608392,-0.046367261,0.018006055,0.087990648,0.095370850,0.217304434,0.018006055,0.087990648,first_gps,0.003839221,-0.137136925,nan,nan,nan,-0.003137606,0.083629019,0.083687857,0.000136225,0.101522383,0.101522474,0.000272450,0.203044766,0.203044949,-0.312774078,0.115644341,0.163771760,0.005992930,-0.245559212,0.021736491
27.202000000,1779830080_5715,gps,True,False,True,True,1183,31c1594f7caae09c6975238b7b255ad5c765bc56640ec43b539fdb93165d94da,absolute,standard,-0.094404736,-0.128406830,0.228054594,0.153725132,0.129649753,0.176725190,0.228054594,0.153725132,first_gps,0.003839221,-0.137136925,nan,nan,nan,0.004743407,0.745355013,0.745370106,0.000141149,0.103497907,0.103498003,0.000282297,0.206995813,0.206996006,-0.242215825,0.117860993,0.213722613,0.009420821,-0.203517104,0.017678567
27.250000000,1779830080_5715,gps,True,False,True,True,1183,31c1594f7caae09c6975238b7b255ad5c765bc56640ec43b539fdb93165d94da,absolute,standard,-0.165968670,-0.132999504,0.216057199,0.182488519,0.154816240,0.151788700,0.216057199,0.182488519,first_gps,0.003839221,-0.137136925,nan,nan,nan,0.002690213,0.031929123,0.032042255,0.000141253,0.103032890,0.103032987,0.000282506,0.206065780,0.206065973,-0.259892716,0.117305657,0.202128926,0.011937469,-0.215100115,0.015184918
27.300000000,1779830080_5715,gps,True,False,True,True,1183,31c1594f7caae09c6975238b7b255ad5c765bc56640ec43b539fdb93165d94da,absolute,standard,-0.050876689,-0.191036334,-0.002810771,0.022788836,0.181685458,0.128700899,-0.002810771,0.022788836,first_gps,0.003839221,-0.137136925,nan,nan,nan,-0.007337863,0.673090235,0.673130232,0.000146740,0.104268471,0.104268574,0.000293480,0.208536942,0.208537148,-0.215385973,0.118703878,0.230136133,0.014624391,-0.184832421,0.012876138
27.350000000,1779830080_5715,gps,True,False,True,True,1183,31c1594f7caae09c6975238b7b255ad5c765bc56640ec43b539fdb93165d94da,absolute,standard,-0.077201315,-0.204529243,0.173393609,0.121546570,0.224878238,0.097776794,0.173393609,0.121546570,first_gps,0.003839221,-0.137136925,nan,nan,nan,0.000312687,-0.292286194,0.292286362,0.000152908,0.104317182,0.104317294,0.000305815,0.208634365,0.208634589,-0.214918324,0.118718570,0.230381451,0.018943669,-0.184473310,0.009783728
27.400000000,1779830080_5715,gps,True,False,True,True,1183,31c1594f7caae09c6975238b7b255ad5c765bc56640ec43b539fdb93165d94da,absolute,standard,0.045031840,-0.269369109,0.308248350,0.029240338,0.271106760,0.071595164,0.308248350,0.029240338,first_gps,0.003839221,-0.137136925,nan,nan,nan,-0.000061860,0.431050050,0.431050055,0.000141633,0.106095542,0.106095636,0.000283267,0.212191084,0.212191273,-0.151307948,0.120716949,0.262503869,0.023566521,-0.135113932,0.007165564
27.450000000,1779830080_5715,gps,True,False,True,True,1183,31c1594f7caae09c6975238b7b255ad5c765bc56640ec43b539fdb93165d94da,absolute,standard,0.102949102,-0.297263938,0.208244947,0.051267810,0.303357622,0.056917880,0.208244947,0.051267810,first_gps,0.003839221,-0.137136925,nan,nan,nan,0.000294741,0.426157836,0.426157938,0.000149514,0.107012096,0.107012200,0.000299028,0.214024191,0.214024400,-0.118367554,0.121751802,0.275109116,0.026791608,-0.107294636,0.005697836
27.504000000,1779830080_5715,gps,True,False,True,True,1183,31c1594f7caae09c6975238b7b255ad5c765bc56640ec43b539fdb93165d94da,absolute,standard,0.174012137,-0.314182433,0.315599603,0.269014671,0.336549146,0.044558360,0.315599603,0.269014671,first_gps,0.003839221,-0.137136925,nan,nan,nan,0.001498684,0.730047410,0.730048949,0.000171945,0.107497890,0.107498028,0.000343890,0.214995781,0.214996056,-0.100349935,0.122317842,0.280726560,0.030110760,-0.091554910,0.004461884
27.550000000,1779830080_5715,gps,True,False,True,True,1183,31c1594f7caae09c6975238b7b255ad5c765bc56640ec43b539fdb93165d94da,absolute,standard,0.181365775,-0.333785072,0.311898150,0.044471097,0.387765606,0.030450759,0.311898150,0.044471097,first_gps,0.003839221,-0.137136925,nan,nan,nan,0.000019201,0.301556048,0.301556048,0.000163563,0.108048323,0.108048447,0.000327127,0.216096646,0.216096894,-0.080665585,0.122936244,0.285662709,0.035232406,-0.073982758,0.003051124
27.601000000,1779830080_5715,gps,True,False,True,True,1183,31c1594f7caae09c6975238b7b255ad5c765bc56640ec43b539fdb93165d94da,absolute,standard,0.209167587,-0.352192942,0.277724237,0.065828992,0.439866582,0.019984878,0.277724237,0.065828992,first_gps,0.003839221,-0.137136925,nan,nan,nan,-0.003957279,0.132247141,0.132306335,0.000142343,0.108515033,0.108515127,0.000284687,0.217030066,0.217030253,-0.063970722,0.123460728,0.289261980,0.040442504,-0.058928463,0.002004536
27.652000000,1779830080_5715,gps,True,False,True,True,1183,31c1594f7caae09c6975238b7b255ad5c765bc56640ec43b539fdb93165d94da,absolute,standard,0.226127870,-0.342760311,0.617261529,-0.057115870,0.474617696,0.013002076,0.617261529,-0.057115870,first_gps,0.003839221,-0.137136925,nan,nan,nan,0.011471894,-0.189996607,0.190342625,0.000188050,0.108465688,0.108465851,0.000376100,0.216931377,0.216931703,-0.066289368,0.123387886,0.288922638,0.043917615,-0.061054554,0.001306256
27.700000000,1779830080_5715,gps,True,False,True,True,1183,31c1594f7caae09c6975238b7b255ad5c765bc56640ec43b539fdb93165d94da,absolute,standard,0.218936325,-0.357787110,0.812833270,-0.201990591,0.509351484,0.006049388,0.812833270,-0.201990591,first_gps,0.003839221,-0.137136925,nan,nan,nan,-0.000392402,0.061972482,0.061973725,0.000176413,0.108233295,0.108233439,0.000352826,0.216466590,0.216466878,-0.075515133,0.123098050,0.286975434,0.047390994,-0.069388089,0.000610987
27.751000000,1779830080_5715,gps,True,False,True,True,1183,31c1594f7caae09c6975238b7b255ad5c765bc56640ec43b539fdb93165d94da,absolute,standard,0.355085265,-0.386260206,0.566289279,0.087273201,0.562049468,-0.000655464,0.566289279,0.087273201,first_gps,0.003839221,-0.137136925,nan,nan,nan,-0.006362488,0.497483634,0.497524319,0.000182943,0.109545884,0.109546037,0.000365887,0.219091768,0.219092073,-0.028190865,0.124584786,0.294124256,0.052660792,-0.026117204,-0.000059498
27.800000000,1779830080_5715,gps,True,False,True,True,1183,31c1594f7caae09c6975238b7b255ad5c765bc56640ec43b539fdb93165d94da,absolute,standard,0.324449908,-0.390733821,0.563685769,-0.132321338,0.597332600,-0.003883634,0.563685769,-0.132321338,first_gps,0.003839221,-0.137136925,nan,nan,nan,-0.010629391,0.094666270,0.095261149,0.000161645,0.109484372,0.109484491,0.000323291,0.218968744,0.218968983,-0.029799652,0.124534244,0.293832913,0.056189105,-0.027588804,-0.000382315
27.850000000,1779830080_5715,gps,True,False,True,True,1183,31c1594f7caae09c6975238b7b255ad5c765bc56640ec43b539fdb93165d94da,absolute,standard,0.393037932,-0.400413755,0.398423749,-0.170056634,0.650259734,-0.008724856,0.398423749,-0.170056634,first_gps,0.003839221,-0.137136925,nan,nan,nan,-0.005808914,0.310139212,0.310193607,0.000143858,0.109885047,0.109885141,0.000287717,0.219770094,0.219770282,-0.015844199,0.124972668,0.294949830,0.061481819,-0.014693565,-0.000866437
27.900000000,1779830080_5715,gps,True,False,True,True,1183,31c1594f7caae09c6975238b7b255ad5c765bc56640ec43b539fdb93165d94da,absolute,standard,0.349126859,-0.388316174,0.780984739,-0.024863921,0.685552808,-0.011940813,0.780984739,-0.024863921,first_gps,0.003839221,-0.137136925,nan,nan,nan,0.003573284,-0.266499057,0.266523012,0.000142170,0.109049501,0.109049594,0.000284339,0.218099002,0.218099187,-0.045594703,0.124038028,0.292288891,0.065011126,-0.042156167,-0.001188033
27.950000000,1779830080_5715,gps,True,False,True,True,1183,31c1594f7caae09c6975238b7b255ad5c765bc56640ec43b539fdb93165d94da,absolute,standard,0.364774224,-0.399270067,0.700192767,-0.046430289,0.738570058,-0.015482626,0.700192767,-0.046430289,first_gps,0.003839221,-0.137136925,nan,nan,nan,0.000420232,-0.033860594,0.033863202,0.000150247,0.109132157,0.109132260,0.000300493,0.218264313,0.218264520,-0.042716263,0.124128457,0.292625063,0.070312851,-0.039506878,-0.001542214
28.000000000,1779830080_5715,gps,True,False,True,True,1183,31c1594f7caae09c6975238b7b255ad5c765bc56640ec43b539fdb93165d94da,absolute,standard,0.474073589,-0.413315879,0.750225858,-0.070932848,0.791641874,-0.018388822,0.750225858,-0.070932848,first_gps,0.003839221,-0.137136925,nan,nan,nan,0.001606572,0.385017847,0.385021199,0.000162315,0.109932497,0.109932617,0.000324631,0.219864995,0.219865235,-0.013803541,0.125036777,0.295011121,0.075620033,-0.012801213,-0.001832834
28.050000000,1779830080_5715,gps,True,False,True,True,1183,31c1594f7caae09c6975238b7b255ad5c765bc56640ec43b539fdb93165d94da,absolute,standard,0.432588973,-0.411637912,0.800709982,0.040432172,0.827013419,-0.020327147,0.800709982,0.040432172,first_gps,0.003839221,-0.137136925,nan,nan,nan,-0.003212875,-0.383824303,0.383837750,0.000139202,0.109344830,0.109344919,0.000278404,0.218689661,0.218689838,-0.034986386,0.124371298,0.293569382,0.079157187,-0.032397653,-0.002026667
28.101000000,1779830080_5715,gps,True,False,True,True,1183,31c1594f7caae09c6975238b7b255ad5c765bc56640ec43b539fdb93165d94da,absolute,standard,0.465550909,-0.419594760,0.764641041,-0.026703418,0.880081923,-0.023225113,0.764641041,-0.026703418,first_gps,0.003839221,-0.137136925,nan,nan,nan,0.002175338,0.131805882,0.131823832,0.000145179,0.109551215,0.109551311,0.000290357,0.219102430,0.219102622,-0.027707434,0.124599973,0.294198950,0.084464038,-0.025673561,-0.002316463
28.150000000,1779830080_5715,gps,True,False,True,True,1183,31c1594f7caae09c6975238b7b255ad5c765bc56640ec43b539fdb93165d94da,absolute,standard,0.502700490,-0.430774260,0.934405806,0.011616001,0.915459681,-0.025134004,0.934405806,0.011616001,first_gps,0.003839221,-0.137136925,nan,nan,nan,-0.004055594,0.400986793,0.401007302,0.000139302,0.109486018,0.109486107,0.000278604,0.218972036,0.218972213,-0.030204531,0.124521525,0.293986477,0.088001814,-0.027980506,-0.002507352
28.201000000,1779830080_5715,gps,True,False,True,True,1183,31c1594f7caae09c6975238b7b255ad5c765bc56640ec43b539fdb93165d94da,absolute,standard,0.547373627,-0.439596571,0.759916584,-0.112159320,0.968528548,-0.027995041,0.759916584,-0.112159320,first_gps,0.003839221,-0.137136925,nan,nan,nan,-0.005061847,0.392318520,0.392351173,0.000123225,0.109855225,0.109855294,0.000246451,0.219710450,0.219710588,-0.016390885,0.124955493,0.294786298,0.093308700,-0.015193004,-0.002793456
28.250000000,1779830080_5715,gps,True,False,True,True,1183,31c1594f7caae09c6975238b7b255ad5c765bc56640ec43b539fdb93165d94da,absolute,standard,0.514502891,-0.426937468,0.976617412,-0.238260886,1.003909683,-0.029890465,0.976617412,-0.238260886,first_gps,0.003839221,-0.137136925,nan,nan,nan,0.000073084,-0.607084540,0.607084544,0.000118683,0.109096400,0.109096465,0.000237365,0.218192801,0.218192930,-0.042733027,0.124127930,0.292621153,0.096846814,-0.039522041,-0.002982998
28.300000000,1779830080_5715,gps,True,False,True,True,1183,31c1594f7caae09c6975238b7b255ad5c765bc56640ec43b539fdb93165d94da,absolute,standard,0.532507264,-0.436235301,1.099086664,0.073083180,1.039289089,-0.031783042,1.099086664,0.073083180,first_gps,0.003839221,-0.137136925,nan,nan,nan,0.000816415,-0.154473180,0.154475338,0.000125004,0.109530694,0.109530766,0.000250007,0.219061389,0.219061531,-0.027417984,0.124609067,0.294077223,0.100384754,-0.025393509,-0.003172256
28.351000000,1779830080_5715,gps,True,False,True,True,1183,31c1594f7caae09c6975238b7b255ad5c765bc56640ec43b539fdb93165d94da,absolute,standard,0.617938406,-0.452553991,1.044588689,-0.038985326,1.092353222,-0.034631111,1.044588689,-0.038985326,first_gps,0.003839221,-0.137136925,nan,nan,nan,-0.004229377,0.338969465,0.338995849,0.000120456,0.110139585,0.110139651,0.000240912,0.220279170,0.220279302,-0.005738562,0.125290146,0.295031948,0.105691168,-0.005319478,-0.003457063
28.407000000,1779830080_5715,gps,True,False,True,True,1183,31c1594f7caae09c6975238b7b255ad5c765bc56640ec43b539fdb93165d94da,absolute,standard,0.556580551,-0.446586021,1.067572790,-0.105159087,1.145425003,-0.037496894,1.067572790,-0.105159087,first_gps,0.003839221,-0.137136925,nan,nan,nan,0.001973160,-0.035927948,0.035982090,0.000118537,0.109198522,0.109198586,0.000237074,0.218397044,0.218397173,-0.039608361,0.124226095,0.292905395,0.110998346,-0.036636480,-0.003743641
28.476000000,1779830080_5715,gps,True,False,True,True,1183,31c1594f7caae09c6975238b7b255ad5c765bc56640ec43b539fdb93165d94da,absolute,standard,0.638304956,-0.455123491,1.271539455,-0.221551589,1.198499924,-0.040358779,1.271539455,-0.221551589,first_gps,0.003839221,-0.137136925,nan,nan,nan,0.003578175,0.255448726,0.255473785,0.000144741,0.109658111,0.109658206,0.000289481,0.219316222,0.219316413,-0.022339297,0.124768618,0.294447383,0.116305838,-0.020698597,-0.004029830
28.516000000,1779830080_5715,gps,True,False,True,True,1183,31c1594f7caae09c6975238b7b255ad5c765bc56640ec43b539fdb93165d94da,absolute,standard,0.646728144,-0.457100396,1.271539455,-0.221551589,1.216197045,-0.041318113,1.271539455,-0.221551589,first_gps,0.003839221,-0.137136925,nan,nan,nan,0.003578175,0.255448726,0.255473785,0.000144741,0.109658111,0.109658206,0.000289481,0.219316222,0.219316413,-0.022339297,0.124768618,0.294657938,0.118075550,-0.020713398,-0.004125763
28.564000000,1779830080_5715,gps,True,False,True,True,1183,31c1594f7caae09c6975238b7b255ad5c765bc56640ec43b539fdb93165d94da,absolute,standard,0.666483682,-0.461708821,1.233712921,0.064611798,1.269264759,-0.044183246,1.233712921,0.064611798,first_gps,0.003839221,-0.137136925,nan,nan,nan,0.005124185,0.185025350,0.185096292,0.000117090,0.109699113,0.109699175,0.000234180,0.219398225,0.219398350,-0.020659909,0.124821378,0.294528733,0.123382321,-0.019143282,-0.004412276
28.601000000,1779830080_5715,gps,True,False,True,True,1183,31c1594f7caae09c6975238b7b255ad5c765bc56640ec43b539fdb93165d94da,absolute,standard,0.729027361,-0.476961242,1.263756607,0.032519760,1.340016780,-0.047980006,1.263756607,0.032519760,first_gps,0.003839221,-0.137136925,nan,nan,nan,-0.003726686,0.478635345,0.478649853,0.000131662,0.109737757,0.109737836,0.000263324,0.219475514,0.219475672,-0.020165797,0.124836901,0.294490026,0.130457523,-0.018681744,-0.004791953
28.652000000,1779830080_5715,gps,True,False,True,True,1183,31c1594f7caae09c6975238b7b255ad5c765bc56640ec43b539fdb93165d94da,absolute,standard,0.690933612,-0.475870727,1.533433120,-0.042248841,1.375398218,-0.049865174,1.533433120,-0.042248841,first_gps,0.003839221,-0.137136925,nan,nan,nan,-0.005313638,-0.050160685,0.050441343,0.000119191,0.109671630,0.109671695,0.000238382,0.219343260,0.219343389,-0.022169701,0.124773946,0.294382341,0.133995667,-0.020536409,-0.004980469
28.705000000,1779830080_5715,gps,True,False,True,True,1183,31c1594f7caae09c6975238b7b255ad5c765bc56640ec43b539fdb93165d94da,absolute,standard,0.686516778,-0.473819556,1.217861278,0.026580230,1.410777947,-0.051734069,1.217861278,0.026580230,first_gps,0.003839221,-0.137136925,nan,nan,nan,-0.000526549,-0.155918281,0.155919170,0.000117454,0.109157100,0.109157163,0.000234907,0.218314199,0.218314326,-0.040213944,0.124207070,0.292862800,0.137533640,-0.037197175,-0.005167359
28.750000000,1779830080_5715,gps,True,False,True,True,1183,31c1594f7caae09c6975238b7b255ad5c765bc56640ec43b539fdb93165d94da,absolute,standard,0.706344419,-0.480403555,1.302708672,0.153832907,1.446169639,-0.053607158,1.302708672,0.153832907,first_gps,0.003839221,-0.137136925,nan,nan,nan,-0.003512314,-0.129059265,0.129107049,0.000100140,0.109254100,0.109254146,0.000200281,0.218508199,0.218508291,-0.035906055,0.124342406,0.293231740,0.141072809,-0.033218197,-0.005354668
28.800000000,1779830080_5715,gps,True,False,True,True,1183,31c1594f7caae09c6975238b7b255ad5c765bc56640ec43b539fdb93165d94da,absolute,standard,0.754757434,-0.486198101,1.527101333,-0.097227032,1.516931320,-0.057381286,1.527101333,-0.097227032,first_gps,0.003839221,-0.137136925,nan,nan,nan,0.001714292,0.082593486,0.082611275,0.000099769,0.109411062,0.109411108,0.000199537,0.218822125,0.218822216,-0.030590690,0.124509393,0.293991143,0.148148977,-0.028340879,-0.005732081
28.853000000,1779830080_5715,gps,True,False,True,True,1183,31c1594f7caae09c6975238b7b255ad5c765bc56640ec43b539fdb93165d94da,absolute,standard,0.747885792,-0.473963662,1.573304839,0.041823389,1.534618461,-0.058327129,1.573304839,0.041823389,first_gps,0.003839221,-0.137136925,nan,nan,nan,0.010992176,-0.310586551,0.310781005,0.000140513,0.108937258,0.108937349,0.000281025,0.217874517,0.217874698,-0.049466448,0.123916394,0.291649393,0.149917692,-0.045691732,-0.005826665
28.900000000,1779830080_5715,gps,True,False,True,True,1183,31c1594f7caae09c6975238b7b255ad5c765bc56640ec43b539fdb93165d94da,absolute,standard,0.844013303,-0.488929493,1.492128460,0.066030976,1.587684891,-0.061176143,1.492128460,0.066030976,first_gps,0.003839221,-0.137136925,nan,nan,nan,0.005772150,0.140471566,0.140590108,0.000145060,0.110156902,0.110156997,0.000290119,0.220313803,0.220313994,-0.005673659,0.125292185,0.295215225,0.155224335,-0.005262570,-0.006111566
28.952000000,1779830080_5715,gps,True,False,True,True,1183,31c1594f7caae09c6975238b7b255ad5c765bc56640ec43b539fdb93165d94da,absolute,standard,0.823956401,-0.499855697,1.717660659,-0.179037934,1.623060624,-0.063081458,1.717660659,-0.179037934,first_gps,0.003839221,-0.137136925,nan,nan,nan,-0.008903251,0.010773358,0.013976163,0.000140232,0.109942777,0.109942867,0.000280463,0.219885554,0.219885733,-0.013059979,0.125060137,0.294783255,0.158761908,-0.012101493,-0.006302098
29.000000000,1779830080_5715,gps,True,False,True,True,1183,31c1594f7caae09c6975238b7b255ad5c765bc56640ec43b539fdb93165d94da,absolute,standard,0.858145207,-0.494496267,1.712919945,-0.102525538,1.658453605,-0.064975413,1.712919945,-0.102525538,first_gps,0.003839221,-0.137136925,nan,nan,nan,0.007600417,0.226501241,0.226628724,0.000143700,0.109613971,0.109614065,0.000287400,0.219227941,0.219228129,-0.024020905,0.124715789,0.294460306,0.162301206,-0.022263400,-0.006491493
29.052000000,1779830080_5715,gps,True,False,True,True,1183,31c1594f7caae09c6975238b7b255ad5c765bc56640ec43b539fdb93165d94da,absolute,standard,0.877261195,-0.495142899,1.534325842,-0.261800671,1.711514706,-0.067833264,1.534325842,-0.261800671,first_gps,0.003839221,-0.137136925,nan,nan,nan,0.001173527,-0.463148219,0.463149706,0.000150151,0.109555129,0.109555232,0.000300303,0.219110258,0.219110463,-0.025815700,0.124659404,0.294266102,0.167607316,-0.023918156,-0.006777278
29.101000000,1779830080_5715,gps,True,False,True,True,1183,31c1594f7caae09c6975238b7b255ad5c765bc56640ec43b539fdb93165d94da,absolute,standard,0.922736797,-0.512558702,1.660688599,0.001644468,1.746902464,-0.069745304,1.660688599,0.001644468,first_gps,0.003839221,-0.137136925,nan,nan,nan,-0.007830860,0.277876819,0.277987138,0.000138357,0.110016903,0.110016990,0.000276713,0.220033806,0.220033980,-0.008891653,0.125191088,0.295221683,0.171146092,-0.008248854,-0.006968482
29.151000000,1779830080_5715,gps,True,False,True,True,1183,31c1594f7caae09c6975238b7b255ad5c765bc56640ec43b539fdb93165d94da,absolute,standard,0.906449136,-0.507684619,2.009447865,-0.042892209,1.817656432,-0.073580962,2.009447865,-0.042892209,first_gps,0.003839221,-0.137136925,nan,nan,nan,0.000235751,-0.190325161,0.190325307,0.000135219,0.109447453,0.109447537,0.000270438,0.218894906,0.218895073,-0.029520661,0.124543009,0.294221568,0.178221489,-0.027365166,-0.007352048
29.202000000,1779830080_5715,gps,True,False,True,True,1183,31c1594f7caae09c6975238b7b255ad5c765bc56640ec43b539fdb93165d94da,absolute,standard,0.952257365,-0.516016692,1.727680883,-0.001875219,1.835353821,-0.074541377,1.727680883,-0.001875219,first_gps,0.003839221,-0.137136925,nan,nan,nan,-0.002356195,0.268517104,0.268527441,0.000131689,0.109755655,0.109755734,0.000263378,0.219511309,0.219511467,-0.018475751,0.124889995,0.294893045,0.179991227,-0.017135808,-0.007448090
29.250000000,1779830080_5715,gps,True,False,True,True,1183,31c1594f7caae09c6975238b7b255ad5c765bc56640ec43b539fdb93165d94da,absolute,standard,0.910650566,-0.512894602,2.031293894,-0.117309627,1.888417956,-0.077431041,2.031293894,-0.117309627,first_gps,0.003839221,-0.137136925,nan,nan,nan,-0.000259845,-0.201105893,0.201106061,0.000124344,0.108942909,0.108942980,0.000248688,0.217885819,0.217885961,-0.047154963,0.123989011,0.292160101,0.185297641,-0.043600509,-0.007737056
29.307000000,1779830080_5715,gps,True,False,True,True,1183,31c1594f7caae09c6975238b7b255ad5c765bc56640ec43b539fdb93165d94da,absolute,standard,1.010147419,-0.527544440,1.869069570,-0.088300891,1.941482420,-0.080306072,1.869069570,-0.088300891,first_gps,0.003839221,-0.137136925,nan,nan,nan,-0.003978789,0.448361224,0.448378878,0.000103768,0.109540472,0.109540521,0.000207535,0.219080944,0.219081043,-0.025600277,0.124666172,0.294253279,0.190604087,-0.023716666,-0.008024559
29.354000000,1779830080_5715,gps,True,False,True,True,1183,31c1594f7caae09c6975238b7b255ad5c765bc56640ec43b539fdb93165d94da,absolute,standard,1.046783616,-0.525573647,1.944762505,-0.043299920,1.976858946,-0.082235024,1.944762505,-0.043299920,first_gps,0.003839221,-0.137136925,nan,nan,nan,-0.002123028,0.207610404,0.207621259,0.000096549,0.110246347,0.110246390,0.000193098,0.220492695,0.220492780,0.000080816,0.125472967,0.295188864,0.194141740,0.000074946,-0.008217454
29.400000000,1779830080_5715,gps,True,False,True,True,1183,31c1594f7caae09c6975238b7b255ad5c765bc56640ec43b539fdb93165d94da,absolute,standard,1.055683415,-0.526699382,2.066573278,-0.123693161,1.994542709,-0.083194098,2.066573278,-0.123693161,first_gps,0.003839221,-0.137136925,nan,nan,nan,-0.002123028,0.207610404,0.207621259,0.000096549,0.110246347,0.110246390,0.000193098,0.220492695,0.220492780,0.000080816,0.125472967,0.295162515,0.195910116,0.000074939,-0.008313362
29.452000000,1779830080_5715,gps,True,False,True,True,1183,31c1594f7caae09c6975238b7b255ad5c765bc56640ec43b539fdb93165d94da,absolute,standard,1.181444353,-0.538321938,1.881529495,0.017265756,2.065313429,-0.087050244,1.881529495,0.017265756,first_gps,0.003839221,-0.137136925,nan,nan,nan,-0.002149060,1.000000000,1.000000000,0.000065626,0.110314505,0.110314524,0.000131252,0.220629010,0.220629049,0.001055616,0.125503591,0.295360789,0.202987188,0.000979513,-0.008698976
29.503000000,1779830080_5715,gps,True,False,True,True,1183,31c1594f7caae09c6975238b7b255ad5c765bc56640ec43b539fdb93165d94da,absolute,standard,1.055531606,-0.534824308,1.971587965,-0.096435676,2.118378423,-0.089942347,1.971587965,-0.096435676,first_gps,0.003839221,-0.137136925,nan,nan,nan,-0.000501338,0.018521857,0.018528640,0.000046299,0.109687925,0.109687935,0.000092598,0.219375850,0.219375870,-0.021260413,0.124802512,0.294623896,0.208293688,-0.019707704,-0.008988187
29.552000000,1779830080_5715,gps,True,False,True,True,1183,31c1594f7caae09c6975238b7b255ad5c765bc56640ec43b539fdb93165d94da,absolute,standard,1.039840189,-0.542611078,2.234008801,-0.028822374,2.153749417,-0.091871267,2.234008801,-0.028822374,first_gps,0.003839221,-0.137136925,nan,nan,nan,-0.007940287,-0.056046628,0.056606295,0.000018596,0.109276860,0.109276862,0.000037192,0.218553721,0.218553724,-0.036341185,0.124328736,0.293350520,0.211830787,-0.033637873,-0.009181079
29.602000000,1779830080_5715,gps,True,False,True,True,1183,31c1594f7caae09c6975238b7b255ad5c765bc56640ec43b539fdb93165d94da,absolute,standard,1.091726120,-0.536060575,2.202341102,0.033268789,2.206816756,-0.094769280,2.202341102,0.033268789,first_gps,0.003839221,-0.137136925,nan,nan,nan,0.006388240,-0.048605192,0.049023201,0.000026023,0.109510381,0.109510384,0.000052046,0.219020761,0.219020767,-0.028470971,0.124575986,0.293881140,0.217137521,-0.026356285,-0.009470880
29.650000000,1779830080_5715,gps,True,False,True,True,1183,31c1594f7caae09c6975238b7b255ad5c765bc56640ec43b539fdb93165d94da,absolute,standard,1.191113578,-0.550765409,2.195340601,0.000047635,2.242199055,-0.096710769,2.195340601,0.000047635,first_gps,0.003839221,-0.137136925,nan,nan,nan,-0.000924574,0.620756019,0.620756708,-0.000010531,0.109833442,0.109833443,-0.000021062,0.219666885,0.219666886,-0.016605201,0.124948760,0.294861500,0.220675751,-0.015395943,-0.009665029
29.705000000,1779830080_5715,gps,True,False,True,True,1183,31c1594f7caae09c6975238b7b255ad5c765bc56640ec43b539fdb93165d94da,absolute,standard,1.284455251,-0.550328256,2.240871941,-0.052930722,2.295271607,-0.099615888,2.240871941,-0.052930722,first_gps,0.003839221,-0.137136925,nan,nan,nan,0.002171917,0.845186910,0.845189700,0.000000621,0.110397011,0.110397011,0.000001242,0.220794023,0.220794023,0.003814174,0.125590254,0.295155612,0.225983006,0.003536896,-0.009955541
29.750000000,1779830080_5715,gps,True,False,True,True,1183,31c1594f7caae09c6975238b7b255ad5c765bc56640ec43b539fdb93165d94da,absolute,standard,1.178016759,-0.541038147,2.434190352,-0.151687487,2.330646639,-0.101552917,2.434190352,-0.151687487,first_gps,0.003839221,-0.137136925,nan,nan,nan,0.001765333,-0.463958384,0.463961742,0.000028515,0.109551789,0.109551792,0.000057029,0.219103577,0.219103585,-0.026333691,0.124643131,0.294143805,0.229520509,-0.024390107,-0.010149244
29.800000000,1779830080_5715,gps,True,False,True,True,1183,31c1594f7caae09c6975238b7b255ad5c765bc56640ec43b539fdb93165d94da,absolute,standard,1.143960941,-0.546521408,2.312562652,-0.061253619,2.366031045,-0.103481219,2.312562652,-0.061253619,first_gps,0.003839221,-0.137136925,nan,nan,nan,0.001467434,-0.211051574,0.211056675,0.000035718,0.108959378,0.108959384,0.000071436,0.217918756,0.217918767,-0.047679908,0.123972519,0.291993343,0.233058950,-0.044068014,-0.010342074
29.850000000,1779830080_5715,gps,True,False,True,True,1183,31c1594f7caae09c6975238b7b255ad5c765bc56640ec43b539fdb93165d94da,absolute,standard,1.267363954,-0.558298111,2.315548789,-0.154290867,2.419096939,-0.106370846,2.315548789,-0.154290867,first_gps,0.003839221,-0.137136925,nan,nan,nan,-0.003946963,0.410690363,0.410709329,0.000019256,0.109996316,0.109996317,0.000038512,0.219992631,0.219992635,-0.010673911,0.125135097,0.295096784,0.238365539,-0.009899215,-0.010631037
29.900000000,1779830080_5715,gps,True,False,True,True,1183,31c1594f7caae09c6975238b7b255ad5c765bc56640ec43b539fdb93165d94da,absolute,standard,1.239728365,-0.550815588,2.482177893,-0.271666177,2.472162209,-0.109280054,2.482177893,-0.271666177,first_gps,0.003839221,-0.137136925,nan,nan,nan,0.003111600,-0.263605238,0.263623602,0.000003823,0.109586956,0.109586957,0.000007646,0.219173913,0.219173913,-0.025373994,0.124673280,0.294351198,0.243672066,-0.023513960,-0.010921957
29.950000000,1779830080_5715,gps,True,False,True,True,1183,31c1594f7caae09c6975238b7b255ad5c765bc56640ec43b539fdb93165d94da,absolute,standard,1.246948060,-0.554473334,2.449570685,-0.106412545,2.507588681,-0.109329622,2.449570685,-0.106412545,first_gps,0.003839221,-0.137136925,nan,nan,nan,0.001598960,-0.055469862,0.055492903,0.000015232,0.109605071,0.109605072,0.000030464,0.219210142,0.219210144,-0.024810229,0.124690992,0.294276143,0.247214714,-0.022983513,-0.010926914
30.003000000,1779830080_5715,gps,True,False,True,True,1183,31c1594f7caae09c6975238b7b255ad5c765bc56640ec43b539fdb93165d94da,absolute,standard,1.297781276,-0.556864804,2.552337036,-0.061735133,2.560506539,-0.104701845,2.552337036,-0.061735133,first_gps,0.003839221,-0.137136925,nan,nan,nan,-0.004069195,-0.016401599,0.016898840,0.000000447,0.110057044,0.110057044,0.000000894,0.220114089,0.220114089,-0.007894125,0.125222427,0.295100676,0.252506499,-0.007320034,-0.010464136
30.052000000,1779830080_5715,gps,True,False,True,True,1183,31c1594f7caae09c6975238b7b255ad5c765bc56640ec43b539fdb93165d94da,absolute,standard,1.410221564,-0.544151658,2.566556652,-0.057003975,2.595394095,-0.098499349,2.566556652,-0.057003975,first_gps,0.003839221,-0.137136925,nan,nan,nan,-0.002453177,-0.154213702,0.154233213,-0.000004104,0.111315572,0.111315572,-0.000008208,0.222631144,0.222631144,0.037368779,0.126644403,0.293296144,0.255995255,0.034591289,-0.009843887
30.100000000,1779830080_5715,gps,True,False,True,True,1183,31c1594f7caae09c6975238b7b255ad5c765bc56640ec43b539fdb93165d94da,absolute,standard,1.557114734,-0.525739022,2.630240066,-0.239030200,2.646658127,-0.084584817,2.630240066,-0.239030200,first_gps,0.003839221,-0.137136925,nan,nan,nan,0.007882582,0.353206810,0.353294758,0.000022732,0.112389850,0.112389852,0.000045464,0.224779700,0.224779704,0.076336185,0.127868600,0.286894257,0.261121658,0.070152234,-0.008452434
30.150000000,1779830080_5715,gps,True,False,True,True,1183,31c1594f7caae09c6975238b7b255ad5c765bc56640ec43b539fdb93165d94da,absolute,standard,1.662993085,-0.507056311,2.823245785,-0.154797605,2.679887052,-0.072297237,2.823245785,-0.154797605,first_gps,0.003839221,-0.137136925,nan,nan,nan,-0.000385738,0.385634151,0.385634344,0.000029526,0.113706126,0.113706130,0.000059052,0.227412252,0.227412260,0.123862833,0.129361694,0.273317026,0.264444551,0.112069347,-0.007223676
30.209000000,1779830080_5715,gps,True,False,True,True,1183,31c1594f7caae09c6975238b7b255ad5c765bc56640ec43b539fdb93165d94da,absolute,standard,1.583757980,-0.510998843,2.670279957,0.095506146,2.712156916,-0.057674581,2.670279957,0.095506146,first_gps,0.003839221,-0.137136925,nan,nan,nan,-0.003192487,0.010688839,0.011155414,0.000035367,0.112948312,0.112948317,0.000070733,0.225896623,0.225896634,0.096008851,0.128486635,0.282022383,0.267671537,0.087740808,-0.005761410
30.251000000,1779830080_5715,gps,True,False,True,True,1183,31c1594f7caae09c6975238b7b255ad5c765bc56640ec43b539fdb93165d94da,absolute,standard,1.704041112,-0.480704766,2.595311826,-0.142326052,2.758403190,-0.031546043,2.595311826,-0.142326052,first_gps,0.003839221,-0.137136925,nan,nan,nan,-0.004066608,-0.320513892,0.320539690,0.000001199,0.114094985,0.114094985,0.000002397,0.228189969,0.228189969,0.137707196,0.129796627,0.268035254,0.272296164,0.123777559,-0.003148556
30.302000000,1779830080_5715,gps,True,False,True,True,1183,31c1594f7caae09c6975238b7b255ad5c765bc56640ec43b539fdb93165d94da,absolute,standard,1.781768200,-0.451724674,2.703498510,-0.068561102,2.801621829,-0.000644889,2.703498510,-0.068561102,first_gps,0.003839221,-0.137136925,nan,nan,nan,0.003196557,0.039774040,0.039902283,-0.000002640,0.114913638,0.114913638,-0.000005281,0.229827276,0.229827276,0.168225869,0.130755399,0.254968455,0.276618028,0.148876085,-0.000058441
30.350000000,1779830080_5715,gps,True,False,True,True,1183,31c1594f7caae09c6975238b7b255ad5c765bc56640ec43b539fdb93165d94da,absolute,standard,1.932465856,-0.412582649,2.824517783,0.193228690,2.828497326,0.022434422,2.824517783,0.193228690,first_gps,0.003839221,-0.137136925,nan,nan,nan,0.001471699,0.358943403,0.358946420,-0.000005374,0.116448784,0.116448784,-0.000010747,0.232897569,0.232897569,0.224135401,0.132511849,0.225079708,0.279305578,0.191181348,0.002249490
30.400000000,1779830080_5715,gps,True,False,True,True,1183,31c1594f7caae09c6975238b7b255ad5c765bc56640ec43b539fdb93165d94da,absolute,standard,1.929929215,-0.397329491,2.862514670,0.035168640,2.853673225,0.047353668,2.862514670,0.035168640,first_gps,0.003839221,-0.137136925,nan,nan,nan,-0.010184822,0.076605970,0.077280044,-0.000033805,0.116889176,0.116889181,-0.000067610,0.233778353,0.233778362,0.240215226,0.133017012,0.215026153,0.281823168,0.202196773,0.004741415
30.457000000,1779830080_5715,gps,True,False,True,True,1183,31c1594f7caae09c6975238b7b255ad5c765bc56640ec43b539fdb93165d94da,absolute,standard,2.078618761,-0.343709901,2.895186056,-0.094192772,2.887968075,0.087931049,2.895186056,-0.094192772,first_gps,0.003839221,-0.137136925,nan,nan,nan,-0.002156597,0.443846746,0.443851986,-0.000006263,0.118205862,0.118205862,-0.000012527,0.236411723,0.236411724,0.286861040,0.134482433,0.183340623,0.285252653,0.231608693,0.008799153
30.501000000,1779830080_5715,gps,True,False,True,True,1183,31c1594f7caae09c6975238b7b255ad5c765bc56640ec43b539fdb93165d94da,absolute,standard,2.230299505,-0.283858969,3.046457554,-0.030486077,2.917761144,0.131906921,3.046457554,-0.030486077,first_gps,0.003839221,-0.137136925,nan,nan,nan,0.007020768,0.967613163,0.967638634,-0.000011408,0.119504676,0.119504676,-0.000022815,0.239009351,0.239009353,0.333859144,0.135958922,0.147137327,0.288231960,0.255824331,0.013196740
30.550000000,1779830080_5715,gps,True,False,True,True,1183,31c1594f7caae09c6975238b7b255ad5c765bc56640ec43b539fdb93165d94da,absolute,standard,2.100312573,-0.296929060,2.735216187,0.207452015,2.934970741,0.162869387,2.735216187,0.207452015,first_gps,0.003839221,-0.137136925,nan,nan,nan,-0.007961124,-0.304044253,0.304148463,-0.000039613,0.118705184,0.118705191,-0.000079225,0.237410368,0.237410381,0.305463686,0.135066853,0.169386657,0.289952920,0.241760677,0.016292987
30.607000000,1779830080_5715,gps,True,False,True,True,1183,31c1594f7caae09c6975238b7b255ad5c765bc56640ec43b539fdb93165d94da,absolute,standard,2.224287281,-0.231384776,2.890034954,0.263946461,2.956559655,0.211419474,2.890034954,0.263946461,first_gps,0.003839221,-0.137136925,nan,nan,nan,0.000481301,0.402281414,0.402281702,-0.000037775,0.120220937,0.120220943,-0.000075551,0.240441873,0.240441885,0.360044270,0.136781552,0.125664465,0.292111811,0.267147017,0.021147995
30.675000000,1779830080_5715,gps,True,False,True,True,1183,31c1594f7caae09c6975238b7b255ad5c765bc56640ec43b539fdb93165d94da,absolute,standard,2.213247850,-0.199866768,2.927704537,0.257744851,2.972848110,0.261978030,2.927704537,0.257744851,first_gps,0.003839221,-0.137136925,nan,nan,nan,-0.007733701,0.089995309,0.090326994,-0.000062769,0.120686010,0.120686027,-0.000125537,0.241372021,0.241372054,0.376529637,0.137299455,0.111673025,0.293740656,0.273310009,0.026203851
30.734000000,1779830080_5715,gps,True,False,True,True,1183,31c1594f7caae09c6975238b7b255ad5c765bc56640ec43b539fdb93165d94da,absolute,standard,2.373780106,-0.116150390,2.881960724,0.311207647,2.986026811,0.331551692,2.881960724,0.311207647,first_gps,0.003839221,-0.137136925,nan,nan,nan,-0.001841500,0.895429422,0.895431315,-0.000048590,0.122293121,0.122293131,-0.000097180,0.244586243,0.244586262,0.433179113,0.139079151,0.061506953,0.295058527,0.288679652,0.033161217
30.789000000,1779830080_5715,gps,True,False,True,True,1183,31c1594f7caae09c6975238b7b255ad5c765bc56640ec43b539fdb93165d94da,absolute,standard,2.320041942,-0.103426954,2.709091343,0.395562732,2.987757684,0.349175877,2.709091343,0.395562732,first_gps,0.003839221,-0.137136925,nan,nan,nan,0.001732069,-0.689728166,0.689730341,-0.000048244,0.122155176,0.122155185,-0.000096488,0.244310352,0.244310371,0.428279697,0.138925231,0.065940661,0.295231614,0.287689271,0.034923636
30.820000000,1779830080_5715,gps,True,False,True,True,1183,31c1594f7caae09c6975238b7b255ad5c765bc56640ec43b539fdb93165d94da,absolute,standard,2.301377805,-0.082053139,2.798372999,0.375009243,2.989338986,0.384564145,2.798372999,0.375009243,first_gps,0.003839221,-0.137136925,nan,nan,nan,-0.001105960,-0.161631940,0.161635724,-0.000060947,0.122473227,0.122473242,-0.000121895,0.244946453,0.244946483,0.440564833,0.139311180,0.054802454,0.295389744,0.290080134,0.038462463
30.851000000,1779830080_5715,gps,True,False,True,True,1183,31c1594f7caae09c6975238b7b255ad5c765bc56640ec43b539fdb93165d94da,absolute,standard,2.347124935,-0.000249267,2.783617329,0.627248380,2.988413000,0.419979938,2.783617329,0.627248380,first_gps,0.003839221,-0.137136925,nan,nan,nan,0.007953102,0.079594759,0.079991109,-0.000038062,0.124194212,0.124194218,-0.000076125,0.248388425,0.248388436,0.503765909,0.141296701,-0.003493499,0.295297145,0.295270918,0.042004042
30.915000000,1779830080_5715,gps,True,False,True,True,1183,31c1594f7caae09c6975238b7b255ad5c765bc56640ec43b539fdb93165d94da,absolute,standard,2.388699543,0.039436211,3.098411640,0.513555918,2.982323831,0.472757001,3.098411640,0.513555918,first_gps,0.003839221,-0.137136925,nan,nan,nan,-0.006497100,-1.000000000,1.000000000,-0.000037103,0.124823278,0.124823283,-0.000074207,0.249646556,0.249646567,0.526961435,0.142025410,-0.024979699,0.294688229,0.294207671,0.047281748
30.953000000,1779830080_5715,gps,True,False,True,True,1183,31c1594f7caae09c6975238b7b255ad5c765bc56640ec43b539fdb93165d94da,absolute,standard,2.339197940,0.050018325,3.055266589,0.515378018,2.977003832,0.507787662,3.055266589,0.515378018,first_gps,0.003839221,-0.137136925,nan,nan,nan,-0.003120942,-0.051384042,0.051478734,-0.000048963,0.124628019,0.124628028,-0.000097926,0.249256037,0.249256056,0.520918214,0.141835556,-0.019392764,0.294156229,0.294672369,0.050784814
31.000000000,1779830080_5715,gps,True,False,True,True,1183,31c1594f7caae09c6975238b7b255ad5c765bc56640ec43b539fdb93165d94da,absolute,standard,2.399835087,0.115841541,2.914730249,0.544495227,2.969030675,0.560327301,2.914730249,0.544495227,first_gps,0.003839221,-0.137136925,nan,nan,nan,0.006540736,0.440945524,0.440994032,-0.000031625,0.125556358,0.125556362,-0.000063250,0.251112716,0.251112724,0.554278586,0.142883603,-0.050062581,0.293358913,0.290734554,0.056038778
31.050000000,1779830080_5715,gps,True,False,True,True,1183,31c1594f7caae09c6975238b7b255ad5c765bc56640ec43b539fdb93165d94da,absolute,standard,2.365323907,0.116774127,2.947411967,0.364088267,2.963716384,0.595362781,2.947411967,0.364088267,first_gps,0.003839221,-0.137136925,nan,nan,nan,0.014398096,-0.010532500,0.017839246,-0.000000446,0.124863965,0.124863965,-0.000000891,0.249727930,0.249727930,0.528867549,0.142085292,-0.026731927,0.292827484,0.293952759,0.059542326
31.100000000,1779830080_5715,gps,True,False,True,True,1183,31c1594f7caae09c6975238b7b255ad5c765bc56640ec43b539fdb93165d94da,absolute,standard,2.373813930,0.095253643,2.987556193,0.701581039,2.959484331,0.648324847,2.987556193,0.701581039,first_gps,0.003839221,-0.137136925,nan,nan,nan,-0.002790235,-0.543594776,0.543601937,-0.000007232,0.123854635,0.123854636,-0.000014465,0.247709271,0.247709271,0.491874468,0.140923120,0.007534638,0.292404278,0.295098068,0.064838533
31.150000000,1779830080_5715,gps,True,False,True,True,1183,31c1594f7caae09c6975238b7b255ad5c765bc56640ec43b539fdb93165d94da,absolute,standard,2.397826762,0.141445992,3.057234375,0.486306111,2.959019396,0.701457930,3.057234375,0.486306111,first_gps,0.003839221,-0.137136925,nan,nan,nan,0.005181456,0.317647939,0.317690196,0.000007732,0.124248025,0.124248025,0.000015464,0.248496049,0.248496050,0.505471464,0.141350282,-0.005073711,0.292357785,0.295140977,0.070151841
31.242000000,1779830080_5715,gps,True,False,True,True,1183,31c1594f7caae09c6975238b7b255ad5c765bc56640ec43b539fdb93165d94da,absolute,standard,2.478602826,0.187555169,2.926876881,0.798690442,2.958393914,0.772322289,2.926876881,0.798690442,first_gps,0.003839221,-0.137136925,nan,nan,nan,0.004093019,1.000000000,1.000000000,-0.000001475,0.124449698,0.124449699,-0.000002951,0.248899397,0.248899397,0.511647065,0.141544295,-0.010801261,0.292295237,0.295062650,0.077238277
31.251000000,1779830080_5715,gps,True,False,True,True,1183,31c1594f7caae09c6975238b7b255ad5c765bc56640ec43b539fdb93165d94da,absolute,standard,2.388898559,0.146597050,3.041098665,0.733709216,2.958238115,0.790044861,3.041098665,0.733709216,first_gps,0.003839221,-0.137136925,nan,nan,nan,0.007482730,-0.456894598,0.456955867,0.000020973,0.123079015,0.123079016,0.000041946,0.246158029,0.246158033,0.462833698,0.140010777,0.034411551,0.292279657,0.293376362,0.079010534
31.301000000,1779830080_5715,gps,True,False,True,True,1183,31c1594f7caae09c6975238b7b255ad5c765bc56640ec43b539fdb93165d94da,absolute,standard,2.421284287,0.187210237,3.135950103,0.768992955,2.957922136,0.825461321,3.135950103,0.768992955,first_gps,0.003839221,-0.137136925,nan,nan,nan,0.004072117,-0.820468865,0.820478970,0.000030907,0.123689408,0.123689412,0.000061814,0.247378816,0.247378824,0.485783678,0.140731772,0.013176212,0.292248059,0.294825176,0.082552180
31.351000000,1779830080_5715,gps,True,False,True,True,1183,31c1594f7caae09c6975238b7b255ad5c765bc56640ec43b539fdb93165d94da,absolute,standard,2.496681401,0.258070875,2.842202907,0.747414013,2.957601873,0.860893586,2.842202907,0.747414013,first_gps,0.003839221,-0.137136925,nan,nan,nan,0.003540642,1.000000000,1.000000000,0.000049324,0.124921892,0.124921902,0.000098647,0.249843784,0.249843804,0.530181250,0.142126563,-0.027951445,0.292216033,0.293909054,0.086095407
31.400000000,1779830080_5715,gps,True,False,True,True,1183,31c1594f7caae09c6975238b7b255ad5c765bc56640ec43b539fdb93165d94da,absolute,standard,2.395193362,0.223107858,2.840739657,0.881478299,2.957289301,0.896333258,2.840739657,0.881478299,first_gps,0.003839221,-0.137136925,nan,nan,nan,0.002189508,-0.188037862,0.188050608,0.000047226,0.123710242,0.123710251,0.000094453,0.247420484,0.247420502,0.486691159,0.140760282,0.012347320,0.292184775,0.295140922,0.089639374
31.454000000,1779830080_5715,gps,True,False,True,True,1183,31c1594f7caae09c6975238b7b255ad5c765bc56640ec43b539fdb93165d94da,absolute,standard,2.395271484,0.237571074,2.806685503,1.084630354,2.956828752,0.949475797,2.806685503,1.084630354,first_gps,0.003839221,-0.137136925,nan,nan,nan,0.003634814,0.085332823,0.085410202,0.000030905,0.123365961,0.123365965,0.000061811,0.246731923,0.246731931,0.473771606,0.140354402,0.024310405,0.292138721,0.294364998,0.094953628
31.500000000,1779830080_5715,gps,True,False,True,True,1183,31c1594f7caae09c6975238b7b255ad5c765bc56640ec43b539fdb93165d94da,absolute,standard,2.409991038,0.263985998,3.016558492,1.243777789,2.956526784,0.984902857,3.016558492,1.243777789,first_gps,0.003839221,-0.137136925,nan,nan,nan,0.000029205,0.181101426,0.181101428,0.000024356,0.123643079,0.123643081,0.000048712,0.247286158,0.247286163,0.483467152,0.140658996,0.015333521,0.292108524,0.294953512,0.098496334
31.550000000,1779830080_5715,gps,True,False,True,True,1183,31c1594f7caae09c6975238b7b255ad5c765bc56640ec43b539fdb93165d94da,absolute,standard,2.413714061,0.330138450,2.892814826,1.070307846,2.956058526,1.038047351,2.892814826,1.070307846,first_gps,0.003839221,-0.137136925,nan,nan,nan,-0.002322621,0.075586042,0.075621719,0.000047571,0.124619312,0.124619321,0.000095143,0.249238624,0.249238642,0.518606810,0.141762941,-0.017242633,0.292061698,0.294636625,0.103810783
31.600000000,1779830080_5715,gps,True,False,True,True,1183,31c1594f7caae09c6975238b7b255ad5c765bc56640ec43b539fdb93165d94da,absolute,standard,2.422579386,0.318081582,3.007329043,1.241539286,2.955586752,1.091193282,3.007329043,1.241539286,first_gps,0.003839221,-0.137136925,nan,nan,nan,0.005865913,-0.236465851,0.236538596,0.000055643,0.123422265,0.123422278,0.000111287,0.246844530,0.246844555,0.475116966,0.140396668,0.023055658,0.292014521,0.294332627,0.109125376
31.650000000,1779830080_5715,gps,True,False,True,True,1183,31c1594f7caae09c6975238b7b255ad5c765bc56640ec43b539fdb93165d94da,absolute,standard,2.431139695,0.363571339,2.789662015,1.146615370,2.955275939,1.126622073,2.789662015,1.146615370,first_gps,0.003839221,-0.137136925,nan,nan,nan,-0.010869765,0.242542923,0.242786370,0.000023786,0.124419875,0.124419877,0.000047573,0.248839750,0.248839755,0.510795633,0.141517546,-0.010011613,0.291983439,0.295079821,0.112668255
31.700000000,1779830080_5715,gps,True,False,True,True,1183,31c1594f7caae09c6975238b7b255ad5c765bc56640ec43b539fdb93165d94da,absolute,standard,2.469420582,0.383902653,2.878067966,1.185568512,2.954980564,1.162062706,2.878067966,1.185568512,first_gps,0.003839221,-0.137136925,nan,nan,nan,0.002273156,0.446351351,0.446357139,0.000035210,0.124096392,0.124096397,0.000070419,0.248192784,0.248192794,0.499631207,0.141166805,0.000342216,0.291953902,0.295370456,0.116212319
31.752000000,1779830080_5715,gps,True,False,True,True,1183,31c1594f7caae09c6975238b7b255ad5c765bc56640ec43b539fdb93165d94da,absolute,standard,2.418814600,0.377497999,2.759799849,0.981032493,2.954550078,1.215192889,2.759799849,0.981032493,first_gps,0.003839221,-0.137136925,nan,nan,nan,0.001513240,-0.035806792,0.035838753,0.000035371,0.123292274,0.123292279,0.000070743,0.246584547,0.246584557,0.471307403,0.140276987,0.026572437,0.291910853,0.293990410,0.121525337
31.800000000,1779830080_5715,gps,True,False,True,True,1183,31c1594f7caae09c6975238b7b255ad5c765bc56640ec43b539fdb93165d94da,absolute,standard,2.441032575,0.425950968,2.826641855,1.230667173,2.954236326,1.250626908,2.826641855,1.230667173,first_gps,0.003839221,-0.137136925,nan,nan,nan,-0.002075955,0.122630516,0.122648086,0.000041764,0.124020236,0.124020243,0.000083527,0.248040472,0.248040486,0.497561517,0.141101784,0.002261875,0.291879478,0.295250496,0.125068739
31.850000000,1779830080_5715,gps,True,False,True,True,1183,31c1594f7caae09c6975238b7b255ad5c765bc56640ec43b539fdb93165d94da,absolute,standard,2.526244953,0.489838791,2.923857288,1.378482828,2.953730365,1.303769317,2.923857288,1.378482828,first_gps,0.003839221,-0.137136925,nan,nan,nan,0.008055638,0.715914885,0.715960206,0.000070243,0.124394183,0.124394203,0.000140486,0.248788366,0.248788405,0.511415179,0.141537010,-0.010586849,0.291828882,0.295085503,0.130382980
31.900000000,1779830080_5715,gps,True,False,True,True,1183,31c1594f7caae09c6975238b7b255ad5c765bc56640ec43b539fdb93165d94da,absolute,standard,2.449671550,0.462183783,3.058045193,1.289171632,2.953199833,1.356911647,3.058045193,1.289171632,first_gps,0.003839221,-0.137136925,nan,nan,nan,0.005557730,-0.149558015,0.149661245,0.000073472,0.123215084,0.123215106,0.000146945,0.246430167,0.246430211,0.470183213,0.140241669,0.027600263,0.291775829,0.293785038,0.135697213
31.952000000,1779830080_5715,gps,True,False,True,True,1183,31c1594f7caae09c6975238b7b255ad5c765bc56640ec43b539fdb93165d94da,absolute,standard,2.457199408,0.478383800,2.916221770,1.482014435,2.952843745,1.392341052,2.916221770,1.482014435,first_gps,0.003839221,-0.137136925,nan,nan,nan,-0.002187925,-0.335133771,0.335140913,0.000050470,0.123300865,0.123300876,0.000100940,0.246601731,0.246601751,0.473582857,0.140348472,0.024482375,0.291740220,0.294319564,0.139240153
32.000000000,1779830080_5715,gps,True,False,True,True,1183,31c1594f7caae09c6975238b7b255ad5c765bc56640ec43b539fdb93165d94da,absolute,standard,2.478867008,0.505000051,2.894532267,1.260727427,2.952491389,1.427776181,2.894532267,1.260727427,first_gps,0.003839221,-0.137136925,nan,nan,nan,0.003722106,-0.524690672,0.524703874,0.000062456,0.123336311,0.123336327,0.000124911,0.246672622,0.246672653,0.474200620,0.140367880,0.023895695,0.291704984,0.294176551,0.142783666
32.050000000,1779830080_5715,gps,True,False,True,True,1183,31c1594f7caae09c6975238b7b255ad5c765bc56640ec43b539fdb93165d94da,absolute,standard,2.457022113,0.522456310,2.892334959,1.563328098,2.951966151,1.480921880,2.892334959,1.563328098,first_gps,0.003839221,-0.137136925,nan,nan,nan,-0.001186092,0.107556222,0.107562762,0.000052741,0.123074606,0.123074617,0.000105482,0.246149212,0.246149234,0.465030262,0.140079785,0.032380941,0.291652460,0.293558764,0.148098236
32.100000000,1779830080_5715,gps,True,False,True,True,1183,31c1594f7caae09c6975238b7b255ad5c765bc56640ec43b539fdb93165d94da,absolute,standard,2.471651263,0.561667092,2.979493695,1.400500513,2.951616042,1.516346200,2.979493695,1.400500513,first_gps,0.003839221,-0.137136925,nan,nan,nan,0.003007923,0.112115496,0.112155838,0.000065612,0.123392004,0.123392022,0.000131225,0.246784009,0.246784044,0.476536876,0.140441275,0.021744488,0.291617450,0.294459725,0.151640668
32.154000000,1779830080_5715,gps,True,False,True,True,1183,31c1594f7caae09c6975238b7b255ad5c765bc56640ec43b539fdb93165d94da,absolute,standard,2.493375523,0.617954430,2.827999986,1.648167769,2.951081813,1.569495064,2.827999986,1.648167769,first_gps,0.003839221,-0.137136925,nan,nan,nan,0.014377827,-0.208306778,0.208802385,0.000060880,0.123772539,0.123772554,0.000121760,0.247545079,0.247545109,0.490859797,0.140891243,0.008475142,0.291564027,0.295067853,0.156955555
32.200000000,1779830080_5715,gps,True,False,True,True,1183,31c1594f7caae09c6975238b7b255ad5c765bc56640ec43b539fdb93165d94da,absolute,standard,2.479829186,0.597002296,2.909787180,1.390542249,2.950543070,1.622636878,2.909787180,1.390542249,first_gps,0.003839221,-0.137136925,nan,nan,nan,-0.005448005,-0.413519572,0.413555459,0.000049721,0.122979993,0.122980003,0.000099442,0.245959986,0.245960006,0.462218468,0.139991449,0.034956821,0.291510152,0.293127307,0.162269736
32.251000000,1779830080_5715,gps,True,False,True,True,1183,31c1594f7caae09c6975238b7b255ad5c765bc56640ec43b539fdb93165d94da,absolute,standard,2.499117017,0.660393652,2.813857201,1.747442077,2.950187455,1.658064694,2.813857201,1.747442077,first_gps,0.003839221,-0.137136925,nan,nan,nan,-0.001363733,0.226167888,0.226172000,0.000049818,0.123727347,0.123727357,0.000099636,0.247454695,0.247454715,0.489698910,0.140854773,0.009554511,0.291474591,0.295137083,0.165812517
32.300000000,1779830080_5715,gps,True,False,True,True,1183,31c1594f7caae09c6975238b7b255ad5c765bc56640ec43b539fdb93165d94da,absolute,standard,2.511194148,0.695265548,2.949192285,1.696460879,2.949836115,1.693497241,2.949192285,1.696460879,first_gps,0.003839221,-0.137136925,nan,nan,nan,0.002035518,0.253721644,0.253729809,0.000047423,0.123933768,0.123933777,0.000094846,0.247867536,0.247867554,0.497548605,0.141101378,0.002273974,0.291439457,0.295266208,0.169355772
32.350000000,1779830080_5715,gps,True,False,True,True,1183,31c1594f7caae09c6975238b7b255ad5c765bc56640ec43b539fdb93165d94da,absolute,standard,2.511386038,0.682941878,2.921865882,1.737623140,2.949309498,1.746643243,2.921865882,1.737623140,first_gps,0.003839221,-0.137136925,nan,nan,nan,0.005317088,-0.482956994,0.482986262,0.000091862,0.122929993,0.122930027,0.000183724,0.245859986,0.245860054,0.461335359,0.139963706,0.035780906,0.291386795,0.293119121,0.174670372
32.401000000,1779830080_5715,gps,True,False,True,True,1183,31c1594f7caae09c6975238b7b255ad5c765bc56640ec43b539fdb93165d94da,absolute,standard,2.570015526,0.804808721,2.974017599,1.892746194,2.948971799,1.782074673,2.974017599,1.892746194,first_gps,0.003839221,-0.137136925,nan,nan,nan,-0.001169801,0.691110614,0.691111604,0.000074198,0.124942993,0.124943015,0.000148396,0.249885986,0.249886030,0.533626335,0.142234794,-0.031134262,0.291353025,0.293622540,0.178213515
32.450000000,1779830080_5715,gps,True,False,True,True,1183,31c1594f7caae09c6975238b7b255ad5c765bc56640ec43b539fdb93165d94da,absolute,standard,2.501946032,0.776924606,2.744596023,1.666639695,2.948469898,1.835208876,2.744596023,1.666639695,first_gps,0.003839221,-0.137136925,nan,nan,nan,-0.001035319,-0.063545485,0.063553918,0.000080151,0.123874772,0.123874798,0.000160302,0.247749543,0.247749595,0.495777056,0.141045724,0.003917137,0.291302835,0.295241987,0.183526936
32.500000000,1779830080_5715,gps,True,False,True,True,1183,31c1594f7caae09c6975238b7b255ad5c765bc56640ec43b539fdb93165d94da,absolute,standard,2.583214409,0.810745461,3.014203263,1.780992594,2.948144309,1.870651396,3.014203263,1.780992594,first_gps,0.003839221,-0.137136925,nan,nan,nan,-0.007648174,0.837598294,0.837633212,0.000067321,0.123922142,0.123922161,0.000134642,0.247844285,0.247844321,0.496847149,0.141079341,0.002926726,0.291270276,0.295470757,0.187071188
32.550000000,1779830080_5715,gps,True,False,True,True,1183,31c1594f7caae09c6975238b7b255ad5c765bc56640ec43b539fdb93165d94da,absolute,standard,2.513777570,0.820361200,2.868566692,1.934580638,2.947649720,1.923792772,2.868566692,1.934580638,first_gps,0.003839221,-0.137136925,nan,nan,nan,-0.008807260,0.161926763,0.162166101,0.000055813,0.123740535,0.123740548,0.000111627,0.247481071,0.247481096,0.490050249,0.140865811,0.009229817,0.291220817,0.295181745,0.192385325
32.600000000,1779830080_5715,gps,True,False,True,True,1183,31c1594f7caae09c6975238b7b255ad5c765bc56640ec43b539fdb93165d94da,absolute,standard,2.508960825,0.825940247,2.903023159,2.054980741,2.947322835,1.959222032,2.903023159,2.054980741,first_gps,0.003839221,-0.137136925,nan,nan,nan,-0.002855469,-0.121738177,0.121771661,0.000070441,0.123344444,0.123344464,0.000140882,0.246688887,0.246688927,0.475225079,0.140400064,0.022965058,0.291188129,0.294460579,0.195928251
32.650000000,1779830080_5715,gps,True,False,True,True,1183,31c1594f7caae09c6975238b7b255ad5c765bc56640ec43b539fdb93165d94da,absolute,standard,2.558367053,0.906782288,3.038100591,2.123665909,2.946816423,2.012357619,3.038100591,2.123665909,first_gps,0.003839221,-0.137136925,nan,nan,nan,0.000981684,0.374794778,0.374796064,0.000071589,0.124035872,0.124035893,0.000143177,0.248071744,0.248071786,0.501569979,0.141227714,-0.001456193,0.291137488,0.295237668,0.201241810
32.704000000,1779830080_5715,gps,True,False,True,True,1183,31c1594f7caae09c6975238b7b255ad5c765bc56640ec43b539fdb93165d94da,absolute,standard,2.523286906,0.925191099,3.006383039,2.104013898,2.946311522,2.065507122,3.006383039,2.104013898,first_gps,0.003839221,-0.137136925,nan,nan,nan,0.002156574,-0.015166514,0.015319072,0.000066885,0.123868674,0.123868692,0.000133769,0.247737348,0.247737384,0.494857162,0.141016824,0.004769115,0.291086998,0.295153082,0.206556760
32.750000000,1779830080_5715,gps,True,False,True,True,1183,31c1594f7caae09c6975238b7b255ad5c765bc56640ec43b539fdb93165d94da,absolute,standard,2.531910572,0.925717623,2.866713889,1.968754579,2.945968501,2.100940662,2.866713889,1.968754579,first_gps,0.003839221,-0.137136925,nan,nan,nan,-0.003529051,-0.257382817,0.257407009,0.000052581,0.123595533,0.123595544,0.000105161,0.247191066,0.247191089,0.483867573,0.140671576,0.014971125,0.291052695,0.295143213,0.210100114
32.801000000,1779830080_5715,gps,True,False,True,True,1183,31c1594f7caae09c6975238b7b255ad5c765bc56640ec43b539fdb93165d94da,absolute,standard,2.583916035,1.002011033,2.825568950,2.130140379,2.945479488,2.154081388,2.825568950,2.130140379,first_gps,0.003839221,-0.137136925,nan,nan,nan,-0.000822402,0.534526522,0.534527154,0.000040359,0.124141849,0.124141855,0.000080717,0.248283697,0.248283711,0.503305186,0.141282227,-0.003065482,0.291003794,0.295214308,0.215414187
32.850000000,1779830080_5715,gps,True,False,True,True,1183,31c1594f7caae09c6975238b7b255ad5c765bc56640ec43b539fdb93165d94da,absolute,standard,2.580062341,1.010464582,2.932882999,2.113774825,2.945156505,2.189506198,2.932882999,2.113774825,first_gps,0.003839221,-0.137136925,nan,nan,nan,-0.005502762,0.528628448,0.528657088,0.000035321,0.123917988,0.123917993,0.000070642,0.247835977,0.247835987,0.495614124,0.141040605,0.004066225,0.290971496,0.295092148,0.218956668
32.900000000,1779830080_5715,gps,True,False,True,True,1183,31c1594f7caae09c6975238b7b255ad5c765bc56640ec43b539fdb93165d94da,absolute,standard,2.574876306,1.076787729,2.807605193,2.194199534,2.944827551,2.224940049,2.807605193,2.194199534,first_gps,0.003839221,-0.137136925,nan,nan,nan,-0.001490071,0.380257096,0.380260015,0.000029165,0.124770817,0.124770820,0.000058329,0.249541634,0.249541641,0.526738920,0.142018419,-0.024765691,0.290938601,0.294126056,0.222500053
32.950000000,1779830080_5715,gps,True,False,True,True,1183,31c1594f7caae09c6975238b7b255ad5c765bc56640ec43b539fdb93165d94da,absolute,standard,2.552554093,1.059489472,2.743603527,2.405946514,2.944321752,2.278085382,2.743603527,2.405946514,first_gps,0.003839221,-0.137136925,nan,nan,nan,0.004522563,0.093449980,0.093559352,0.000072164,0.123661318,0.123661339,0.000144328,0.247322636,0.247322678,0.487000169,0.140769990,0.012059321,0.290888021,0.295116670,0.227814586
33.001000000,1779830080_5715,gps,True,False,True,True,1183,31c1594f7caae09c6975238b7b255ad5c765bc56640ec43b539fdb93165d94da,absolute,standard,2.545196386,1.105323512,3.042706844,2.308165568,2.943831859,2.331233515,3.042706844,2.308165568,first_gps,0.003839221,-0.137136925,nan,nan,nan,-0.003416836,-0.052596985,0.052707851,0.000061096,0.124083144,0.124083159,0.000122191,0.248166289,0.248166319,0.501952892,0.141239743,-0.001811399,0.290839031,0.295243747,0.233129400
33.050000000,1779830080_5715,gps,True,False,True,True,1183,31c1594f7caae09c6975238b7b255ad5c765bc56640ec43b539fdb93165d94da,absolute,standard,2.543237206,1.108949938,3.091149746,2.434929785,2.943508081,2.366650946,3.091149746,2.434929785,first_gps,0.003839221,-0.137136925,nan,nan,nan,-0.002778311,-0.047859394,0.047939969,0.000037974,0.123709507,0.123709513,0.000075948,0.247419014,0.247419025,0.488295654,0.140810688,0.010848643,0.290806654,0.294905317,0.236671143
33.100000000,1779830080_5715,gps,True,False,True,True,1183,31c1594f7caae09c6975238b7b255ad5c765bc56640ec43b539fdb93165d94da,absolute,standard,2.572700700,1.154329542,3.044498712,2.335874074,2.943017720,2.419796955,3.044498712,2.335874074,first_gps,0.003839221,-0.137136925,nan,nan,nan,0.003145856,0.219882863,0.219905365,0.000031721,0.123693664,0.123693668,0.000063441,0.247387329,0.247387337,0.487436572,0.140783699,0.011643278,0.290757617,0.294843562,0.241985744
33.153000000,1779830080_5715,gps,True,False,True,True,1183,31c1594f7caae09c6975238b7b255ad5c765bc56640ec43b539fdb93165d94da,absolute,standard,2.546105185,1.120004536,3.012151280,2.470709397,2.942053101,2.455215812,3.012151280,2.470709397,first_gps,0.003839221,-0.137136925,nan,nan,nan,-0.004496199,-0.231926104,0.231969682,0.000005279,0.122829083,0.122829083,0.000010559,0.245658165,0.245658166,0.457281879,0.139836362,0.039507666,0.290661156,0.292618024,0.245527629
33.200000000,1779830080_5715,gps,True,False,True,True,1183,31c1594f7caae09c6975238b7b255ad5c765bc56640ec43b539fdb93165d94da,absolute,standard,2.546534842,1.205295147,2.959480061,2.518240831,2.938593081,2.490467140,2.959480061,2.518240831,first_gps,0.003839221,-0.137136925,nan,nan,nan,-0.004349492,-0.002308936,0.004924354,-0.000002171,0.123995207,0.123995207,-0.000004342,0.247990415,0.247990415,0.499529540,0.141163611,0.000436126,0.290315154,0.295079797,0.249052762
33.251000000,1779830080_5715,gps,True,False,True,True,1183,31c1594f7caae09c6975238b7b255ad5c765bc56640ec43b539fdb93165d94da,absolute,standard,2.577734152,1.339613573,2.914389177,2.548421620,2.928732137,2.542671849,2.914389177,2.548421620,first_gps,0.003839221,-0.137136925,nan,nan,nan,0.001365098,0.266997325,0.267000815,0.000005508,0.125662749,0.125662750,0.000011016,0.251325499,0.251325499,0.558819933,0.143026274,-0.054241271,0.289329059,0.290183327,0.254273233
33.300000000,1779830080_5715,gps,True,False,True,True,1183,31c1594f7caae09c6975238b7b255ad5c765bc56640ec43b539fdb93165d94da,absolute,standard,2.561401855,1.362767465,2.957815111,2.669298298,2.913399196,2.593531617,2.957815111,2.669298298,first_gps,0.003839221,-0.137136925,nan,nan,nan,-0.003347159,0.185314288,0.185344514,0.000011689,0.125523490,0.125523490,0.000023377,0.251046979,0.251046980,0.553144769,0.142847983,-0.049067386,0.287795765,0.291152617,0.259359210
33.357000000,1779830080_5715,gps,True,False,True,True,1183,31c1594f7caae09c6975238b7b255ad5c765bc56640ec43b539fdb93165d94da,absolute,standard,2.540802904,1.414613123,2.998096501,2.579610141,2.900196066,2.626412062,2.998096501,2.579610141,first_gps,0.003839221,-0.137136925,nan,nan,nan,-0.005850497,-0.262153889,0.262219164,-0.000006291,0.126291498,0.126291499,-0.000012582,0.252582997,0.252582997,0.580857361,0.143718600,-0.074213284,0.286475452,0.285843147,0.262647254
33.401000000,1779830080_5715,gps,True,False,True,True,1183,31c1594f7caae09c6975238b7b255ad5c765bc56640ec43b539fdb93165d94da,absolute,standard,2.510897718,1.545990885,2.967268674,2.545553338,2.876118784,2.673762476,2.967268674,2.545553338,first_gps,0.003839221,-0.137136925,nan,nan,nan,-0.004747448,0.274351489,0.274392562,-0.000004761,0.127964714,0.127964714,-0.000009522,0.255929428,0.255929428,0.641269077,0.145616490,-0.126719177,0.284067724,0.266528522,0.267382296
33.450000000,1779830080_5715,gps,True,False,True,True,1183,31c1594f7caae09c6975238b7b255ad5c765bc56640ec43b539fdb93165d94da,absolute,standard,2.527225552,1.650509369,2.897876478,2.667491123,2.857317968,2.703792074,2.897876478,2.667491123,first_gps,0.003839221,-0.137136925,nan,nan,nan,0.000756926,0.835524742,0.835525085,0.000008794,0.129202746,0.129202746,0.000017587,0.258405492,0.258405492,0.685852980,0.147017135,-0.162798374,0.282187642,0.246395418,0.270385255
33.500000000,1779830080_5715,gps,True,False,True,True,1183,31c1594f7caae09c6975238b7b255ad5c765bc56640ec43b539fdb93165d94da,absolute,standard,2.465521085,1.666371651,2.762460915,2.668909521,2.825235432,2.746135022,2.762460915,2.668909521,first_gps,0.003839221,-0.137136925,nan,nan,nan,-0.003597030,0.424264804,0.424280052,0.000002840,0.129129756,0.129129756,0.000005681,0.258259511,0.258259511,0.684376549,0.146970751,-0.161610583,0.278979389,0.247081866,0.274619550
33.552000000,1779830080_5715,gps,True,False,True,True,1183,31c1594f7caae09c6975238b7b255ad5c765bc56640ec43b539fdb93165d94da,absolute,standard,2.391763817,1.704877385,2.786162681,2.672063234,2.801422368,2.772370782,2.786162681,2.672063234,first_gps,0.003839221,-0.137136925,nan,nan,nan,-0.004277093,-0.311594218,0.311623572,-0.000016866,0.129944741,0.129944742,-0.000033732,0.259889482,0.259889484,0.714146681,0.147906008,-0.184044480,0.276598082,0.230991383,0.277243126
33.600000000,1779830080_5715,gps,True,False,True,True,1183,31c1594f7caae09c6975238b7b255ad5c765bc56640ec43b539fdb93165d94da,absolute,standard,2.371125625,1.767314499,2.775168502,2.897649155,2.775825149,2.796850059,2.775168502,2.897649155,first_gps,0.003839221,-0.137136925,nan,nan,nan,0.005116791,0.233348877,0.233404970,-0.000006597,0.130433369,0.130433369,-0.000013194,0.260866737,0.260866738,0.732264317,0.148475190,-0.196848144,0.274038360,0.220104081,0.279691054
33.652000000,1779830080_5715,gps,True,False,True,True,1183,31c1594f7caae09c6975238b7b255ad5c765bc56640ec43b539fdb93165d94da,absolute,standard,2.260289964,1.850589449,2.592702753,2.852037556,2.734326222,2.830022510,2.592702753,2.852037556,first_gps,0.003839221,-0.137136925,nan,nan,nan,-0.001257944,0.308340225,0.308342791,-0.000044038,0.132155445,0.132155452,-0.000088076,0.264310890,0.264310905,0.793740911,0.150406534,-0.235268587,0.269888468,0.178104228,0.283008299
33.700000000,1779830080_5715,gps,True,False,True,True,1183,31c1594f7caae09c6975238b7b255ad5c765bc56640ec43b539fdb93165d94da,absolute,standard,2.178408082,1.888025511,2.685888482,2.941533557,2.704793568,2.849593004,2.685888482,2.941533557,first_gps,0.003839221,-0.137136925,nan,nan,nan,0.001915978,0.101190739,0.101208876,-0.000048948,0.132934081,0.132934090,-0.000097896,0.265868161,0.265868179,0.821535769,0.151279735,-0.250109782,0.266935202,0.157036931,0.284965348
33.750000000,1779830080_5715,gps,True,False,True,True,1183,31c1594f7caae09c6975238b7b255ad5c765bc56640ec43b539fdb93165d94da,absolute,standard,2.227499242,1.883783135,2.666220990,2.871439296,2.658094291,2.874910024,2.666220990,2.871439296,first_gps,0.003839221,-0.137136925,nan,nan,nan,0.004734862,-0.621622044,0.621640076,-0.000032987,0.132107564,0.132107568,-0.000065974,0.264215127,0.264215135,0.792355253,0.150363002,-0.234585323,0.262265275,0.179198723,0.287497050
33.800000000,1779830080_5715,gps,True,False,True,True,1183,31c1594f7caae09c6975238b7b255ad5c765bc56640ec43b539fdb93165d94da,absolute,standard,2.121856283,1.965374396,2.733790655,2.944970201,2.625583873,2.888985390,2.733790655,2.944970201,first_gps,0.003839221,-0.137136925,nan,nan,nan,0.003265003,0.518025548,0.518035838,-0.000046836,0.133834178,0.133834186,-0.000093673,0.267668356,0.267668372,0.854356952,0.152310843,-0.265076787,0.259014233,0.130524463,0.288904587
33.850000000,1779830080_5715,gps,True,False,True,True,1183,31c1594f7caae09c6975238b7b255ad5c765bc56640ec43b539fdb93165d94da,absolute,standard,2.036445334,1.961315426,2.624542118,2.921009388,2.575354657,2.906313397,2.624542118,2.921009388,first_gps,0.003839221,-0.137136925,nan,nan,nan,-0.002977876,-0.125561262,0.125596570,-0.000040031,0.133876656,0.133876662,-0.000080061,0.267753312,0.267753323,0.854697492,0.152321542,-0.264875721,0.253991311,0.130073562,0.290637388
33.900000000,1779830080_5715,gps,True,False,True,True,1183,31c1594f7caae09c6975238b7b255ad5c765bc56640ec43b539fdb93165d94da,absolute,standard,2.009890725,1.997357505,2.590556469,2.774742627,2.524904558,2.923051506,2.590556469,2.774742627,first_gps,0.003839221,-0.137136925,nan,nan,nan,0.007862893,-0.285244451,0.285352803,-0.000024086,0.134113938,0.134113940,-0.000048172,0.268227876,0.268227880,0.863723050,0.152605088,-0.268613449,0.248946301,0.122583254,0.292311199
33.951000000,1779830080_5715,gps,True,False,True,True,1183,31c1594f7caae09c6975238b7b255ad5c765bc56640ec43b539fdb93165d94da,absolute,standard,1.976427588,2.000711239,2.582348587,2.856777552,2.491090912,2.933598794,2.582348587,2.856777552,first_gps,0.003839221,-0.137136925,nan,nan,nan,-0.002128217,-0.337010818,0.337017538,-0.000033791,0.134202837,0.134202841,-0.000067582,0.268405674,0.268405682,0.867498943,0.152723711,-0.270055740,0.245564937,0.119391466,0.293365927
34.004000000,1779830080_5715,gps,True,False,True,True,1183,31c1594f7caae09c6975238b7b255ad5c765bc56640ec43b539fdb93165d94da,absolute,standard,1.854117552,2.063315866,2.380947098,3.142164473,2.439296835,2.945478131,2.380947098,3.142164473,first_gps,0.003839221,-0.137136925,nan,nan,nan,0.002380449,0.451083301,0.451089582,-0.000033381,0.136021408,0.136021412,-0.000066762,0.272042816,0.272042824,0.931944407,0.154748325,-0.288322737,0.240385529,0.062601039,0.294553861
34.052000000,1779830080_5715,gps,True,False,True,True,1183,31c1594f7caae09c6975238b7b255ad5c765bc56640ec43b539fdb93165d94da,absolute,standard,1.795572573,2.075394757,2.388993701,2.815766434,2.404674705,2.952993345,2.388993701,2.815766434,first_gps,0.003839221,-0.137136925,nan,nan,nan,-0.001950913,0.503760757,0.503764534,-0.000024846,0.136583514,0.136583516,-0.000049692,0.273167028,0.273167033,0.951951693,0.155376872,-0.291811832,0.236923316,0.044386104,0.295305383
34.100000000,1779830080_5715,gps,True,False,True,True,1183,31c1594f7caae09c6975238b7b255ad5c765bc56640ec43b539fdb93165d94da,absolute,standard,1.788338552,2.053986439,2.266912340,2.998702927,2.370043248,2.960504613,2.266912340,2.998702927,first_gps,0.003839221,-0.137136925,nan,nan,nan,-0.007723827,-0.080568223,0.080937606,-0.000041122,0.135587764,0.135587770,-0.000082244,0.271175528,0.271175540,0.916304055,0.154256969,-0.285091840,0.233460170,0.076738322,0.296056509
34.150000000,1779830080_5715,gps,True,False,True,True,1183,31c1594f7caae09c6975238b7b255ad5c765bc56640ec43b539fdb93165d94da,absolute,standard,1.724077386,2.092355914,2.459109590,2.967868114,2.317466805,2.968062319,2.459109590,2.967868114,first_gps,0.003839221,-0.137136925,nan,nan,nan,-0.001022930,0.312482840,0.312484515,-0.000035169,0.136504795,0.136504799,-0.000070338,0.273009590,0.273009599,0.950345072,0.155326399,-0.291462586,0.228202526,0.045839300,0.296812280
34.200000000,1779830080_5715,gps,True,False,True,True,1183,31c1594f7caae09c6975238b7b255ad5c765bc56640ec43b539fdb93165d94da,absolute,standard,1.659526477,2.110606263,2.403360357,3.032053826,2.264375249,2.970008970,2.403360357,3.032053826,first_gps,0.003839221,-0.137136925,nan,nan,nan,0.002933215,0.341049460,0.341062074,-0.000004613,0.137070044,0.137070044,-0.000009226,0.274140089,0.274140089,0.970215348,0.155950642,-0.293872312,0.222893370,0.027578533,0.297006945
34.261000000,1779830080_5715,gps,True,False,True,True,1183,31c1594f7caae09c6975238b7b255ad5c765bc56640ec43b539fdb93165d94da,absolute,standard,1.565533606,2.115250594,2.262701561,2.907881753,2.211247663,2.968199808,2.262701561,2.907881753,first_gps,0.003839221,-0.137136925,nan,nan,nan,0.004159726,0.194792933,0.194837342,0.000017177,0.137717355,0.137717356,0.000034355,0.275434711,0.275434713,0.993269070,0.156674896,-0.295385687,0.217580612,0.006247110,0.296826029
34.300000000,1779830080_5715,gps,True,False,True,True,1183,31c1594f7caae09c6975238b7b255ad5c765bc56640ec43b539fdb93165d94da,absolute,standard,1.577054459,2.104386465,2.302610035,2.799847857,2.193552683,2.967596484,2.302610035,2.799847857,first_gps,0.003839221,-0.137136925,nan,nan,nan,-0.000155374,-0.279883630,0.279883673,0.000013343,0.137303700,0.137303701,0.000026687,0.274607400,0.274607402,0.977738090,0.156186976,-0.294366313,0.215811114,0.020620980,0.296765696
34.351000000,1779830080_5715,gps,True,False,True,True,1183,31c1594f7caae09c6975238b7b255ad5c765bc56640ec43b539fdb93165d94da,absolute,standard,1.547605408,2.135032676,2.243821086,3.000059621,2.140442701,2.965764448,2.243821086,3.000059621,first_gps,0.003839221,-0.137136925,nan,nan,nan,0.016969936,0.134856317,0.135919847,0.000024580,0.137419039,0.137419041,0.000049160,0.274838078,0.274838082,0.982736573,0.156344008,-0.294728994,0.210500116,0.016000216,0.296582493
34.401000000,1779830080_5715,gps,True,False,True,True,1183,31c1594f7caae09c6975238b7b255ad5c765bc56640ec43b539fdb93165d94da,absolute,standard,1.459251822,2.119122104,1.954742946,2.936013239,2.087312497,2.963925847,1.954742946,2.936013239,first_gps,0.003839221,-0.137136925,nan,nan,nan,-0.000351304,-0.024964416,0.024966888,0.000038822,0.137786626,0.137786632,0.000077644,0.275573253,0.275573264,0.996384502,0.156772770,-0.295427317,0.205187095,0.003355733,0.296398633
34.450000000,1779830080_5715,gps,True,False,True,True,1183,31c1594f7caae09c6975238b7b255ad5c765bc56640ec43b539fdb93165d94da,absolute,standard,1.519572355,2.119422209,2.085369088,3.167706271,2.051906734,2.962704815,2.085369088,3.167706271,first_gps,0.003839221,-0.137136925,nan,nan,nan,-0.001609211,-0.517605686,0.517608187,0.000043560,0.137070834,0.137070841,0.000087121,0.274141667,0.274141681,0.969798955,0.155937561,-0.293797408,0.201646519,0.027959264,0.296276530
34.500000000,1779830080_5715,gps,True,False,True,True,1183,31c1594f7caae09c6975238b7b255ad5c765bc56640ec43b539fdb93165d94da,absolute,standard,1.450548181,2.119550819,2.068752476,3.124568682,2.016493914,2.961488169,2.068752476,3.124568682,first_gps,0.003839221,-0.137136925,nan,nan,nan,-0.006428075,-0.075521860,0.075794930,0.000025721,0.137275849,0.137275852,0.000051442,0.274551699,0.274551704,0.977230345,0.156171025,-0.294697456,0.198105237,0.021116618,0.296154865
34.552000000,1779830080_5715,gps,True,False,True,True,1183,31c1594f7caae09c6975238b7b255ad5c765bc56640ec43b539fdb93165d94da,absolute,standard,1.420171672,2.125590456,1.885285730,2.914781255,1.963383778,2.959665134,1.885285730,2.914781255,first_gps,0.003839221,-0.137136925,nan,nan,nan,-0.004383709,-0.320235358,0.320265361,0.000020725,0.137457648,0.137457650,0.000041450,0.274915297,0.274915300,0.983490513,0.156367694,-0.294920545,0.192794223,0.015310105,0.295972561
34.600000000,1779830080_5715,gps,True,False,True,True,1183,31c1594f7caae09c6975238b7b255ad5c765bc56640ec43b539fdb93165d94da,absolute,standard,1.499016567,2.127625202,1.744780940,3.030777758,1.910265974,2.957842390,1.744780940,3.030777758,first_gps,0.003839221,-0.137136925,nan,nan,nan,-0.001576562,-0.790721125,0.790722697,0.000011826,0.136337378,0.136337378,0.000023653,0.272674756,0.272674757,0.942660288,0.155084974,-0.290490013,0.187482443,0.052901752,0.295790287
34.651000000,1779830080_5715,gps,True,False,True,True,1183,31c1594f7caae09c6975238b7b255ad5c765bc56640ec43b539fdb93165d94da,absolute,standard,1.138952051,2.276823463,1.845400829,3.000187132,1.874861978,2.956622027,1.845400829,3.000187132,first_gps,0.003839221,-0.137136925,nan,nan,nan,0.004370786,0.311393624,0.311424297,0.000007857,0.138133830,0.138133830,0.000015715,0.276267659,0.276267660,-0.992830442,0.157111593,-0.295025338,0.183942043,-0.006646224,0.295668251
34.700000000,1779830080_5715,gps,True,False,True,True,1183,31c1594f7caae09c6975238b7b255ad5c765bc56640ec43b539fdb93165d94da,absolute,standard,1.128329550,2.278524001,1.882862431,2.836457374,1.839448076,2.955393283,1.882862431,2.836457374,first_gps,0.003839221,-0.137136925,nan,nan,nan,0.000714530,0.348920697,0.348921429,0.000007797,0.138004197,0.138004198,0.000015593,0.276008395,0.276008395,-0.997726618,0.156957775,-0.295170652,0.180400653,-0.002108156,0.295545376
34.750000000,1779830080_5715,gps,True,False,True,True,1183,31c1594f7caae09c6975238b7b255ad5c765bc56640ec43b539fdb93165d94da,absolute,standard,1.096204115,2.289059156,1.738666624,2.849478008,1.786328115,2.953552663,1.738666624,2.849478008,first_gps,0.003839221,-0.137136925,nan,nan,nan,0.002870523,0.491652543,0.491660923,0.000008450,0.138270129,0.138270129,0.000016901,0.276540257,0.276540258,-0.988572492,0.157245360,-0.295160778,0.175088657,-0.010600996,0.295361314
34.802000000,1779830080_5715,gps,True,False,True,True,1183,31c1594f7caae09c6975238b7b255ad5c765bc56640ec43b539fdb93165d94da,absolute,standard,1.295460759,2.160619113,1.953131405,2.981432858,1.733214755,2.951720964,1.953131405,2.981432858,first_gps,0.003839221,-0.137136925,nan,nan,nan,0.005412447,-0.317750777,0.317796870,0.000026956,0.137349379,0.137349382,0.000053913,0.274698759,0.274698764,0.978148927,0.156199883,-0.294631416,0.169777321,0.020257443,0.295178144
34.850000000,1779830080_5715,gps,True,False,True,True,1183,31c1594f7caae09c6975238b7b255ad5c765bc56640ec43b539fdb93165d94da,absolute,standard,1.023840294,2.304206066,1.760387928,2.894631367,1.697807904,2.950520011,1.760387928,2.894631367,first_gps,0.003839221,-0.137136925,nan,nan,nan,0.005614258,0.764125493,0.764146118,0.000048796,0.139064360,0.139064368,0.000097591,0.278128719,0.278128736,-0.959710837,0.158152076,-0.292787112,0.166236636,-0.037257867,0.295058049
34.900000000,1779830080_5715,gps,True,False,True,True,1183,31c1594f7caae09c6975238b7b255ad5c765bc56640ec43b539fdb93165d94da,absolute,standard,1.037677518,2.298564610,1.862284795,3.146856051,1.662401716,2.949330125,1.862284795,3.146856051,first_gps,0.003839221,-0.137136925,nan,nan,nan,-0.003271094,0.451366383,0.451378236,0.000044603,0.137946217,0.137946224,0.000089206,0.275892433,0.275892448,-0.999680779,0.156896383,-0.295220425,0.162696017,-0.000296065,0.294939061
34.950000000,1779830080_5715,gps,True,False,True,True,1183,31c1594f7caae09c6975238b7b255ad5c765bc56640ec43b539fdb93165d94da,absolute,standard,1.237392308,2.173519502,1.652679262,2.937705785,1.609288386,2.947574124,1.652679262,2.937705785,first_gps,0.003839221,-0.137136925,nan,nan,nan,0.004427877,-0.440704674,0.440726917,0.000048385,0.137167012,0.137167020,0.000096770,0.274334024,0.274334041,0.972787644,0.156031453,-0.293934618,0.157384684,0.025189908,0.294763460
35.002000000,1779830080_5715,gps,True,False,True,True,1183,31c1594f7caae09c6975238b7b255ad5c765bc56640ec43b539fdb93165d94da,absolute,standard,0.959132241,2.315951707,1.378464130,2.950392120,1.556161695,2.945828039,1.378464130,2.950392120,first_gps,0.003839221,-0.137136925,nan,nan,nan,0.004922324,0.367526904,0.367559865,0.000065834,0.138146979,0.138146995,0.000131668,0.276293958,0.276293989,-0.991768054,0.157144969,-0.295203574,0.152072015,-0.007636087,0.294588852
35.050000000,1779830080_5715,gps,True,False,True,True,1183,31c1594f7caae09c6975238b7b255ad5c765bc56640ec43b539fdb93165d94da,absolute,standard,1.214168908,2.179021447,1.505252550,3.132713429,1.520746048,2.944663151,1.505252550,3.132713429,first_gps,0.003839221,-0.137136925,nan,nan,nan,-0.000419325,-0.533845349,0.533845514,0.000070250,0.136737801,0.136737819,0.000140499,0.273475602,0.273475638,0.958683930,0.155588372,-0.292809412,0.148530450,0.038221038,0.294472363
35.100000000,1779830080_5715,gps,True,False,True,True,1183,31c1594f7caae09c6975238b7b255ad5c765bc56640ec43b539fdb93165d94da,absolute,standard,1.150579631,2.190356045,1.500244358,2.950474953,1.485338022,2.943487191,1.500244358,2.950474953,first_gps,0.003839221,-0.137136925,nan,nan,nan,-0.000811853,0.202318391,0.202320020,0.000062416,0.137181382,0.137181396,0.000124831,0.274362764,0.274362792,0.974338267,0.156080167,-0.294290556,0.144989648,0.023776860,0.294354767
35.150000000,1779830080_5715,gps,True,False,True,True,1183,31c1594f7caae09c6975238b7b255ad5c765bc56640ec43b539fdb93165d94da,absolute,standard,1.116131268,2.193791948,1.452911293,2.854151151,1.432214401,2.941720060,1.452911293,2.854151151,first_gps,0.003839221,-0.137136925,nan,nan,nan,0.003127020,-0.157046712,0.157077841,0.000070789,0.137094310,0.137094329,0.000141579,0.274188620,0.274188657,0.970776419,0.155968269,-0.294107660,0.139677286,0.027077729,0.294178054
35.203000000,1779830080_5715,gps,True,False,True,True,1183,31c1594f7caae09c6975238b7b255ad5c765bc56640ec43b539fdb93165d94da,absolute,standard,0.793251932,2.317631968,1.300982395,2.861260798,1.379093724,2.939945322,1.300982395,2.861260798,first_gps,0.003839221,-0.137136925,nan,nan,nan,-0.001108835,0.093607106,0.093613673,0.000080359,0.138587966,0.138587989,0.000160718,0.277175931,0.277175978,-0.975740935,0.157648476,-0.294610185,0.134365218,-0.022496433,0.294000580
35.250000000,1779830080_5715,gps,True,False,True,True,1183,31c1594f7caae09c6975238b7b255ad5c765bc56640ec43b539fdb93165d94da,absolute,standard,1.065636278,2.199994699,1.228452081,2.948554882,1.343686725,2.938742275,1.228452081,2.948554882,first_gps,0.003839221,-0.137136925,nan,nan,nan,0.001154936,-0.058587331,0.058598714,0.000065329,0.136935632,0.136935647,0.000130659,0.273871263,0.273871295,0.964848873,0.155782049,-0.293488146,0.130824518,0.032542440,0.293880276
35.309000000,1779830080_5715,gps,True,False,True,True,1183,31c1594f7caae09c6975238b7b255ad5c765bc56640ec43b539fdb93165d94da,absolute,standard,0.986442448,2.201436623,1.284704607,3.064362968,1.290574360,2.936947172,1.284704607,3.064362968,first_gps,0.003839221,-0.137136925,nan,nan,nan,-0.001155042,-0.151072985,0.151077401,0.000051534,0.137600532,0.137600542,0.000103067,0.275201065,0.275201084,0.989604558,0.156559772,-0.295026738,0.125513281,0.009638482,0.293700765
35.351000000,1779830080_5715,gps,True,False,True,True,1183,31c1594f7caae09c6975238b7b255ad5c765bc56640ec43b539fdb93165d94da,absolute,standard,0.771908792,2.351817162,1.364540666,2.786617281,1.255171079,2.935738365,1.364540666,2.786617281,first_gps,0.003839221,-0.137136925,nan,nan,nan,0.012188290,0.457153460,0.457315909,0.000072986,0.138509153,0.138509173,0.000145971,0.277018307,0.277018345,-0.976582714,0.157622030,-0.294461403,0.121972953,-0.021701977,0.293579885
35.400000000,1779830080_5715,gps,True,False,True,True,1183,31c1594f7caae09c6975238b7b255ad5c765bc56640ec43b539fdb93165d94da,absolute,standard,0.701829636,2.332493631,1.186310310,2.975797346,1.202050971,2.933933237,1.186310310,2.975797346,first_gps,0.003839221,-0.137136925,nan,nan,nan,-0.004628493,0.196593174,0.196647652,0.000065864,0.138492990,0.138493006,0.000131729,0.276985981,0.276986012,-0.977154696,0.157604061,-0.294423275,0.116660943,-0.021167304,0.293399372
35.450000000,1779830080_5715,gps,True,False,True,True,1183,31c1594f7caae09c6975238b7b255ad5c765bc56640ec43b539fdb93165d94da,absolute,standard,0.895921643,2.217362195,1.252559947,2.806810968,1.166638774,2.932715195,1.252559947,2.806810968,first_gps,0.003839221,-0.137136925,nan,nan,nan,0.001962813,-0.149938909,0.149951756,0.000061000,0.137821202,0.137821215,0.000122001,0.275642403,0.275642430,0.999182881,0.156860684,-0.295324159,0.113119723,0.000758115,0.293277568
35.502000000,1779830080_5715,gps,True,False,True,True,1183,31c1594f7caae09c6975238b7b255ad5c765bc56640ec43b539fdb93165d94da,absolute,standard,0.701238518,2.353666400,1.181313046,2.746795125,1.113520822,2.930902424,1.181313046,2.746795125,first_gps,0.003839221,-0.137136925,nan,nan,nan,-0.001315781,0.556011742,0.556013299,0.000051674,0.138322840,0.138322849,0.000103347,0.276645680,0.276645699,-0.982807421,0.157426475,-0.294862282,0.107807928,-0.015941630,0.293096290
35.552000000,1779830080_5715,gps,True,False,True,True,1183,31c1594f7caae09c6975238b7b255ad5c765bc56640ec43b539fdb93165d94da,absolute,standard,0.822243829,2.205403997,1.009649961,2.962099629,1.078108830,2.929708752,1.009649961,2.962099629,first_gps,0.003839221,-0.137136925,nan,nan,nan,-0.014919555,0.002330573,0.015100486,0.000016191,0.137759204,0.137759205,0.000032382,0.275518408,0.275518410,0.997162458,0.156797211,-0.295439414,0.104266728,0.002633735,0.292976923
35.601000000,1779830080_5715,gps,True,False,True,True,1183,31c1594f7caae09c6975238b7b255ad5c765bc56640ec43b539fdb93165d94da,absolute,standard,0.805180727,2.227348945,0.830928027,3.094794413,1.024988570,2.927928255,0.830928027,3.094794413,first_gps,0.003839221,-0.137136925,nan,nan,nan,-0.001507097,0.080709652,0.080723722,0.000024881,0.137804547,0.137804550,0.000049761,0.275609095,0.275609099,0.999209329,0.156861515,-0.295343810,0.098954702,0.000733626,0.292798874
35.650000000,1779830080_5715,gps,True,False,True,True,1183,31c1594f7caae09c6975238b7b255ad5c765bc56640ec43b539fdb93165d94da,absolute,standard,0.826692507,2.246655071,1.020585019,2.850900821,0.989583932,2.926729486,1.020585019,2.850900821,first_gps,0.003839221,-0.137136925,nan,nan,nan,0.006301134,0.261085404,0.261161430,0.000042938,0.137574501,0.137574508,0.000085876,0.275149003,0.275149016,0.990833346,0.156598376,-0.295106667,0.095414239,0.008500800,0.292678997
35.703000000,1779830080_5715,gps,True,False,True,True,1183,31c1594f7caae09c6975238b7b255ad5c765bc56640ec43b539fdb93165d94da,absolute,standard,0.588660241,2.362353423,0.844146841,2.865549406,0.936463640,2.924911151,0.844146841,2.865549406,first_gps,0.003839221,-0.137136925,nan,nan,nan,-0.005537630,0.671714018,0.671736844,0.000013054,0.138593181,0.138593182,0.000026107,0.277186362,0.277186363,-0.972129828,0.157761922,-0.294112788,0.090102209,-0.025817561,0.292497163
35.750000000,1779830080_5715,gps,True,False,True,True,1183,31c1594f7caae09c6975238b7b255ad5c765bc56640ec43b539fdb93165d94da,absolute,standard,0.788012127,2.266860368,0.769751641,2.844457027,0.901049286,2.923692791,0.769751641,2.844457027,first_gps,0.003839221,-0.137136925,nan,nan,nan,0.015104822,0.367218629,0.367529151,0.000037860,0.137620837,0.137620842,0.000075720,0.275241674,0.275241684,0.992663040,0.156655857,-0.295166065,0.086560774,0.006804706,0.292375327
35.800000000,1779830080_5715,gps,True,False,True,True,1183,31c1594f7caae09c6975238b7b255ad5c765bc56640ec43b539fdb93165d94da,absolute,standard,0.539385095,2.366194380,0.824433132,3.120387580,0.865635452,2.922466136,0.824433132,3.120387580,first_gps,0.003839221,-0.137136925,nan,nan,nan,0.003363766,-0.151562462,0.151599785,0.000037540,0.137937440,0.137937445,0.000075080,0.275874881,0.275874891,-0.996435646,0.156998332,-0.295395201,0.083019391,-0.003307899,0.292252662
35.853000000,1779830080_5715,gps,True,False,True,True,1183,31c1594f7caae09c6975238b7b255ad5c765bc56640ec43b539fdb93165d94da,absolute,standard,0.717188442,2.236475108,0.958002690,2.933278134,0.812526427,2.920624961,0.958002690,2.933278134,first_gps,0.003839221,-0.137136925,nan,nan,nan,-0.010357810,-0.597280561,0.597370365,0.000027630,0.137501281,0.137501284,0.000055259,0.275002562,0.275002567,0.989099053,0.156543891,-0.295129957,0.077708488,0.010111072,0.292068544
35.909000000,1779830080_5715,gps,True,False,True,True,1183,31c1594f7caae09c6975238b7b255ad5c765bc56640ec43b539fdb93165d94da,absolute,standard,0.662937656,2.245009893,0.762155676,3.051238278,0.759422480,2.918784134,0.762155676,3.051238278,first_gps,0.003839221,-0.137136925,nan,nan,nan,-0.005148423,-0.193342437,0.193410972,0.000007654,0.137534895,0.137534895,0.000015309,0.275069790,0.275069790,0.990637197,0.156592213,-0.294873388,0.072398093,0.008675942,0.291884461
35.952000000,1779830080_5715,gps,True,False,True,True,1183,31c1594f7caae09c6975238b7b255ad5c765bc56640ec43b539fdb93165d94da,absolute,standard,0.458767731,2.385638214,0.737412736,2.810035457,0.724006134,2.917570757,0.737412736,2.810035457,first_gps,0.003839221,-0.137136925,nan,nan,nan,0.009573003,-0.039997927,0.041127564,0.000050034,0.137888107,0.137888116,0.000100068,0.275776213,0.275776231,-0.995758100,0.157019618,-0.295176686,0.068856459,-0.003933853,0.291763124
36.008000000,1779830080_5715,gps,True,False,True,True,1183,31c1594f7caae09c6975238b7b255ad5c765bc56640ec43b539fdb93165d94da,absolute,standard,0.609690633,2.261338637,0.636104437,2.941119576,0.670887033,2.915759984,0.636104437,2.941119576,first_gps,0.003839221,-0.137136925,nan,nan,nan,-0.000782821,-0.148958255,0.148960312,0.000048468,0.137590190,0.137590199,0.000096937,0.275180380,0.275180397,0.993784973,0.156691104,-0.295125942,0.063544549,0.005763091,0.291582046
36.056000000,1779830080_5715,gps,True,False,True,True,1183,31c1594f7caae09c6975238b7b255ad5c765bc56640ec43b539fdb93165d94da,absolute,standard,0.410960391,2.391316495,0.842165296,2.879047604,0.635486243,2.914554634,0.842165296,2.879047604,first_gps,0.003839221,-0.137136925,nan,nan,nan,0.001997003,0.284624044,0.284631049,0.000052975,0.138226800,0.138226810,0.000105950,0.276453600,0.276453620,-0.983684375,0.157398925,-0.294802092,0.060004470,-0.015123932,0.291461511
36.102000000,1779830080_5715,gps,True,False,True,True,1183,31c1594f7caae09c6975238b7b255ad5c765bc56640ec43b539fdb93165d94da,absolute,standard,0.546493120,2.259715527,0.378177368,2.994720253,0.582366188,2.912768159,0.378177368,2.994720253,first_gps,0.003839221,-0.137136925,nan,nan,nan,-0.008358848,-0.175530777,0.175729690,0.000030138,0.137718527,0.137718530,0.000060275,0.275437054,0.275437061,0.996948317,0.156790483,-0.295181848,0.054692464,0.002830038,0.291282864
36.173000000,1779830080_5715,gps,True,False,True,True,1183,31c1594f7caae09c6975238b7b255ad5c765bc56640ec43b539fdb93165d94da,absolute,standard,0.362141098,2.388733652,0.473672191,2.983988669,0.546949277,2.911588566,0.473672191,2.983988669,first_gps,0.003839221,-0.137136925,nan,nan,nan,-0.004995505,0.177323206,0.177393558,0.000022644,0.137984512,0.137984514,0.000045289,0.275969024,0.275969028,-0.993765723,0.157082210,-0.295232150,0.051150773,-0.005783027,0.291164905
36.201000000,1779830080_5715,gps,True,False,True,True,1183,31c1594f7caae09c6975238b7b255ad5c765bc56640ec43b539fdb93165d94da,absolute,standard,0.537167202,2.286439136,0.631710021,2.794213327,0.493829304,2.909807898,0.631710021,2.794213327,first_gps,0.003839221,-0.137136925,nan,nan,nan,0.002970988,0.141677807,0.141708954,0.000046689,0.137309337,0.137309345,0.000093378,0.274618674,0.274618690,0.982457728,0.156335248,-0.294834596,0.045838776,0.016265003,0.290986838
36.251000000,1779830080_5715,gps,True,False,True,True,1183,31c1594f7caae09c6975238b7b255ad5c765bc56640ec43b539fdb93165d94da,absolute,standard,0.319593103,2.402126346,0.565545873,2.907319692,0.458418054,2.908619525,0.565545873,2.907319692,first_gps,0.003839221,-0.137136925,nan,nan,nan,-0.000928498,0.181521812,0.181524187,0.000051363,0.137997918,0.137997928,0.000102726,0.275995836,0.275995855,-0.993602673,0.157087332,-0.295253533,0.042297651,-0.005934745,0.290868001
36.316000000,1779830080_5715,gps,True,False,True,True,1183,31c1594f7caae09c6975238b7b255ad5c765bc56640ec43b539fdb93165d94da,absolute,standard,0.289665938,2.404062422,0.374461049,2.906233114,0.405308139,2.906840550,0.374461049,2.906233114,first_gps,0.003839221,-0.137136925,nan,nan,nan,-0.003405270,0.323411167,0.323429094,0.000026376,0.138175004,0.138175006,0.000052751,0.276350007,0.276350012,-0.986099794,0.157323042,-0.294884962,0.036986659,-0.012885459,0.290690103
36.365000000,1779830080_5715,gps,True,False,True,True,1183,31c1594f7caae09c6975238b7b255ad5c765bc56640ec43b539fdb93165d94da,absolute,standard,0.452324691,2.286683081,0.427506149,2.801629075,0.369886719,2.905647987,0.427506149,2.801629075,first_gps,0.003839221,-0.137136925,nan,nan,nan,-0.007462973,0.271007852,0.271110589,-0.000001745,0.137514312,0.137514312,-0.000003491,0.275028624,0.275028624,0.990720185,0.156594821,-0.295303237,0.033444517,0.008611533,0.290570847
36.407000000,1779830080_5715,gps,True,False,True,True,1183,31c1594f7caae09c6975238b7b255ad5c765bc56640ec43b539fdb93165d94da,absolute,standard,0.419092073,2.283878254,0.501369130,2.867309465,0.316781366,2.903857057,0.501369130,2.867309465,first_gps,0.003839221,-0.137136925,nan,nan,nan,-0.006831798,0.014496800,0.016025937,-0.000015346,0.137145108,0.137145109,-0.000030692,0.274290217,0.274290218,0.978999461,0.156226603,-0.294752421,0.028133982,0.019474596,0.290391754
36.460000000,1779830080_5715,gps,True,False,True,True,1183,31c1594f7caae09c6975238b7b255ad5c765bc56640ec43b539fdb93165d94da,absolute,standard,0.448869314,2.320342059,0.387192353,2.921709189,0.299073112,2.903259899,0.387192353,2.921709189,first_gps,0.003839221,-0.137136925,nan,nan,nan,0.011303872,0.604864436,0.604970052,-0.000006303,0.137629000,0.137629000,-0.000012605,0.275258000,0.275258000,0.996282628,0.156769570,-0.295285186,0.026363157,0.003448636,0.290332038
36.500000000,1779830080_5715,gps,True,False,True,True,1183,31c1594f7caae09c6975238b7b255ad5c765bc56640ec43b539fdb93165d94da,absolute,standard,0.377432029,2.301423024,0.362111943,2.813259757,0.228253313,2.900832335,0.362111943,2.813259757,first_gps,0.003839221,-0.137136925,nan,nan,nan,0.001274775,-0.336632951,0.336635365,0.000013401,0.137428357,0.137428358,0.000026803,0.274856715,0.274856716,0.988029803,0.156510300,-0.295164178,0.019281177,0.011105027,0.290089282
36.553000000,1779830080_5715,gps,True,False,True,True,1183,31c1594f7caae09c6975238b7b255ad5c765bc56640ec43b539fdb93165d94da,absolute,standard,0.244711081,2.439960365,0.101654364,2.927398367,0.192872304,2.898984997,0.101654364,2.927398367,first_gps,0.003839221,-0.137136925,nan,nan,nan,0.005373787,0.774858147,0.774876781,0.000024346,0.137900569,0.137900571,0.000048692,0.275801137,0.275801142,-0.995408522,0.157030600,-0.295131544,0.015743076,-0.004257436,0.289904548
36.600000000,1779830080_5715,gps,True,False,True,True,1183,31c1594f7caae09c6975238b7b255ad5c765bc56640ec43b539fdb93165d94da,absolute,standard,0.106514732,2.417009903,0.075110836,3.015637119,0.157710946,2.894640980,0.075110836,3.015637119,first_gps,0.003839221,-0.137136925,nan,nan,nan,0.001876752,0.255614231,0.255621120,0.000054739,0.139059547,0.139059558,0.000109478,0.278119095,0.278119116,-0.953822369,0.158337068,-0.292263100,0.012226940,-0.042698954,0.289470146
36.650000000,1779830080_5715,gps,True,False,True,True,1183,31c1594f7caae09c6975238b7b255ad5c765bc56640ec43b539fdb93165d94da,absolute,standard,0.052207191,2.400083126,0.010274281,2.931818395,0.105777259,2.883492896,0.010274281,2.931818395,first_gps,0.003839221,-0.137136925,nan,nan,nan,-0.007704816,0.364615388,0.364696786,0.000055208,0.139632149,0.139632160,0.000110417,0.279264298,0.279264320,-0.933506353,0.158975314,-0.288680032,0.007033571,-0.061196850,0.288355338
36.701000000,1779830080_5715,gps,True,False,True,True,1183,31c1594f7caae09c6975238b7b255ad5c765bc56640ec43b539fdb93165d94da,absolute,standard,-0.008917882,2.393562277,0.041802248,2.816553383,0.055297814,2.866924032,0.041802248,2.816553383,first_gps,0.003839221,-0.137136925,nan,nan,nan,0.006384257,0.289492444,0.289562832,0.000058859,0.140286685,0.140286697,0.000117717,0.280573370,0.280573395,-0.909710737,0.159722875,-0.283486050,0.001985627,-0.082639746,0.286698451
36.750000000,1779830080_5715,gps,True,False,True,True,1183,31c1594f7caae09c6975238b7b255ad5c765bc56640ec43b539fdb93165d94da,absolute,standard,-0.065219363,2.358214865,-0.082869226,2.835938613,0.022754872,2.852941655,-0.082869226,2.835938613,first_gps,0.003839221,-0.137136925,nan,nan,nan,-0.005157071,0.528802866,0.528828012,0.000034810,0.141306529,0.141306533,0.000069621,0.282613057,0.282613066,-0.872852730,0.160880804,-0.271832628,-0.001268667,-0.114751176,0.285300214
36.800000000,1779830080_5715,gps,True,False,True,True,1183,31c1594f7caae09c6975238b7b255ad5c765bc56640ec43b539fdb93165d94da,absolute,standard,-0.116061287,2.342162668,0.028486821,2.825937189,-0.008734670,2.836687096,0.028486821,2.825937189,first_gps,0.003839221,-0.137136925,nan,nan,nan,-0.001540215,0.232893959,0.232899052,0.000017235,0.141440444,0.141440445,0.000034469,0.282880888,0.282880890,-0.867405964,0.161051919,-0.270110774,-0.004417622,-0.119510129,0.283674758
36.862000000,1779830080_5715,gps,True,False,True,True,1183,31c1594f7caae09c6975238b7b255ad5c765bc56640ec43b539fdb93165d94da,absolute,standard,-0.206276298,2.287711861,0.048485566,2.778784091,-0.067842903,2.797722294,0.048485566,2.778784091,first_gps,0.003839221,-0.137136925,nan,nan,nan,0.000793801,0.226107390,0.226108784,0.000012028,0.142702686,0.142702687,0.000024055,0.285405373,0.285405374,-0.821755577,0.162486068,-0.250186973,-0.010328445,-0.156844629,0.279778277
36.910000000,1779830080_5715,gps,True,False,True,True,1183,31c1594f7caae09c6975238b7b255ad5c765bc56640ec43b539fdb93165d94da,absolute,standard,-0.253342466,2.228230112,-0.178729992,2.657899469,-0.095177061,2.775184030,-0.178729992,2.657899469,first_gps,0.003839221,-0.137136925,nan,nan,nan,0.005447523,0.622971451,0.622995268,0.000008318,0.144411437,0.144411437,0.000016636,0.288822874,0.288822874,-0.759495324,0.164442032,-0.214772533,-0.013061861,-0.202326591,0.277524451
36.973000000,1779830080_5715,gps,True,False,True,True,1183,31c1594f7caae09c6975238b7b255ad5c765bc56640ec43b539fdb93165d94da,absolute,standard,-0.321917397,2.182300964,-0.231048701,2.682667104,-0.144735221,2.724597182,-0.231048701,2.682667104,first_gps,0.003839221,-0.137136925,nan,nan,nan,0.001660286,0.211189509,0.211196035,0.000021285,0.144561292,0.144561294,0.000042571,0.289122584,0.289122587,-0.754328784,0.164604343,-0.211680692,-0.018017677,-0.206000184,0.272465766
37.020000000,1779830080_5715,gps,True,False,True,True,1183,31c1594f7caae09c6975238b7b255ad5c765bc56640ec43b539fdb93165d94da,absolute,standard,-0.360945535,2.129718399,-0.095185752,2.607230693,-0.155958996,2.710901618,-0.095185752,2.607230693,first_gps,0.003839221,-0.137136925,nan,nan,nan,-0.003483778,-0.230350935,0.230377277,0.000025701,0.145345940,0.145345942,0.000051402,0.290691880,0.290691885,-0.725121265,0.165521925,-0.191749574,-0.019140054,-0.224336789,0.271096210
37.050000000,1779830080_5715,gps,True,False,True,True,1183,31c1594f7caae09c6975238b7b255ad5c765bc56640ec43b539fdb93165d94da,absolute,standard,-0.364119010,2.092090930,-0.193586210,2.470256570,-0.176919257,2.682355781,-0.193586210,2.470256570,first_gps,0.003839221,-0.137136925,nan,nan,nan,0.000902823,0.548197838,0.548198581,0.000041692,0.146317238,0.146317244,0.000083384,0.292634476,0.292634488,-0.690486553,0.166610006,-0.166287418,-0.021236080,-0.243881788,0.268241626
37.102000000,1779830080_5715,gps,True,False,True,True,1183,31c1594f7caae09c6975238b7b255ad5c765bc56640ec43b539fdb93165d94da,absolute,standard,-0.417503088,2.021089943,-0.284144493,2.556086354,-0.204457106,2.636924631,-0.284144493,2.556086354,first_gps,0.003839221,-0.137136925,nan,nan,nan,0.002789587,-0.345357061,0.345368327,0.000038312,0.146930653,0.146930658,0.000076625,0.293861305,0.293861315,-0.670132536,0.167249447,-0.150273171,-0.023989865,-0.253856758,0.263698511
37.154000000,1779830080_5715,gps,True,False,True,True,1183,31c1594f7caae09c6975238b7b255ad5c765bc56640ec43b539fdb93165d94da,absolute,standard,-0.439638399,2.013560554,-0.162775666,2.715530470,-0.220077446,2.605114495,-0.162775666,2.715530470,first_gps,0.003839221,-0.137136925,nan,nan,nan,0.005219875,-0.031674716,0.032101943,0.000052928,0.146841963,0.146841973,0.000105856,0.293683927,0.293683946,-0.674370447,0.167116309,-0.153809044,-0.025551899,-0.252111435,0.260517498
37.210000000,1779830080_5715,gps,True,False,True,True,1183,31c1594f7caae09c6975238b7b255ad5c765bc56640ec43b539fdb93165d94da,absolute,standard,-0.468002265,1.866102536,-0.262122410,2.421680896,-0.239188160,2.555548150,-0.262122410,2.421680896,first_gps,0.003839221,-0.137136925,nan,nan,nan,-0.002588046,0.345216372,0.345226073,0.000040188,0.149186809,0.149186814,0.000080375,0.298373618,0.298373629,-0.588960728,0.169799534,-0.081426195,-0.027462971,-0.283725200,0.255560863
37.264000000,1779830080_5715,gps,True,False,True,True,1183,31c1594f7caae09c6975238b7b255ad5c765bc56640ec43b539fdb93165d94da,absolute,standard,-0.482370046,1.821735916,-0.222053492,2.499766943,-0.252925128,2.504226089,-0.222053492,2.499766943,first_gps,0.003839221,-0.137136925,nan,nan,nan,0.001840354,-0.330910486,0.330915603,0.000054520,0.149212038,0.149212048,0.000109041,0.298424076,0.298424096,-0.587626185,0.169841460,-0.080308298,-0.028836667,-0.284320266,0.250428657
37.303000000,1779830080_5715,gps,True,False,True,True,1183,31c1594f7caae09c6975238b7b255ad5c765bc56640ec43b539fdb93165d94da,absolute,standard,-0.499445231,1.802699813,-0.367002329,2.314391371,-0.256275649,2.486840870,-0.367002329,2.314391371,first_gps,0.003839221,-0.137136925,nan,nan,nan,-0.000244429,0.074991846,0.074992245,0.000053787,0.149437014,0.149437023,0.000107574,0.298874027,0.298874047,-0.579540685,0.170095473,-0.072972301,-0.029171719,-0.285920530,0.248690135
37.392000000,1779830080_5715,gps,True,False,True,True,1183,31c1594f7caae09c6975238b7b255ad5c765bc56640ec43b539fdb93165d94da,absolute,standard,-0.510302209,1.718415049,-0.075304094,2.462953509,-0.262827462,2.416341172,-0.075304094,2.462953509,first_gps,0.003839221,-0.137136925,nan,nan,nan,0.004710634,-0.044274167,0.044524060,0.000059657,0.150180910,0.150180922,0.000119314,0.300361819,0.300361843,-0.553910872,0.170900658,-0.049768097,-0.029826901,-0.291034335,0.241640165
37.415000000,1779830080_5715,gps,True,False,True,True,1183,31c1594f7caae09c6975238b7b255ad5c765bc56640ec43b539fdb93165d94da,absolute,standard,-0.495250367,1.635318390,-0.397666872,2.546301891,-0.261613760,2.363239163,-0.397666872,2.546301891,first_gps,0.003839221,-0.137136925,nan,nan,nan,0.004328056,-0.356730855,0.356757109,0.000065117,0.150952893,0.150952907,0.000130235,0.301905785,0.301905813,-0.526109656,0.171774059,-0.024186382,-0.029705531,-0.294201140,0.236329964
37.454000000,1779830080_5715,gps,True,False,True,True,1183,31c1594f7caae09c6975238b7b255ad5c765bc56640ec43b539fdb93165d94da,absolute,standard,-0.462010892,1.556866644,-0.204857539,2.501810439,-0.259954791,2.345601048,-0.204857539,2.501810439,first_gps,0.003839221,-0.137136925,nan,nan,nan,-0.001899937,0.620041663,0.620044574,0.000060558,0.152440993,0.152441005,0.000121115,0.304881985,0.304882009,-0.472195300,0.173467828,0.025759007,-0.029539634,-0.294140266,0.234566153
37.505000000,1779830080_5715,gps,True,False,True,True,1183,31c1594f7caae09c6975238b7b255ad5c765bc56640ec43b539fdb93165d94da,absolute,standard,-0.472600327,1.503341529,-0.307578397,2.403465832,-0.251239163,2.293200587,-0.307578397,2.403465832,first_gps,0.003839221,-0.137136925,nan,nan,nan,-0.004037219,0.436841300,0.436859955,0.000061942,0.152581354,0.152581367,0.000123884,0.305162708,0.305162733,-0.466299529,0.173653049,0.031183888,-0.028668071,-0.293438753,0.229326107
37.551000000,1779830080_5715,gps,True,False,True,True,1183,31c1594f7caae09c6975238b7b255ad5c765bc56640ec43b539fdb93165d94da,absolute,standard,-0.445751509,1.382073995,-0.143649443,2.222347210,-0.242362360,2.258892219,-0.143649443,2.222347210,first_gps,0.003839221,-0.137136925,nan,nan,nan,0.001155876,0.372587106,0.372588898,0.000076022,0.154403009,0.154403027,0.000152045,0.308806017,0.308806054,-0.401284376,0.175695561,0.090115922,-0.027780391,-0.281204034,0.225895270
37.600000000,1779830080_5715,gps,True,False,True,True,1183,31c1594f7caae09c6975238b7b255ad5c765bc56640ec43b539fdb93165d94da,absolute,standard,-0.428571940,1.338595013,-0.240405451,2.338444295,-0.224598403,2.208833679,-0.240405451,2.338444295,first_gps,0.003839221,-0.137136925,nan,nan,nan,-0.007245471,0.500364941,0.500417396,0.000089947,0.154438335,0.154438361,0.000179893,0.308876669,0.308876721,-0.398600554,0.175779875,0.092441626,-0.026003995,-0.280306794,0.220889416
37.650000000,1779830080_5715,gps,True,False,True,True,1183,31c1594f7caae09c6975238b7b255ad5c765bc56640ec43b539fdb93165d94da,absolute,standard,-0.432474926,1.293193365,-0.180656643,2.262419515,-0.211562031,2.175890733,-0.180656643,2.262419515,first_gps,0.003839221,-0.137136925,nan,nan,nan,0.001090732,-0.463761536,0.463762819,0.000073425,0.154591296,0.154591314,0.000146849,0.309182593,0.309182628,-0.393526834,0.175939271,0.096876775,-0.024700358,-0.278737676,0.217595121
37.713000000,1779830080_5715,gps,True,False,True,True,1183,31c1594f7caae09c6975238b7b255ad5c765bc56640ec43b539fdb93165d94da,absolute,standard,-0.404355474,1.216990055,-0.193084711,2.264059323,-0.192006455,2.126478446,-0.193084711,2.264059323,first_gps,0.003839221,-0.137136925,nan,nan,nan,-0.007678153,0.370132851,0.370212482,0.000059816,0.155485285,0.155485297,0.000119633,0.310970570,0.310970593,-0.362374850,0.176917939,0.123674283,-0.022744800,-0.267993074,0.212653893
37.750000000,1779830080_5715,gps,True,False,True,True,1183,31c1594f7caae09c6975238b7b255ad5c765bc56640ec43b539fdb93165d94da,absolute,standard,-0.442541151,1.233471441,-0.177945063,2.143798110,-0.178972862,2.093515278,-0.177945063,2.143798110,first_gps,0.003839221,-0.137136925,nan,nan,nan,0.001669187,-0.009567206,0.009711725,0.000073913,0.154716023,0.154716041,0.000147826,0.309432047,0.309432082,-0.391318564,0.176008646,0.098881546,-0.021441441,-0.278265388,0.209357576
37.800000000,1779830080_5715,gps,True,False,True,True,1183,31c1594f7caae09c6975238b7b255ad5c765bc56640ec43b539fdb93165d94da,absolute,standard,-0.426106236,1.186326841,-0.040110676,2.170344834,-0.165942736,2.060576211,-0.040110676,2.170344834,first_gps,0.003839221,-0.137136925,nan,nan,nan,-0.002146411,-0.107847488,0.107868845,0.000063404,0.155048194,0.155048207,0.000126808,0.310096387,0.310096413,-0.379285506,0.176386675,0.109294880,-0.020138428,-0.274247225,0.206063669
37.850000000,1779830080_5715,gps,True,False,True,True,1183,31c1594f7caae09c6975238b7b255ad5c765bc56640ec43b539fdb93165d94da,absolute,standard,-0.422590270,1.164876699,-0.242556747,2.137641558,-0.146413189,2.011156483,-0.242556747,2.137641558,first_gps,0.003839221,-0.137136925,nan,nan,nan,0.004624135,0.076865618,0.077004583,0.000009061,0.154850753,0.154850754,0.000018122,0.309701507,0.309701507,-0.386289372,0.176166642,0.103133619,-0.018185473,-0.276315031,0.201121696
37.901000000,1779830080_5715,gps,True,False,True,True,1183,31c1594f7caae09c6975238b7b255ad5c765bc56640ec43b539fdb93165d94da,absolute,standard,-0.397699565,1.137417044,0.037988328,2.109014348,-0.128646429,1.961089860,0.037988328,2.109014348,first_gps,0.003839221,-0.137136925,nan,nan,nan,-0.000116873,0.360745463,0.360745482,0.000002682,0.154716496,0.154716496,0.000005364,0.309432992,0.309432992,-0.390829977,0.176023995,0.099252089,-0.016408797,-0.277955165,0.196115034
37.950000000,1779830080_5715,gps,True,False,True,True,1183,31c1594f7caae09c6975238b7b255ad5c765bc56640ec43b539fdb93165d94da,absolute,standard,-0.438154616,1.154432621,-0.136254581,1.952012553,-0.119800162,1.926774338,-0.136254581,1.952012553,first_gps,0.003839221,-0.137136925,nan,nan,nan,0.005477778,0.001945529,0.005813014,-0.000012376,0.153844200,0.153844200,-0.000024751,0.307688399,0.307688400,-0.422632881,0.175024878,0.071096764,-0.015524171,-0.286728918,0.192683482
38.003000000,1779830080_5715,gps,True,False,True,True,1183,31c1594f7caae09c6975238b7b255ad5c765bc56640ec43b539fdb93165d94da,absolute,standard,-0.451730417,1.163566178,-0.224408250,1.896279621,-0.111147575,1.874370988,-0.224408250,1.896279621,first_gps,0.003839221,-0.137136925,nan,nan,nan,-0.007644611,-0.034897373,0.035724875,-0.000020680,0.152763341,0.152763342,-0.000041361,0.305526682,0.305526685,-0.461006635,0.173819330,0.036044629,-0.014658912,-0.292765508,0.187443147
38.052000000,1779830080_5715,gps,True,False,True,True,1183,31c1594f7caae09c6975238b7b255ad5c765bc56640ec43b539fdb93165d94da,absolute,standard,-0.434786318,1.190389871,-0.148924734,1.868954158,-0.108479837,1.839045804,-0.148924734,1.868954158,first_gps,0.003839221,-0.137136925,nan,nan,nan,-0.000568417,0.295530733,0.295531280,-0.000023224,0.152084036,0.152084038,-0.000046448,0.304168072,0.304168075,-0.485198757,0.173059313,0.013713741,-0.014392138,-0.294709891,0.183910629
38.105000000,1779830080_5715,gps,True,False,True,True,1183,31c1594f7caae09c6975238b7b255ad5c765bc56640ec43b539fdb93165d94da,absolute,standard,-0.436789714,1.166236605,0.076976888,1.692275799,-0.105439435,1.785975834,0.076976888,1.692275799,first_gps,0.003839221,-0.137136925,nan,nan,nan,0.012430399,-0.296023708,0.296284577,0.000014679,0.151926349,0.151926350,0.000029359,0.303852698,0.303852700,-0.491490770,0.172861643,0.007893723,-0.014088098,-0.295214899,0.178603631
38.150000000,1779830080_5715,gps,True,False,True,True,1183,31c1594f7caae09c6975238b7b255ad5c765bc56640ec43b539fdb93165d94da,absolute,standard,-0.418617204,1.171890479,-0.154107676,1.762813504,-0.103420197,1.750612530,-0.154107676,1.762813504,first_gps,0.003839221,-0.137136925,nan,nan,nan,0.005112463,-0.697396810,0.697415549,0.000026344,0.151214338,0.151214341,0.000052688,0.302428677,0.302428682,-0.517484432,0.172045028,-0.016197584,-0.013886174,-0.294585754,0.175067301
38.202000000,1779830080_5715,gps,True,False,True,True,1183,31c1594f7caae09c6975238b7b255ad5c765bc56640ec43b539fdb93165d94da,absolute,standard,-0.449201883,1.116857643,0.021063168,1.702800040,-0.100401951,1.697543368,0.021063168,1.702800040,first_gps,0.003839221,-0.137136925,nan,nan,nan,0.003673945,-0.070584272,0.070679822,0.000036902,0.151645717,0.151645721,0.000073805,0.303291433,0.303291442,-0.501112621,0.172559364,-0.001032041,-0.013584350,-0.295255527,0.169760385
38.264000000,1779830080_5715,gps,True,False,True,True,1183,31c1594f7caae09c6975238b7b255ad5c765bc56640ec43b539fdb93165d94da,absolute,standard,-0.434769629,1.036953094,-0.140005993,1.606676276,-0.097364490,1.644482832,-0.140005993,1.606676276,first_gps,0.003839221,-0.137136925,nan,nan,nan,0.003849490,0.103181386,0.103253169,0.000057158,0.152533720,0.152533731,0.000114317,0.305067440,0.305067461,-0.468935950,0.173570224,0.028777325,-0.013280604,-0.293941336,0.164454331
38.301000000,1779830080_5715,gps,True,False,True,True,1183,31c1594f7caae09c6975238b7b255ad5c765bc56640ec43b539fdb93165d94da,absolute,standard,-0.446590529,1.040399556,-0.124171716,1.628577118,-0.096354719,1.626796706,-0.124171716,1.628577118,first_gps,0.003839221,-0.137136925,nan,nan,nan,0.000973974,0.001157152,0.001512490,0.000051878,0.152157027,0.152157036,0.000103756,0.304314054,0.304314072,-0.482744200,0.173136425,0.015997804,-0.013179626,-0.294815064,0.162685719
38.353000000,1779830080_5715,gps,True,False,True,True,1183,31c1594f7caae09c6975238b7b255ad5c765bc56640ec43b539fdb93165d94da,absolute,standard,-0.432118512,1.019439500,-0.066648450,1.599164276,-0.093329622,1.573733272,-0.066648450,1.599164276,first_gps,0.003839221,-0.137136925,nan,nan,nan,0.002330832,-0.283856689,0.283866258,0.000053293,0.151873782,0.151873791,0.000106585,0.303747564,0.303747582,-0.493731693,0.172791242,0.005811654,-0.012877117,-0.295082525,0.157379375
38.400000000,1779830080_5715,gps,True,False,True,True,1183,31c1594f7caae09c6975238b7b255ad5c765bc56640ec43b539fdb93165d94da,absolute,standard,-0.430231386,0.986294605,-0.126052297,1.541968443,-0.091304201,1.538361581,-0.126052297,1.541968443,first_gps,0.003839221,-0.137136925,nan,nan,nan,0.001856841,0.167110105,0.167120420,0.000063729,0.152184594,0.152184608,0.000127459,0.304369189,0.304369216,-0.482864521,0.173132645,0.015886911,-0.012674575,-0.294831258,0.153842206
38.450000000,1779830080_5715,gps,True,False,True,True,1183,31c1594f7caae09c6975238b7b255ad5c765bc56640ec43b539fdb93165d94da,absolute,standard,-0.427473799,0.991638434,-0.001825743,1.400351923,-0.088274940,1.485303829,-0.001825743,1.400351923,first_gps,0.003839221,-0.137136925,nan,nan,nan,0.007473188,0.204277138,0.204413790,0.000086113,0.151560135,0.151560160,0.000172227,0.303120270,0.303120319,-0.505461470,0.172422741,-0.005062758,-0.012371649,-0.295042885,0.148536431
38.508000000,1779830080_5715,gps,True,False,True,True,1183,31c1594f7caae09c6975238b7b255ad5c765bc56640ec43b539fdb93165d94da,absolute,standard,-0.440946747,0.947762316,0.048202225,1.531973791,-0.085257602,1.432243078,0.048202225,1.531973791,first_gps,0.003839221,-0.137136925,nan,nan,nan,0.004707395,0.013729753,0.014514327,0.000083678,0.151609379,0.151609402,0.000167356,0.303218758,0.303218804,-0.504809349,0.172443228,-0.004459634,-0.012069915,-0.295141296,0.143230356
38.550000000,1779830080_5715,gps,True,False,True,True,1183,31c1594f7caae09c6975238b7b255ad5c765bc56640ec43b539fdb93165d94da,absolute,standard,-0.425985506,0.889233782,-0.166385511,1.436628225,-0.083234243,1.396873521,-0.166385511,1.436628225,first_gps,0.003839221,-0.137136925,nan,nan,nan,0.000046611,0.143306499,0.143306506,0.000081044,0.152260198,0.152260219,0.000162088,0.304520396,0.304520439,-0.482070585,0.173157587,0.016617376,-0.011867579,-0.294704533,0.139693400
38.603000000,1779830080_5715,gps,True,False,True,True,1183,31c1594f7caae09c6975238b7b255ad5c765bc56640ec43b539fdb93165d94da,absolute,standard,-0.421291774,0.888703966,0.086381732,1.361558771,-0.080209644,1.343813340,0.086381732,1.361558771,first_gps,0.003839221,-0.137136925,nan,nan,nan,-0.003416969,-0.413491420,0.413505538,0.000054297,0.151358514,0.151358524,0.000108594,0.302717028,0.302717047,-0.513468359,0.172171197,-0.012480362,-0.011565119,-0.294783625,0.134387382
38.656000000,1779830080_5715,gps,True,False,True,True,1183,31c1594f7caae09c6975238b7b255ad5c765bc56640ec43b539fdb93165d94da,absolute,standard,-0.438719821,0.856417248,0.055047036,1.473415667,-0.078192309,1.308434674,0.055047036,1.473415667,first_gps,0.003839221,-0.137136925,nan,nan,nan,-0.003141320,0.034221277,0.034365153,0.000029473,0.151593175,0.151593178,0.000058947,0.303186350,0.303186356,-0.505564387,0.172419507,-0.005158971,-0.011363385,-0.295088113,0.130849515
38.700000000,1779830080_5715,gps,True,False,True,True,1183,31c1594f7caae09c6975238b7b255ad5c765bc56640ec43b539fdb93165d94da,absolute,standard,-0.432367515,0.828613009,-0.216593766,1.112844240,-0.076158892,1.273058769,-0.216593766,1.112844240,first_gps,0.003839221,-0.137136925,nan,nan,nan,0.001207016,-0.107944295,0.107951044,0.000038100,0.151741416,0.151741421,0.000076200,0.303482832,0.303482841,-0.500604448,0.172575328,-0.000560812,-0.011160044,-0.295330286,0.127311925
38.750000000,1779830080_5715,gps,True,False,True,True,1183,31c1594f7caae09c6975238b7b255ad5c765bc56640ec43b539fdb93165d94da,absolute,standard,-0.425641711,0.790947455,-0.118943713,1.312039651,-0.073110396,1.219997239,-0.118943713,1.312039651,first_gps,0.003839221,-0.137136925,nan,nan,nan,0.004349189,-0.167193848,0.167250405,0.000037885,0.151847567,0.151847571,0.000075771,0.303695133,0.303695143,-0.496996831,0.172688665,0.002786321,-0.010855194,-0.295317153,0.122005772
38.800000000,1779830080_5715,gps,True,False,True,True,1183,31c1594f7caae09c6975238b7b255ad5c765bc56640ec43b539fdb93165d94da,absolute,standard,-0.420548903,0.764567421,-0.236185773,1.353166410,-0.071083539,1.184627738,-0.236185773,1.353166410,first_gps,0.003839221,-0.137136925,nan,nan,nan,-0.000067213,-0.249586892,0.249586901,0.000040683,0.151841358,0.151841364,0.000081366,0.303682717,0.303682728,-0.497569628,0.172670670,0.002253962,-0.010652509,-0.295199509,0.118468822
38.851000000,1779830080_5715,gps,True,False,True,True,1183,31c1594f7caae09c6975238b7b255ad5c765bc56640ec43b539fdb93165d94da,absolute,standard,-0.425310245,0.734175133,-0.101389052,1.096624647,-0.068064006,1.131570156,-0.101389052,1.096624647,first_gps,0.003839221,-0.137136925,nan,nan,nan,0.000665204,-0.112406342,0.112408311,0.000040709,0.151787298,0.151787304,0.000081418,0.303574596,0.303574607,-0.499146111,0.172621143,0.000792186,-0.010350555,-0.295307806,0.113163064
38.900000000,1779830080_5715,gps,True,False,True,True,1183,31c1594f7caae09c6975238b7b255ad5c765bc56640ec43b539fdb93165d94da,absolute,standard,-0.420971768,0.725766392,-0.282252300,1.214831179,-0.066067749,1.096196047,-0.282252300,1.214831179,first_gps,0.003839221,-0.137136925,nan,nan,nan,-0.001429736,-0.194779059,0.194784307,0.000060848,0.151498760,0.151498772,0.000121697,0.302997520,0.302997545,-0.510052379,0.172278513,-0.009324611,-0.010150929,-0.295166825,0.109625653
38.950000000,1779830080_5715,gps,True,False,True,True,1183,31c1594f7caae09c6975238b7b255ad5c765bc56640ec43b539fdb93165d94da,absolute,standard,-0.419470010,0.686823397,-0.123408076,1.265010589,-0.063074390,1.043124552,-0.123408076,1.265010589,first_gps,0.003839221,-0.137136925,nan,nan,nan,-0.000413071,-0.162001840,0.162002366,0.000054317,0.151602542,0.151602552,0.000108633,0.303205085,0.303205104,-0.506032411,0.172404804,-0.005596701,-0.009851594,-0.295283608,0.104318503
39.000000000,1779830080_5715,gps,True,False,True,True,1183,31c1594f7caae09c6975238b7b255ad5c765bc56640ec43b539fdb93165d94da,absolute,standard,-0.409939561,0.646834087,-0.122195013,1.073800469,-0.060095849,0.990073700,-0.122195013,1.073800469,first_gps,0.003839221,-0.137136925,nan,nan,nan,-0.005994123,0.214561131,0.214644842,0.000023736,0.151698357,0.151698359,0.000047472,0.303396713,0.303396717,-0.502894806,0.172503375,-0.002684635,-0.009553739,-0.295191543,0.099013418
39.054000000,1779830080_5715,gps,True,False,True,True,1183,31c1594f7caae09c6975238b7b255ad5c765bc56640ec43b539fdb93165d94da,absolute,standard,-0.418922810,0.632556952,0.059315677,0.986579127,-0.058106263,0.954691090,0.059315677,0.986579127,first_gps,0.003839221,-0.137136925,nan,nan,nan,0.001081779,-0.094077309,0.094083529,0.000037084,0.151562747,0.151562751,0.000074169,0.303125494,0.303125503,-0.506875204,0.172378327,-0.006377329,-0.009354781,-0.295213232,0.095475157
39.105000000,1779830080_5715,gps,True,False,True,True,1183,31c1594f7caae09c6975238b7b255ad5c765bc56640ec43b539fdb93165d94da,absolute,standard,-0.416232554,0.592192858,0.097049160,1.179392496,-0.055115445,0.901626686,0.097049160,1.179392496,first_gps,0.003839221,-0.137136925,nan,nan,nan,0.007313342,0.037133356,0.037846679,0.000010966,0.151804891,0.151804891,0.000021932,0.303609781,0.303609782,-0.498243609,0.172649496,0.001629168,-0.009055699,-0.295250315,0.090168717
39.150000000,1779830080_5715,gps,True,False,True,True,1183,31c1594f7caae09c6975238b7b255ad5c765bc56640ec43b539fdb93165d94da,absolute,standard,-0.390458006,0.550053934,-0.007411677,1.061521517,-0.053140594,0.866257400,-0.007411677,1.061521517,first_gps,0.003839221,-0.137136925,nan,nan,nan,0.001134602,-0.519956028,0.519957266,0.000008348,0.152059277,0.152059277,0.000016697,0.304118554,0.304118554,-0.489520245,0.172923549,0.009718126,-0.008858214,-0.295069664,0.086631788
39.200000000,1779830080_5715,gps,True,False,True,True,1183,31c1594f7caae09c6975238b7b255ad5c765bc56640ec43b539fdb93165d94da,absolute,standard,-0.405453928,0.522749646,-0.033805843,0.968303414,-0.050153824,0.813189077,-0.033805843,0.968303414,first_gps,0.003839221,-0.137136925,nan,nan,nan,0.002205436,-0.161215694,0.161230778,0.000015824,0.152001360,0.152001361,0.000031648,0.304002720,0.304002721,-0.491345731,0.172866200,0.008025106,-0.008559537,-0.295096094,0.081324956
39.250000000,1779830080_5715,gps,True,False,True,True,1183,31c1594f7caae09c6975238b7b255ad5c765bc56640ec43b539fdb93165d94da,absolute,standard,-0.415187931,0.521789126,0.185895480,0.907877578,-0.048154062,0.777811880,0.185895480,0.907877578,first_gps,0.003839221,-0.137136925,nan,nan,nan,-0.004030714,-0.030243178,0.030510596,0.000009712,0.151445512,0.151445512,0.000019425,0.302891023,0.302891024,-0.510502495,0.172264372,-0.009742921,-0.008359561,-0.295181542,0.077787236
39.300000000,1779830080_5715,gps,True,False,True,True,1183,31c1594f7caae09c6975238b7b255ad5c765bc56640ec43b539fdb93165d94da,absolute,standard,-0.408316761,0.480451885,-0.060133263,0.791179960,-0.045150059,0.724751833,-0.060133263,0.791179960,first_gps,0.003839221,-0.137136925,nan,nan,nan,-0.011637418,-0.142611433,0.143085465,-0.000005880,0.151482791,0.151482792,-0.000011759,0.302965583,0.302965583,-0.509808564,0.172286173,-0.009097121,-0.008059161,-0.295128533,0.072481231
39.351000000,1779830080_5715,gps,True,False,True,True,1183,31c1594f7caae09c6975238b7b255ad5c765bc56640ec43b539fdb93165d94da,absolute,standard,-0.396726082,0.450963986,-0.046354481,0.797136816,-0.043145885,0.689374496,-0.046354481,0.797136816,first_gps,0.003839221,-0.137136925,nan,nan,nan,0.007347262,-0.170533476,0.170691677,0.000024933,0.152025207,0.152025209,0.000049865,0.304050414,0.304050418,-0.490019493,0.172907865,0.009260127,-0.007858743,-0.295237929,0.068943498
39.400000000,1779830080_5715,gps,True,False,True,True,1183,31c1594f7caae09c6975238b7b255ad5c765bc56640ec43b539fdb93165d94da,absolute,standard,-0.391889424,0.414055607,0.128433698,0.714639469,-0.040152007,0.636320613,0.128433698,0.714639469,first_gps,0.003839221,-0.137136925,nan,nan,nan,0.005155117,0.102780768,0.102909968,0.000044758,0.152162167,0.152162173,0.000089515,0.304324333,0.304324347,-0.485111473,0.173062055,0.013803921,-0.007559355,-0.294906255,0.063638109
39.450000000,1779830080_5715,gps,True,False,True,True,1183,31c1594f7caae09c6975238b7b255ad5c765bc56640ec43b539fdb93165d94da,absolute,standard,-0.387344494,0.400397662,0.036388489,0.661961903,-0.038157009,0.600940793,0.036388489,0.661961903,first_gps,0.003839221,-0.137136925,nan,nan,nan,-0.009701303,-0.348720369,0.348855287,0.000036399,0.151670873,0.151670878,0.000072798,0.303341747,0.303341755,-0.502573922,0.172513456,-0.002387079,-0.007359855,-0.295197046,0.060100127
39.500000000,1779830080_5715,gps,True,False,True,True,1183,31c1594f7caae09c6975238b7b255ad5c765bc56640ec43b539fdb93165d94da,absolute,standard,-0.396634985,0.371878521,-0.170865357,0.689398085,-0.033291120,0.548041010,-0.170865357,0.689398085,first_gps,0.003839221,-0.137136925,nan,nan,nan,-0.006847604,-0.079474977,0.079769428,0.000027680,0.151632987,0.151632989,0.000055360,0.303265973,0.303265978,-0.502726675,0.172508657,-0.002529629,-0.006873267,-0.295299578,0.054810149
39.550000000,1779830080_5715,gps,True,False,True,True,1183,31c1594f7caae09c6975238b7b255ad5c765bc56640ec43b539fdb93165d94da,absolute,standard,-0.384865646,0.320266279,0.025919444,0.559629842,-0.027560154,0.513076585,0.025919444,0.559629842,first_gps,0.003839221,-0.137136925,nan,nan,nan,0.006398974,0.014364770,0.015725568,0.000028925,0.152550511,0.152550514,0.000057850,0.305101022,0.305101027,-0.469516296,0.173551992,0.028232747,-0.006300170,-0.293903656,0.051313707
39.601000000,1779830080_5715,gps,True,False,True,True,1183,31c1594f7caae09c6975238b7b255ad5c765bc56640ec43b539fdb93165d94da,absolute,standard,-0.371903946,0.279197224,-0.034603013,0.629904864,-0.018978029,0.460618552,-0.034603013,0.629904864,first_gps,0.003839221,-0.137136925,nan,nan,nan,0.004669118,-0.136075976,0.136156058,0.000036469,0.152747365,0.152747370,0.000072938,0.305494730,0.305494739,-0.462462137,0.173773605,0.034745601,-0.005441958,-0.293265237,0.046067903
39.650000000,1779830080_5715,gps,True,False,True,True,1183,31c1594f7caae09c6975238b7b255ad5c765bc56640ec43b539fdb93165d94da,absolute,standard,-0.374485574,0.274147771,-0.293551671,0.570342296,-0.013265580,0.425650043,-0.293551671,0.570342296,first_gps,0.003839221,-0.137136925,nan,nan,nan,0.001673458,-0.123560485,0.123571817,0.000028245,0.152326563,0.152326566,0.000056490,0.304653127,0.304653132,-0.477296055,0.173307583,0.021048863,-0.004870713,-0.294604977,0.042571052
39.707000000,1779830080_5715,gps,True,False,True,True,1183,31c1594f7caae09c6975238b7b255ad5c765bc56640ec43b539fdb93165d94da,absolute,standard,-0.319515013,0.167270341,0.157357279,0.426259514,-0.001011582,0.373967893,0.157357279,0.426259514,first_gps,0.003839221,-0.137136925,nan,nan,nan,-0.000597052,0.331013362,0.331013901,0.000049857,0.154119769,0.154119777,0.000099714,0.308239539,0.308239555,-0.413019057,0.175326905,0.079665623,-0.003645313,-0.284246387,0.037402837
39.750000000,1779830080_5715,gps,True,False,True,True,1183,31c1594f7caae09c6975238b7b255ad5c765bc56640ec43b539fdb93165d94da,absolute,standard,-0.266871349,0.102977800,0.201232437,0.465063197,0.010186392,0.340347663,0.201232437,0.465063197,first_gps,0.003839221,-0.137136925,nan,nan,nan,-0.005222639,0.661465517,0.661486135,0.000028921,0.155133128,0.155133130,0.000057841,0.310266255,0.310266260,-0.377641578,0.176438321,0.110788041,-0.002525515,-0.273872575,0.034040814
39.800000000,1779830080_5715,gps,True,False,True,True,1183,31c1594f7caae09c6975238b7b255ad5c765bc56640ec43b539fdb93165d94da,absolute,standard,-0.259985210,0.073542671,0.108484820,0.424357253,0.023740691,0.307631225,0.108484820,0.424357253,first_gps,0.003839221,-0.137136925,nan,nan,nan,-0.000730670,0.569230960,0.569231429,0.000024389,0.155462851,0.155462853,0.000048778,0.310925701,0.310925705,-0.366279275,0.176795278,0.120391216,-0.001170085,-0.269519850,0.030769171
39.850000000,1779830080_5715,gps,True,False,True,True,1183,31c1594f7caae09c6975238b7b255ad5c765bc56640ec43b539fdb93165d94da,absolute,standard,-0.201727318,-0.006740593,0.045455681,0.271813836,0.048335425,0.260541517,0.045455681,0.271813836,first_gps,0.003839221,-0.137136925,nan,nan,nan,-0.004457879,0.739082119,0.739095563,-0.000005955,0.156697603,0.156697603,-0.000011909,0.313395206,0.313395206,-0.321645647,0.178197485,0.156860204,0.001289388,-0.250019914,0.026060200
39.900000000,1779830080_5715,gps,True,False,True,True,1183,31c1594f7caae09c6975238b7b255ad5c765bc56640ec43b539fdb93165d94da,absolute,standard,-0.262854891,-0.004083939,0.250900059,0.141090067,0.077785141,0.216334425,0.250900059,0.141090067,first_gps,0.003839221,-0.137136925,nan,nan,nan,-0.003237586,-0.239258446,0.239280350,-0.000025230,0.155943963,0.155943965,-0.000050461,0.311887925,0.311887929,-0.349048536,0.177336598,0.134844307,0.004234360,-0.262702648,0.021639491
39.950000000,1779830080_5715,gps,True,False,True,True,1183,31c1594f7caae09c6975238b7b255ad5c765bc56640ec43b539fdb93165d94da,absolute,standard,-0.233914614,-0.047589834,0.025892996,0.259437718,0.099961297,0.188700474,0.025892996,0.259437718,first_gps,0.003839221,-0.137136925,nan,nan,nan,0.006723793,-0.011922254,0.013687568,0.000002563,0.156945975,0.156945975,0.000005126,0.313891951,0.313891951,-0.313974310,0.178438487,0.162950984,0.006451975,-0.246335687,0.018876095
40.001000000,1779830080_5715,gps,True,False,True,True,1183,31c1594f7caae09c6975238b7b255ad5c765bc56640ec43b539fdb93165d94da,absolute,standard,-0.173907746,-0.117280729,-0.001360663,0.162521806,0.136739973,0.150358831,-0.001360663,0.162521806,first_gps,0.003839221,-0.137136925,nan,nan,nan,0.000339447,-0.098688054,0.098688638,0.000014108,0.158233074,0.158233075,0.000028216,0.316466148,0.316466149,-0.267744598,0.179890836,0.196927575,0.010129843,-0.220205307,0.015041931
40.055000000,1779830080_5715,gps,True,False,True,True,1183,31c1594f7caae09c6975238b7b255ad5c765bc56640ec43b539fdb93165d94da,absolute,standard,-0.113408597,-0.157193992,0.130578914,0.174676230,0.163430513,0.127064077,0.130578914,0.174676230,first_gps,0.003839221,-0.137136925,nan,nan,nan,-0.002876725,0.360356868,0.360368350,0.000015188,0.158891474,0.158891475,0.000030377,0.317782948,0.317782950,-0.244613145,0.180617532,0.212386460,0.012798897,-0.205316864,0.012712456
40.101000000,1779830080_5715,gps,True,False,True,True,1183,31c1594f7caae09c6975238b7b255ad5c765bc56640ec43b539fdb93165d94da,absolute,standard,-0.091536184,-0.193322549,0.192878041,0.001023430,0.206400582,0.095823744,0.192878041,0.001023430,first_gps,0.003839221,-0.137136925,nan,nan,nan,-0.002027042,-0.125465072,0.125481446,0.000024867,0.159679696,0.159679698,0.000049735,0.319359392,0.319359396,-0.216576109,0.181498342,0.229536071,0.017095904,-0.185766546,0.009588422
40.152000000,1779830080_5715,gps,True,False,True,True,1183,31c1594f7caae09c6975238b7b255ad5c765bc56640ec43b539fdb93165d94da,absolute,standard,0.030363126,-0.251645370,0.326528428,0.001723252,0.236778064,0.077613660,0.326528428,0.001723252,first_gps,0.003839221,-0.137136925,nan,nan,nan,-0.000435248,0.430356823,0.430357043,0.000022766,0.161510596,0.161510598,0.000045531,0.323021192,0.323021196,-0.151915401,0.183529718,0.262079000,0.020133652,-0.135528515,0.007767414
40.204000000,1779830080_5715,gps,True,False,True,True,1183,31c1594f7caae09c6975238b7b255ad5c765bc56640ec43b539fdb93165d94da,absolute,standard,0.051962263,-0.269240445,0.419864103,-0.038145733,0.284578560,0.054427954,0.419864103,-0.038145733,first_gps,0.003839221,-0.137136925,nan,nan,nan,0.003994865,0.247617931,0.247650153,0.000031953,0.161889706,0.161889709,0.000063906,0.323779412,0.323779419,-0.138214075,0.183960158,0.267820901,0.024913701,-0.124196381,0.005448843
40.258000000,1779830080_5715,gps,True,False,True,True,1183,31c1594f7caae09c6975238b7b255ad5c765bc56640ec43b539fdb93165d94da,absolute,standard,0.123116155,-0.294941416,0.275680346,-0.055082891,0.317694000,0.041859034,0.275680346,-0.055082891,first_gps,0.003839221,-0.137136925,nan,nan,nan,0.004377855,0.297491649,0.297523859,0.000065393,0.162966064,0.162966077,0.000130786,0.325932128,0.325932154,-0.099701251,0.185170074,0.280747280,0.028225245,-0.090929097,0.004191952
40.300000000,1779830080_5715,gps,True,False,True,True,1183,31c1594f7caae09c6975238b7b255ad5c765bc56640ec43b539fdb93165d94da,absolute,standard,0.102105650,-0.308220341,0.275971968,0.139049871,0.351631429,0.031672083,0.275971968,0.139049871,first_gps,0.003839221,-0.137136925,nan,nan,nan,-0.010917054,-0.120727403,0.121219998,0.000034224,0.162852666,0.162852670,0.000068448,0.325705332,0.325705339,-0.104292203,0.185025845,0.279554297,0.031618988,-0.095018870,0.003173256
40.351000000,1779830080_5715,gps,True,False,True,True,1183,31c1594f7caae09c6975238b7b255ad5c765bc56640ec43b539fdb93165d94da,absolute,standard,0.180279985,-0.324641947,0.211799794,0.055982471,0.403670457,0.020954181,0.211799794,0.055982471,first_gps,0.003839221,-0.137136925,nan,nan,nan,0.002574519,-0.007582600,0.008007744,0.000015929,0.164024980,0.164024980,0.000031859,0.328049959,0.328049961,-0.061828316,0.186359887,0.289859146,0.036822891,-0.057020986,0.002101466
40.400000000,1779830080_5715,gps,True,False,True,True,1183,31c1594f7caae09c6975238b7b255ad5c765bc56640ec43b539fdb93165d94da,absolute,standard,0.222753340,-0.334981690,0.409579601,0.074820960,0.438785460,0.016304825,0.409579601,0.074820960,first_gps,0.003839221,-0.137136925,nan,nan,nan,0.002318489,0.063915434,0.063957471,0.000027241,0.164460722,0.164460724,0.000054483,0.328921444,0.328921449,-0.046944325,0.186827482,0.292046969,0.040334391,-0.043386082,0.001636531
40.451000000,1779830080_5715,gps,True,False,True,True,1183,31c1594f7caae09c6975238b7b255ad5c765bc56640ec43b539fdb93165d94da,absolute,standard,0.261857151,-0.352900247,0.378207263,0.029885462,0.491476903,0.009344102,0.378207263,0.029885462,first_gps,0.003839221,-0.137136925,nan,nan,nan,-0.003892401,0.221564610,0.221598798,0.000002624,0.164562001,0.164562001,0.000005248,0.329124002,0.329124002,-0.043688723,0.186929759,0.292429403,0.045603536,-0.040390518,0.000940458
40.504000000,1779830080_5715,gps,True,False,True,True,1183,31c1594f7caae09c6975238b7b255ad5c765bc56640ec43b539fdb93165d94da,absolute,standard,0.332502604,-0.363004383,0.243642180,0.097929369,0.544485128,0.005516949,0.243642180,0.097929369,first_gps,0.003839221,-0.137136925,nan,nan,nan,0.000348661,0.272522957,0.272523180,-0.000001746,0.165332591,0.165332591,-0.000003493,0.330665181,0.330665181,-0.015958946,0.187800916,0.295089883,0.050904358,-0.014807185,0.000557743
40.552000000,1779830080_5715,gps,True,False,True,True,1183,31c1594f7caae09c6975238b7b255ad5c765bc56640ec43b539fdb93165d94da,absolute,standard,0.303904607,-0.365888288,0.505640436,-0.036906713,0.579850239,0.003387459,0.505640436,-0.036906713,first_gps,0.003839221,-0.137136925,nan,nan,nan,-0.003144448,0.301591128,0.301607520,-0.000007915,0.164492978,0.164492978,-0.000015830,0.328985955,0.328985956,-0.046458368,0.186842748,0.292216326,0.054440869,-0.042955378,0.000344794
40.600000000,1779830080_5715,gps,True,False,True,True,1183,31c1594f7caae09c6975238b7b255ad5c765bc56640ec43b539fdb93165d94da,absolute,standard,0.313378192,-0.358839393,0.637454213,0.158290796,0.615211632,0.001252332,0.637454213,0.158290796,first_gps,0.003839221,-0.137136925,nan,nan,nan,0.004156650,-0.146544248,0.146603187,0.000012355,0.164730698,0.164730698,0.000024710,0.329461395,0.329461396,-0.037815774,0.187114263,0.293172512,0.057977009,-0.034994199,0.000131281
40.650000000,1779830080_5715,gps,True,False,True,True,1183,31c1594f7caae09c6975238b7b255ad5c765bc56640ec43b539fdb93165d94da,absolute,standard,0.320132128,-0.362566147,0.495569344,-0.011015866,0.668260613,-0.001952365,0.495569344,-0.011015866,first_gps,0.003839221,-0.137136925,nan,nan,nan,-0.001230857,-0.506833095,0.506834590,-0.000000032,0.164117600,0.164117600,-0.000000065,0.328235199,0.328235199,-0.059519512,0.186432420,0.290041333,0.063281907,-0.054874725,-0.000189188
40.700000000,1779830080_5715,gps,True,False,True,True,1183,31c1594f7caae09c6975238b7b255ad5c765bc56640ec43b539fdb93165d94da,absolute,standard,0.411530155,-0.379451526,0.842114882,0.222280662,0.703629398,-0.004083845,0.842114882,0.222280662,first_gps,0.003839221,-0.137136925,nan,nan,nan,0.001999615,0.140794589,0.140808788,0.000008231,0.165700875,0.165700876,0.000016461,0.331401751,0.331401751,-0.002558705,0.188221897,0.295117429,0.066818785,-0.002372326,-0.000402336
40.758000000,1779830080_5715,gps,True,False,True,True,1183,31c1594f7caae09c6975238b7b255ad5c765bc56640ec43b539fdb93165d94da,absolute,standard,0.398399858,-0.373419652,0.893755179,0.062316784,0.756669364,-0.007293224,0.893755179,0.062316784,first_gps,0.003839221,-0.137136925,nan,nan,nan,0.005934223,-0.379221964,0.379268392,0.000026444,0.164867254,0.164867256,0.000052888,0.329734507,0.329734511,-0.031940649,0.187298836,0.293666346,0.072122782,-0.029567109,-0.000723274
40.800000000,1779830080_5715,gps,True,False,True,True,1183,31c1594f7caae09c6975238b7b255ad5c765bc56640ec43b539fdb93165d94da,absolute,standard,0.403873903,-0.386264998,0.739536248,0.053723456,0.792044307,-0.009438979,0.739536248,0.053723456,first_gps,0.003839221,-0.137136925,nan,nan,nan,-0.002048896,-0.036049786,0.036107964,0.000041471,0.165038964,0.165038969,0.000082942,0.330077927,0.330077938,-0.025298659,0.187507500,0.294392092,0.075660276,-0.023447109,-0.000937850
40.850000000,1779830080_5715,gps,True,False,True,True,1183,31c1594f7caae09c6975238b7b255ad5c765bc56640ec43b539fdb93165d94da,absolute,standard,0.419158069,-0.392903566,0.814174055,0.179207754,0.845096595,-0.012660586,0.814174055,0.179207754,first_gps,0.003839221,-0.137136925,nan,nan,nan,-0.001494450,0.028593932,0.028632959,0.000030832,0.164912286,0.164912288,0.000061665,0.329824571,0.329824577,-0.031183625,0.187322619,0.293863630,0.080965505,-0.028881171,-0.001260011
40.905000000,1779830080_5715,gps,True,False,True,True,1183,31c1594f7caae09c6975238b7b255ad5c765bc56640ec43b539fdb93165d94da,absolute,standard,0.452809325,-0.400210804,1.032763414,0.016958145,0.898145945,-0.015871387,1.032763414,0.016958145,first_gps,0.003839221,-0.137136925,nan,nan,nan,-0.004622290,-0.185253810,0.185311467,0.000017516,0.165006579,0.165006580,0.000035032,0.330013159,0.330013161,-0.027580310,0.187435820,0.294151887,0.086270440,-0.025551088,-0.001581091
40.950000000,1779830080_5715,gps,True,False,True,True,1183,31c1594f7caae09c6975238b7b255ad5c765bc56640ec43b539fdb93165d94da,absolute,standard,0.439501855,-0.394557402,0.893677254,-0.144096806,0.933512739,-0.018013997,0.893677254,-0.144096806,first_gps,0.003839221,-0.137136925,nan,nan,nan,0.002160607,-0.383911759,0.383917839,0.000004517,0.164245745,0.164245745,0.000009033,0.328491490,0.328491490,-0.055169610,0.186569077,0.290869082,0.089807119,-0.050924505,-0.001795352
41.000000000,1779830080_5715,gps,True,False,True,True,1183,31c1594f7caae09c6975238b7b255ad5c765bc56640ec43b539fdb93165d94da,absolute,standard,0.577122187,-0.416651663,0.982607619,0.025684155,0.986556842,-0.021218787,0.982607619,0.025684155,first_gps,0.003839221,-0.137136925,nan,nan,nan,0.005181076,0.535650975,0.535676031,0.000032306,0.165560355,0.165560358,0.000064611,0.331120711,0.331120717,-0.007672090,0.188061255,0.295134777,0.095111530,-0.007114888,-0.002115831
41.062000000,1779830080_5715,gps,True,False,True,True,1183,31c1594f7caae09c6975238b7b255ad5c765bc56640ec43b539fdb93165d94da,absolute,standard,0.521946228,-0.414443413,0.876858039,0.121529907,1.039615191,-0.024411520,0.876858039,0.121529907,first_gps,0.003839221,-0.137136925,nan,nan,nan,-0.002946071,-0.255314428,0.255331424,0.000015866,0.164997441,0.164997442,0.000031732,0.329994882,0.329994883,-0.027223358,0.187447034,0.294146410,0.100417365,-0.025218300,-0.002435104
41.108000000,1779830080_5715,gps,True,False,True,True,1183,31c1594f7caae09c6975238b7b255ad5c765bc56640ec43b539fdb93165d94da,absolute,standard,0.544540763,-0.425646639,1.065545231,-0.149054941,1.074974207,-0.026542121,1.065545231,-0.149054941,first_gps,0.003839221,-0.137136925,nan,nan,nan,-0.004983549,0.113534533,0.113643856,-0.000005800,0.165186875,0.165186876,-0.000011600,0.330373751,0.330373751,-0.020627421,0.187654251,0.294529229,0.103953266,-0.019113127,-0.002648164
41.151000000,1779830080_5715,gps,True,False,True,True,1183,31c1594f7caae09c6975238b7b255ad5c765bc56640ec43b539fdb93165d94da,absolute,standard,0.677595623,-0.442205378,1.115160500,0.091451209,1.128032847,-0.029740662,1.115160500,0.091451209,first_gps,0.003839221,-0.137136925,nan,nan,nan,0.002278184,1.000000000,1.000000000,0.000002368,0.165301120,0.165301120,0.000004736,0.330602240,0.330602240,-0.015413149,0.187818063,0.295025095,0.109259130,-0.014296832,-0.002968018
41.202000000,1779830080_5715,gps,True,False,True,True,1183,31c1594f7caae09c6975238b7b255ad5c765bc56640ec43b539fdb93165d94da,absolute,standard,0.508699205,-0.426307797,1.164896901,-0.095014007,1.163392134,-0.031878451,1.164896901,-0.095014007,first_gps,0.003839221,-0.137136925,nan,nan,nan,-0.005887083,-0.227547599,0.227623741,-0.000027505,0.163821255,0.163821257,-0.000055010,0.327642509,0.327642514,-0.068845831,0.186139425,0.288327843,0.112795059,-0.063352102,-0.003181797
41.252000000,1779830080_5715,gps,True,False,True,True,1183,31c1594f7caae09c6975238b7b255ad5c765bc56640ec43b539fdb93165d94da,absolute,standard,0.579573877,-0.432271214,1.325975197,-0.014302250,1.198758785,-0.034022465,1.325975197,-0.014302250,first_gps,0.003839221,-0.137136925,nan,nan,nan,0.002484931,0.056876910,0.056931167,-0.000022795,0.164828033,0.164828035,-0.000045591,0.329656067,0.329656070,-0.032650632,0.187276531,0.293553817,0.116331724,-0.030217332,-0.003396198
41.316000000,1779830080_5715,gps,True,False,True,True,1183,31c1594f7caae09c6975238b7b255ad5c765bc56640ec43b539fdb93165d94da,absolute,standard,0.654077301,-0.442128006,1.208693455,-0.132023311,1.269498033,-0.038314961,1.208693455,-0.132023311,first_gps,0.003839221,-0.137136925,nan,nan,nan,0.002823903,0.218829942,0.218848162,0.000016811,0.165209746,0.165209747,0.000033621,0.330419492,0.330419494,-0.019147848,0.187700734,0.294808496,0.123405649,-0.017755550,-0.003825448
41.351000000,1779830080_5715,gps,True,False,True,True,1183,31c1594f7caae09c6975238b7b255ad5c765bc56640ec43b539fdb93165d94da,absolute,standard,0.606525550,-0.439341109,1.261825353,0.023791932,1.287184870,-0.039389590,1.261825353,0.023791932,first_gps,0.003839221,-0.137136925,nan,nan,nan,-0.000870364,-0.110252981,0.110256416,0.000009422,0.164533338,0.164533338,0.000018844,0.329066676,0.329066676,-0.041530845,0.186997551,0.292814114,0.125174332,-0.038422609,-0.003932911
41.409000000,1779830080_5715,gps,True,False,True,True,1183,31c1594f7caae09c6975238b7b255ad5c765bc56640ec43b539fdb93165d94da,absolute,standard,0.678244574,-0.448371419,1.165129768,-0.167535396,1.340228601,-0.042617239,1.165129768,-0.167535396,first_gps,0.003839221,-0.137136925,nan,nan,nan,0.003304293,0.224164058,0.224188410,0.000020793,0.164978715,0.164978716,0.000041585,0.329957429,0.329957432,-0.025563671,0.187499175,0.294398275,0.130478706,-0.023694277,-0.004255676
41.454000000,1779830080_5715,gps,True,False,True,True,1183,31c1594f7caae09c6975238b7b255ad5c765bc56640ec43b539fdb93165d94da,absolute,standard,0.667873968,-0.447176029,1.347899230,0.218012399,1.375586371,-0.044772982,1.347899230,0.218012399,first_gps,0.003839221,-0.137136925,nan,nan,nan,-0.000088978,-0.178326469,0.178326492,0.000020704,0.164800388,0.164800389,0.000041407,0.329600776,0.329600779,-0.031887296,0.187300512,0.293705340,0.134014483,-0.029521308,-0.004471250
41.501000000,1779830080_5715,gps,True,False,True,True,1183,31c1594f7caae09c6975238b7b255ad5c765bc56640ec43b539fdb93165d94da,absolute,standard,0.745281900,-0.462854038,1.425141303,-0.129053863,1.428638988,-0.048002138,1.425141303,-0.129053863,first_gps,0.003839221,-0.137136925,nan,nan,nan,-0.002228112,0.362498201,0.362505049,0.000037662,0.165178460,0.165178465,0.000075325,0.330356921,0.330356929,-0.017951132,0.187738330,0.294828789,0.139319744,-0.016644561,-0.004794166
41.561000000,1779830080_5715,gps,True,False,True,True,1183,31c1594f7caae09c6975238b7b255ad5c765bc56640ec43b539fdb93165d94da,absolute,standard,0.753275345,-0.457408037,1.296291713,-0.171392910,1.481691589,-0.051211467,1.296291713,-0.171392910,first_gps,0.003839221,-0.137136925,nan,nan,nan,0.001065983,-0.006393580,0.006481835,0.000038370,0.165494806,0.165494810,0.000076740,0.330989612,0.330989621,-0.005834138,0.188118996,0.295184453,0.144625004,-0.005410890,-0.005115099
41.600000000,1779830080_5715,gps,True,False,True,True,1183,31c1594f7caae09c6975238b7b255ad5c765bc56640ec43b539fdb93165d94da,absolute,standard,0.733091881,-0.461012399,1.356765908,-0.084194422,1.499377380,-0.052283639,1.356765908,-0.084194422,first_gps,0.003839221,-0.137136925,nan,nan,nan,-0.002221534,-0.082117894,0.082147938,0.000030126,0.164987874,0.164987876,0.000060252,0.329975747,0.329975753,-0.024035493,0.187547184,0.294462871,0.146393583,-0.022277167,-0.005222316
41.650000000,1779830080_5715,gps,True,False,True,True,1183,31c1594f7caae09c6975238b7b255ad5c765bc56640ec43b539fdb93165d94da,absolute,standard,0.802675730,-0.462688831,1.510394659,-0.104495470,1.552423471,-0.055511656,1.510394659,-0.104495470,first_gps,0.003839221,-0.137136925,nan,nan,nan,0.010566540,0.257912349,0.258128711,0.000053354,0.165172571,0.165172580,0.000106708,0.330345143,0.330345160,-0.017532524,0.187751481,0.294866957,0.151698193,-0.016257731,-0.005545117
41.714000000,1779830080_5715,gps,True,False,True,True,1183,31c1594f7caae09c6975238b7b255ad5c765bc56640ec43b539fdb93165d94da,absolute,standard,0.752874822,-0.461574937,1.265581856,0.013706713,1.605476823,-0.058756757,1.265581856,0.013706713,first_gps,0.003839221,-0.137136925,nan,nan,nan,0.007236682,-0.060829316,0.061258267,0.000071140,0.164330914,0.164330930,0.000142281,0.328661829,0.328661860,-0.047318296,0.186815733,0.292121271,0.157003528,-0.043747959,-0.005869628
41.750000000,1779830080_5715,gps,True,False,True,True,1183,31c1594f7caae09c6975238b7b255ad5c765bc56640ec43b539fdb93165d94da,absolute,standard,0.922036324,-0.494097408,1.522181453,-0.059711598,1.640837894,-0.060914770,1.522181453,-0.059711598,first_gps,0.003839221,-0.137136925,nan,nan,nan,-0.007208520,1.000000000,1.000000000,0.000069704,0.165257186,0.165257201,0.000139408,0.330514372,0.330514402,-0.014347366,0.187851545,0.295083573,0.160539635,-0.013309487,-0.006085429
41.800000000,1779830080_5715,gps,True,False,True,True,1183,31c1594f7caae09c6975238b7b255ad5c765bc56640ec43b539fdb93165d94da,absolute,standard,0.817218801,-0.466240004,1.654460076,-0.045279740,1.676194632,-0.063079228,1.654460076,-0.045279740,first_gps,0.003839221,-0.137136925,nan,nan,nan,0.007563730,-0.137577314,0.137785077,0.000096934,0.164761908,0.164761936,0.000193867,0.329523816,0.329523873,-0.032410206,0.187284084,0.293596681,0.164075309,-0.029997652,-0.006301875
41.850000000,1779830080_5715,gps,True,False,True,True,1183,31c1594f7caae09c6975238b7b255ad5c765bc56640ec43b539fdb93165d94da,absolute,standard,0.830228835,-0.480089994,1.847548725,-0.142510412,1.729243866,-0.066333058,1.847548725,-0.142510412,first_gps,0.003839221,-0.137136925,nan,nan,nan,-0.001197837,0.051124370,0.051138401,0.000070002,0.164700961,0.164700976,0.000140004,0.329401922,0.329401952,-0.034215337,0.187227375,0.293443694,0.169380232,-0.031664501,-0.006627258
41.902000000,1779830080_5715,gps,True,False,True,True,1183,31c1594f7caae09c6975238b7b255ad5c765bc56640ec43b539fdb93165d94da,absolute,standard,0.892704082,-0.489625415,1.666115812,0.109205921,1.782292365,-0.069562126,1.666115812,0.109205921,first_gps,0.003839221,-0.137136925,nan,nan,nan,-0.000210286,0.333668808,0.333668874,0.000075568,0.164782006,0.164782024,0.000151136,0.329564013,0.329564047,-0.031478558,0.187313353,0.293775690,0.174685082,-0.029147383,-0.006950164
41.950000000,1779830080_5715,gps,True,False,True,True,1183,31c1594f7caae09c6975238b7b255ad5c765bc56640ec43b539fdb93165d94da,absolute,standard,0.881709239,-0.487421681,1.791635435,-0.137457629,1.817660156,-0.071708438,1.791635435,-0.137457629,first_gps,0.003839221,-0.137136925,nan,nan,nan,-0.003254333,0.050650908,0.050755346,0.000097988,0.164854599,0.164854628,0.000195977,0.329709198,0.329709256,-0.029072725,0.187388934,0.293982576,0.178221861,-0.026925711,-0.007164796
42.002000000,1779830080_5715,gps,True,False,True,True,1183,31c1594f7caae09c6975238b7b255ad5c765bc56640ec43b539fdb93165d94da,absolute,standard,0.858149601,-0.477285185,1.873617498,0.005527683,1.870707685,-0.074947863,1.873617498,0.005527683,first_gps,0.003839221,-0.137136925,nan,nan,nan,0.004946525,-0.418919709,0.418948912,0.000123429,0.163623131,0.163623178,0.000246859,0.327246263,0.327246356,-0.073685296,0.185987389,0.287423445,0.183526614,-0.067749942,-0.007488738
42.052000000,1779830080_5715,gps,True,False,True,True,1183,31c1594f7caae09c6975238b7b255ad5c765bc56640ec43b539fdb93165d94da,absolute,standard,0.964839585,-0.498311254,2.142775914,-0.164951143,1.906072749,-0.077117607,2.142775914,-0.164951143,first_gps,0.003839221,-0.137136925,nan,nan,nan,-0.004434936,0.238234392,0.238275668,0.000108398,0.165174294,0.165174330,0.000216797,0.330348588,0.330348659,-0.017587178,0.187749764,0.294831451,0.187063120,-0.016306550,-0.007705713
42.100000000,1779830080_5715,gps,True,False,True,True,1183,31c1594f7caae09c6975238b7b255ad5c765bc56640ec43b539fdb93165d94da,absolute,standard,0.935976862,-0.480920100,2.008122895,0.136849493,1.941433958,-0.079310271,2.008122895,0.136849493,first_gps,0.003839221,-0.137136925,nan,nan,nan,0.004425366,-0.652975123,0.652990119,0.000140529,0.164099805,0.164099865,0.000281058,0.328199609,0.328199730,-0.055451629,0.186560217,0.290630848,0.190599241,-0.051148226,-0.007924979
42.150000000,1779830080_5715,gps,True,False,True,True,1183,31c1594f7caae09c6975238b7b255ad5c765bc56640ec43b539fdb93165d94da,absolute,standard,0.955734290,-0.492206628,2.031809476,-0.092843429,1.994535287,-0.081344616,2.031809476,-0.092843429,first_gps,0.003839221,-0.137136925,nan,nan,nan,0.001973806,-0.126102580,0.126118026,0.000151187,0.164498449,0.164498519,0.000302374,0.328996898,0.328997037,-0.041226536,0.187007111,0.292876183,0.195909374,-0.038145974,-0.008128413
42.204000000,1779830080_5715,gps,True,False,True,True,1183,31c1594f7caae09c6975238b7b255ad5c765bc56640ec43b539fdb93165d94da,absolute,standard,1.019849516,-0.491372446,2.102892217,-0.053087673,2.047660214,-0.082743155,2.102892217,-0.053087673,first_gps,0.003839221,-0.137136925,nan,nan,nan,0.000266064,-0.523292834,0.523292902,0.000157652,0.164759061,0.164759137,0.000315304,0.329518123,0.329518274,-0.031347808,0.187317461,0.293675903,0.201221867,-0.029015668,-0.008268267
42.252000000,1779830080_5715,gps,True,False,True,True,1183,31c1594f7caae09c6975238b7b255ad5c765bc56640ec43b539fdb93165d94da,absolute,standard,1.030179215,-0.492809247,2.056657373,-0.244368316,2.083097038,-0.083686065,2.056657373,-0.244368316,first_gps,0.003839221,-0.137136925,nan,nan,nan,0.007989509,-0.077092263,0.077505157,0.000162804,0.164948088,0.164948168,0.000325608,0.329896175,0.329896336,-0.024777399,0.187523876,0.294409043,0.204765549,-0.022963343,-0.008362558
42.303000000,1779830080_5715,gps,True,False,True,True,1183,31c1594f7caae09c6975238b7b255ad5c765bc56640ec43b539fdb93165d94da,absolute,standard,1.207273019,-0.504101444,2.120216840,-0.072938507,2.136157700,-0.081312082,2.120216840,-0.072938507,first_gps,0.003839221,-0.137136925,nan,nan,nan,0.001563026,0.572210416,0.572212551,0.000163816,0.166438493,0.166438574,0.000327631,0.332876987,0.332877148,0.028871337,0.189209301,0.294100567,0.210071615,0.026748898,-0.008125160
42.354000000,1779830080_5715,gps,True,False,True,True,1183,31c1594f7caae09c6975238b7b255ad5c765bc56640ec43b539fdb93165d94da,absolute,standard,1.147866381,-0.507723125,2.227086895,-0.080760367,2.171472650,-0.078481609,2.227086895,-0.080760367,first_gps,0.003839221,-0.137136925,nan,nan,nan,-0.005824285,0.286154422,0.286213689,0.000149656,0.165818501,0.165818568,0.000299313,0.331637002,0.331637137,0.007321837,0.188532303,0.295121656,0.213603110,0.006789654,-0.007842113
42.414000000,1779830080_5715,gps,True,False,True,True,1183,31c1594f7caae09c6975238b7b255ad5c765bc56640ec43b539fdb93165d94da,absolute,standard,1.130737125,-0.502809417,2.166396631,-0.139366696,2.224452882,-0.074234501,2.166396631,-0.139366696,first_gps,0.003839221,-0.137136925,nan,nan,nan,-0.008242343,-0.328466033,0.328569431,0.000132259,0.165397294,0.165397347,0.000264518,0.330794588,0.330794694,-0.007818310,0.188056662,0.295237541,0.218901134,-0.007253066,-0.007417402
42.450000000,1779830080_5715,gps,True,False,True,True,1183,31c1594f7caae09c6975238b7b255ad5c765bc56640ec43b539fdb93165d94da,absolute,standard,1.195874179,-0.499713250,2.207530093,0.063034047,2.259770852,-0.071383936,2.207530093,0.063034047,first_gps,0.003839221,-0.137136925,nan,nan,nan,0.000869417,0.140516039,0.140518729,0.000142097,0.166000612,0.166000673,0.000284193,0.332001225,0.332001346,0.015161718,0.188778600,0.294989112,0.222432931,0.014061540,-0.007132346
42.500000000,1779830080_5715,gps,True,False,True,True,1183,31c1594f7caae09c6975238b7b255ad5c765bc56640ec43b539fdb93165d94da,absolute,standard,1.177610675,-0.505781289,2.386967476,-0.152267296,2.295079694,-0.068511559,2.386967476,-0.152267296,first_gps,0.003839221,-0.137136925,nan,nan,nan,-0.012921288,-0.244364529,0.244705911,0.000121335,0.165674476,0.165674520,0.000242671,0.331348952,0.331349041,0.003273175,0.188405111,0.295074824,0.225963815,0.003034356,-0.006845108
42.552000000,1779830080_5715,gps,True,False,True,True,1183,31c1594f7caae09c6975238b7b255ad5c765bc56640ec43b539fdb93165d94da,absolute,standard,1.244379267,-0.492451888,2.223031045,-0.288821792,2.348058170,-0.064205122,2.223031045,-0.288821792,first_gps,0.003839221,-0.137136925,nan,nan,nan,0.005178770,0.011421878,0.012541091,0.000144557,0.166249514,0.166249577,0.000289114,0.332499028,0.332499154,0.022724105,0.189016180,0.294571566,0.231261662,0.021065228,-0.006414464
42.600000000,1779830080_5715,gps,True,False,True,True,1183,31c1594f7caae09c6975238b7b255ad5c765bc56640ec43b539fdb93165d94da,absolute,standard,1.238103187,-0.501907854,2.549838220,-0.119675191,2.383368786,-0.061330171,2.549838220,-0.119675191,first_gps,0.003839221,-0.137136925,nan,nan,nan,-0.007555246,-0.116514471,0.116759170,0.000127785,0.166000385,0.166000434,0.000255570,0.332000770,0.332000868,0.013041776,0.188712001,0.295094125,0.234792724,0.012097351,-0.006126969
42.653000000,1779830080_5715,gps,True,False,True,True,1183,31c1594f7caae09c6975238b7b255ad5c765bc56640ec43b539fdb93165d94da,absolute,standard,1.306468327,-0.495577385,2.344300961,-0.113088133,2.436329551,-0.057016791,2.344300961,-0.113088133,first_gps,0.003839221,-0.137136925,nan,nan,nan,0.003319874,0.132214991,0.132256665,0.000136824,0.166330953,0.166331009,0.000273647,0.332661906,0.332662019,0.025264105,0.189095976,0.294125728,0.240088801,0.023393764,-0.005695631
42.700000000,1779830080_5715,gps,True,False,True,True,1183,31c1594f7caae09c6975238b7b255ad5c765bc56640ec43b539fdb93165d94da,absolute,standard,1.327252729,-0.509584541,2.551392602,0.057964462,2.471659565,-0.054141248,2.551392602,0.057964462,first_gps,0.003839221,-0.137136925,nan,nan,nan,-0.008406661,0.357656399,0.357755184,0.000129896,0.166137631,0.166137681,0.000259792,0.332275261,0.332275363,0.018483489,0.188882957,0.294917298,0.243621802,0.017144411,-0.005408077
42.752000000,1779830080_5715,gps,True,False,True,True,1183,31c1594f7caae09c6975238b7b255ad5c765bc56640ec43b539fdb93165d94da,absolute,standard,1.358533784,-0.497648829,2.525270218,-0.054270452,2.524416968,-0.047966070,2.525270218,-0.054270452,first_gps,0.003839221,-0.137136925,nan,nan,nan,-0.002183841,0.164586147,0.164600635,0.000136081,0.166388397,0.166388452,0.000272162,0.332776793,0.332776905,0.028833664,0.189208117,0.294063589,0.248897542,0.026710443,-0.004790559
42.804000000,1779830080_5715,gps,True,False,True,True,1183,31c1594f7caae09c6975238b7b255ad5c765bc56640ec43b539fdb93165d94da,absolute,standard,1.382763658,-0.490343404,2.563160416,0.075798884,2.576234379,-0.036231247,2.563160416,0.075798884,first_gps,0.003839221,-0.137136925,nan,nan,nan,-0.003726747,0.000323272,0.003740741,0.000110145,0.166602883,0.166602920,0.000220291,0.333205766,0.333205839,0.038201659,0.189502422,0.293184091,0.254079283,0.035356123,-0.003617077
42.850000000,1779830080_5715,gps,True,False,True,True,1183,31c1594f7caae09c6975238b7b255ad5c765bc56640ec43b539fdb93165d94da,absolute,standard,1.482713415,-0.481348517,2.308839991,-0.109647128,2.609959470,-0.025385257,2.308839991,-0.109647128,first_gps,0.003839221,-0.137136925,nan,nan,nan,-0.008330553,0.142884118,0.143126759,0.000097474,0.167654332,0.167654361,0.000194948,0.335308665,0.335308721,0.075807123,0.190683832,0.286979500,0.257451792,0.069667775,-0.002532478
42.900000000,1779830080_5715,gps,True,False,True,True,1183,31c1594f7caae09c6975238b7b255ad5c765bc56640ec43b539fdb93165d94da,absolute,standard,1.584849935,-0.457748302,2.857375279,-0.164925994,2.642825953,-0.012179586,2.857375279,-0.164925994,first_gps,0.003839221,-0.137136925,nan,nan,nan,-0.001939498,0.180154614,0.180165054,0.000072766,0.168749363,0.168749379,0.000145533,0.337498727,0.337498758,0.115733561,0.191938158,0.275952083,0.260738441,0.105000986,-0.001211911
42.950000000,1779830080_5715,gps,True,False,True,True,1183,31c1594f7caae09c6975238b7b255ad5c765bc56640ec43b539fdb93165d94da,absolute,standard,1.654739417,-0.437476272,2.547810756,0.021596629,2.690174342,0.011921239,2.547810756,0.021596629,first_gps,0.003839221,-0.137136925,nan,nan,nan,0.000693999,0.195630122,0.195631353,0.000084567,0.169300955,0.169300976,0.000169133,0.338601911,0.338601953,0.135266962,0.192551818,0.269109634,0.265473280,0.121779473,0.001198172
43.004000000,1779830080_5715,gps,True,False,True,True,1183,31c1594f7caae09c6975238b7b255ad5c765bc56640ec43b539fdb93165d94da,absolute,standard,1.743194062,-0.402844491,2.762043808,0.093206963,2.734695477,0.040893415,2.762043808,0.093206963,first_gps,0.003839221,-0.137136925,nan,nan,nan,0.007222822,0.149973598,0.150147425,0.000107039,0.170178800,0.170178834,0.000214078,0.340357601,0.340357668,0.166631959,0.193537178,0.255645001,0.269925393,0.147559546,0.004095390
43.051000000,1779830080_5715,gps,True,False,True,True,1183,31c1594f7caae09c6975238b7b255ad5c765bc56640ec43b539fdb93165d94da,absolute,standard,1.791958865,-0.379193934,2.843285468,0.161469197,2.762571386,0.062769609,2.843285468,0.161469197,first_gps,0.003839221,-0.137136925,nan,nan,nan,-0.000852776,-0.146460346,0.146462829,0.000105734,0.170935918,0.170935951,0.000211467,0.341871836,0.341871901,0.193184567,0.194371353,0.242598512,0.272712984,0.168442262,0.006283009
43.100000000,1779830080_5715,gps,True,False,True,True,1183,31c1594f7caae09c6975238b7b255ad5c765bc56640ec43b539fdb93165d94da,absolute,standard,1.812997059,-0.369509292,2.951327807,-0.229316910,2.788812699,0.086558216,2.951327807,-0.229316910,first_gps,0.003839221,-0.137136925,nan,nan,nan,-0.005973647,-0.066629216,0.066896464,0.000093522,0.171151618,0.171151644,0.000187044,0.342303236,0.342303287,0.201247008,0.194624642,0.238164180,0.275337115,0.174466024,0.008661870
43.150000000,1779830080_5715,gps,True,False,True,True,1183,31c1594f7caae09c6975238b7b255ad5c765bc56640ec43b539fdb93165d94da,absolute,standard,2.015586416,-0.306861929,2.875589030,0.031141724,2.824853146,0.125589784,2.875589030,0.031141724,first_gps,0.003839221,-0.137136925,nan,nan,nan,-0.001144130,0.481550769,0.481552128,0.000081622,0.173271240,0.173271259,0.000163244,0.346542480,0.346542518,0.277519566,0.197020815,0.189946419,0.278941160,0.225996761,0.012565027
43.200000000,1779830080_5715,gps,True,False,True,True,1183,31c1594f7caae09c6975238b7b255ad5c765bc56640ec43b539fdb93165d94da,absolute,standard,1.999263958,-0.289751219,2.683752503,0.146207563,2.846498971,0.153631313,2.683752503,0.146207563,first_gps,0.003839221,-0.137136925,nan,nan,nan,-0.007730376,0.166540034,0.166719350,0.000068568,0.173468116,0.173468130,0.000137136,0.346936233,0.346936260,0.284252204,0.197232327,0.185076408,0.281105743,0.229904159,0.015369179
43.250000000,1779830080_5715,gps,True,False,True,True,1183,31c1594f7caae09c6975238b7b255ad5c765bc56640ec43b539fdb93165d94da,absolute,standard,2.050616910,-0.244208024,2.935194607,0.237709111,2.875112961,0.198393561,2.935194607,0.237709111,first_gps,0.003839221,-0.137136925,nan,nan,nan,-0.007408250,-0.090521734,0.090824371,0.000053677,0.174325872,0.174325880,0.000107354,0.348651743,0.348651760,0.314521957,0.198183280,0.162589625,0.283967142,0.246710813,0.019845404
43.301000000,1779830080_5715,gps,True,False,True,True,1183,31c1594f7caae09c6975238b7b255ad5c765bc56640ec43b539fdb93165d94da,absolute,standard,2.080355784,-0.221161513,2.992990400,0.349515721,2.898803365,0.245947337,2.992990400,0.349515721,first_gps,0.003839221,-0.137136925,nan,nan,nan,0.001925992,-0.218012876,0.218021383,0.000070293,0.174148289,0.174148303,0.000140585,0.348296578,0.348296606,0.308348653,0.197989340,0.167244851,0.286336182,0.243367860,0.024600782
43.352000000,1779830080_5715,gps,True,False,True,True,1183,31c1594f7caae09c6975238b7b255ad5c765bc56640ec43b539fdb93165d94da,absolute,standard,2.163713351,-0.163858469,3.034457591,0.525412071,2.911741739,0.278919981,3.034457591,0.525412071,first_gps,0.003839221,-0.137136925,nan,nan,nan,-0.004458244,0.135305685,0.135379114,0.000052005,0.175903164,0.175903172,0.000104009,0.351806329,0.351806344,0.371217334,0.199964418,0.116148148,0.287630019,0.271243884,0.027898046
43.401000000,1779830080_5715,gps,True,False,True,True,1183,31c1594f7caae09c6975238b7b255ad5c765bc56640ec43b539fdb93165d94da,absolute,standard,2.181310801,-0.128665338,2.893071143,0.206649880,2.926701044,0.329896992,2.893071143,0.206649880,first_gps,0.003839221,-0.137136925,nan,nan,nan,-0.001299709,-0.042573050,0.042592884,0.000043207,0.176181793,0.176181799,0.000086413,0.352363587,0.352363597,0.381686544,0.200293317,0.107232455,0.289125950,0.275087780,0.032995747
43.450000000,1779830080_5715,gps,True,False,True,True,1183,31c1594f7caae09c6975238b7b255ad5c765bc56640ec43b539fdb93165d94da,absolute,standard,2.244918790,-0.087020421,2.766215700,0.465630874,2.934239556,0.364516860,2.766215700,0.465630874,first_gps,0.003839221,-0.137136925,nan,nan,nan,-0.003934320,0.248893480,0.248924574,0.000037668,0.177223210,0.177223214,0.000075337,0.354446420,0.354446428,0.418217854,0.201440982,0.075011464,0.289879801,0.285504666,0.036457734
43.500000000,1779830080_5715,gps,True,False,True,True,1183,31c1594f7caae09c6975238b7b255ad5c765bc56640ec43b539fdb93165d94da,absolute,standard,2.332933800,-0.035980466,2.920094063,0.296445724,2.943678893,0.416790799,2.920094063,0.296445724,first_gps,0.003839221,-0.137136925,nan,nan,nan,0.002226391,0.696231193,0.696234753,0.000043125,0.178051047,0.178051053,0.000086250,0.356102095,0.356102105,0.447936674,0.202374627,0.048053180,0.290823735,0.291167687,0.041685128
43.550000000,1779830080_5715,gps,True,False,True,True,1183,31c1594f7caae09c6975238b7b255ad5c765bc56640ec43b539fdb93165d94da,absolute,standard,2.297424342,0.000118428,3.041007774,0.268849167,2.946853990,0.452080558,3.041007774,0.268849167,first_gps,0.003839221,-0.137136925,nan,nan,nan,-0.007383680,0.259895404,0.260000269,0.000029450,0.178753814,0.178753816,0.000058900,0.357507628,0.357507633,0.473296566,0.203171331,0.024746498,0.291141244,0.294290518,0.045214104
43.602000000,1779830080_5715,gps,True,False,True,True,1183,31c1594f7caae09c6975238b7b255ad5c765bc56640ec43b539fdb93165d94da,absolute,standard,2.293203825,0.040639261,2.955355211,0.320212963,2.948809824,0.505190886,2.955355211,0.320212963,first_gps,0.003839221,-0.137136925,nan,nan,nan,-0.002479338,-0.092848792,0.092881889,0.000030099,0.179038838,0.179038840,0.000060198,0.358077675,0.358077681,0.483442578,0.203490078,0.015349658,0.291336828,0.294824912,0.050525137
43.650000000,1779830080_5715,gps,True,False,True,True,1183,31c1594f7caae09c6975238b7b255ad5c765bc56640ec43b539fdb93165d94da,absolute,standard,2.353708576,0.066240447,2.968541192,0.438090263,2.950122724,0.540598755,2.968541192,0.438090263,first_gps,0.003839221,-0.137136925,nan,nan,nan,-0.007545556,0.562498955,0.562549562,0.000018467,0.179575228,0.179575229,0.000036934,0.359150455,0.359150457,0.502344383,0.204083895,-0.002174568,0.291468118,0.295247752,0.054065924
43.700000000,1779830080_5715,gps,True,False,True,True,1183,31c1594f7caae09c6975238b7b255ad5c765bc56640ec43b539fdb93165d94da,absolute,standard,2.321809741,0.077101471,2.843040895,0.692055448,2.952098072,0.593705147,2.843040895,0.692055448,first_gps,0.003839221,-0.137136925,nan,nan,nan,0.004983166,-0.308354980,0.308395243,0.000016051,0.178723521,0.178723522,0.000032103,0.357447043,0.357447044,0.471755250,0.203122909,0.026171394,0.291665653,0.294169286,0.059376563
43.751000000,1779830080_5715,gps,True,False,True,True,1183,31c1594f7caae09c6975238b7b255ad5c765bc56640ec43b539fdb93165d94da,absolute,standard,2.334655118,0.110349416,2.829505849,0.701311752,2.953399988,0.629109295,2.829505849,0.701311752,first_gps,0.003839221,-0.137136925,nan,nan,nan,0.013635512,-0.138281648,0.138952299,0.000055756,0.178967955,0.178967964,0.000111511,0.357935911,0.357935928,0.480404030,0.203394619,0.018168831,0.291795844,0.294755006,0.062916978
43.805000000,1779830080_5715,gps,True,False,True,True,1183,31c1594f7caae09c6975238b7b255ad5c765bc56640ec43b539fdb93165d94da,absolute,standard,2.360063929,0.101113514,2.924839995,0.584549271,2.955351012,0.682217000,2.924839995,0.584549271,first_gps,0.003839221,-0.137136925,nan,nan,nan,0.001520888,-1.000000000,1.000000000,0.000060899,0.178038156,0.178038166,0.000121798,0.356076311,0.356076332,0.447439794,0.202359017,0.048516558,0.291990947,0.291145884,0.068227748
43.850000000,1779830080_5715,gps,True,False,True,True,1183,31c1594f7caae09c6975238b7b255ad5c765bc56640ec43b539fdb93165d94da,absolute,standard,2.332598037,0.131992905,3.213028714,0.664758468,2.956661447,0.717628364,3.213028714,0.664758468,first_gps,0.003839221,-0.137136925,nan,nan,nan,0.010579007,-0.040978131,0.042321656,0.000081144,0.178353099,0.178353118,0.000162289,0.356706199,0.356706236,0.459260060,0.202730361,0.037688059,0.292121990,0.292855252,0.071768884
43.904000000,1779830080_5715,gps,True,False,True,True,1183,31c1594f7caae09c6975238b7b255ad5c765bc56640ec43b539fdb93165d94da,absolute,standard,2.343962480,0.166466814,2.747047099,0.716030892,2.959331331,0.788447338,2.747047099,0.716030892,first_gps,0.003839221,-0.137136925,nan,nan,nan,-0.001699448,0.096894662,0.096909564,0.000092248,0.178854058,0.178854081,0.000184496,0.357708115,0.357708163,0.468945111,0.203034626,0.028773191,0.292388979,0.293986362,0.078850782
43.982000000,1779830080_5715,gps,True,False,True,True,1183,31c1594f7caae09c6975238b7b255ad5c765bc56640ec43b539fdb93165d94da,absolute,standard,2.387472305,0.200558099,3.096866014,0.596530913,2.961344924,0.841545595,3.096866014,0.596530913,first_gps,0.003839221,-0.137136925,nan,nan,nan,0.004918271,0.343894260,0.343929428,0.000105066,0.178946783,0.178946814,0.000210133,0.357893567,0.357893629,0.471621576,0.203118710,0.026269978,0.292590338,0.293879151,0.084160608
44.005000000,1779830080_5715,gps,True,False,True,True,1183,31c1594f7caae09c6975238b7b255ad5c765bc56640ec43b539fdb93165d94da,absolute,standard,2.363107431,0.209804648,2.921096277,0.829113833,2.962020035,0.859253588,2.921096277,0.829113833,first_gps,0.003839221,-0.137136925,nan,nan,nan,0.000484964,-0.213323672,0.213324223,0.000117587,0.178972419,0.178972458,0.000235175,0.357944838,0.357944915,0.472535933,0.203147435,0.025451257,0.292657849,0.294248970,0.085931407
44.058000000,1779830080_5715,gps,True,False,True,True,1183,31c1594f7caae09c6975238b7b255ad5c765bc56640ec43b539fdb93165d94da,absolute,standard,2.363107431,0.209804648,3.075123438,0.808072027,2.962020035,0.859253588,3.075123438,0.808072027,first_gps,0.003839221,-0.137136925,nan,nan,nan,0.000484964,-0.213323672,0.213324223,0.000117587,0.178972419,0.178972458,0.000235175,0.357944838,0.357944915,0.472535933,0.203147435,0.025451257,0.292657849,0.294248970,0.085931407
44.110000000,1779830080_5715,gps,True,False,True,True,1183,31c1594f7caae09c6975238b7b255ad5c765bc56640ec43b539fdb93165d94da,absolute,standard,2.397477672,0.255504061,2.779639197,0.929237037,2.965400581,0.947767068,2.779639197,0.929237037,first_gps,0.003839221,-0.137136925,nan,nan,nan,0.010034002,-0.453087973,0.453199065,0.000125754,0.178723457,0.178723502,0.000251509,0.357446915,0.357447003,0.464438938,0.202893061,0.032914516,0.292995904,0.293393699,0.094782755
44.157000000,1779830080_5715,gps,True,False,True,True,1183,31c1594f7caae09c6975238b7b255ad5c765bc56640ec43b539fdb93165d94da,absolute,standard,2.400774043,0.285894151,2.807597829,1.113616718,2.966729615,0.983177541,2.807597829,1.113616718,first_gps,0.003839221,-0.137136925,nan,nan,nan,0.002976072,0.189796225,0.189819557,0.000140189,0.179187613,0.179187668,0.000280377,0.358375226,0.358375336,0.482067129,0.203446867,0.016637529,0.293128807,0.295004954,0.098323802
44.229000000,1779830080_5715,gps,True,False,True,True,1183,31c1594f7caae09c6975238b7b255ad5c765bc56640ec43b539fdb93165d94da,absolute,standard,2.475960092,0.323529954,3.099526583,1.088945429,2.969371421,1.053989601,3.099526583,1.088945429,first_gps,0.003839221,-0.137136925,nan,nan,nan,0.009235174,0.775944887,0.775999843,0.000128603,0.179062243,0.179062289,0.000257205,0.358124485,0.358124578,0.477582143,0.203305967,0.020775707,0.293392988,0.294505203,0.105405008
44.250000000,1779830080_5715,gps,True,False,True,True,1183,31c1594f7caae09c6975238b7b255ad5c765bc56640ec43b539fdb93165d94da,absolute,standard,2.478943744,0.333142230,3.099526583,1.088945429,2.970033768,1.071697087,3.099526583,1.088945429,first_gps,0.003839221,-0.137136925,nan,nan,nan,0.009235174,0.775944887,0.775999843,0.000128603,0.179062243,0.179062289,0.000257205,0.358124485,0.358124578,0.477582143,0.203305967,0.020782325,0.293459222,0.294599024,0.107175757
44.302000000,1779830080_5715,gps,True,False,True,True,1183,31c1594f7caae09c6975238b7b255ad5c765bc56640ec43b539fdb93165d94da,absolute,standard,2.419736985,0.347965928,2.860641003,1.013833596,2.972006006,1.124795108,2.860641003,1.013833596,first_gps,0.003839221,-0.137136925,nan,nan,nan,0.001669149,0.228410165,0.228416264,0.000126039,0.178896633,0.178896678,0.000252078,0.357793267,0.357793356,0.471658736,0.203119877,0.026250416,0.293656446,0.294047404,0.112485559
44.364000000,1779830080_5715,gps,True,False,True,True,1183,31c1594f7caae09c6975238b7b255ad5c765bc56640ec43b539fdb93165d94da,absolute,standard,2.408745069,0.370980802,3.059275572,1.230386576,2.973996620,1.177918295,3.059275572,1.230386576,first_gps,0.003839221,-0.137136925,nan,nan,nan,-0.008839176,0.156893964,0.157142760,0.000088196,0.178999704,0.178999725,0.000176392,0.357999408,0.357999451,0.476405220,0.203268992,0.021864779,0.293855507,0.294430535,0.117797878
44.418000000,1779830080_5715,gps,True,False,True,True,1183,31c1594f7caae09c6975238b7b255ad5c765bc56640ec43b539fdb93165d94da,absolute,standard,2.411204612,0.380545026,3.144051616,1.218657709,2.974660454,1.195611922,3.144051616,1.218657709,first_gps,0.003839221,-0.137136925,nan,nan,nan,-0.008839176,0.156893964,0.157142760,0.000088196,0.178999704,0.178999725,0.000176392,0.357999408,0.357999451,0.476405220,0.203268992,0.021854410,0.293921891,0.294290919,0.119567240
44.450000000,1779830080_5715,gps,True,False,True,True,1183,31c1594f7caae09c6975238b7b255ad5c765bc56640ec43b539fdb93165d94da,absolute,standard,2.404041909,0.392361617,2.885898427,1.201070327,2.975323627,1.213320208,2.885898427,1.201070327,first_gps,0.003839221,-0.137136925,nan,nan,nan,-0.002889793,-0.025858016,0.026018991,0.000083283,0.178955745,0.178955765,0.000166567,0.357911490,0.357911529,0.474730926,0.203216393,0.023421383,0.293988208,0.294414834,0.121338069
44.538000000,1779830080_5715,gps,True,False,True,True,1183,31c1594f7caae09c6975238b7b255ad5c765bc56640ec43b539fdb93165d94da,absolute,standard,2.419749827,0.400300446,2.930371022,1.210977235,2.975980417,1.231018107,2.930371022,1.210977235,first_gps,0.003839221,-0.137136925,nan,nan,nan,0.007541851,-0.129373129,0.129592770,0.000100630,0.178658187,0.178658215,0.000201259,0.357316374,0.357316431,0.464427763,0.202892710,0.032917438,0.294053887,0.293326801,0.123107859
44.553000000,1779830080_5715,gps,True,False,True,True,1183,31c1594f7caae09c6975238b7b255ad5c765bc56640ec43b539fdb93165d94da,absolute,standard,2.398366119,0.384783576,2.973057805,1.369042748,2.976633796,1.248723800,2.973057805,1.369042748,first_gps,0.003839221,-0.137136925,nan,nan,nan,-0.009424630,-0.124429796,0.124786209,0.000081780,0.178409327,0.178409346,0.000163561,0.356818655,0.356818692,0.454992398,0.202596289,0.041614516,0.294119225,0.292348782,0.124878428
44.600000000,1779830080_5715,gps,True,False,True,True,1183,31c1594f7caae09c6975238b7b255ad5c765bc56640ec43b539fdb93165d94da,absolute,standard,2.433399468,0.419661198,2.976451367,1.335183355,2.978580162,1.301830447,2.976451367,1.335183355,first_gps,0.003839221,-0.137136925,nan,nan,nan,-0.004190255,-0.497424079,0.497441728,0.000088209,0.178425846,0.178425868,0.000176418,0.356851691,0.356851735,0.455603769,0.202615496,0.041031967,0.294313862,0.292278829,0.130189093
44.657000000,1779830080_5715,gps,True,False,True,True,1183,31c1594f7caae09c6975238b7b255ad5c765bc56640ec43b539fdb93165d94da,absolute,standard,2.446403120,0.491140268,2.969209995,1.446530226,2.980497798,1.354940493,2.969209995,1.446530226,first_gps,0.003839221,-0.137136925,nan,nan,nan,-0.005152009,0.187783714,0.187854376,0.000051246,0.179563690,0.179563697,0.000102492,0.359127379,0.359127394,0.496025943,0.203885396,0.003684358,0.294505625,0.295090530,0.135500097
44.700000000,1779830080_5715,gps,True,False,True,True,1183,31c1594f7caae09c6975238b7b255ad5c765bc56640ec43b539fdb93165d94da,absolute,standard,2.478768326,0.531425841,2.753986015,1.265240481,2.982420739,1.408060373,2.753986015,1.265240481,first_gps,0.003839221,-0.137136925,nan,nan,nan,0.004710606,0.310339771,0.310375519,0.000063974,0.179567635,0.179567647,0.000127947,0.359135271,0.359135294,0.496273292,0.203893166,0.003456809,0.294697919,0.295243426,0.140812085
44.752000000,1779830080_5715,gps,True,False,True,True,1183,31c1594f7caae09c6975238b7b255ad5c765bc56640ec43b539fdb93165d94da,absolute,standard,2.506594027,0.530007748,2.953508116,1.225379432,2.983707234,1.443468901,2.953508116,1.225379432,first_gps,0.003839221,-0.137136925,nan,nan,nan,-0.005078713,0.673484972,0.673504120,0.000061261,0.179169064,0.179169075,0.000122522,0.358338129,0.358338150,0.481981806,0.203444186,0.016703969,0.294826569,0.294777504,0.144352938
44.834000000,1779830080_5715,gps,True,False,True,True,1183,31c1594f7caae09c6975238b7b255ad5c765bc56640ec43b539fdb93165d94da,absolute,standard,2.481963163,0.579963465,2.988877255,1.599939197,2.988209704,1.567396669,2.988877255,1.599939197,first_gps,0.003839221,-0.137136925,nan,nan,nan,0.002320508,-0.457701391,0.457707274,0.000109378,0.178535603,0.178535636,0.000218756,0.357071205,0.357071272,0.460099712,0.202756740,0.036910092,0.295276816,0.292911353,0.156745715
44.898000000,1779830080_5715,gps,True,False,True,True,1183,31c1594f7caae09c6975238b7b255ad5c765bc56640ec43b539fdb93165d94da,absolute,standard,2.575458296,0.650575591,2.810237555,1.590584282,2.989487057,1.602795460,2.810237555,1.590584282,first_gps,0.003839221,-0.137136925,nan,nan,nan,-0.000308746,1.000000000,1.000000000,0.000125685,0.179449761,0.179449805,0.000251370,0.358899522,0.358899610,0.493521712,0.203806723,0.006002011,0.295404551,0.294867362,0.160285594
44.944000000,1779830080_5715,gps,True,False,True,True,1183,31c1594f7caae09c6975238b7b255ad5c765bc56640ec43b539fdb93165d94da,absolute,standard,2.479866711,0.642340745,2.934495809,1.639723436,2.990767779,1.638214968,2.934495809,1.639723436,first_gps,0.003839221,-0.137136925,nan,nan,nan,0.003626041,0.049494174,0.049626822,0.000097743,0.179034776,0.179034802,0.000195486,0.358069551,0.358069605,0.477553531,0.203305068,0.020808995,0.295532623,0.294599817,0.163827545
44.951000000,1779830080_5715,gps,True,False,True,True,1183,31c1594f7caae09c6975238b7b255ad5c765bc56640ec43b539fdb93165d94da,absolute,standard,2.475776735,0.640508280,3.073040816,1.691561623,2.991405790,1.655913319,3.073040816,1.691561623,first_gps,0.003839221,-0.137136925,nan,nan,nan,0.000811575,-0.088779136,0.088782845,0.000099610,0.178830584,0.178830611,0.000199219,0.357661167,0.357661223,0.469753882,0.203060034,0.028004597,0.295596424,0.293832592,0.165597380
45.003000000,1779830080_5715,gps,True,False,True,True,1183,31c1594f7caae09c6975238b7b255ad5c765bc56640ec43b539fdb93165d94da,absolute,standard,2.481452224,0.654343228,2.960741826,1.608929053,2.992679215,1.691321082,2.960741826,1.608929053,first_gps,0.003839221,-0.137136925,nan,nan,nan,0.002044639,-0.140253715,0.140268618,0.000089805,0.178672797,0.178672819,0.000179610,0.357345593,0.357345638,0.463724841,0.202870627,0.033574411,0.295723767,0.293334660,0.169138156
45.069000000,1779830080_5715,gps,True,False,True,True,1183,31c1594f7caae09c6975238b7b255ad5c765bc56640ec43b539fdb93165d94da,absolute,standard,2.536845582,0.770233260,3.096127758,1.848913478,2.996500311,1.797545435,3.096127758,1.848913478,first_gps,0.003839221,-0.137136925,nan,nan,nan,0.005307879,0.292539291,0.292587440,0.000111196,0.179656347,0.179656381,0.000222393,0.359312694,0.359312762,0.499503023,0.203994631,0.000460794,0.296105877,0.295134446,0.179760592
45.100000000,1779830080_5715,gps,True,False,True,True,1183,31c1594f7caae09c6975238b7b255ad5c765bc56640ec43b539fdb93165d94da,absolute,standard,2.513836232,0.726117010,3.075522827,1.730936959,2.997758504,1.832958686,3.075522827,1.730936959,first_gps,0.003839221,-0.137136925,nan,nan,nan,-0.009049134,-0.565165995,0.565238435,0.000101498,0.178581063,0.178581092,0.000202996,0.357162126,0.357162184,0.460812434,0.202779131,0.036266686,0.296231696,0.293094588,0.183301917
45.168000000,1779830080_5715,gps,True,False,True,True,1183,31c1594f7caae09c6975238b7b255ad5c765bc56640ec43b539fdb93165d94da,absolute,standard,2.549915925,0.819795105,2.978898083,1.976084248,3.000253066,1.903779331,2.978898083,1.976084248,first_gps,0.003839221,-0.137136925,nan,nan,nan,0.009155672,0.309571027,0.309706388,0.000074999,0.179279406,0.179279421,0.000149997,0.358558811,0.358558843,0.486110682,0.203573899,0.012878216,0.296481152,0.294950519,0.190383981
45.238000000,1779830080_5715,gps,True,False,True,True,1183,31c1594f7caae09c6975238b7b255ad5c765bc56640ec43b539fdb93165d94da,absolute,standard,2.519283562,0.809988456,2.972273852,2.020526889,3.001514465,1.939185912,2.972273852,2.020526889,first_gps,0.003839221,-0.137136925,nan,nan,nan,0.000387249,-0.184331231,0.184331637,0.000092812,0.178854460,0.178854484,0.000185623,0.357708920,0.357708968,0.470280155,0.203076568,0.027525923,0.296607292,0.293955043,0.193924639
45.299000000,1779830080_5715,gps,True,False,True,True,1183,31c1594f7caae09c6975238b7b255ad5c765bc56640ec43b539fdb93165d94da,absolute,standard,2.532339663,0.842911341,3.169505370,1.941969771,3.002149473,1.956892014,3.169505370,1.941969771,first_gps,0.003839221,-0.137136925,nan,nan,nan,0.001843770,0.132262632,0.132275483,0.000098343,0.179251248,0.179251275,0.000196686,0.358502496,0.358502550,0.484275168,0.203516234,0.014581764,0.296670793,0.294931185,0.195695250
45.335000000,1779830080_5715,gps,True,False,True,True,1183,31c1594f7caae09c6975238b7b255ad5c765bc56640ec43b539fdb93165d94da,absolute,standard,2.540201937,0.867195315,2.974806207,1.847655259,3.002782016,1.974605391,2.974806207,1.847655259,first_gps,0.003839221,-0.137136925,nan,nan,nan,0.007438799,0.104164822,0.104430100,0.000112477,0.179449161,0.179449196,0.000224953,0.358898322,0.358898393,0.490534380,0.203712873,0.008783381,0.296734047,0.295280505,0.197466587
45.350000000,1779830080_5715,gps,True,False,True,True,1183,31c1594f7caae09c6975238b7b255ad5c765bc56640ec43b539fdb93165d94da,absolute,standard,2.523127810,0.850573085,3.185116172,2.053823827,3.005297256,2.045407757,3.185116172,2.053823827,first_gps,0.003839221,-0.137136925,nan,nan,nan,0.012397758,-0.033861046,0.036059324,0.000121645,0.178024842,0.178024883,0.000243290,0.356049683,0.356049766,0.440362267,0.202136670,0.054992883,0.296985571,0.290076001,0.204546824
45.413000000,1779830080_5715,gps,True,False,True,True,1183,31c1594f7caae09c6975238b7b255ad5c765bc56640ec43b539fdb93165d94da,absolute,standard,2.530226264,0.901576050,2.890774597,1.996153508,3.007162269,2.098525233,2.890774597,1.996153508,first_gps,0.003839221,-0.137136925,nan,nan,nan,-0.002119517,-0.073359279,0.073389891,0.000106823,0.178707100,0.178707132,0.000213647,0.357414199,0.357414263,0.465214370,0.202917422,0.032210615,0.297172072,0.293572632,0.209858571
45.462000000,1779830080_5715,gps,True,False,True,True,1183,31c1594f7caae09c6975238b7b255ad5c765bc56640ec43b539fdb93165d94da,absolute,standard,2.539062184,0.937999680,2.945115504,2.142414505,3.008400977,2.133928891,2.945115504,2.142414505,first_gps,0.003839221,-0.137136925,nan,nan,nan,-0.001482570,-0.074344596,0.074359377,0.000097064,0.178992593,0.178992619,0.000194128,0.357985186,0.357985238,0.476218856,0.203263138,0.022041964,0.297295943,0.294481878,0.213398937
45.500000000,1779830080_5715,gps,True,False,True,True,1183,31c1594f7caae09c6975238b7b255ad5c765bc56640ec43b539fdb93165d94da,absolute,standard,2.529968033,0.932558971,3.037496488,2.122085662,3.010289005,2.187048251,3.037496488,2.122085662,first_gps,0.003839221,-0.137136925,nan,nan,nan,0.002021299,-0.032515002,0.032577769,0.000074662,0.178127295,0.178127310,0.000149323,0.356254589,0.356254621,0.445005718,0.202282548,0.050762601,0.297484746,0.290887442,0.218710873
45.573000000,1779830080_5715,gps,True,False,True,True,1183,31c1594f7caae09c6975238b7b255ad5c765bc56640ec43b539fdb93165d94da,absolute,standard,2.570822599,1.010499472,2.934294042,1.998136520,3.012170108,2.240157118,2.934294042,1.998136520,first_gps,0.003839221,-0.137136925,nan,nan,nan,0.003332630,0.194081537,0.194110148,0.000087729,0.178979578,0.178979600,0.000175457,0.357959156,0.357959199,0.474036823,0.203194587,0.024055454,0.297672856,0.294266770,0.224021760
45.603000000,1779830080_5715,gps,True,False,True,True,1183,31c1594f7caae09c6975238b7b255ad5c765bc56640ec43b539fdb93165d94da,absolute,standard,2.547977521,0.996448891,3.251079536,2.394041095,3.012801466,2.257871028,3.251079536,2.394041095,first_gps,0.003839221,-0.137136925,nan,nan,nan,-0.002063897,-0.098505120,0.098526739,0.000080092,0.178615109,0.178615127,0.000160185,0.357230218,0.357230254,0.462164064,0.202821593,0.035032414,0.297735992,0.293334783,0.225793151
45.650000000,1779830080_5715,gps,True,False,True,True,1183,31c1594f7caae09c6975238b7b255ad5c765bc56640ec43b539fdb93165d94da,absolute,standard,2.572555639,1.051106269,3.108134997,2.371097904,3.014682022,2.310973594,3.108134997,2.371097904,first_gps,0.003839221,-0.137136925,nan,nan,nan,-0.006636767,0.235762661,0.235856056,0.000044377,0.179108840,0.179108846,0.000088754,0.358217681,0.358217692,0.478453452,0.203333340,0.019979498,0.297924048,0.294708702,0.231103407
45.701000000,1779830080_5715,gps,True,False,True,True,1183,31c1594f7caae09c6975238b7b255ad5c765bc56640ec43b539fdb93165d94da,absolute,standard,2.562778144,1.083848161,2.942957168,2.462676653,3.014677221,2.364100469,2.942957168,2.462676653,first_gps,0.003839221,-0.137136925,nan,nan,nan,-0.004410668,-0.140447251,0.140516492,0.000045463,0.179163922,0.179163928,0.000090925,0.358327844,0.358327855,0.480117463,0.203385616,0.018423043,0.297923568,0.294560409,0.236416095
45.752000000,1779830080_5715,gps,True,False,True,True,1183,31c1594f7caae09c6975238b7b255ad5c765bc56640ec43b539fdb93165d94da,absolute,standard,2.591155878,1.166298542,3.140565071,2.313010840,3.011525028,2.399383244,3.140565071,2.313010840,first_gps,0.003839221,-0.137136925,nan,nan,nan,-0.003980973,0.284047589,0.284075484,0.000005060,0.180249923,0.180249923,0.000010121,0.360499847,0.360499847,0.519614653,0.204626457,-0.018177338,0.297608348,0.294611437,0.239944372
45.801000000,1779830080_5715,gps,True,False,True,True,1183,31c1594f7caae09c6975238b7b255ad5c765bc56640ec43b539fdb93165d94da,absolute,standard,2.596389276,1.199331903,2.866483416,2.526154229,3.002144743,2.451683151,2.866483416,2.526154229,first_gps,0.003839221,-0.137136925,nan,nan,nan,0.007115626,0.239843593,0.239949122,0.000019468,0.180013633,0.180013634,0.000038935,0.360027267,0.360027269,0.510349738,0.204335391,-0.009603275,0.296670320,0.295248040,0.245174363
45.850000000,1779830080_5715,gps,True,False,True,True,1183,31c1594f7caae09c6975238b7b255ad5c765bc56640ec43b539fdb93165d94da,absolute,standard,2.619847637,1.338658955,2.987326196,2.681474728,2.992863558,2.485867417,2.987326196,2.681474728,first_gps,0.003839221,-0.137136925,nan,nan,nan,-0.001220849,0.687193767,0.687194851,0.000015971,0.182257573,0.182257574,0.000031942,0.364515147,0.364515148,0.590722897,0.206860388,-0.083029419,0.295742201,0.283385343,0.248592790
45.900000000,1779830080_5715,gps,True,False,True,True,1183,31c1594f7caae09c6975238b7b255ad5c765bc56640ec43b539fdb93165d94da,absolute,standard,2.610081991,1.407886580,2.947696706,2.623096846,2.981188981,2.519315673,2.947696706,2.623096846,first_gps,0.003839221,-0.137136925,nan,nan,nan,-0.005611859,0.849657808,0.849676340,0.000006296,0.183210585,0.183210585,0.000012592,0.366421171,0.366421171,0.624072419,0.207908094,-0.112267935,0.294574744,0.273288579,0.251937615
45.951000000,1779830080_5715,gps,True,False,True,True,1183,31c1594f7caae09c6975238b7b255ad5c765bc56640ec43b539fdb93165d94da,absolute,standard,2.514549025,1.442119827,2.987092943,2.522615591,2.959300944,2.567717911,2.987092943,2.522615591,first_gps,0.003839221,-0.137136925,nan,nan,nan,0.002512121,0.025129151,0.025254405,0.000008783,0.183524388,0.183524388,0.000017565,0.367048776,0.367048776,0.636324732,0.208293012,-0.122585133,0.292385940,0.268510843,0.256777839
46.002000000,1779830080_5715,gps,True,False,True,True,1183,31c1594f7caae09c6975238b7b255ad5c765bc56640ec43b539fdb93165d94da,absolute,standard,2.516713193,1.548325985,2.965407380,2.571812567,2.932404605,2.613519985,2.965407380,2.571812567,first_gps,0.003839221,-0.137136925,nan,nan,nan,-0.002174859,0.549857413,0.549861714,0.000029094,0.184754659,0.184754662,0.000058188,0.369509319,0.369509324,0.681187152,0.209702407,-0.159012499,0.289696306,0.248510099,0.261358047
46.050000000,1779830080_5715,gps,True,False,True,True,1183,31c1594f7caae09c6975238b7b255ad5c765bc56640ec43b539fdb93165d94da,absolute,standard,2.494934930,1.586524886,2.913870378,2.679980419,2.911829438,2.642369214,2.913870378,2.679980419,first_gps,0.003839221,-0.137136925,nan,nan,nan,0.005832903,0.435102567,0.435141663,0.000044456,0.184977328,0.184977333,0.000088912,0.369954655,0.369954666,0.689434585,0.209961507,-0.165524251,0.287638789,0.244494609,0.264242969
46.100000000,1779830080_5715,gps,True,False,True,True,1183,31c1594f7caae09c6975238b7b255ad5c765bc56640ec43b539fdb93165d94da,absolute,standard,2.447139270,1.628717533,2.978901291,2.579803245,2.889269071,2.669688535,2.978901291,2.579803245,first_gps,0.003839221,-0.137136925,nan,nan,nan,-0.006104754,0.492176380,0.492214239,0.000018529,0.185720030,0.185720031,0.000037057,0.371440059,0.371440061,0.716309125,0.210805796,-0.185516618,0.285382753,0.229620833,0.266974902
46.150000000,1779830080_5715,gps,True,False,True,True,1183,31c1594f7caae09c6975238b7b255ad5c765bc56640ec43b539fdb93165d94da,absolute,standard,2.361875759,1.662004059,2.768497505,2.747370154,2.851940069,2.707489148,2.768497505,2.747370154,first_gps,0.003839221,-0.137136925,nan,nan,nan,-0.003340745,0.014980921,0.015348895,0.000020697,0.186083813,0.186083815,0.000041395,0.372167627,0.372167629,0.730257374,0.211243993,-0.195426028,0.281649852,0.221306334,0.270754963
46.200000000,1779830080_5715,gps,True,False,True,True,1183,31c1594f7caae09c6975238b7b255ad5c765bc56640ec43b539fdb93165d94da,absolute,standard,2.337071111,1.690412350,2.924079735,2.845793820,2.824930333,2.730400693,2.924079735,2.845793820,first_gps,0.003839221,-0.137136925,nan,nan,nan,-0.004461817,-0.156387459,0.156451095,0.000007914,0.186416015,0.186416015,0.000015827,0.372832029,0.372832030,0.742196814,0.211619082,-0.203562604,0.278948879,0.213795962,0.273046117
46.251000000,1779830080_5715,gps,True,False,True,True,1183,31c1594f7caae09c6975238b7b255ad5c765bc56640ec43b539fdb93165d94da,absolute,standard,2.235190867,1.768395821,2.705817688,2.578417223,2.781544488,2.761064065,2.705817688,2.578417223,first_gps,0.003839221,-0.137136925,nan,nan,nan,-0.002913433,-0.090904160,0.090950836,-0.000000343,0.187871298,0.187871298,-0.000000686,0.375742595,0.375742595,0.793244497,0.213222792,-0.235063837,0.274610294,0.178526585,0.276112455
46.300000000,1779830080_5715,gps,True,False,True,True,1183,31c1594f7caae09c6975238b7b255ad5c765bc56640ec43b539fdb93165d94da,absolute,standard,2.178202850,1.812019522,2.806895168,2.703683359,2.750921285,2.778866985,2.806895168,2.703683359,first_gps,0.003839221,-0.137136925,nan,nan,nan,-0.006828311,0.157821882,0.157969529,-0.000000632,0.188700941,0.188700941,-0.000001265,0.377401882,0.377401882,0.822547079,0.214143360,-0.250433572,0.271547974,0.156133109,0.277892747
46.351000000,1779830080_5715,gps,True,False,True,True,1183,31c1594f7caae09c6975238b7b255ad5c765bc56640ec43b539fdb93165d94da,absolute,standard,2.168886347,1.832334100,2.483078580,2.713911813,2.704503770,2.804755421,2.483078580,2.713911813,first_gps,0.003839221,-0.137136925,nan,nan,nan,0.001130461,0.074267525,0.074276129,-0.000000667,0.188376414,0.188376414,-0.000001334,0.376752829,0.376752829,0.810400086,0.213761751,-0.244366187,0.266906222,0.165622469,0.280481590
46.402000000,1779830080_5715,gps,True,False,True,True,1183,31c1594f7caae09c6975238b7b255ad5c765bc56640ec43b539fdb93165d94da,absolute,standard,2.125325286,1.903768303,2.727493714,2.954693491,2.658072217,2.830623853,2.727493714,2.954693491,first_gps,0.003839221,-0.137136925,nan,nan,nan,-0.000651449,0.585817817,0.585818179,-0.000007740,0.189495492,0.189495492,-0.000015479,0.378990984,0.378990985,0.851393416,0.215049594,-0.263606734,0.262263067,0.132864030,0.283068433
46.450000000,1779830080_5715,gps,True,False,True,True,1183,31c1594f7caae09c6975238b7b255ad5c765bc56640ec43b539fdb93165d94da,absolute,standard,2.121852873,1.860431993,2.743482223,2.871055105,2.627130648,2.847860311,2.743482223,2.871055105,first_gps,0.003839221,-0.137136925,nan,nan,nan,-0.006244124,0.057734514,0.058071190,-0.000019680,0.188241130,0.188241131,-0.000039359,0.376482260,0.376482262,0.805324717,0.213602303,-0.241577223,0.259168910,0.169415413,0.284792079
46.503000000,1779830080_5715,gps,True,False,True,True,1183,31c1594f7caae09c6975238b7b255ad5c765bc56640ec43b539fdb93165d94da,absolute,standard,2.063150794,1.926380089,2.595339576,2.686721715,2.579822409,2.872059108,2.595339576,2.686721715,first_gps,0.003839221,-0.137136925,nan,nan,nan,0.013898709,-0.135524759,0.136235584,-0.000002682,0.189066624,0.189066624,-0.000005364,0.378133248,0.378133248,0.835908570,0.214563123,-0.256853250,0.254438086,0.145536407,0.287211959
46.550000000,1779830080_5715,gps,True,False,True,True,1183,31c1594f7caae09c6975238b7b255ad5c765bc56640ec43b539fdb93165d94da,absolute,standard,2.030239623,1.932006035,2.696752560,3.004967441,2.546983056,2.885323974,2.696752560,3.004967441,first_gps,0.003839221,-0.137136925,nan,nan,nan,0.001992256,-0.297474145,0.297480817,-0.000004413,0.189269975,0.189269975,-0.000008825,0.378539950,0.378539950,0.842956028,0.214784526,-0.259928069,0.251154151,0.139769144,0.288538445
46.601000000,1779830080_5715,gps,True,False,True,True,1183,31c1594f7caae09c6975238b7b255ad5c765bc56640ec43b539fdb93165d94da,absolute,standard,1.976033501,1.968199602,2.586640423,3.036935914,2.496322093,2.901392042,2.586640423,3.036935914,first_gps,0.003839221,-0.137136925,nan,nan,nan,0.005066179,-0.332242480,0.332281103,0.000032536,0.189758802,0.189758805,0.000065071,0.379517604,0.379517610,0.860464427,0.215334568,-0.267444976,0.246088055,0.125373761,0.290145252
46.650000000,1779830080_5715,gps,True,False,True,True,1183,31c1594f7caae09c6975238b7b255ad5c765bc56640ec43b539fdb93165d94da,absolute,standard,1.863646244,2.006005599,2.619105938,3.076051848,2.462262340,2.911116921,2.619105938,3.076051848,first_gps,0.003839221,-0.137136925,nan,nan,nan,0.001779352,0.122209704,0.122222657,0.000041834,0.191006510,0.191006515,0.000083668,0.382013021,0.382013030,0.904510599,0.216718320,-0.282057262,0.242682079,0.087247074,0.291117740
46.700000000,1779830080_5715,ann,False,True,True,True,1183,31c1594f7caae09c6975238b7b255ad5c765bc56640ec43b539fdb93165d94da,absolute,standard,1.814820216,2.029408149,1.814820216,2.029408149,2.410187759,2.921749071,2.435858517,2.984665143,first_gps,0.003839221,-0.137136925,1.000000000,0.000000000,18.234956975,0.011100557,-0.040967089,0.042444372,0.000053578,0.191212564,0.191212571,0.000107155,0.382425127,0.382425142,0.912086211,0.216956314,-0.284236914,0.237474621,0.080562133,0.292180955
46.752000000,1779830080_5715,ann,False,True,True,True,1183,31c1594f7caae09c6975238b7b255ad5c765bc56640ec43b539fdb93165d94da,absolute,standard,1.831763009,2.024341640,1.831763009,2.024341640,2.375400498,2.928430167,2.533997985,3.214758161,first_gps,0.003839221,-0.137136925,1.000000000,0.000000000,18.197047876,0.002949890,-0.335049378,0.335062364,0.000065718,0.190828813,0.190828825,0.000131437,0.381657627,0.381657649,0.898254387,0.216521775,-0.280321639,0.233995895,0.092784654,0.292849065
46.800000000,1779830080_5715,ann,False,True,True,True,1183,31c1594f7caae09c6975238b7b255ad5c765bc56640ec43b539fdb93165d94da,absolute,standard,1.730398598,2.047455004,1.730398598,2.047455004,2.340610556,2.935105567,2.338374637,3.092806514,first_gps,0.003839221,-0.137136925,1.000000000,0.000000000,18.297261212,0.003770753,-0.179290774,0.179330422,0.000063449,0.191827420,0.191827431,0.000126898,0.383654841,0.383654862,0.934492423,0.217660226,-0.288932203,0.230516901,0.060315632,0.293516605
46.850000000,1779830080_5715,ann,False,True,True,True,1183,31c1594f7caae09c6975238b7b255ad5c765bc56640ec43b539fdb93165d94da,absolute,standard,1.743258014,2.098620513,1.743258014,2.098620513,2.288408290,2.945124349,2.278158837,3.117356486,first_gps,0.003839221,-0.137136925,1.000000000,0.000000000,18.350965498,0.002518914,0.833969610,0.833973414,0.000089336,0.192370175,0.192370195,0.000178671,0.384740349,0.384740391,0.953497555,0.218257290,-0.292205134,0.225296674,0.042995071,0.294518483
46.903000000,1779830080_5715,ann,False,True,True,True,1183,31c1594f7caae09c6975238b7b255ad5c765bc56640ec43b539fdb93165d94da,absolute,standard,1.712811057,2.087549391,1.712811057,2.087549391,2.236214392,2.955126689,2.239946550,2.790023360,first_gps,0.003839221,-0.137136925,1.000000000,0.000000000,18.281982636,-0.003467082,0.436434090,0.436447861,0.000090754,0.191676787,0.191676808,0.000181508,0.383353573,0.383353616,0.928143773,0.217460778,-0.287742102,0.220077285,0.066082108,0.295518717
46.950000000,1779830080_5715,ann,False,True,True,True,1183,31c1594f7caae09c6975238b7b255ad5c765bc56640ec43b539fdb93165d94da,absolute,standard,1.706048507,2.096605520,1.706048507,2.096605520,2.201303254,2.961180273,2.340269925,2.971364374,first_gps,0.003839221,-0.137136925,1.000000000,0.000000000,18.261976462,-0.001498654,0.425384150,0.425386789,0.000091914,0.191480406,0.191480428,0.000183827,0.382960811,0.382960855,0.920981004,0.217235753,-0.286301311,0.216586171,0.072569899,0.296124075
47.000000000,1779830080_5715,ann,False,True,True,True,1183,31c1594f7caae09c6975238b7b255ad5c765bc56640ec43b539fdb93165d94da,absolute,standard,1.574096457,2.096828673,1.574096457,2.096828673,2.166061524,2.964741624,2.082916038,3.058145949,first_gps,0.003839221,-0.137136925,1.000000000,0.000000000,18.365534017,-0.005468981,0.165465269,0.165555625,0.000078334,0.192515041,0.192515057,0.000156668,0.385030082,0.385030114,0.959407481,0.218442956,-0.292925774,0.213061998,0.037559231,0.296480210
47.050000000,1779830080_5715,ann,False,True,True,True,1183,31c1594f7caae09c6975238b7b255ad5c765bc56640ec43b539fdb93165d94da,absolute,standard,1.554790563,2.126331343,1.554790563,2.126331343,2.112984358,2.967250262,2.133152050,3.049055851,first_gps,0.003839221,-0.137136925,1.000000000,0.000000000,18.403278044,0.000962902,0.472740940,0.472741920,0.000095076,0.192886795,0.192886818,0.000190152,0.385773589,0.385773636,0.973014801,0.218870443,-0.294074646,0.207754281,0.024990518,0.296731074
47.102000000,1779830080_5715,ann,False,True,True,True,1183,31c1594f7caae09c6975238b7b255ad5c765bc56640ec43b539fdb93165d94da,absolute,standard,1.538979108,2.106369123,1.538979108,2.106369123,2.059896691,2.969750832,2.140147683,2.987919131,first_gps,0.003839221,-0.137136925,1.000000000,0.000000000,18.321492559,-0.004739679,-0.260993513,0.261036546,0.000095619,0.192069722,0.192069745,0.000191238,0.384139443,0.384139491,0.943531270,0.217944190,-0.290528274,0.202445515,0.052087799,0.296981131
47.158000000,1779830080_5715,ann,False,True,True,True,1183,31c1594f7caae09c6975238b7b255ad5c765bc56640ec43b539fdb93165d94da,absolute,standard,1.419635483,2.130482729,1.419635483,2.130482729,2.024454830,2.969547840,2.220612745,2.831823554,first_gps,0.003839221,-0.137136925,1.000000000,0.000000000,18.459660199,0.004234536,0.065360001,0.065497030,0.000129582,0.193457845,0.193457888,0.000259164,0.386915690,0.386915777,0.992652685,0.219487385,-0.295297528,0.198901328,0.006817348,0.296960832
47.201000000,1779830080_5715,ann,False,True,True,True,1183,31c1594f7caae09c6975238b7b255ad5c765bc56640ec43b539fdb93165d94da,absolute,standard,1.176967353,2.259313962,1.176967353,2.259313962,1.989142136,2.966828732,1.958016714,2.805498903,first_gps,0.003839221,-0.137136925,1.000000000,0.000000000,18.503990831,-0.000227689,0.116343549,0.116343772,0.000126574,0.193896110,0.193896151,0.000253148,0.387792219,0.387792302,-0.991533121,0.219984202,-0.295103662,0.195370059,-0.007851457,0.296688921
47.250000000,1779830080_5715,ann,False,True,True,True,1183,31c1594f7caae09c6975238b7b255ad5c765bc56640ec43b539fdb93165d94da,absolute,standard,1.160383252,2.261715521,1.160383252,2.261715521,1.936445155,2.959917840,2.150809578,2.894703953,first_gps,0.003839221,-0.137136925,1.000000000,0.000000000,18.530179996,0.011380802,-0.599793393,0.599901356,0.000111295,0.194156809,0.194156841,0.000222591,0.388313619,0.388313683,-0.982559568,0.220266115,-0.294725104,0.190100361,-0.016164383,0.295997832
47.301000000,1779830080_5715,ann,False,True,True,True,1183,31c1594f7caae09c6975238b7b255ad5c765bc56640ec43b539fdb93165d94da,absolute,standard,1.083001504,2.255815462,1.083001504,2.255815462,1.883755570,2.953012122,1.978763452,3.065823916,first_gps,0.003839221,-0.137136925,1.000000000,0.000000000,18.540135136,0.000333188,-0.046426603,0.046427799,0.000113109,0.194255198,0.194255231,0.000226217,0.388510396,0.388510461,-0.980569291,0.220328641,-0.294579614,0.184831402,-0.018004502,0.295307260
47.350000000,1779830080_5715,ann,False,True,True,True,1183,31c1594f7caae09c6975238b7b255ad5c765bc56640ec43b539fdb93165d94da,absolute,standard,1.101442580,2.245605255,1.101442580,2.245605255,1.848618307,2.948422196,1.771589561,2.952930609,first_gps,0.003839221,-0.137136925,1.000000000,0.000000000,18.517151244,-0.007392480,-0.571601018,0.571648819,0.000092795,0.194030779,0.194030801,0.000185589,0.388061558,0.388061602,-0.988164245,0.220090039,-0.295105502,0.181317676,-0.010978004,0.294848268
47.426000000,1779830080_5715,ann,False,True,True,True,1183,31c1594f7caae09c6975238b7b255ad5c765bc56640ec43b539fdb93165d94da,absolute,standard,0.980350618,2.251770999,0.980350618,2.251770999,1.778362472,2.939213004,1.743110664,2.843265551,first_gps,0.003839221,-0.137136925,1.000000000,0.000000000,18.589108936,-0.003068007,0.004482582,0.005431962,0.000109470,0.194748751,0.194748782,0.000218939,0.389497502,0.389497563,-0.961370199,0.220931799,-0.293084803,0.174292093,-0.035744160,0.293927348
47.455000000,1779830080_5715,ann,False,True,True,True,1183,31c1594f7caae09c6975238b7b255ad5c765bc56640ec43b539fdb93165d94da,absolute,standard,0.980350618,2.251770999,0.980350618,2.251770999,1.778362472,2.939213004,1.743110664,2.843265551,first_gps,0.003839221,-0.137136925,1.000000000,0.000000000,18.589108936,-0.003068007,0.004482582,0.005431962,0.000109470,0.194748751,0.194748782,0.000218939,0.389497502,0.389497563,-0.961370199,0.220931799,-0.293084803,0.174292093,-0.035744160,0.293927348
47.500000000,1779830080_5715,ann,False,True,True,True,1183,31c1594f7caae09c6975238b7b255ad5c765bc56640ec43b539fdb93165d94da,absolute,standard,1.234020612,2.125983822,1.234020612,2.125983822,1.725655682,2.932310960,1.570288414,3.053779463,first_gps,0.003839221,-0.137136925,1.000000000,0.000000000,18.452020921,-0.004784771,-0.221047093,0.221098872,0.000093350,0.193377359,0.193377382,0.000186701,0.386754719,0.386754764,0.989498658,0.219388298,-0.295078438,0.169021414,0.009738448,0.293237144
47.553000000,1779830080_5715,ann,False,True,True,True,1183,31c1594f7caae09c6975238b7b255ad5c765bc56640ec43b539fdb93165d94da,absolute,standard,1.244118868,2.126749554,1.244118868,2.126749554,1.672619936,2.929159684,1.852068950,2.810293688,first_gps,0.003839221,-0.137136925,1.000000000,0.000000000,18.449711247,-0.006457728,-0.931952051,0.931974424,0.000095367,0.193360943,0.193360967,0.000190733,0.386721887,0.386721934,0.989026657,0.219373470,-0.295286263,0.163717839,0.010183667,0.292922016
47.602000000,1779830080_5715,ann,False,True,True,True,1183,31c1594f7caae09c6975238b7b255ad5c765bc56640ec43b539fdb93165d94da,absolute,standard,1.231496804,2.152442250,1.231496804,2.152442250,1.637219780,2.930174457,1.600333871,3.106551198,first_gps,0.003839221,-0.137136925,1.000000000,0.000000000,18.409358521,0.008724617,-0.380687148,0.380787110,0.000126909,0.192947377,0.192947419,0.000253818,0.385894754,0.385894838,0.975229385,0.218940016,-0.294234620,0.160177823,0.022943430,0.293023494
47.651000000,1779830080_5715,ann,False,True,True,True,1183,31c1594f7caae09c6975238b7b255ad5c765bc56640ec43b539fdb93165d94da,absolute,standard,1.186805297,2.153798648,1.186805297,2.153798648,1.584121821,2.932617152,1.651648461,2.900281307,first_gps,0.003839221,-0.137136925,1.000000000,0.000000000,18.386454859,0.001916341,-0.016743263,0.016852573,0.000115515,0.192721054,0.192721089,0.000231030,0.385442108,0.385442178,0.967050811,0.218683078,-0.293637800,0.154868028,0.030504337,0.293267763
47.700000000,1779830080_5715,ann,False,True,True,True,1183,31c1594f7caae09c6975238b7b255ad5c765bc56640ec43b539fdb93165d94da,absolute,standard,1.173333811,2.181895304,1.173333811,2.181895304,1.531033814,2.935022908,1.547558123,2.943944631,first_gps,0.003839221,-0.137136925,1.000000000,0.000000000,18.444887760,-0.002227773,0.576041218,0.576045526,0.000124912,0.193308341,0.193308382,0.000249824,0.386616683,0.386616763,0.987832806,0.219335964,-0.295101084,0.149559227,0.011285549,0.293508339
47.758000000,1779830080_5715,ann,False,True,True,True,1183,31c1594f7caae09c6975238b7b255ad5c765bc56640ec43b539fdb93165d94da,absolute,standard,1.164811483,2.163792910,1.164811483,2.163792910,1.495641918,2.936608381,1.483425254,2.916628663,first_gps,0.003839221,-0.137136925,1.000000000,0.000000000,18.375893504,-0.001977467,-0.473401532,0.473405662,0.000128915,0.192615428,0.192615471,0.000257830,0.385230855,0.385230941,0.963684225,0.218577314,-0.293298605,0.146020037,0.033608199,0.293666886
47.802000000,1779830080_5715,ann,False,True,True,True,1183,31c1594f7caae09c6975238b7b255ad5c765bc56640ec43b539fdb93165d94da,absolute,standard,1.099085715,2.170595144,1.099085715,2.170595144,1.442545305,2.938966945,1.463828017,2.937895158,first_gps,0.003839221,-0.137136925,1.000000000,0.000000000,18.386578077,-0.003848953,-0.095215329,0.095293092,0.000116816,0.192721691,0.192721727,0.000233632,0.385443383,0.385443454,0.967861279,0.218708540,-0.293694812,0.140710376,0.029754594,0.293902743
47.850000000,1779830080_5715,ann,False,True,True,True,1183,31c1594f7caae09c6975238b7b255ad5c765bc56640ec43b539fdb93165d94da,absolute,standard,1.083404313,2.179258289,1.083404313,2.179258289,1.407140478,2.940546780,1.410332625,3.080287817,first_gps,0.003839221,-0.137136925,1.000000000,0.000000000,18.383168523,-0.002063211,-0.139868652,0.139883868,0.000124166,0.192697981,0.192698021,0.000248331,0.385395962,0.385396042,0.967376291,0.218693304,-0.293993641,0.137169893,0.030237476,0.294060726
47.901000000,1779830080_5715,ann,False,True,True,True,1183,31c1594f7caae09c6975238b7b255ad5c765bc56640ec43b539fdb93165d94da,absolute,standard,1.027272884,2.200804183,1.027272884,2.200804183,1.354047080,2.942911441,1.512776080,2.813555987,first_gps,0.003839221,-0.137136925,1.000000000,0.000000000,18.424843816,0.008389162,-0.042245816,0.043070721,0.000146209,0.193112267,0.193112322,0.000292417,0.386224533,0.386224644,0.981823584,0.219147179,-0.294981214,0.131860553,0.016862613,0.294297192
47.951000000,1779830080_5715,ann,False,True,True,True,1183,31c1594f7caae09c6975238b7b255ad5c765bc56640ec43b539fdb93165d94da,absolute,standard,1.097761995,2.229586508,1.097761995,2.229586508,1.318655858,2.944480017,1.242015230,3.008467567,first_gps,0.003839221,-0.137136925,1.000000000,0.000000000,18.433815277,-0.007041552,1.000000000,1.000000000,0.000173775,0.193199251,0.193199329,0.000347550,0.386398502,0.386398658,0.984582583,0.219233855,-0.295026141,0.128321431,0.014300848,0.294454050
48.000000000,1779830080_5715,ann,False,True,True,True,1183,31c1594f7caae09c6975238b7b255ad5c765bc56640ec43b539fdb93165d94da,absolute,standard,1.018559657,2.207971315,1.018559657,2.207971315,1.265560069,2.946847178,1.304450215,2.695145457,first_gps,0.003839221,-0.137136925,1.000000000,0.000000000,18.368367520,0.001278456,-0.173336269,0.173340984,0.000171530,0.192540194,0.192540271,0.000343060,0.385080389,0.385080542,0.960935528,0.218490961,-0.292999441,0.123011852,0.036139877,0.294690766
48.050000000,1779830080_5715,ann,False,True,True,True,1183,31c1594f7caae09c6975238b7b255ad5c765bc56640ec43b539fdb93165d94da,absolute,standard,1.058282848,2.202802707,1.058282848,2.202802707,1.230167261,2.948430809,1.098384963,2.911989086,first_gps,0.003839221,-0.137136925,1.000000000,0.000000000,18.288594794,-0.002451192,-0.334555059,0.334564038,0.000148774,0.191744979,0.191745037,0.000297548,0.383489959,0.383490074,0.931759570,0.217574371,-0.288542809,0.119472572,0.062824293,0.294849129
48.104000000,1779830080_5715,ann,False,True,True,True,1183,31c1594f7caae09c6975238b7b255ad5c765bc56640ec43b539fdb93165d94da,absolute,standard,0.944958411,2.221200075,0.944958411,2.221200075,1.177067783,2.950808190,1.321600095,2.996676615,first_gps,0.003839221,-0.137136925,1.000000000,0.000000000,18.386316948,-0.000098490,0.036213609,0.036213743,0.000155538,0.192719401,0.192719464,0.000311077,0.385438803,0.385438928,0.966978263,0.218680799,-0.293622699,0.114162624,0.030570414,0.295086867
48.152000000,1779830080_5715,ann,False,True,True,True,1183,31c1594f7caae09c6975238b7b255ad5c765bc56640ec43b539fdb93165d94da,absolute,standard,0.958481145,2.220211480,0.958481145,2.220211480,1.141676479,2.952386316,1.153856259,2.850313058,first_gps,0.003839221,-0.137136925,1.000000000,0.000000000,18.354433058,-0.003171396,-0.358030950,0.358044996,0.000147233,0.192401759,0.192401815,0.000294465,0.384803518,0.384803631,0.956428448,0.218349367,-0.292487730,0.110623493,0.040288859,0.295244680
48.201000000,1779830080_5715,ann,False,True,True,True,1183,31c1594f7caae09c6975238b7b255ad5c765bc56640ec43b539fdb93165d94da,absolute,standard,0.892164053,2.230753937,0.892164053,2.230753937,1.088588935,2.954758438,1.194097204,2.863405863,first_gps,0.003839221,-0.137136925,1.000000000,0.000000000,18.394666156,-0.007302663,0.199168920,0.199302754,0.000108915,0.192802476,0.192802507,0.000217830,0.385604952,0.385605013,0.971452332,0.218821356,-0.294008441,0.105314739,0.026439114,0.295481892
48.250000000,1779830080_5715,ann,False,True,True,True,1183,31c1594f7caae09c6975238b7b255ad5c765bc56640ec43b539fdb93165d94da,absolute,standard,0.851728791,2.240284042,0.851728791,2.240284042,1.053184840,2.956331385,0.984511189,2.885586958,first_gps,0.003839221,-0.137136925,1.000000000,0.000000000,18.438773236,-0.005393121,0.288835221,0.288885567,0.000092262,0.193243914,0.193243936,0.000184524,0.386487827,0.386487871,0.986657387,0.219299037,-0.294947471,0.101774329,0.012370576,0.295639187
48.300000000,1779830080_5715,ann,False,True,True,True,1183,31c1594f7caae09c6975238b7b255ad5c765bc56640ec43b539fdb93165d94da,absolute,standard,0.845569004,2.234574553,0.845569004,2.234574553,1.000090339,2.958697647,1.107114844,2.943295122,first_gps,0.003839221,-0.137136925,1.000000000,0.000000000,18.362732036,-0.004679276,-0.097202948,0.097315511,0.000067065,0.192485881,0.192485893,0.000134129,0.384971763,0.384971786,0.959480794,0.218445259,-0.292896580,0.096464879,0.037486922,0.295875813
48.356000000,1779830080_5715,ann,False,True,True,True,1183,31c1594f7caae09c6975238b7b255ad5c765bc56640ec43b539fdb93165d94da,absolute,standard,0.831257000,2.242390873,0.831257000,2.242390873,0.964692788,2.960275177,1.056821919,2.971065186,first_gps,0.003839221,-0.137136925,1.000000000,0.000000000,18.351869075,-0.001698236,-0.058871158,0.058895647,0.000063838,0.192374026,0.192374037,0.000127676,0.384748052,0.384748073,0.955959342,0.218334629,-0.292357420,0.092925124,0.040710033,0.296033566
48.401000000,1779830080_5715,ann,False,True,True,True,1183,31c1594f7caae09c6975238b7b255ad5c765bc56640ec43b539fdb93165d94da,absolute,standard,0.788183913,2.237895645,0.788183913,2.237895645,0.929288900,2.961849915,0.814585342,3.073317024,first_gps,0.003839221,-0.137136925,1.000000000,0.000000000,18.378819157,-0.009241137,-0.154631059,0.154906950,0.000022505,0.192652555,0.192652556,0.000045010,0.385305109,0.385305112,0.965920184,0.218647559,-0.293786911,0.089384735,0.031575005,0.296191040
48.455000000,1779830080_5715,ann,False,True,True,True,1183,31c1594f7caae09c6975238b7b255ad5c765bc56640ec43b539fdb93165d94da,absolute,standard,0.788817431,2.250955571,0.788817431,2.250955571,0.876204656,2.964222802,0.869258567,3.042100719,first_gps,0.003839221,-0.137136925,1.000000000,0.000000000,18.346767638,-0.001770221,-0.223475171,0.223482182,0.000008393,0.192324648,0.192324648,0.000016786,0.384649297,0.384649297,0.953603042,0.218260604,-0.292101687,0.084076311,0.042880957,0.296428328
48.503000000,1779830080_5715,ann,False,True,True,True,1183,31c1594f7caae09c6975238b7b255ad5c765bc56640ec43b539fdb93165d94da,absolute,standard,0.736680243,2.268764184,0.736680243,2.268764184,0.840809084,2.965819055,0.966054011,2.956435869,first_gps,0.003839221,-0.137136925,1.000000000,0.000000000,18.391129931,0.005347969,0.049230834,0.049520459,0.000029155,0.192765783,0.192765785,0.000058310,0.385531566,0.385531570,0.970058070,0.218777554,-0.293844709,0.080536754,0.027722418,0.296587954
48.551000000,1779830080_5715,ann,False,True,True,True,1183,31c1594f7caae09c6975238b7b255ad5c765bc56640ec43b539fdb93165d94da,absolute,standard,0.739732514,2.276053009,0.739732514,2.276053009,0.787706566,2.968214914,0.688143218,2.817819662,first_gps,0.003839221,-0.137136925,1.000000000,0.000000000,18.377808782,-0.007050166,0.392035447,0.392098835,0.000004476,0.192640930,0.192640930,0.000008951,0.385281861,0.385281861,0.965221061,0.218625595,-0.293666426,0.075226502,0.032214659,0.296827539
48.601000000,1779830080_5715,ann,False,True,True,True,1183,31c1594f7caae09c6975238b7b255ad5c765bc56640ec43b539fdb93165d94da,absolute,standard,0.683810546,2.270165603,0.683810546,2.270165603,0.734626885,2.970604159,0.833081579,3.118336370,first_gps,0.003839221,-0.137136925,1.000000000,0.000000000,18.359164854,-0.004132493,-0.062094214,0.062231575,-0.000000191,0.192449500,0.192449500,-0.000000383,0.384898999,0.384898999,0.959530873,0.218446832,-0.292878615,0.069918534,0.037437791,0.297066464
48.650000000,1779830080_5715,ann,False,True,True,True,1183,31c1594f7caae09c6975238b7b255ad5c765bc56640ec43b539fdb93165d94da,absolute,standard,0.639510483,2.285803062,0.639510483,2.285803062,0.699236024,2.972193771,0.666720047,3.071584800,first_gps,0.003839221,-0.137136925,1.000000000,0.000000000,18.407000712,0.002171814,0.067252756,0.067287815,0.000003961,0.192925267,0.192925268,0.000007922,0.385850535,0.385850535,0.977071367,0.218997883,-0.294409894,0.066379448,0.021243814,0.297225425
48.704000000,1779830080_5715,ann,False,True,True,True,1183,31c1594f7caae09c6975238b7b255ad5c765bc56640ec43b539fdb93165d94da,absolute,standard,0.652395680,2.295961538,0.652395680,2.295961538,0.646131850,2.974579465,0.664435512,3.097519567,first_gps,0.003839221,-0.137136925,1.000000000,0.000000000,18.342707761,0.004232325,0.057566803,0.057722174,0.000019606,0.192289982,0.192289983,0.000039213,0.384579964,0.384579966,0.954667854,0.218294056,-0.292439271,0.061069030,0.041931650,0.297463995
48.756000000,1779830080_5715,ann,False,True,True,True,1183,31c1594f7caae09c6975238b7b255ad5c765bc56640ec43b539fdb93165d94da,absolute,standard,0.592806318,2.302153666,0.592806318,2.302153666,0.610744207,2.976154677,0.485774542,3.197000872,first_gps,0.003839221,-0.137136925,1.000000000,0.000000000,18.399760737,0.004613131,-0.046915060,0.047141318,0.000046276,0.192851573,0.192851578,0.000092552,0.385703146,0.385703157,0.975515165,0.218948994,-0.294259666,0.057530266,0.022679607,0.297621516
48.800000000,1779830080_5715,ann,False,True,True,True,1183,31c1594f7caae09c6975238b7b255ad5c765bc56640ec43b539fdb93165d94da,absolute,standard,0.543791336,2.294775659,0.543791336,2.294775659,0.575325123,2.977109854,0.398983746,3.006579583,first_gps,0.003839221,-0.137136925,1.000000000,0.000000000,18.434112571,-0.004910292,-0.100897095,0.101016508,0.000016091,0.193199772,0.193199773,0.000032182,0.386399544,0.386399546,0.987827778,0.219335806,-0.295072363,0.053988358,0.011289118,0.297717033
48.857000000,1779830080_5715,ann,False,True,True,True,1183,31c1594f7caae09c6975238b7b255ad5c765bc56640ec43b539fdb93165d94da,absolute,standard,0.386197168,2.444344653,0.386197168,2.444344653,0.522302587,2.973833843,0.544578477,3.002028783,first_gps,0.003839221,-0.137136925,1.000000000,0.000000000,18.530552635,-0.001759497,0.753979582,0.753981635,0.000000596,0.194163495,0.194163495,0.000001191,0.388326990,0.388326990,-0.976638057,0.220452145,-0.294470736,0.048686104,-0.021651189,0.297389432
48.905000000,1779830080_5715,ann,False,True,True,True,1183,31c1594f7caae09c6975238b7b255ad5c765bc56640ec43b539fdb93165d94da,absolute,standard,0.258457404,2.413396564,0.258457404,2.413396564,0.469931824,2.964935002,0.442739114,2.788641531,first_gps,0.003839221,-0.137136925,1.000000000,0.000000000,18.589023616,-0.000485421,-0.202142845,0.202143427,-0.000012646,0.194746338,0.194746338,-0.000025292,0.389492676,0.389492677,-0.955167340,0.221126667,-0.292280184,0.043449028,-0.041440873,0.296499548
48.950000000,1779830080_5715,ann,False,True,True,True,1183,31c1594f7caae09c6975238b7b255ad5c765bc56640ec43b539fdb93165d94da,absolute,standard,0.220543569,2.412023395,0.220543569,2.412023395,0.435668382,2.955938631,0.301328813,3.045751712,first_gps,0.003839221,-0.137136925,1.000000000,0.000000000,18.636222661,-0.000071199,0.190246151,0.190246165,-0.000013491,0.195218104,0.195218104,-0.000026981,0.390436207,0.390436208,-0.938708102,0.221643749,-0.289740302,0.040022684,-0.056490607,0.295599911
49.002000000,1779830080_5715,ann,False,True,True,True,1183,31c1594f7caae09c6975238b7b255ad5c765bc56640ec43b539fdb93165d94da,absolute,standard,0.183329079,2.395897434,0.183329079,2.395897434,0.402144086,2.944506134,0.544308189,2.973999565,first_gps,0.003839221,-0.137136925,1.000000000,0.000000000,18.659964469,-0.000889115,-0.221709572,0.221711355,-0.000011157,0.195454533,0.195454533,-0.000022315,0.390909065,0.390909066,-0.929722691,0.221926034,-0.287998255,0.036670254,-0.064638727,0.294456661
49.050000000,1779830080_5715,ann,False,True,True,True,1183,31c1594f7caae09c6975238b7b255ad5c765bc56640ec43b539fdb93165d94da,absolute,standard,0.099635183,2.364909119,0.099635183,2.364909119,0.353577743,2.922972966,0.579157227,2.921310881,first_gps,0.003839221,-0.137136925,1.000000000,0.000000000,18.766400278,-0.003112982,-0.213811515,0.213834176,0.000001206,0.196516073,0.196516073,0.000002412,0.393032147,0.393032147,-0.892025904,0.223110314,-0.278255287,0.031813620,-0.098182094,0.292303345
49.103000000,1779830080_5715,ann,False,True,True,True,1183,31c1594f7caae09c6975238b7b255ad5c765bc56640ec43b539fdb93165d94da,absolute,standard,0.097728244,2.365017450,0.097728244,2.365017450,0.307567158,2.896414772,0.380483175,2.941288289,first_gps,0.003839221,-0.137136925,1.000000000,0.000000000,18.836466288,0.005600214,0.675679352,0.675702560,0.000004031,0.197216741,0.197216741,0.000008062,0.394433481,0.394433482,-0.867291168,0.223887378,-0.269794127,0.027212561,-0.119486394,0.289647525
49.151000000,1779830080_5715,ann,False,True,True,True,1183,31c1594f7caae09c6975238b7b255ad5c765bc56640ec43b539fdb93165d94da,absolute,standard,-0.014534530,2.293815386,-0.014534530,2.293815386,0.278576848,2.876047251,0.328809344,3.069189870,first_gps,0.003839221,-0.137136925,1.000000000,0.000000000,18.911914005,-0.012955789,-0.278547523,0.278848660,-0.000003654,0.197975177,0.197975177,-0.000007308,0.395950353,0.395950353,-0.839658269,0.224755492,-0.258533971,0.024313530,-0.142491909,0.287610773
49.200000000,1779830080_5715,ann,False,True,True,True,1183,31c1594f7caae09c6975238b7b255ad5c765bc56640ec43b539fdb93165d94da,absolute,standard,-0.041858029,2.291005095,-0.041858029,2.291005095,0.251108208,2.853679012,0.189503211,3.058630601,first_gps,0.003839221,-0.137136925,1.000000000,0.000000000,18.924002299,0.000123327,-0.048806382,0.048806537,-0.000001117,0.198093536,0.198093536,-0.000002233,0.396187072,0.396187072,-0.835598553,0.224883031,-0.256622512,0.021566666,-0.145736029,0.285373949
49.250000000,1779830080_5715,ann,False,True,True,True,1183,31c1594f7caae09c6975238b7b255ad5c765bc56640ec43b539fdb93165d94da,absolute,standard,-0.119891035,2.219782507,-0.119891035,2.219782507,0.213038764,2.816617630,0.439313280,2.631653369,first_gps,0.003839221,-0.137136925,1.000000000,0.000000000,19.099561275,0.000803758,0.197295416,0.197297053,0.000017147,0.199856318,0.199856319,0.000034294,0.399712636,0.399712638,-0.773243198,0.226841983,-0.223529033,0.017759722,-0.193055569,0.281667811
49.306000000,1779830080_5715,ann,False,True,True,True,1183,31c1594f7caae09c6975238b7b255ad5c765bc56640ec43b539fdb93165d94da,absolute,standard,-0.190112629,2.147661115,-0.190112629,2.147661115,0.179128865,2.775724390,0.289176254,2.729168505,first_gps,0.003839221,-0.137136925,1.000000000,0.000000000,19.182943000,-0.006364871,-0.022558820,0.023439538,-0.000010583,0.200688859,0.200688859,-0.000021166,0.401377718,0.401377719,-0.743638471,0.227772043,-0.204604016,0.014368732,-0.212950085,0.277578487
49.351000000,1779830080_5715,ann,False,True,True,True,1183,31c1594f7caae09c6975238b7b255ad5c765bc56640ec43b539fdb93165d94da,absolute,standard,-0.210162411,2.106921483,-0.210162411,2.106921483,0.159026333,2.746560897,0.232059224,2.666056651,first_gps,0.003839221,-0.137136925,1.000000000,0.000000000,19.254297029,-0.003768337,0.159505020,0.159549528,-0.000026423,0.201398229,0.201398231,-0.000052847,0.402796458,0.402796461,-0.718989968,0.228546398,-0.187429218,0.012358479,-0.228032391,0.274662138
49.404000000,1779830080_5715,ann,False,True,True,True,1183,31c1594f7caae09c6975238b7b255ad5c765bc56640ec43b539fdb93165d94da,absolute,standard,-0.227063757,2.044769654,-0.227063757,2.044769654,0.132866686,2.700323861,0.049630789,2.623260002,first_gps,0.003839221,-0.137136925,1.000000000,0.000000000,19.350979864,-0.001054141,0.422260929,0.422262245,-0.000030274,0.202363496,0.202363498,-0.000060548,0.404726991,0.404726996,-0.684506513,0.229629728,-0.161646822,0.009742514,-0.246917139,0.270038434
49.451000000,1779830080_5715,ann,False,True,True,True,1183,31c1594f7caae09c6975238b7b255ad5c765bc56640ec43b539fdb93165d94da,absolute,standard,-0.284871574,1.978349228,-0.284871574,1.978349228,0.118219038,2.668068069,0.233031289,2.830948368,first_gps,0.003839221,-0.137136925,1.000000000,0.000000000,19.426483009,0.002897388,-0.048433461,0.048520047,-0.000018034,0.203121364,0.203121365,-0.000036067,0.406242729,0.406242730,-0.658041222,0.230461159,-0.140627629,0.008277749,-0.259571649,0.266812855
49.500000000,1779830080_5715,ann,False,True,True,True,1183,31c1594f7caae09c6975238b7b255ad5c765bc56640ec43b539fdb93165d94da,absolute,standard,-0.274529310,1.938287811,-0.274529310,1.938287811,0.105897039,2.634857465,0.243933064,2.577902906,first_gps,0.003839221,-0.137136925,1.000000000,0.000000000,19.474669529,-0.006195427,0.381328785,0.381379110,-0.000009036,0.203604337,0.203604337,-0.000018071,0.407208674,0.407208675,-0.640272210,0.231019389,-0.125941770,0.007045549,-0.267046869,0.263491795
49.550000000,1779830080_5715,ann,False,True,True,True,1183,31c1594f7caae09c6975238b7b255ad5c765bc56640ec43b539fdb93165d94da,absolute,standard,-0.311036551,1.839052429,-0.311036551,1.839052429,0.091907658,2.583595815,0.112394341,2.679575993,first_gps,0.003839221,-0.137136925,1.000000000,0.000000000,19.600377810,-0.001159048,0.254864583,0.254867219,-0.000010145,0.204865658,0.204865658,-0.000020291,0.409731316,0.409731317,-0.595469860,0.232426897,-0.087275004,0.005646611,-0.282208922,0.258365630
49.600000000,1779830080_5715,ann,False,True,True,True,1183,31c1594f7caae09c6975238b7b255ad5c765bc56640ec43b539fdb93165d94da,absolute,standard,-0.328014762,1.785792038,-0.328014762,1.785792038,0.083441930,2.531151674,0.164297097,2.588704191,first_gps,0.003839221,-0.137136925,1.000000000,0.000000000,19.609481101,-0.004167379,-0.208521778,0.208563417,-0.000009300,0.204956841,0.204956841,-0.000018599,0.409913681,0.409913681,-0.592527516,0.232519333,-0.084664101,0.004800038,-0.283008366,0.253121215
49.650000000,1779830080_5715,ann,False,True,True,True,1183,31c1594f7caae09c6975238b7b255ad5c765bc56640ec43b539fdb93165d94da,absolute,standard,-0.327656713,1.719470078,-0.327656713,1.719470078,0.080916926,2.495823276,0.299926234,2.563099971,first_gps,0.003839221,-0.137136925,1.000000000,0.000000000,19.717587914,0.004310233,0.236518268,0.236557539,-0.000017136,0.206028676,0.206028676,-0.000034271,0.412057351,0.412057353,-0.554107567,0.233726332,-0.049919895,0.004547538,-0.290840206,0.249588376
49.701000000,1779830080_5715,ann,False,True,True,True,1183,31c1594f7caae09c6975238b7b255ad5c765bc56640ec43b539fdb93165d94da,absolute,standard,-0.339377810,1.644906977,-0.339377810,1.644906977,0.080274922,2.460396093,-0.263265167,2.663365580,first_gps,0.003839221,-0.137136925,1.000000000,0.000000000,19.797539905,0.006423550,-0.159601670,0.159730883,0.000007221,0.206832048,0.206832048,0.000014442,0.413664095,0.413664096,-0.525867046,0.234613534,-0.023964411,0.004483338,-0.294247369,0.246045657
49.754000000,1779830080_5715,ann,False,True,True,True,1183,31c1594f7caae09c6975238b7b255ad5c765bc56640ec43b539fdb93165d94da,absolute,standard,-0.342998203,1.663705669,-0.342998203,1.663705669,0.079307165,2.407261209,0.067261016,2.522873029,first_gps,0.003839221,-0.137136925,1.000000000,0.000000000,19.700810604,0.004555341,0.063364033,0.063527568,0.000015940,0.205864397,0.205864398,0.000031880,0.411728795,0.411728796,-0.559823709,0.233546754,-0.055156178,0.004386562,-0.290011351,0.240732169
49.802000000,1779830080_5715,ann,False,True,True,True,1183,31c1594f7caae09c6975238b7b255ad5c765bc56640ec43b539fdb93165d94da,absolute,standard,-0.338371891,1.609030757,-0.338371891,1.609030757,0.078349346,2.354112669,0.119124796,2.463710793,first_gps,0.003839221,-0.137136925,1.000000000,0.000000000,19.727768605,0.006368985,-0.210686765,0.210783009,0.000022159,0.206140786,0.206140787,0.000044317,0.412281572,0.412281575,-0.549861129,0.233859737,-0.046089175,0.004290780,-0.291819529,0.235417315
49.851000000,1779830080_5715,ann,False,True,True,True,1183,31c1594f7caae09c6975238b7b255ad5c765bc56640ec43b539fdb93165d94da,absolute,standard,-0.333293986,1.521454893,-0.333293986,1.521454893,0.077715856,2.318694150,0.220028018,2.449318922,first_gps,0.003839221,-0.137136925,1.000000000,0.000000000,19.847142899,0.001347148,0.251187730,0.251191343,-0.000001951,0.207328713,0.207328713,-0.000003902,0.414657427,0.414657427,-0.506798588,0.235212587,-0.006305433,0.004227431,-0.295175470,0.231875463
49.900000000,1779830080_5715,ann,False,True,True,True,1183,31c1594f7caae09c6975238b7b255ad5c765bc56640ec43b539fdb93165d94da,absolute,standard,-0.268989080,1.521289547,-0.268989080,1.521289547,0.076755262,2.265554517,0.131269014,2.252113791,first_gps,0.003839221,-0.137136925,1.000000000,0.000000000,19.833293434,0.009887293,0.973339628,0.973389845,0.000009707,0.207194437,0.207194437,0.000019413,0.414388873,0.414388874,-0.511086627,0.235077874,-0.010286026,0.004131372,-0.295204271,0.226561500
49.950000000,1779830080_5715,ann,False,True,True,True,1183,31c1594f7caae09c6975238b7b255ad5c765bc56640ec43b539fdb93165d94da,absolute,standard,-0.356035590,1.510532085,-0.356035590,1.510532085,0.076119791,2.230122841,0.016735405,2.178131709,first_gps,0.003839221,-0.137136925,1.000000000,0.000000000,19.744425735,0.001607976,-0.009461836,0.009597496,0.000013417,0.206304917,0.206304918,0.000026835,0.412609834,0.412609835,-0.543484515,0.234060065,-0.040223296,0.004067825,-0.292603596,0.223018332
50.004000000,1779830080_5715,ann,False,True,True,True,1183,31c1594f7caae09c6975238b7b255ad5c765bc56640ec43b539fdb93165d94da,absolute,standard,-0.347747635,1.464244895,-0.347747635,1.464244895,0.075178642,2.177001279,0.027318626,2.265078288,first_gps,0.003839221,-0.137136925,1.000000000,0.000000000,19.771742210,0.002512361,0.112052381,0.112080543,0.000022367,0.206568228,0.206568229,0.000044735,0.413136455,0.413136457,-0.534149486,0.234353333,-0.031590916,0.003973710,-0.293330664,0.217706176
50.050000000,1779830080_5715,ann,False,True,True,True,1183,31c1594f7caae09c6975238b7b255ad5c765bc56640ec43b539fdb93165d94da,absolute,standard,-0.320790248,1.416903289,-0.320790248,1.416903289,0.074538610,2.141566143,0.110068610,2.107272772,first_gps,0.003839221,-0.137136925,1.000000000,0.000000000,19.828163373,0.001331273,0.441761476,0.441763482,0.000023380,0.207140108,0.207140109,0.000046760,0.414280216,0.414280218,-0.513687902,0.234996153,-0.012693770,0.003909706,-0.295009548,0.214162662
50.100000000,1779830080_5715,ann,False,True,True,True,1183,31c1594f7caae09c6975238b7b255ad5c765bc56640ec43b539fdb93165d94da,absolute,standard,-0.336489500,1.391072130,-0.336489500,1.391072130,0.073595259,2.088428376,0.073390709,2.252320274,first_gps,0.003839221,-0.137136925,1.000000000,0.000000000,19.781239322,-0.009578358,0.320270887,0.320414085,0.000015094,0.206671562,0.206671563,0.000030188,0.413343125,0.413343126,-0.529444776,0.234501136,-0.027277864,0.003815371,-0.294043111,0.208848886
50.153000000,1779830080_5715,ann,False,True,True,True,1183,31c1594f7caae09c6975238b7b255ad5c765bc56640ec43b539fdb93165d94da,absolute,standard,-0.361166664,1.404155607,-0.361166664,1.404155607,0.072964358,2.053010894,0.088276923,2.157058005,first_gps,0.003839221,-0.137136925,1.000000000,0.000000000,19.701218809,-0.007801254,0.009298089,0.012137299,0.000008199,0.205865483,0.205865483,0.000016398,0.411730965,0.411730966,-0.559449324,0.233558515,-0.054796488,0.003752281,-0.289977850,0.205307137
50.200000000,1779830080_5715,ann,False,True,True,True,1183,31c1594f7caae09c6975238b7b255ad5c765bc56640ec43b539fdb93165d94da,absolute,standard,-0.363902520,1.320034899,-0.363902520,1.320034899,0.071999914,1.999858156,-0.017740202,1.950356989,first_gps,0.003839221,-0.137136925,1.000000000,0.000000000,19.778880670,-0.010493896,-0.055534073,0.056516857,-0.000027786,0.206645926,0.206645928,-0.000055572,0.413291851,0.413291855,-0.532234035,0.234413509,-0.029846495,0.003655837,-0.293724850,0.199991864
50.250000000,1779830080_5715,ann,False,True,True,True,1183,31c1594f7caae09c6975238b7b255ad5c765bc56640ec43b539fdb93165d94da,absolute,standard,-0.355032839,1.305851889,-0.355032839,1.305851889,0.071362672,1.964437060,-0.157157676,2.002275969,first_gps,0.003839221,-0.137136925,1.000000000,0.000000000,19.776442949,-0.004940763,0.143869605,0.143954418,-0.000041598,0.206620524,0.206620528,-0.000083196,0.413241048,0.413241056,-0.533304742,0.234379872,-0.030830776,0.003592113,-0.293588901,0.196449754
50.300000000,1779830080_5715,ann,False,True,True,True,1183,31c1594f7caae09c6975238b7b255ad5c765bc56640ec43b539fdb93165d94da,absolute,standard,-0.361380728,1.278534807,-0.361380728,1.278534807,0.070733590,1.929011371,-0.043998827,2.057257531,first_gps,0.003839221,-0.137136925,1.000000000,0.000000000,19.782374688,0.002278626,-0.070465373,0.070502205,-0.000044581,0.206680445,0.206680449,-0.000089162,0.413360889,0.413360899,-0.530402728,0.234471041,-0.028154817,0.003529204,-0.293877819,0.192907185
50.350000000,1779830080_5715,ann,False,True,True,True,1183,31c1594f7caae09c6975238b7b255ad5c765bc56640ec43b539fdb93165d94da,absolute,standard,-0.355479066,1.248244845,-0.355479066,1.248244845,0.069785668,1.875871643,0.037535285,1.797146258,first_gps,0.003839221,-0.137136925,1.000000000,0.000000000,19.775867531,0.001071609,0.129830101,0.129834523,-0.000040488,0.206616247,0.206616251,-0.000080976,0.413232494,0.413232502,-0.531905446,0.234423832,-0.029544786,0.003434412,-0.293770584,0.187593212
50.400000000,1779830080_5715,ann,False,True,True,True,1183,31c1594f7caae09c6975238b7b255ad5c765bc56640ec43b539fdb93165d94da,absolute,standard,-0.361879903,1.254525844,-0.361879903,1.254525844,0.069132349,1.840447169,0.014822140,1.900835062,first_gps,0.003839221,-0.137136925,1.000000000,0.000000000,19.719726304,0.002076973,0.040195149,0.040248774,-0.000024929,0.206056910,0.206056911,-0.000049858,0.412113819,0.412113822,-0.552348125,0.233781606,-0.048348923,0.003369080,-0.291336972,0.184050765
50.451000000,1779830080_5715,ann,False,True,True,True,1183,31c1594f7caae09c6975238b7b255ad5c765bc56640ec43b539fdb93165d94da,absolute,standard,-0.348602025,1.164757846,-0.348602025,1.164757846,0.068157522,1.787315024,0.009696960,1.559307479,first_gps,0.003839221,-0.137136925,1.000000000,0.000000000,19.820329877,-0.003045401,0.212289738,0.212311581,-0.000020598,0.207059822,0.207059823,-0.000041197,0.414119643,0.414119645,-0.516555362,0.234906069,-0.015347399,0.003271598,-0.294818263,0.178737550
50.502000000,1779830080_5715,ann,False,True,True,True,1183,31c1594f7caae09c6975238b7b255ad5c765bc56640ec43b539fdb93165d94da,absolute,standard,-0.361078724,1.171089619,-0.361078724,1.171089619,0.067186266,1.734170742,0.242248048,1.908024421,first_gps,0.003839221,-0.137136925,1.000000000,0.000000000,19.734708066,0.001596526,-0.100659585,0.100672246,-0.000029076,0.206206633,0.206206635,-0.000058152,0.412413266,0.412413270,-0.546608220,0.233961930,-0.043087374,0.003174472,-0.292158317,0.173423122
50.550000000,1779830080_5715,ann,False,True,True,True,1183,31c1594f7caae09c6975238b7b255ad5c765bc56640ec43b539fdb93165d94da,absolute,standard,-0.365016468,1.128983110,-0.365016468,1.128983110,0.066532837,1.698745516,0.074641245,1.785996613,first_gps,0.003839221,-0.137136925,1.000000000,0.000000000,19.776438789,0.003719992,0.001948075,0.004199207,-0.000012820,0.206622156,0.206622156,-0.000025640,0.413244312,0.413244313,-0.531698168,0.234430344,-0.029354120,0.003109129,-0.293796156,0.169880600
50.601000000,1779830080_5715,ann,False,True,True,True,1183,31c1594f7caae09c6975238b7b255ad5c765bc56640ec43b539fdb93165d94da,absolute,standard,-0.357616931,1.101095047,-0.357616931,1.101095047,0.065574264,1.645613522,0.163249159,1.685816538,first_gps,0.003839221,-0.137136925,1.000000000,0.000000000,19.753760231,0.000586974,-0.159366793,0.159367874,-0.000012491,0.206393914,0.206393915,-0.000024981,0.412787829,0.412787830,-0.539670849,0.234179874,-0.036696799,0.003013272,-0.292920698,0.164567400
50.652000000,1779830080_5715,ann,False,True,True,True,1183,31c1594f7caae09c6975238b7b255ad5c765bc56640ec43b539fdb93165d94da,absolute,standard,-0.352131964,1.058464053,-0.352131964,1.058464053,0.064935413,1.610182622,0.024417910,1.637879772,first_gps,0.003839221,-0.137136925,1.000000000,0.000000000,19.792046760,-0.003932490,0.180319009,0.180361885,-0.000008474,0.206778793,0.206778793,-0.000016948,0.413557586,0.413557586,-0.525437841,0.234627017,-0.023572093,0.002949387,-0.294335133,0.161024310
50.701000000,1779830080_5715,ann,False,True,True,True,1183,31c1594f7caae09c6975238b7b255ad5c765bc56640ec43b539fdb93165d94da,absolute,standard,-0.360713188,1.036194590,-0.360713188,1.036194590,0.064287391,1.574764423,-0.139712837,1.617443122,first_gps,0.003839221,-0.137136925,1.000000000,0.000000000,19.777501520,-0.007859662,0.098753045,0.099065323,-0.000026606,0.206629750,0.206629752,-0.000053212,0.413259500,0.413259503,-0.530884006,0.234455921,-0.028592773,0.002884585,-0.293769681,0.157482490
50.751000000,1779830080_5715,ann,False,True,True,True,1183,31c1594f7caae09c6975238b7b255ad5c765bc56640ec43b539fdb93165d94da,absolute,standard,-0.359578589,1.007227467,-0.359578589,1.007227467,0.063310270,1.521619749,0.096750456,1.651516196,first_gps,0.003839221,-0.137136925,1.000000000,0.000000000,19.755379895,-0.007092760,-0.181927650,0.182065859,-0.000043385,0.206408981,0.206408986,-0.000086771,0.412817962,0.412817971,-0.537987503,0.234232758,-0.035142747,0.002786872,-0.293073409,0.152168023
50.809000000,1779830080_5715,ann,False,True,True,True,1183,31c1594f7caae09c6975238b7b255ad5c765bc56640ec43b539fdb93165d94da,absolute,standard,-0.310309309,1.022738797,-0.310309309,1.022738797,0.062336362,1.468484275,0.033263990,1.455942696,first_gps,0.003839221,-0.137136925,1.000000000,0.000000000,19.654109046,-0.002907309,-1.000000000,1.000000000,-0.000045639,0.205397056,0.205397061,-0.000091278,0.410794112,0.410794122,-0.574813333,0.233075841,-0.068744499,0.002689482,-0.287083006,0.146854476
50.878000000,1779830080_5715,ann,False,True,True,True,1183,31c1594f7caae09c6975238b7b255ad5c765bc56640ec43b539fdb93165d94da,absolute,standard,-0.352449530,0.914857629,-0.352449530,0.914857629,0.061345016,1.415336218,-0.033259812,1.579720739,first_gps,0.003839221,-0.137136925,1.000000000,0.000000000,19.809192628,-0.001884235,-0.274511082,0.274517548,-0.000045859,0.206951561,0.206951566,-0.000091717,0.413903121,0.413903131,-0.519692121,0.234807525,-0.018258290,0.002590347,-0.294756359,0.141539670
50.913000000,1779830080_5715,ann,False,True,True,True,1183,31c1594f7caae09c6975238b7b255ad5c765bc56640ec43b539fdb93165d94da,absolute,standard,-0.312873397,0.950562734,-0.312873397,0.950562734,0.060687447,1.379918563,0.077107547,1.263632245,first_gps,0.003839221,-0.137136925,1.000000000,0.000000000,19.682353603,0.000739992,-1.000000000,1.000000000,-0.000081640,0.205681944,0.205681961,-0.000163280,0.411363889,0.411363921,-0.564099470,0.233412427,-0.059060938,0.002524590,-0.289313960,0.137997904
50.951000000,1779830080_5715,ann,False,True,True,True,1183,31c1594f7caae09c6975238b7b255ad5c765bc56640ec43b539fdb93165d94da,absolute,standard,-0.312861999,0.927607384,-0.312861999,0.927607384,0.060013067,1.344496894,0.103237286,1.332349659,first_gps,0.003839221,-0.137136925,1.000000000,0.000000000,19.682369715,0.000739992,-1.000000000,1.000000000,-0.000081640,0.205681944,0.205681961,-0.000163280,0.411363889,0.411363921,-0.564099470,0.233412427,-0.059059864,0.002457152,-0.289308698,0.134455738
51.031000000,1779830080_5715,ann,False,True,True,True,1183,31c1594f7caae09c6975238b7b255ad5c765bc56640ec43b539fdb93165d94da,absolute,standard,-0.283893452,0.876726013,-0.283893452,0.876726013,0.058622757,1.273645632,0.050779217,1.308968600,first_gps,0.003839221,-0.137136925,1.000000000,0.000000000,19.746365325,-0.001557019,1.000000000,1.000000000,-0.000062197,0.206321031,0.206321040,-0.000124394,0.412642062,0.412642080,-0.541938103,0.234108646,-0.038786967,0.002318121,-0.292687389,0.127370611
51.067000000,1779830080_5715,ann,False,True,True,True,1183,31c1594f7caae09c6975238b7b255ad5c765bc56640ec43b539fdb93165d94da,absolute,standard,-0.353585463,0.895040896,-0.353585463,0.895040896,0.057923222,1.238217541,0.079789175,1.207674771,first_gps,0.003839221,-0.137136925,1.000000000,0.000000000,19.627899592,0.001129763,-0.198281802,0.198285020,-0.000055049,0.205140038,0.205140045,-0.000110098,0.410280075,0.410280090,-0.585451433,0.232741635,-0.078343707,0.002248168,-0.284788867,0.123827802
51.108000000,1779830080_5715,ann,False,True,True,True,1183,31c1594f7caae09c6975238b7b255ad5c765bc56640ec43b539fdb93165d94da,absolute,standard,-0.351153869,0.812125511,-0.351153869,0.812125511,0.057570832,1.220512347,-0.060335861,1.204990625,first_gps,0.003839221,-0.137136925,1.000000000,0.000000000,19.792120926,0.006265396,0.158341600,0.158465509,-0.000033862,0.206775557,0.206775560,-0.000067724,0.413551114,0.413551120,-0.526720514,0.234586721,-0.024746852,0.002212929,-0.294105724,0.122057283
51.150000000,1779830080_5715,ann,False,True,True,True,1183,31c1594f7caae09c6975238b7b255ad5c765bc56640ec43b539fdb93165d94da,absolute,standard,-0.335119290,0.809749145,-0.335119290,0.809749145,0.056522587,1.167368211,-0.042117129,1.140311431,first_gps,0.003839221,-0.137136925,1.000000000,0.000000000,19.708184558,0.000777459,-0.573606686,0.573607213,-0.000043862,0.205942759,0.205942764,-0.000087723,0.411885519,0.411885528,-0.557682657,0.233614017,-0.053232032,0.002108104,-0.290527473,0.116742869
51.200000000,1779830080_5715,ann,False,True,True,True,1183,31c1594f7caae09c6975238b7b255ad5c765bc56640ec43b539fdb93165d94da,absolute,standard,-0.365461812,0.781757013,-0.365461812,0.781757013,0.055831351,1.131950431,0.098815761,1.162297991,first_gps,0.003839221,-0.137136925,1.000000000,0.000000000,19.720941881,-0.003411001,0.014497155,0.014893033,-0.000050289,0.206067336,0.206067342,-0.000100577,0.412134672,0.412134684,-0.554244189,0.233722039,-0.050073699,0.002038981,-0.290987139,0.113201091
51.252000000,1779830080_5715,ann,False,True,True,True,1183,31c1594f7caae09c6975238b7b255ad5c765bc56640ec43b539fdb93165d94da,absolute,standard,-0.337715027,0.695295010,-0.337715027,0.695295010,0.054788828,1.078820288,-0.012918436,1.108286207,first_gps,0.003839221,-0.137136925,1.000000000,0.000000000,19.835031348,-0.005262063,0.314649074,0.314693071,-0.000044520,0.207205054,0.207205058,-0.000089041,0.414410107,0.414410117,-0.513115673,0.235014130,-0.012158287,0.001934728,-0.294907646,0.107888077
51.302000000,1779830080_5715,ann,False,True,True,True,1183,31c1594f7caae09c6975238b7b255ad5c765bc56640ec43b539fdb93165d94da,absolute,standard,-0.363108288,0.691012387,-0.363108288,0.691012387,0.053726717,1.025672144,0.240530824,1.126029482,first_gps,0.003839221,-0.137136925,1.000000000,0.000000000,19.758207046,-0.007966127,-0.063954315,0.064448534,-0.000067972,0.206436860,0.206436871,-0.000135944,0.412873719,0.412873741,-0.540807461,0.234144167,-0.037736071,0.001828517,-0.292737799,0.102573263
51.351000000,1779830080_5715,ann,False,True,True,True,1183,31c1594f7caae09c6975238b7b255ad5c765bc56640ec43b539fdb93165d94da,absolute,standard,-0.326688072,0.666817256,-0.326688072,0.666817256,0.053027584,0.990250151,0.016730990,1.063752903,first_gps,0.003839221,-0.137136925,1.000000000,0.000000000,19.793311973,0.000928744,0.444664743,0.444665713,-0.000051892,0.206793711,0.206793717,-0.000103785,0.413587421,0.413587435,-0.527455028,0.234563646,-0.025443386,0.001758604,-0.294255292,0.099031063
51.419000000,1779830080_5715,ann,False,True,True,True,1183,31c1594f7caae09c6975238b7b255ad5c765bc56640ec43b539fdb93165d94da,absolute,standard,-0.350088145,0.633027958,-0.350088145,0.633027958,0.051618911,0.919405394,0.066862041,0.739783359,first_gps,0.003839221,-0.137136925,1.000000000,0.000000000,19.783406881,0.010905029,0.131576803,0.132027932,-0.000055289,0.206691495,0.206691502,-0.000110579,0.413382990,0.413383005,-0.531971589,0.234421754,-0.029605354,0.001617737,-0.293759728,0.091946587
51.461000000,1779830080_5715,ann,False,True,True,True,1183,31c1594f7caae09c6975238b7b255ad5c765bc56640ec43b539fdb93165d94da,absolute,standard,-0.340324917,0.617690144,-0.340324917,0.617690144,0.050916275,0.883977754,0.063316443,1.018993192,first_gps,0.003839221,-0.137136925,1.000000000,0.000000000,19.759080963,0.001749793,0.268506162,0.268511864,-0.000055716,0.206448304,0.206448312,-0.000111432,0.412896608,0.412896623,-0.541361121,0.234126773,-0.038256863,0.001547473,-0.292761020,0.088403824
51.500000000,1779830080_5715,ann,False,True,True,True,1183,31c1594f7caae09c6975238b7b255ad5c765bc56640ec43b539fdb93165d94da,absolute,standard,-0.357149518,0.599894834,-0.357149518,0.599894834,0.050561874,0.866262965,-0.235146981,0.924105731,first_gps,0.003839221,-0.137136925,1.000000000,0.000000000,19.773597961,0.003819396,0.046469849,0.046626544,-0.000046281,0.206595142,0.206595147,-0.000092562,0.413190283,0.413190293,-0.536456714,0.234280849,-0.033748084,0.001512033,-0.293370835,0.086632345
51.551000000,1779830080_5715,ann,False,True,True,True,1183,31c1594f7caae09c6975238b7b255ad5c765bc56640ec43b539fdb93165d94da,absolute,standard,-0.339899342,0.558028688,-0.339899342,0.558028688,0.049478845,0.813124651,0.056038733,0.720068742,first_gps,0.003839221,-0.137136925,1.000000000,0.000000000,19.765760161,-0.007329400,-0.446681912,0.446742040,-0.000078034,0.206513342,0.206513357,-0.000156068,0.413026684,0.413026714,-0.539371449,0.234189280,-0.036418971,0.001403730,-0.292936651,0.081318513
51.600000000,1779830080_5715,ann,False,True,True,True,1183,31c1594f7caae09c6975238b7b255ad5c765bc56640ec43b539fdb93165d94da,absolute,standard,-0.348980839,0.551500995,-0.348980839,0.551500995,0.048737432,0.777709272,-0.091004806,0.859421558,first_gps,0.003839221,-0.137136925,1.000000000,0.000000000,19.740893915,-0.004187259,-0.269543043,0.269575565,-0.000092659,0.206264711,0.206264732,-0.000185318,0.412529423,0.412529464,-0.549064750,0.233884756,-0.045321526,0.001329589,-0.291693204,0.077776975
51.650000000,1779830080_5715,ann,False,True,True,True,1183,31c1594f7caae09c6975238b7b255ad5c765bc56640ec43b539fdb93165d94da,absolute,standard,-0.344404044,0.508454971,-0.344404044,0.508454971,0.047634705,0.724568208,-0.023587184,0.542998188,first_gps,0.003839221,-0.137136925,1.000000000,0.000000000,19.785459176,0.004246304,0.201877871,0.201922524,-0.000111531,0.206713151,0.206713181,-0.000223062,0.413426301,0.413426362,-0.533099612,0.234386316,-0.030650187,0.001219316,-0.293691276,0.072462869
51.709000000,1779830080_5715,ann,False,True,True,True,1183,31c1594f7caae09c6975238b7b255ad5c765bc56640ec43b539fdb93165d94da,absolute,standard,-0.323836465,0.472147958,-0.323836465,0.472147958,0.046543055,0.671438176,0.052362320,0.783011922,first_gps,0.003839221,-0.137136925,1.000000000,0.000000000,19.782638321,-0.004085343,0.454398044,0.454416408,-0.000127842,0.206679028,0.206679068,-0.000255683,0.413358056,0.413358135,-0.533639720,0.234369348,-0.031127716,0.001110151,-0.293443121,0.067149866
51.750000000,1779830080_5715,ann,False,True,True,True,1183,31c1594f7caae09c6975238b7b255ad5c765bc56640ec43b539fdb93165d94da,absolute,standard,-0.335497735,0.452221889,-0.335497735,0.452221889,0.045804091,0.636013166,0.108120869,0.704926859,first_gps,0.003839221,-0.137136925,1.000000000,0.000000000,19.779058177,-0.002269987,0.301819741,0.301828278,-0.000123927,0.206649861,0.206649898,-0.000247855,0.413299722,0.413299796,-0.534012375,0.234357641,-0.031494813,0.001036254,-0.293626283,0.063607365
51.800000000,1779830080_5715,ann,False,True,True,True,1183,31c1594f7caae09c6975238b7b255ad5c765bc56640ec43b539fdb93165d94da,absolute,standard,-0.340963620,0.420246342,-0.340963620,0.420246342,0.045071825,0.600589819,-0.098890114,0.491553462,first_gps,0.003839221,-0.137136925,1.000000000,0.000000000,19.796020639,-0.004498433,0.221731622,0.221777248,-0.000128650,0.206818592,0.206818632,-0.000257301,0.413637185,0.413637265,-0.527217612,0.234571104,-0.025217722,0.000963028,-0.294202069,0.060065030
51.851000000,1779830080_5715,ann,False,True,True,True,1183,31c1594f7caae09c6975238b7b255ad5c765bc56640ec43b539fdb93165d94da,absolute,standard,-0.358492809,0.417295875,-0.358492809,0.417295875,0.043992020,0.547447782,-0.039519450,0.564226706,first_gps,0.003839221,-0.137136925,1.000000000,0.000000000,19.720610332,-0.008081231,-0.043688015,0.044429145,-0.000154965,0.206069407,0.206069465,-0.000309930,0.412138814,0.412138930,-0.554728761,0.233706816,-0.050547635,0.000855047,-0.291089190,0.054750826
51.907000000,1779830080_5715,ann,False,True,True,True,1183,31c1594f7caae09c6975238b7b255ad5c765bc56640ec43b539fdb93165d94da,absolute,standard,-0.325589579,0.366873031,-0.325589579,0.366873031,0.042914750,0.494317394,0.120783729,0.673980183,first_gps,0.003839221,-0.137136925,1.000000000,0.000000000,19.788501188,-0.001466742,0.375765445,0.375768308,-0.000132938,0.206742437,0.206742479,-0.000265877,0.413484873,0.413484959,-0.530679171,0.234462356,-0.028412484,0.000747320,-0.293878636,0.049437787
51.953000000,1779830080_5715,ann,False,True,True,True,1183,31c1594f7caae09c6975238b7b255ad5c765bc56640ec43b539fdb93165d94da,absolute,standard,-0.303068619,0.327455397,-0.303068619,0.327455397,0.044082731,0.458901974,0.013215882,0.489255208,first_gps,0.003839221,-0.137136925,1.000000000,0.000000000,19.845885546,0.004034242,0.580133734,0.580147761,-0.000118172,0.207325619,0.207325653,-0.000236344,0.414651238,0.414651305,-0.509698613,0.235121480,-0.009004049,0.000864119,-0.295422726,0.045896246
52.001000000,1779830080_5715,ann,False,True,True,True,1183,31c1594f7caae09c6975238b7b255ad5c765bc56640ec43b539fdb93165d94da,absolute,standard,-0.297235411,0.251396606,-0.297235411,0.251396606,0.050520211,0.406173133,0.085723160,0.636460409,first_gps,0.003839221,-0.137136925,1.000000000,0.000000000,19.949472422,0.002181603,0.485146934,0.485151839,-0.000097719,0.208356657,0.208356680,-0.000195437,0.416713314,0.416713360,-0.473238788,0.236266899,0.024805743,0.001507867,-0.294355168,0.040623361
52.050000000,1779830080_5715,ann,False,True,True,True,1183,31c1594f7caae09c6975238b7b255ad5c765bc56640ec43b539fdb93165d94da,absolute,standard,-0.306906931,0.187296003,-0.306906931,0.187296003,0.057908679,0.371527184,0.057105726,0.475412889,first_gps,0.003839221,-0.137136925,1.000000000,0.000000000,20.044944237,-0.002520139,0.179900784,0.179918435,-0.000095895,0.209311484,0.209311506,-0.000191789,0.418622968,0.418623012,-0.439282702,0.237333661,0.056006583,0.002246713,-0.290044270,0.037158766
52.103000000,1779830080_5715,ann,False,True,True,True,1183,31c1594f7caae09c6975238b7b255ad5c765bc56640ec43b539fdb93165d94da,absolute,standard,-0.288501068,0.172814500,-0.288501068,0.172814500,0.067730159,0.337491761,0.002614445,0.482644449,first_gps,0.003839221,-0.137136925,1.000000000,0.000000000,20.045024048,0.004530548,0.327711441,0.327742757,-0.000096583,0.209308616,0.209308638,-0.000193166,0.418617232,0.418617277,-0.438901777,0.237345628,0.056330330,0.003228861,-0.289857083,0.033755224
52.151000000,1779830080_5715,ann,False,True,True,True,1183,31c1594f7caae09c6975238b7b255ad5c765bc56640ec43b539fdb93165d94da,absolute,standard,-0.258281026,0.093142463,-0.258281026,0.093142463,0.086921728,0.287956943,0.125158937,0.403112201,first_gps,0.003839221,-0.137136925,1.000000000,0.000000000,20.165770663,0.001865102,0.314125571,0.314131108,-0.000083502,0.210512194,0.210512211,-0.000167003,0.421024388,0.421024421,-0.394843133,0.238729771,0.095741868,0.005148018,-0.279190067,0.028801742
52.200000000,1779830080_5715,ann,False,True,True,True,1183,31c1594f7caae09c6975238b7b255ad5c765bc56640ec43b539fdb93165d94da,absolute,standard,-0.243213722,0.073905819,-0.243213722,0.073905819,0.102592587,0.256190137,0.022063033,0.258041055,first_gps,0.003839221,-0.137136925,1.000000000,0.000000000,20.180088551,0.008042521,0.360690302,0.360779956,-0.000078824,0.210653719,0.210653734,-0.000157649,0.421307438,0.421307467,-0.389640807,0.238893207,0.100273091,0.006715104,-0.277536174,0.025625062
52.253000000,1779830080_5715,ann,False,True,True,True,1183,31c1594f7caae09c6975238b7b255ad5c765bc56640ec43b539fdb93165d94da,absolute,standard,-0.196148580,-0.017176246,-0.196148580,-0.017176246,0.130211641,0.210808375,-0.057579788,0.166044050,first_gps,0.003839221,-0.137136925,1.000000000,0.000000000,20.314985651,-0.007294306,0.431274032,0.431335714,-0.000101169,0.212010884,0.212010908,-0.000202338,0.424021768,0.424021816,-0.341107803,0.240417916,0.141393138,0.009477010,-0.259326946,0.021086886
52.300000000,1779830080_5715,ann,False,True,True,True,1183,31c1594f7caae09c6975238b7b255ad5c765bc56640ec43b539fdb93165d94da,absolute,standard,-0.153874063,-0.053072478,-0.153874063,-0.053072478,0.151233386,0.182282510,0.140141664,0.326460915,first_gps,0.003839221,-0.137136925,1.000000000,0.000000000,20.377656738,-0.001049157,0.608727040,0.608727944,-0.000110920,0.212638552,0.212638581,-0.000221840,0.425277103,0.425277161,-0.318662919,0.241123043,0.159329755,0.011579184,-0.248747762,0.018234299
52.350000000,1779830080_5715,ann,False,True,True,True,1183,31c1594f7caae09c6975238b7b255ad5c765bc56640ec43b539fdb93165d94da,absolute,standard,-0.146215601,-0.099947043,-0.146215601,-0.099947043,0.186386066,0.142470350,-0.022509167,0.047570710,first_gps,0.003839221,-0.137136925,1.000000000,0.000000000,20.466770678,0.001557487,0.216148797,0.216154408,-0.000114410,0.213521209,0.213521240,-0.000228820,0.427042419,0.427042480,-0.285986908,0.242149590,0.183805240,0.015094452,-0.230889875,0.014253083
52.400000000,1779830080_5715,ann,False,True,True,True,1183,31c1594f7caae09c6975238b7b255ad5c765bc56640ec43b539fdb93165d94da,absolute,standard,-0.088185962,-0.142820414,-0.088185962,-0.142820414,0.225566318,0.106590926,0.141911475,0.077403412,first_gps,0.003839221,-0.137136925,1.000000000,0.000000000,20.540603612,0.005506428,0.392149862,0.392188519,-0.000095657,0.214264951,0.214264972,-0.000191314,0.428529901,0.428529944,-0.259071046,0.242995177,0.202772658,0.019012477,-0.214672022,0.010665141
52.450000000,1779830080_5715,ann,False,True,True,True,1183,31c1594f7caae09c6975238b7b255ad5c765bc56640ec43b539fdb93165d94da,absolute,standard,-0.093660071,-0.159560338,-0.093660071,-0.159560338,0.253717200,0.085078421,0.093344049,0.132407890,first_gps,0.003839221,-0.137136925,1.000000000,0.000000000,20.561671254,0.003123498,0.117344267,0.117385830,-0.000085679,0.214472732,0.214472749,-0.000171359,0.428945464,0.428945498,-0.250975265,0.243249514,0.208098250,0.021827565,-0.209377351,0.008513890
52.500000000,1779830080_5715,ann,False,True,True,True,1183,31c1594f7caae09c6975238b7b255ad5c765bc56640ec43b539fdb93165d94da,absolute,standard,-0.033195649,-0.200063483,-0.033195649,-0.200063483,0.283313627,0.065621194,0.258997982,0.011469364,first_gps,0.003839221,-0.137136925,1.000000000,0.000000000,20.640447096,0.000002046,0.342122329,0.342122329,-0.000100139,0.215261404,0.215261428,-0.000200278,0.430522809,0.430522855,-0.222076438,0.244157397,0.226247641,0.024787208,-0.189667802,0.006568167
52.550000000,1779830080_5715,ann,False,True,True,True,1183,31c1594f7caae09c6975238b7b255ad5c765bc56640ec43b539fdb93165d94da,absolute,standard,0.038143409,-0.241515884,0.038143409,-0.241515884,0.330128572,0.040490979,0.222399578,0.061204617,first_gps,0.003839221,-0.137136925,1.000000000,0.000000000,20.739233130,0.000220577,0.472864077,0.472864129,-0.000079153,0.216250664,0.216250678,-0.000158306,0.432501328,0.432501357,-0.186382557,0.245278753,0.246089265,0.029468703,-0.163184897,0.004055146
52.600000000,1779830080_5715,ann,False,True,True,True,1183,31c1594f7caae09c6975238b7b255ad5c765bc56640ec43b539fdb93165d94da,absolute,standard,0.031842190,-0.245970262,0.031842190,-0.245970262,0.362697231,0.026569910,0.418508803,-0.032554213,first_gps,0.003839221,-0.137136925,1.000000000,0.000000000,20.795447723,0.008477324,-0.005299613,0.009997546,-0.000067874,0.216808167,0.216808178,-0.000135748,0.433616334,0.433616355,-0.167198010,0.245881454,0.255337641,0.032725569,-0.147988106,0.002663039
52.650000000,1779830080_5715,ann,False,True,True,True,1183,31c1594f7caae09c6975238b7b255ad5c765bc56640ec43b539fdb93165d94da,absolute,standard,0.077702089,-0.278006760,0.077702089,-0.278006760,0.413205660,0.010087197,0.290837092,0.027504670,first_gps,0.003839221,-0.137136925,1.000000000,0.000000000,20.854418773,-0.003176374,-0.107117963,0.107165047,-0.000088355,0.217397816,0.217397834,-0.000176711,0.434795632,0.434795668,-0.146254677,0.246539408,0.264513455,0.037776411,-0.130879169,0.001014768
52.700000000,1779830080_5715,ann,False,True,True,True,1183,31c1594f7caae09c6975238b7b255ad5c765bc56640ec43b539fdb93165d94da,absolute,standard,0.201412783,-0.317459217,0.201412783,-0.317459217,0.447720779,0.002112420,0.497962847,0.257058198,first_gps,0.003839221,-0.137136925,1.000000000,0.000000000,21.038657278,-0.001074057,0.295631619,0.295633570,-0.000094377,0.219245663,0.219245683,-0.000188755,0.438491326,0.438491367,-0.079202783,0.248645905,0.286209214,0.041227923,-0.072722450,0.000217290
52.750000000,1779830080_5715,ann,False,True,True,True,1183,31c1594f7caae09c6975238b7b255ad5c765bc56640ec43b539fdb93165d94da,absolute,standard,0.252409491,-0.326752873,0.252409491,-0.326752873,0.500335527,-0.005209058,0.331283033,0.082753841,first_gps,0.003839221,-0.137136925,1.000000000,0.000000000,21.061832143,0.006865072,0.450361747,0.450414068,-0.000097826,0.219477267,0.219477288,-0.000195651,0.438954533,0.438954577,-0.071024610,0.248902830,0.287978300,0.046489398,-0.065344772,-0.000514858
52.800000000,1779830080_5715,ann,False,True,True,True,1183,31c1594f7caae09c6975238b7b255ad5c765bc56640ec43b539fdb93165d94da,absolute,standard,0.318368103,-0.348440845,0.318368103,-0.348440845,0.553426097,-0.007543835,0.461712130,0.067785976,first_gps,0.003839221,-0.137136925,1.000000000,0.000000000,21.164175546,-0.004564154,0.416962341,0.416987320,-0.000103103,0.220499207,0.220499232,-0.000206205,0.440998415,0.440998463,-0.034417021,0.250052892,0.293525026,0.051798455,-0.031861435,-0.000748335
52.851000000,1779830080_5715,ann,False,True,True,True,1183,31c1594f7caae09c6975238b7b255ad5c765bc56640ec43b539fdb93165d94da,absolute,standard,0.305637472,-0.339794209,0.305637472,-0.339794209,0.588835587,-0.008705241,0.488918258,0.000322673,first_gps,0.003839221,-0.137136925,1.000000000,0.000000000,21.137908534,0.005258885,0.247952027,0.248007790,-0.000101735,0.220238885,0.220238908,-0.000203469,0.440477769,0.440477816,-0.044541371,0.249734826,0.292440792,0.055339404,-0.041190685,-0.000864476
52.900000000,1779830080_5715,ann,False,True,True,True,1183,31c1594f7caae09c6975238b7b255ad5c765bc56640ec43b539fdb93165d94da,absolute,standard,0.410043340,-0.366460089,0.410043340,-0.366460089,0.641952923,-0.010451782,0.564813777,-0.003952107,first_gps,0.003839221,-0.137136925,1.000000000,0.000000000,21.211137410,-0.002688520,0.700615426,0.700620585,-0.000108813,0.220967309,0.220967335,-0.000217627,0.441934617,0.441934671,-0.017882571,0.250572337,0.294732983,0.060651138,-0.016575469,-0.001039130
52.951000000,1779830080_5715,ann,False,True,True,True,1183,31c1594f7caae09c6975238b7b255ad5c765bc56640ec43b539fdb93165d94da,absolute,standard,0.328489546,-0.338618684,0.328489546,-0.338618684,0.677368717,-0.011603623,0.603986166,0.054199143,first_gps,0.003839221,-0.137136925,1.000000000,0.000000000,21.141640109,0.010249354,-0.109465526,0.109944307,-0.000091736,0.220271266,0.220271285,-0.000183472,0.440542533,0.440542571,-0.043205574,0.249776791,0.292447971,0.064192717,-0.039940814,-0.001154314
53.000000000,1779830080_5715,ann,False,True,True,True,1183,31c1594f7caae09c6975238b7b255ad5c765bc56640ec43b539fdb93165d94da,absolute,standard,0.330984801,-0.345541125,0.330984801,-0.345541125,0.730483533,-0.013325551,0.763444503,-0.035972883,first_gps,0.003839221,-0.137136925,1.000000000,0.000000000,21.092338201,0.002988850,-0.237446881,0.237465691,-0.000093117,0.219780264,0.219780284,-0.000186233,0.439560528,0.439560567,-0.060049202,0.249247633,0.289992164,0.069504199,-0.055365421,-0.001326507
53.050000000,1779830080_5715,ann,False,True,True,True,1183,31c1594f7caae09c6975238b7b255ad5c765bc56640ec43b539fdb93165d94da,absolute,standard,0.370037585,-0.364040002,0.370037585,-0.364040002,0.765901681,-0.014463770,0.887442338,0.157095276,first_gps,0.003839221,-0.137136925,1.000000000,0.000000000,21.143264821,-0.005059241,0.126667552,0.126768547,-0.000101251,0.220291641,0.220291665,-0.000202502,0.440583283,0.440583329,-0.041308797,0.249836380,0.292817361,0.073046014,-0.038215271,-0.001440329
53.100000000,1779830080_5715,ann,False,True,True,True,1183,31c1594f7caae09c6975238b7b255ad5c765bc56640ec43b539fdb93165d94da,absolute,standard,0.417598824,-0.371885484,0.417598824,-0.371885484,0.801313152,-0.015596679,0.792998976,0.068252830,first_gps,0.003839221,-0.137136925,1.000000000,0.000000000,21.162656827,-0.001686949,0.322838941,0.322843349,-0.000105607,0.220485685,0.220485710,-0.000211215,0.440971370,0.440971421,-0.033957533,0.250067327,0.293625933,0.076587161,-0.031443605,-0.001553620
53.153000000,1779830080_5715,ann,False,True,True,True,1183,31c1594f7caae09c6975238b7b255ad5c765bc56640ec43b539fdb93165d94da,absolute,standard,0.426096676,-0.364052834,0.426096676,-0.364052834,0.854427318,-0.017288364,0.978803916,-0.163079160,first_gps,0.003839221,-0.137136925,1.000000000,0.000000000,21.192491289,0.005415678,0.004252596,0.006885793,-0.000084873,0.220779665,0.220779681,-0.000169746,0.441559330,0.441559362,-0.024512484,0.250364052,0.294284188,0.081898577,-0.022707212,-0.001722788
53.200000000,1779830080_5715,ann,False,True,True,True,1183,31c1594f7caae09c6975238b7b255ad5c765bc56640ec43b539fdb93165d94da,absolute,standard,0.406136283,-0.363881922,0.406136283,-0.363881922,0.889849074,-0.018425587,0.946432849,0.185961846,first_gps,0.003839221,-0.137136925,1.000000000,0.000000000,21.093388316,-0.000400818,-0.403563219,0.403563418,-0.000100700,0.219790074,0.219790097,-0.000201400,0.439580148,0.439580194,-0.060339250,0.249238521,0.289919085,0.085440753,-0.055625324,-0.001836511
53.251000000,1779830080_5715,ann,False,True,True,True,1183,31c1594f7caae09c6975238b7b255ad5c765bc56640ec43b539fdb93165d94da,absolute,standard,0.426011045,-0.371303982,0.426011045,-0.371303982,0.942962947,-0.020152837,0.884103276,-0.012407522,first_gps,0.003839221,-0.137136925,1.000000000,0.000000000,21.121484888,0.003738744,0.009889078,0.010572231,-0.000084085,0.220067185,0.220067201,-0.000168170,0.440134369,0.440134401,-0.050771292,0.249539107,0.291332784,0.090752140,-0.046866492,-0.002009236
53.300000000,1779830080_5715,ann,False,True,True,True,1183,31c1594f7caae09c6975238b7b255ad5c765bc56640ec43b539fdb93165d94da,absolute,standard,0.465369598,-0.378970840,0.465369598,-0.378970840,0.996094581,-0.021907012,1.003423694,-0.119884541,first_gps,0.003839221,-0.137136925,1.000000000,0.000000000,21.138882108,-0.000353016,-0.200316285,0.200316596,-0.000089801,0.220254373,0.220254391,-0.000179602,0.440508745,0.440508782,-0.044617462,0.249732435,0.292620624,0.096065304,-0.041287355,-0.002184653
53.351000000,1779830080_5715,ann,False,True,True,True,1183,31c1594f7caae09c6975238b7b255ad5c765bc56640ec43b539fdb93165d94da,absolute,standard,0.536803863,-0.390892098,0.536803863,-0.390892098,1.031495219,-0.023091910,0.853932521,0.069762159,first_gps,0.003839221,-0.137136925,1.000000000,0.000000000,21.263982458,-0.004955099,0.023494659,0.024011498,-0.000097587,0.221498442,0.221498464,-0.000195175,0.442996885,0.442996928,-0.000388693,0.251121923,0.295287760,0.099605367,-0.000360581,-0.002303143
53.401000000,1779830080_5715,ann,False,True,True,True,1183,31c1594f7caae09c6975238b7b255ad5c765bc56640ec43b539fdb93165d94da,absolute,standard,0.517239678,-0.395386766,0.517239678,-0.395386766,1.084617304,-0.024839899,1.258345488,0.094553011,first_gps,0.003839221,-0.137136925,1.000000000,0.000000000,21.150180699,-0.001361428,0.179877882,0.179883034,-0.000089052,0.220362383,0.220362401,-0.000178104,0.440724766,0.440724802,-0.041453703,0.249831828,0.292852072,0.104917576,-0.038355397,-0.002477942
53.452000000,1779830080_5715,ann,False,True,True,True,1183,31c1594f7caae09c6975238b7b255ad5c765bc56640ec43b539fdb93165d94da,absolute,standard,0.520710780,-0.391243763,0.520710780,-0.391243763,1.120015483,-0.026002546,1.242738418,0.038404632,first_gps,0.003839221,-0.137136925,1.000000000,0.000000000,21.146975762,-0.000182942,-0.145598488,0.145598603,-0.000085674,0.220322682,0.220322699,-0.000171348,0.440645364,0.440645398,-0.042669514,0.249793632,0.292450631,0.108457394,-0.039439595,-0.002594207
53.515000000,1779830080_5715,ann,False,True,True,True,1183,31c1594f7caae09c6975238b7b255ad5c765bc56640ec43b539fdb93165d94da,absolute,standard,0.538551636,-0.402347441,0.538551636,-0.402347441,1.173142158,-0.027735099,1.257608413,-0.025650864,first_gps,0.003839221,-0.137136925,1.000000000,0.000000000,21.138919721,-0.003271748,0.090575297,0.090634368,-0.000094404,0.220247021,0.220247041,-0.000188807,0.440494041,0.440494082,-0.046381875,0.249677005,0.292132460,0.113770061,-0.042871334,-0.002767462
53.552000000,1779830080_5715,ann,False,True,True,True,1183,31c1594f7caae09c6975238b7b255ad5c765bc56640ec43b539fdb93165d94da,absolute,standard,0.563868183,-0.409995404,0.563868183,-0.409995404,1.208556731,-0.028898342,1.276934311,-0.075506583,first_gps,0.003839221,-0.137136925,1.000000000,0.000000000,21.144367568,-0.004560909,0.170861054,0.170921917,-0.000114110,0.220307364,0.220307394,-0.000228221,0.440614728,0.440614787,-0.044475852,0.249736884,0.292577835,0.117311519,-0.041148572,-0.002883786
53.601000000,1779830080_5715,ann,False,True,True,True,1183,31c1594f7caae09c6975238b7b255ad5c765bc56640ec43b539fdb93165d94da,absolute,standard,0.609373002,-0.405426701,0.609373002,-0.405426701,1.261671860,-0.030660020,1.333385081,0.109909091,first_gps,0.003839221,-0.137136925,1.000000000,0.000000000,21.190085947,0.000673493,-0.238151746,0.238152699,-0.000116636,0.220755807,0.220755838,-0.000233271,0.441511613,0.441511675,-0.028366110,0.250242986,0.293994690,0.122623031,-0.026268841,-0.003059954
53.651000000,1779830080_5715,ann,False,True,True,True,1183,31c1594f7caae09c6975238b7b255ad5c765bc56640ec43b539fdb93165d94da,absolute,standard,0.576338884,-0.412449830,0.576338884,-0.412449830,1.297093333,-0.031844251,1.162583326,0.017213694,first_gps,0.003839221,-0.137136925,1.000000000,0.000000000,21.118083635,-0.001870906,0.045858007,0.045896156,-0.000128158,0.220046197,0.220046234,-0.000256315,0.440092394,0.440092468,-0.054058009,0.249435852,0.291261951,0.126165179,-0.049945603,-0.003178377
53.700000000,1779830080_5715,ann,False,True,True,True,1183,31c1594f7caae09c6975238b7b255ad5c765bc56640ec43b539fdb93165d94da,absolute,standard,0.599113222,-0.412962233,0.599113222,-0.412962233,1.350202188,-0.033624895,1.449899879,-0.088508730,first_gps,0.003839221,-0.137136925,1.000000000,0.000000000,21.100562574,-0.002791187,-0.264476015,0.264490743,-0.000125386,0.219862186,0.219862221,-0.000250771,0.439724371,0.439724443,-0.060809278,0.249223754,0.289849119,0.131476064,-0.056055784,-0.003356441
53.750000000,1779830080_5715,ann,False,True,True,True,1183,31c1594f7caae09c6975238b7b255ad5c765bc56640ec43b539fdb93165d94da,absolute,standard,0.614868918,-0.431201062,0.614868918,-0.431201062,1.385620012,-0.034803115,1.146907375,0.132020137,first_gps,0.003839221,-0.137136925,1.000000000,0.000000000,21.140037515,-0.016691014,-0.040317311,0.043635714,-0.000175631,0.220262593,0.220262663,-0.000351261,0.440525186,0.440525326,-0.046154644,0.249684143,0.292309577,0.135017847,-0.042684184,-0.003474263
53.800000000,1779830080_5715,ann,False,True,True,True,1183,31c1594f7caae09c6975238b7b255ad5c765bc56640ec43b539fdb93165d94da,absolute,standard,0.688096253,-0.436876619,0.688096253,-0.436876619,1.438733073,-0.036562049,1.479785803,0.021310713,first_gps,0.003839221,-0.137136925,1.000000000,0.000000000,21.150703306,-0.002084758,0.356312338,0.356318437,-0.000183263,0.220363312,0.220363388,-0.000366526,0.440726623,0.440726776,-0.042580044,0.249796443,0.292574473,0.140329153,-0.039372567,-0.003650157
53.850000000,1779830080_5715,ann,False,True,True,True,1183,31c1594f7caae09c6975238b7b255ad5c765bc56640ec43b539fdb93165d94da,absolute,standard,0.677843121,-0.429549763,0.677843121,-0.429549763,1.474150044,-0.037725413,1.472403101,-0.175939514,first_gps,0.003839221,-0.137136925,1.000000000,0.000000000,21.150691599,0.002081215,0.084112932,0.084138676,-0.000182089,0.220368010,0.220368085,-0.000364177,0.440736019,0.440736170,-0.042196514,0.249808492,0.292780767,0.143870850,-0.039041228,-0.003766493
53.900000000,1779830080_5715,ann,False,True,True,True,1183,31c1594f7caae09c6975238b7b255ad5c765bc56640ec43b539fdb93165d94da,absolute,standard,0.802850032,-0.452359596,0.802850032,-0.452359596,1.527275536,-0.039474097,1.383634428,0.107496678,first_gps,0.003839221,-0.137136925,1.000000000,0.000000000,21.222131080,-0.000439980,0.655751346,0.655751493,-0.000195365,0.221085220,0.221085306,-0.000390730,0.442170439,0.442170612,-0.016425718,0.250618105,0.295073199,0.149183399,-0.015240167,-0.003941362
53.950000000,1779830080_5715,ann,False,True,True,True,1183,31c1594f7caae09c6975238b7b255ad5c765bc56640ec43b539fdb93165d94da,absolute,standard,0.720482525,-0.432312942,0.720482525,-0.432312942,1.562673541,-0.040631854,1.466816305,-0.112063718,first_gps,0.003839221,-0.137136925,1.000000000,0.000000000,21.114620882,0.012148880,0.213328701,0.213674355,-0.000174751,0.220002072,0.220002141,-0.000349502,0.440004144,0.440004283,-0.054239240,0.249430158,0.290922530,0.152723200,-0.050057924,-0.004057137
54.005000000,1779830080_5715,ann,False,True,True,True,1183,31c1594f7caae09c6975238b7b255ad5c765bc56640ec43b539fdb93165d94da,absolute,standard,0.751875461,-0.438451425,0.751875461,-0.438451425,1.615788170,-0.042370226,1.481643223,-0.032688928,first_gps,0.003839221,-0.137136925,1.000000000,0.000000000,21.174933802,0.001033885,-0.013006338,0.013047365,-0.000169476,0.220603104,0.220603169,-0.000338952,0.441206208,0.441206338,-0.031695970,0.250138376,0.293665768,0.158034662,-0.029339044,-0.004230974
54.050000000,1779830080_5715,ann,False,True,True,True,1183,31c1594f7caae09c6975238b7b255ad5c765bc56640ec43b539fdb93165d94da,absolute,standard,0.801565985,-0.461254925,0.801565985,-0.461254925,1.651201800,-0.043533249,1.520973708,-0.032675605,first_gps,0.003839221,-0.137136925,1.000000000,0.000000000,21.170863250,-0.010008938,0.400576670,0.400701694,-0.000197460,0.220570711,0.220570800,-0.000394920,0.441141423,0.441141600,-0.032501550,0.250113068,0.293867001,0.161576025,-0.030110483,-0.004347277
54.101000000,1779830080_5715,ann,False,True,True,True,1183,31c1594f7caae09c6975238b7b255ad5c765bc56640ec43b539fdb93165d94da,absolute,standard,0.820974092,-0.462609613,0.820974092,-0.462609613,1.704327113,-0.045267443,1.623893833,-0.087344058,first_gps,0.003839221,-0.137136925,1.000000000,0.000000000,21.182577064,-0.009034143,0.301101349,0.301236847,-0.000215980,0.220687524,0.220687630,-0.000431960,0.441375048,0.441375260,-0.028610936,0.250235295,0.294202841,0.166888557,-0.026515546,-0.004520696
54.150000000,1779830080_5715,ann,False,True,True,True,1183,31c1594f7caae09c6975238b7b255ad5c765bc56640ec43b539fdb93165d94da,absolute,standard,0.837288245,-0.463162325,0.837288245,-0.463162325,1.739744810,-0.046415389,1.675018919,-0.032810788,first_gps,0.003839221,-0.137136925,1.000000000,0.000000000,21.169137221,-0.003491075,0.345155006,0.345172660,-0.000223988,0.220556139,0.220556253,-0.000447977,0.441112278,0.441112506,-0.033582486,0.250079109,0.293852994,0.170430326,-0.031117764,-0.004635491
54.201000000,1779830080_5715,ann,False,True,True,True,1183,31c1594f7caae09c6975238b7b255ad5c765bc56640ec43b539fdb93165d94da,absolute,standard,0.765906579,-0.439130621,0.765906579,-0.439130621,1.775145682,-0.047560299,1.736872919,0.089587601,first_gps,0.003839221,-0.137136925,1.000000000,0.000000000,21.021317719,0.006865199,-0.506215836,0.506262386,-0.000216994,0.219068671,0.219068778,-0.000433988,0.438137341,0.438137556,-0.087599143,0.248382126,0.284079013,0.173970414,-0.080214096,-0.004749982
54.250000000,1779830080_5715,ann,False,True,True,True,1183,31c1594f7caae09c6975238b7b255ad5c765bc56640ec43b539fdb93165d94da,absolute,standard,0.860447105,-0.463327127,0.860447105,-0.463327127,1.828272473,-0.049282936,1.880160949,-0.045314026,first_gps,0.003839221,-0.137136925,1.000000000,0.000000000,21.163272703,-0.002152579,0.194671474,0.194683375,-0.000205536,0.220494693,0.220494789,-0.000411073,0.440989386,0.440989578,-0.036072488,0.250000883,0.293507227,0.179283093,-0.033404849,-0.004922245
54.300000000,1779830080_5715,ann,False,True,True,True,1183,31c1594f7caae09c6975238b7b255ad5c765bc56640ec43b539fdb93165d94da,absolute,standard,0.850107695,-0.470840051,0.850107695,-0.470840051,1.863680697,-0.050418710,1.765819978,-0.002593304,first_gps,0.003839221,-0.137136925,1.000000000,0.000000000,21.115998561,-0.008660934,0.236731644,0.236890023,-0.000212624,0.220012337,0.220012440,-0.000425248,0.440024674,0.440024879,-0.053051370,0.249467476,0.290992962,0.182823915,-0.048952676,-0.005035823
54.350000000,1779830080_5715,ann,False,True,True,True,1183,31c1594f7caae09c6975238b7b255ad5c765bc56640ec43b539fdb93165d94da,absolute,standard,0.931353567,-0.474951675,0.931353567,-0.474951675,1.916799207,-0.052133985,1.960660232,-0.112967864,first_gps,0.003839221,-0.137136925,1.000000000,0.000000000,21.158539780,0.002974065,0.481634534,0.481643717,-0.000235624,0.220442600,0.220442726,-0.000471248,0.440885201,0.440885452,-0.038416157,0.249927255,0.293096688,0.188135766,-0.035545979,-0.005207350
54.401000000,1779830080_5715,ann,False,True,True,True,1183,31c1594f7caae09c6975238b7b255ad5c765bc56640ec43b539fdb93165d94da,absolute,standard,0.874419144,-0.471391635,0.874419144,-0.471391635,1.969921812,-0.053864893,1.909202891,-0.029796595,first_gps,0.003839221,-0.137136925,1.000000000,0.000000000,21.087690224,-0.001302688,0.149331621,0.149337303,-0.000237545,0.219733293,0.219733421,-0.000475090,0.439466585,0.439466842,-0.064882985,0.249095775,0.289105494,0.193448027,-0.059760041,-0.005380441
54.450000000,1779830080_5715,ann,False,True,True,True,1183,31c1594f7caae09c6975238b7b255ad5c765bc56640ec43b539fdb93165d94da,absolute,standard,0.938863170,-0.481862394,0.938863170,-0.481862394,2.005337734,-0.055016315,2.067605849,0.055275688,first_gps,0.003839221,-0.137136925,1.000000000,0.000000000,21.138180981,-0.002509811,0.327368789,0.327378410,-0.000276913,0.220242815,0.220242989,-0.000553825,0.440485630,0.440485978,-0.045231503,0.249713145,0.292395550,0.196989619,-0.041831035,-0.005495583
54.501000000,1779830080_5715,ann,False,True,True,True,1183,31c1594f7caae09c6975238b7b255ad5c765bc56640ec43b539fdb93165d94da,absolute,standard,1.027482861,-0.488963987,1.027482861,-0.488963987,2.058453149,-0.056734939,1.885814206,-0.257728568,first_gps,0.003839221,-0.137136925,1.000000000,0.000000000,21.174574221,0.004394687,0.657393785,0.657408474,-0.000277939,0.220602602,0.220602777,-0.000555878,0.441205204,0.441205554,-0.031665971,0.250139318,0.293774798,0.202301160,-0.029321974,-0.005667446
54.552000000,1779830080_5715,ann,False,True,True,True,1183,31c1594f7caae09c6975238b7b255ad5c765bc56640ec43b539fdb93165d94da,absolute,standard,0.946414016,-0.484862650,0.946414016,-0.484862650,2.093869225,-0.057858423,2.065307458,-0.021901642,first_gps,0.003839221,-0.137136925,1.000000000,0.000000000,21.110570461,-0.004770448,0.176280718,0.176345255,-0.000289747,0.219966031,0.219966222,-0.000579493,0.439932062,0.439932444,-0.054811910,0.249412167,0.290982567,0.205842768,-0.050607426,-0.005779794
54.601000000,1779830080_5715,ann,False,True,True,True,1183,31c1594f7caae09c6975238b7b255ad5c765bc56640ec43b539fdb93165d94da,absolute,standard,0.998592038,-0.492841675,0.998592038,-0.492841675,2.146984691,-0.059535527,1.904565006,-0.081605918,first_gps,0.003839221,-0.137136925,1.000000000,0.000000000,21.149489947,-0.007793467,0.243851923,0.243976430,-0.000316486,0.220354739,0.220354966,-0.000632971,0.440709478,0.440709932,-0.040482136,0.249862350,0.292950346,0.211154315,-0.037459127,-0.005947505
54.650000000,1779830080_5715,ann,False,True,True,True,1183,31c1594f7caae09c6975238b7b255ad5c765bc56640ec43b539fdb93165d94da,absolute,standard,0.980085084,-0.483695685,0.980085084,-0.483695685,2.182399121,-0.060635683,1.991000825,-0.213541537,first_gps,0.003839221,-0.137136925,1.000000000,0.000000000,21.131174563,0.000878550,0.003442605,0.003552939,-0.000346270,0.220170129,0.220170402,-0.000692540,0.440340259,0.440340803,-0.048219881,0.249619262,0.291906813,0.214695758,-0.044561547,-0.006057520
54.700000000,1779830080_5715,ann,False,True,True,True,1183,31c1594f7caae09c6975238b7b255ad5c765bc56640ec43b539fdb93165d94da,absolute,standard,0.977171616,-0.489700039,0.977171616,-0.489700039,2.217816298,-0.061733301,2.116913136,-0.081511243,first_gps,0.003839221,-0.137136925,1.000000000,0.000000000,21.099125932,-0.005736158,-0.077626603,0.077838249,-0.000361332,0.219851171,0.219851468,-0.000722664,0.439702342,0.439702936,-0.059320197,0.249270535,0.290226523,0.218237475,-0.054721549,-0.006167282
54.750000000,1779830080_5715,ann,False,True,True,True,1183,31c1594f7caae09c6975238b7b255ad5c765bc56640ec43b539fdb93165d94da,absolute,standard,1.020806030,-0.481494232,1.020806030,-0.481494232,2.270945189,-0.063389864,2.342116572,-0.151053640,first_gps,0.003839221,-0.137136925,1.000000000,0.000000000,21.094216744,0.006475158,-0.320540282,0.320605677,-0.000348308,0.219802654,0.219802930,-0.000696616,0.439605309,0.439605861,-0.062046835,0.249184875,0.289765266,0.223550364,-0.057209167,-0.006332938
54.800000000,1779830080_5715,ann,False,True,True,True,1183,31c1594f7caae09c6975238b7b255ad5c765bc56640ec43b539fdb93165d94da,absolute,standard,1.086649307,-0.495579122,1.086649307,-0.495579122,2.306343584,-0.064492421,2.160459653,-0.243035429,first_gps,0.003839221,-0.137136925,1.000000000,0.000000000,21.144262390,0.005775616,0.324701104,0.324752467,-0.000331068,0.220304142,0.220304390,-0.000662137,0.440608283,0.440608781,-0.044125211,0.249747900,0.292558559,0.227090204,-0.040817263,-0.006443194
54.850000000,1779830080_5715,ann,False,True,True,True,1183,31c1594f7caae09c6975238b7b255ad5c765bc56640ec43b539fdb93165d94da,absolute,standard,1.077922811,-0.496546939,1.077922811,-0.496546939,2.359468603,-0.066160109,2.170707352,-0.122061494,first_gps,0.003839221,-0.137136925,1.000000000,0.000000000,21.137542444,-0.000309113,0.107274854,0.107275300,-0.000343254,0.220236107,0.220236375,-0.000686509,0.440472215,0.440472750,-0.047066648,0.249655492,0.292141991,0.232402706,-0.043514950,-0.006609963
54.900000000,1779830080_5715,ann,False,True,True,True,1183,31c1594f7caae09c6975238b7b255ad5c765bc56640ec43b539fdb93165d94da,absolute,standard,1.158987279,-0.504307462,1.158987279,-0.504307462,2.412581120,-0.067820918,2.333713576,-0.153089946,first_gps,0.003839221,-0.137136925,1.000000000,0.000000000,21.194929497,-0.001446848,0.312439777,0.312443127,-0.000349644,0.220802581,0.220802858,-0.000699287,0.441605162,0.441605716,-0.026964042,0.250287034,0.294060537,0.237713957,-0.024969633,-0.006776044
54.952000000,1779830080_5715,ann,False,True,True,True,1183,31c1594f7caae09c6975238b7b255ad5c765bc56640ec43b539fdb93165d94da,absolute,standard,1.119522593,-0.489365096,1.119522593,-0.489365096,2.448007807,-0.068930818,2.393727446,-0.023088224,first_gps,0.003839221,-0.137136925,1.000000000,0.000000000,21.117319508,0.007258367,-0.303737327,0.303824041,-0.000337281,0.220037588,0.220037847,-0.000674561,0.440075176,0.440075693,-0.054289357,0.249428584,0.291201061,0.241256626,-0.050153057,-0.006887034
55.000000000,1779830080_5715,ann,False,True,True,True,1183,31c1594f7caae09c6975238b7b255ad5c765bc56640ec43b539fdb93165d94da,absolute,standard,1.129516903,-0.492259789,1.129516903,-0.492259789,2.483416793,-0.070042635,2.315133150,-0.015118558,first_gps,0.003839221,-0.137136925,1.000000000,0.000000000,21.081971956,-0.002334925,-0.726056197,0.726059951,-0.000345450,0.219676639,0.219676910,-0.000690899,0.439353277,0.439353821,-0.067699659,0.249007287,0.288587270,0.244797525,-0.062320645,-0.006998215
55.053000000,1779830080_5715,ann,False,True,True,True,1183,31c1594f7caae09c6975238b7b255ad5c765bc56640ec43b539fdb93165d94da,absolute,standard,1.148900747,-0.504630079,1.148900747,-0.504630079,2.536536047,-0.071706146,2.512240543,-0.101725880,first_gps,0.003839221,-0.137136925,1.000000000,0.000000000,21.125759255,-0.007341897,-0.205443200,0.205574346,-0.000366290,0.220115005,0.220115309,-0.000732579,0.440230009,0.440230619,-0.051422609,0.249518645,0.291412783,0.250109450,-0.047491276,-0.007164566
55.106000000,1779830080_5715,ann,False,True,True,True,1183,31c1594f7caae09c6975238b7b255ad5c765bc56640ec43b539fdb93165d94da,absolute,standard,1.164595130,-0.510955267,1.164595130,-0.510955267,2.607375310,-0.073912918,2.378155548,-0.112182944,first_gps,0.003839221,-0.137136925,1.000000000,0.000000000,21.109321509,-0.006360436,0.018545792,0.019606161,-0.000391928,0.219952153,0.219952502,-0.000783857,0.439904305,0.439905003,-0.056641878,0.249354677,0.290646437,0.257193376,-0.052272181,-0.007385244
55.151000000,1779830080_5715,ann,False,True,True,True,1183,31c1594f7caae09c6975238b7b255ad5c765bc56640ec43b539fdb93165d94da,absolute,standard,1.224572477,-0.496206612,1.224572477,-0.496206612,2.625064463,-0.074467695,2.492725634,-0.020017825,first_gps,0.003839221,-0.137136925,1.000000000,0.000000000,21.105632433,-0.002298417,-1.000000000,1.000000000,-0.000403816,0.219904879,0.219905250,-0.000807633,0.439809758,0.439810499,-0.058148467,0.249307346,0.290056140,0.258962292,-0.053584503,-0.007440721
55.201000000,1779830080_5715,ann,False,True,True,True,1183,31c1594f7caae09c6975238b7b255ad5c765bc56640ec43b539fdb93165d94da,absolute,standard,1.211979992,-0.497676700,1.211979992,-0.497676700,2.678185420,-0.076145078,2.712531097,-0.276891136,first_gps,0.003839221,-0.137136925,1.000000000,0.000000000,21.065987472,0.007259935,-0.552109098,0.552156828,-0.000379007,0.219514235,0.219514562,-0.000758013,0.439028470,0.439029124,-0.072616396,0.248852823,0.287508969,0.264274387,-0.066751792,-0.007608460
55.256000000,1779830080_5715,ann,False,True,True,True,1183,31c1594f7caae09c6975238b7b255ad5c765bc56640ec43b539fdb93165d94da,absolute,standard,1.305461533,-0.518320097,1.305461533,-0.518320097,2.713608859,-0.077257996,2.797702092,-0.114912373,first_gps,0.003839221,-0.137136925,1.000000000,0.000000000,21.159612085,0.004669025,0.475718487,0.475741399,-0.000370745,0.220452091,0.220452403,-0.000741489,0.440904182,0.440904805,-0.039972224,0.249878370,0.292884805,0.267816731,-0.036973990,-0.007719752
55.300000000,1779830080_5715,ann,False,True,True,True,1183,31c1594f7caae09c6975238b7b255ad5c765bc56640ec43b539fdb93165d94da,absolute,standard,1.243564271,-0.512382251,1.243564271,-0.512382251,2.749019878,-0.078372311,2.595281405,0.095623450,first_gps,0.003839221,-0.137136925,1.000000000,0.000000000,21.115775108,-0.004638427,-0.148901505,0.148973733,-0.000384488,0.220014075,0.220014411,-0.000768975,0.440028149,0.440028821,-0.055490531,0.249390848,0.290747367,0.271357833,-0.051205367,-0.007831183
55.352000000,1779830080_5715,ann,False,True,True,True,1183,31c1594f7caae09c6975238b7b255ad5c765bc56640ec43b539fdb93165d94da,absolute,standard,1.254418765,-0.515851087,1.254418765,-0.515851087,2.802136263,-0.080051168,2.765548445,-0.170554521,first_gps,0.003839221,-0.137136925,1.000000000,0.000000000,21.097489117,-0.002535867,0.024264640,0.024396790,-0.000391570,0.219831003,0.219831351,-0.000783140,0.439662005,0.439662703,-0.062054026,0.249184649,0.289623269,0.276669472,-0.057187930,-0.007999069
55.400000000,1779830080_5715,ann,False,True,True,True,1183,31c1594f7caae09c6975238b7b255ad5c765bc56640ec43b539fdb93165d94da,absolute,standard,1.356406073,-0.515459928,1.356406073,-0.515459928,2.855257884,-0.081732034,2.930720307,-0.022351585,first_gps,0.003839221,-0.137136925,1.000000000,0.000000000,21.142372994,0.010970464,0.343380321,0.343555521,-0.000368950,0.220278007,0.220278316,-0.000737901,0.440556013,0.440556631,-0.045891085,0.249692423,0.292090743,0.281981634,-0.042405252,-0.008167155
55.451000000,1779830080_5715,ann,False,True,True,True,1183,31c1594f7caae09c6975238b7b255ad5c765bc56640ec43b539fdb93165d94da,absolute,standard,1.335239625,-0.516636660,1.335239625,-0.516636660,2.890674943,-0.082867783,3.030987766,0.043786693,first_gps,0.003839221,-0.137136925,1.000000000,0.000000000,21.154451584,-0.006201703,-0.143253701,0.143387880,-0.000393334,0.220403337,0.220403688,-0.000786667,0.440806675,0.440807377,-0.041388964,0.249833861,0.292812888,0.285523340,-0.038289692,-0.008280730
55.501000000,1779830080_5715,ann,False,True,True,True,1183,31c1594f7caae09c6975238b7b255ad5c765bc56640ec43b539fdb93165d94da,absolute,standard,1.364987060,-0.508137207,1.364987060,-0.508137207,2.926082415,-0.084014344,2.913903252,-0.132681724,first_gps,0.003839221,-0.137136925,1.000000000,0.000000000,21.146771905,0.006138594,-0.243068894,0.243146396,-0.000377988,0.220323589,0.220323914,-0.000755975,0.440647179,0.440647827,-0.044216789,0.249745023,0.292362869,0.289064087,-0.040875715,-0.008395386
55.550000000,1779830080_5715,ann,False,True,True,True,1183,31c1594f7caae09c6975238b7b255ad5c765bc56640ec43b539fdb93165d94da,absolute,standard,1.354953622,-0.506348505,1.354953622,-0.506348505,2.961502401,-0.085168268,3.074182690,0.010074182,first_gps,0.003839221,-0.137136925,1.000000000,0.000000000,21.046342637,-0.000768642,-1.000000000,1.000000000,-0.000390348,0.219326838,0.219327185,-0.000780697,0.438653675,0.438654370,-0.079692060,0.248630534,0.286247192,0.292606086,-0.073200683,-0.008510779
55.615000000,1779830080_5715,ann,False,True,True,True,1183,31c1594f7caae09c6975238b7b255ad5c765bc56640ec43b539fdb93165d94da,absolute,standard,1.479048602,-0.527674190,1.479048602,-0.527674190,3.032323751,-0.087450491,2.936780001,0.033945650,first_gps,0.003839221,-0.137136925,1.000000000,0.000000000,21.197424645,-0.001590663,0.446335578,0.446338413,-0.000371881,0.220834792,0.220835105,-0.000743763,0.441669584,0.441670210,-0.026074668,0.250314974,0.294371540,0.299688221,-0.024167816,-0.008739001
55.674000000,1779830080_5715,ann,False,True,True,True,1183,31c1594f7caae09c6975238b7b255ad5c765bc56640ec43b539fdb93165d94da,absolute,standard,1.433349075,-0.517170034,1.433349075,-0.517170034,3.103157883,-0.089080924,3.045601447,-0.007008979,first_gps,0.003839221,-0.137136925,1.000000000,0.000000000,21.127352286,-0.001026920,-0.220532082,0.220534473,-0.000372717,0.220128856,0.220129172,-0.000745434,0.440257713,0.440258344,-0.051585266,0.249513535,0.291320453,0.306771634,-0.047629061,-0.008902044
55.702000000,1779830080_5715,ann,False,True,True,True,1183,31c1594f7caae09c6975238b7b255ad5c765bc56640ec43b539fdb93165d94da,absolute,standard,1.437098936,-0.512914623,1.437098936,-0.512914623,3.138533501,-0.087064615,3.045601447,-0.007008979,first_gps,0.003839221,-0.137136925,1.000000000,0.000000000,21.093882146,0.007348892,-0.147223766,0.147407068,-0.000355568,0.219801079,0.219801367,-0.000711136,0.439602158,0.439602734,-0.062630099,0.249166552,0.289718220,0.310309195,-0.057751646,-0.008700413
55.753000000,1779830080_5715,ann,False,True,True,True,1183,31c1594f7caae09c6975238b7b255ad5c765bc56640ec43b539fdb93165d94da,absolute,standard,1.550973920,-0.505182305,1.550973920,-0.505182305,3.191091058,-0.079365862,3.232985835,-0.150314736,first_gps,0.003839221,-0.137136925,1.000000000,0.000000000,21.241489759,0.000823295,-0.105039261,0.105042488,-0.000338815,0.221268194,0.221268453,-0.000677630,0.442536388,0.442536907,-0.010280848,0.250811152,0.294964607,0.315564951,-0.009530151,-0.007930538
55.808000000,1779830080_5715,ann,False,True,True,True,1183,31c1594f7caae09c6975238b7b255ad5c765bc56640ec43b539fdb93165d94da,absolute,standard,1.722397588,-0.520628888,1.722397588,-0.520628888,3.208393057,-0.075565176,3.278153246,-0.068076547,first_gps,0.003839221,-0.137136925,1.000000000,0.000000000,21.334066487,0.001791074,1.000000000,1.000000000,-0.000337919,0.222197671,0.222197928,-0.000675839,0.444395341,0.444395855,0.023177159,0.251862266,0.294459782,0.317295151,0.021478528,-0.007550470
55.864000000,1779830080_5715,ann,False,True,True,True,1183,31c1594f7caae09c6975238b7b255ad5c765bc56640ec43b539fdb93165d94da,absolute,standard,1.685058967,-0.487313247,1.685058967,-0.487313247,3.259346560,-0.060526138,3.195008403,-0.002857641,first_gps,0.003839221,-0.137136925,1.000000000,0.000000000,21.373269720,0.002182961,0.096235654,0.096260409,-0.000351698,0.222587979,0.222588257,-0.000703396,0.445175958,0.445176513,0.038737513,0.252351109,0.293002124,0.322390501,0.035834704,-0.006046566
55.909000000,1779830080_5715,ann,False,True,True,True,1183,31c1594f7caae09c6975238b7b255ad5c765bc56640ec43b539fdb93165d94da,absolute,standard,1.826648665,-0.444086837,1.826648665,-0.444086837,3.308416518,-0.040165418,3.233802657,-0.182954598,first_gps,0.003839221,-0.137136925,1.000000000,0.000000000,21.465828888,0.010079828,-1.000000000,1.000000000,-0.000333233,0.223515778,0.223516026,-0.000666466,0.447031555,0.447032052,0.072278269,0.253404823,0.287678764,0.327297497,0.066469231,-0.004010494
55.988000000,1779830080_5715,ann,False,True,True,True,1183,31c1594f7caae09c6975238b7b255ad5c765bc56640ec43b539fdb93165d94da,absolute,standard,1.947017108,-0.484691950,1.947017108,-0.484691950,3.350545024,-0.017548301,3.495608646,0.216220926,first_gps,0.003839221,-0.137136925,1.000000000,0.000000000,21.297855626,-0.004055295,0.134117062,0.134178357,-0.000343909,0.224929751,0.224930014,-0.000687818,0.449859502,0.449860028,0.122561178,0.254984507,0.369214163,0.331510348,0.149629742,-0.001748782
56.003000000,1779830080_5715,ann,False,True,True,True,1183,31c1594f7caae09c6975238b7b255ad5c765bc56640ec43b539fdb93165d94da,absolute,standard,1.950337187,-0.472409138,1.950337187,-0.472409138,3.370861664,-0.004906112,3.424627454,0.093695320,first_gps,0.003839221,-0.137136925,1.000000000,0.000000000,21.283736626,0.004613898,0.023456441,0.023905913,-0.000303511,0.224801596,0.224801801,-0.000607023,0.449603193,0.449603602,0.118448794,0.254855313,0.371519395,0.333542012,0.145004627,-0.000484563
56.052000000,1779830080_5715,ann,False,True,True,True,1183,31c1594f7caae09c6975238b7b255ad5c765bc56640ec43b539fdb93165d94da,absolute,standard,2.079879397,-0.439186795,2.079879397,-0.439186795,3.428302347,0.037993945,3.458552381,-0.139153836,first_gps,0.003839221,-0.137136925,1.000000000,0.000000000,21.362064322,0.004987929,0.210395545,0.210454662,-0.000298364,0.225582326,0.225582523,-0.000596729,0.451164652,0.451165046,0.147194917,0.255758399,0.356851838,0.339286080,0.177881544,0.003805443
56.108000000,1779830080_5715,ann,False,True,True,True,1183,31c1594f7caae09c6975238b7b255ad5c765bc56640ec43b539fdb93165d94da,absolute,standard,2.138853966,-0.411752803,2.138853966,-0.411752803,3.479841199,0.087860609,3.372265099,0.155794529,first_gps,0.003839221,-0.137136925,1.000000000,0.000000000,21.396670252,0.000643925,0.180763640,0.180764787,-0.000293912,0.225931554,0.225931745,-0.000587825,0.451863107,0.451863490,0.159725387,0.256152055,0.349667183,0.344439965,0.191838508,0.008792109
56.162000000,1779830080_5715,ann,False,True,True,True,1183,31c1594f7caae09c6975238b7b255ad5c765bc56640ec43b539fdb93165d94da,absolute,standard,2.284519955,-0.344841096,2.284519955,-0.344841096,3.495544656,0.105888962,3.361750446,-0.109152383,first_gps,0.003839221,-0.137136925,1.000000000,0.000000000,21.555447782,0.001749839,-0.309405827,0.309410775,-0.000322777,0.227508538,0.227508767,-0.000645553,0.455017075,0.455017533,0.217530933,0.257968070,0.308992217,0.346010311,0.251609149,0.010594944
56.216000000,1779830080_5715,ann,False,True,True,True,1183,31c1594f7caae09c6975238b7b255ad5c765bc56640ec43b539fdb93165d94da,absolute,standard,2.463555570,-0.320246869,2.463555570,-0.320246869,3.524601908,0.143879899,3.552860847,0.046300620,first_gps,0.003839221,-0.137136925,1.000000000,0.000000000,21.658805168,0.003599189,0.906289686,0.906296833,-0.000315857,0.228548407,0.228548625,-0.000631714,0.457096813,0.457097250,0.254687016,0.259135363,0.277731911,0.348916036,0.286033789,0.014394038
56.260000000,1779830080_5715,ann,False,True,True,True,1183,31c1594f7caae09c6975238b7b255ad5c765bc56640ec43b539fdb93165d94da,absolute,standard,2.331468984,-0.314717055,2.331468984,-0.314717055,3.550332274,0.184173880,3.478517744,0.185481277,first_gps,0.003839221,-0.137136925,1.000000000,0.000000000,21.556118734,-0.000885079,-0.470266377,0.470267210,-0.000317804,0.227513820,0.227514042,-0.000635608,0.455027641,0.455028085,0.217339679,0.257962062,0.309106265,0.351489073,0.251393296,0.018423436
56.304000000,1779830080_5715,ann,False,True,True,True,1183,31c1594f7caae09c6975238b7b255ad5c765bc56640ec43b539fdb93165d94da,absolute,standard,2.642371874,-0.207670053,2.642371874,-0.207670053,3.598951355,0.293172403,3.482389268,0.046312470,first_gps,0.003839221,-0.137136925,1.000000000,0.000000000,21.820174774,-0.001716497,1.000000000,1.000000000,-0.000341914,0.230153483,0.230153737,-0.000683828,0.460306966,0.460307474,0.312890303,0.260963873,0.220932634,0.356350981,0.331528341,0.029323288
56.351000000,1779830080_5715,ann,False,True,True,True,1183,31c1594f7caae09c6975238b7b255ad5c765bc56640ec43b539fdb93165d94da,absolute,standard,2.579001919,-0.158733700,2.579001919,-0.158733700,3.611763621,0.339275934,3.519198150,0.224707050,first_gps,0.003839221,-0.137136925,1.000000000,0.000000000,21.816490285,0.009285394,-0.028058696,0.029555185,-0.000292004,0.230126631,0.230126816,-0.000584008,0.460253261,0.460253632,0.311058047,0.260906311,0.223022332,0.357632208,0.330525335,0.033933641
56.400000000,1779830080_5715,ann,False,True,True,True,1183,31c1594f7caae09c6975238b7b255ad5c765bc56640ec43b539fdb93165d94da,absolute,standard,2.779290125,-0.096210494,2.779290125,-0.096210494,3.620599389,0.386258385,3.643659456,0.305652982,first_gps,0.003839221,-0.137136925,1.000000000,0.000000000,21.985925767,0.004641858,1.000000000,1.000000000,-0.000264234,0.231816752,0.231816903,-0.000528468,0.463633504,0.463633805,0.372378313,0.262832744,0.155560865,0.358515784,0.366978664,0.038631887
56.452000000,1779830080_5715,ann,False,True,True,True,1183,31c1594f7caae09c6975238b7b255ad5c765bc56640ec43b539fdb93165d94da,absolute,standard,2.828940211,-0.003050432,2.828940211,-0.003050432,3.626302636,0.457749075,3.569763238,0.246125876,first_gps,0.003839221,-0.137136925,1.000000000,0.000000000,22.117061752,0.009702827,0.644884288,0.644957278,-0.000254872,0.233132388,0.233132528,-0.000509745,0.466264777,0.466265056,0.419710249,0.264319720,0.099511715,0.359086109,0.386113072,0.045780956
56.501000000,1779830080_5715,ann,False,True,True,True,1183,31c1594f7caae09c6975238b7b255ad5c765bc56640ec43b539fdb93165d94da,absolute,standard,2.799317180,0.007910690,2.799317180,0.007910690,3.622862419,0.529369011,3.582656653,0.511778074,first_gps,0.003839221,-0.137136925,1.000000000,0.000000000,22.088924333,-0.002165414,0.495755889,0.495760618,-0.000282200,0.232850964,0.232851135,-0.000564400,0.465701928,0.465702270,0.409526535,0.263999790,0.111811457,0.358742087,0.382731743,0.052942949
56.550000000,1779830080_5715,ann,False,True,True,True,1183,31c1594f7caae09c6975238b7b255ad5c765bc56640ec43b539fdb93165d94da,absolute,standard,2.738304994,0.017731983,2.738304994,0.017731983,3.618550782,0.576989858,3.557193864,0.318538622,first_gps,0.003839221,-0.137136925,1.000000000,0.000000000,22.067931648,-0.014630950,0.044682802,0.047017205,-0.000311364,0.232632011,0.232632219,-0.000622729,0.465264022,0.465264439,0.402798299,0.263788416,0.119785744,0.358310924,0.379997264,0.057705034
56.600000000,1779830080_5715,ann,False,True,True,True,1183,31c1594f7caae09c6975238b7b255ad5c765bc56640ec43b539fdb93165d94da,absolute,standard,2.774100203,0.067027290,2.774100203,0.067027290,3.609061876,0.648072461,3.456426045,0.371657259,first_gps,0.003839221,-0.137136925,1.000000000,0.000000000,22.082268496,0.002526901,-0.139227531,0.139250460,-0.000306552,0.232779612,0.232779814,-0.000613103,0.465559224,0.465559628,0.408531283,0.263968523,0.112962594,0.357362033,0.382228034,0.064813294
56.650000000,1779830080_5715,ann,False,True,True,True,1183,31c1594f7caae09c6975238b7b255ad5c765bc56640ec43b539fdb93165d94da,absolute,standard,2.858795904,0.164236832,2.858795904,0.164236832,3.597737212,0.694532423,3.673847187,0.347927256,first_gps,0.003839221,-0.137136925,1.000000000,0.000000000,22.267337673,0.007883363,0.243341770,0.243469432,-0.000285245,0.234630149,0.234630323,-0.000570491,0.469260299,0.469260646,0.475176374,0.266062240,0.031050872,0.356229567,0.397353491,0.069459290
56.701000000,1779830080_5715,ann,False,True,True,True,1183,31c1594f7caae09c6975238b7b255ad5c765bc56640ec43b539fdb93165d94da,absolute,standard,2.843239835,0.180317548,2.843239835,0.180317548,3.582496589,0.739870583,3.601638052,0.486452153,first_gps,0.003839221,-0.137136925,1.000000000,0.000000000,22.269517894,0.000970484,0.165657740,0.165660582,-0.000291369,0.234658672,0.234658853,-0.000582738,0.469317344,0.469317706,0.475528065,0.266073289,0.030629054,0.354705504,0.397611155,0.073993106
56.750000000,1779830080_5715,ann,False,True,True,True,1183,31c1594f7caae09c6975238b7b255ad5c765bc56640ec43b539fdb93165d94da,absolute,standard,2.901738353,0.268058613,2.901738353,0.268058613,3.552571903,0.805030233,3.555090731,0.447184088,first_gps,0.003839221,-0.137136925,1.000000000,0.000000000,22.435166523,-0.010851630,0.760064215,0.760141676,-0.000285821,0.236309775,0.236309948,-0.000571641,0.472619551,0.472619896,0.534869946,0.267937569,-0.043579249,0.351713036,0.396220051,0.080509071
56.800000000,1779830080_5715,ann,False,True,True,True,1183,31c1594f7caae09c6975238b7b255ad5c765bc56640ec43b539fdb93165d94da,absolute,standard,2.868898047,0.321804824,2.868898047,0.321804824,3.514630877,0.865872957,3.527543334,0.614191122,first_gps,0.003839221,-0.137136925,1.000000000,0.000000000,22.479921848,-0.006792501,0.459354275,0.459404493,-0.000287936,0.236758098,0.236758273,-0.000575872,0.473516196,0.473516547,0.551714022,0.268466741,-0.064479490,0.347918933,0.393385798,0.086593344
56.850000000,1779830080_5715,ann,False,True,True,True,1183,31c1594f7caae09c6975238b7b255ad5c765bc56640ec43b539fdb93165d94da,absolute,standard,2.833444373,0.359743755,2.833444373,0.359743755,3.487634301,0.905355010,3.588450946,0.741891061,first_gps,0.003839221,-0.137136925,1.000000000,0.000000000,22.498871796,0.006944966,0.027803073,0.028657345,-0.000277033,0.236946380,0.236946542,-0.000554066,0.473892761,0.473893085,0.557832303,0.268658953,-0.072021030,0.345219276,0.392033499,0.090541549
56.900000000,1779830080_5715,ann,False,True,True,True,1183,31c1594f7caae09c6975238b7b255ad5c765bc56640ec43b539fdb93165d94da,absolute,standard,2.824346999,0.359744706,2.824346999,0.359744706,3.460644020,0.944852463,3.442517527,0.581277955,first_gps,0.003839221,-0.137136925,1.000000000,0.000000000,22.453782652,0.004243256,-0.047779949,0.047967997,-0.000253690,0.236499827,0.236499963,-0.000507379,0.472999654,0.472999926,0.541856731,0.268157065,-0.052281780,0.342520247,0.395295483,0.094491294
56.950000000,1779830080_5715,ann,False,True,True,True,1183,31c1594f7caae09c6975238b7b255ad5c765bc56640ec43b539fdb93165d94da,absolute,standard,2.845732516,0.420301840,2.845732516,0.420301840,3.420161541,1.004089917,3.337488237,0.613775389,first_gps,0.003839221,-0.137136925,1.000000000,0.000000000,22.527769070,0.002041219,0.424292347,0.424297257,-0.000252432,0.237234365,0.237234499,-0.000504864,0.474468730,0.474468998,0.568503710,0.268994205,-0.085113872,0.338472000,0.389366055,0.100415040
57.001000000,1779830080_5715,ann,False,True,True,True,1183,31c1594f7caae09c6975238b7b255ad5c765bc56640ec43b539fdb93165d94da,absolute,standard,2.801957228,0.422357214,2.801957228,0.422357214,3.379689857,1.063328585,3.555560254,0.626281676,first_gps,0.003839221,-0.137136925,1.000000000,0.000000000,22.463460840,0.001853958,0.085137910,0.085158094,-0.000246685,0.236594971,0.236595099,-0.000493370,0.473189942,0.473190199,0.545824175,0.268281706,-0.057196722,0.334424831,0.394558865,0.106338907
57.050000000,1779830080_5715,ann,False,True,True,True,1183,31c1594f7caae09c6975238b7b255ad5c765bc56640ec43b539fdb93165d94da,absolute,standard,2.804115941,0.424021382,2.804115941,0.424021382,3.352701568,1.102831317,3.494476878,0.796955174,first_gps,0.003839221,-0.137136925,1.000000000,0.000000000,22.433032816,-0.004365201,0.271493903,0.271528994,-0.000255752,0.236292532,0.236292671,-0.000511504,0.472585065,0.472585342,0.535056088,0.267943417,-0.043825817,0.331726002,0.396329001,0.110289180
57.101000000,1779830080_5715,ann,False,True,True,True,1183,31c1594f7caae09c6975238b7b255ad5c765bc56640ec43b539fdb93165d94da,absolute,standard,2.785179346,0.473812433,2.785179346,0.473812433,3.312217865,1.162060375,3.577617046,0.652798080,first_gps,0.003839221,-0.137136925,1.000000000,0.000000000,22.459733517,0.003398805,0.136538247,0.136580543,-0.000257527,0.236556653,0.236556793,-0.000515054,0.473113305,0.473113586,0.545457757,0.268270195,-0.056737591,0.327677632,0.394590348,0.116212086
57.150000000,1779830080_5715,ann,False,True,True,True,1183,31c1594f7caae09c6975238b7b255ad5c765bc56640ec43b539fdb93165d94da,absolute,standard,2.792706865,0.526233268,2.792706865,0.526233268,3.285206830,1.201534882,3.289646534,1.000870332,first_gps,0.003839221,-0.137136925,1.000000000,0.000000000,22.506457843,0.012168965,0.206661307,0.207019273,-0.000223780,0.237017073,0.237017178,-0.000447561,0.474034145,0.474034356,0.562371467,0.268801555,-0.077570089,0.324976528,0.390795819,0.120159536
57.200000000,1779830080_5715,ann,False,True,True,True,1183,31c1594f7caae09c6975238b7b255ad5c765bc56640ec43b539fdb93165d94da,absolute,standard,2.773786779,0.554339574,2.773786779,0.554339574,3.244691707,1.260743760,3.538027067,0.990368528,first_gps,0.003839221,-0.137136925,1.000000000,0.000000000,22.516560657,-0.002691424,0.302802368,0.302814329,-0.000208787,0.237125949,0.237126041,-0.000417574,0.474251898,0.474252082,0.565900345,0.268912418,-0.081951394,0.320925016,0.390167438,0.126080424
57.250000000,1779830080_5715,ann,False,True,True,True,1183,31c1594f7caae09c6975238b7b255ad5c765bc56640ec43b539fdb93165d94da,absolute,standard,2.752003974,0.528554979,2.752003974,0.528554979,3.217676055,1.300228956,3.399677991,1.102277349,first_gps,0.003839221,-0.137136925,1.000000000,0.000000000,22.403443895,0.007845106,-0.067758587,0.068211229,-0.000183656,0.236003571,0.236003643,-0.000367311,0.472007142,0.472007285,0.525391181,0.267639785,-0.031791872,0.318223451,0.397704783,0.130028944
57.300000000,1779830080_5715,ann,False,True,True,True,1183,31c1594f7caae09c6975238b7b255ad5c765bc56640ec43b539fdb93165d94da,absolute,standard,2.745197307,0.547891211,2.745197307,0.547891211,3.190665283,1.339695839,3.418740223,1.080972712,first_gps,0.003839221,-0.137136925,1.000000000,0.000000000,22.408289928,0.000697178,-0.246956803,0.246957787,-0.000178065,0.236048239,0.236048307,-0.000356130,0.472096479,0.472096613,0.527173036,0.267695763,-0.034006869,0.315522374,0.397394504,0.133975632
57.354000000,1779830080_5715,ann,False,True,True,True,1183,31c1594f7caae09c6975238b7b255ad5c765bc56640ec43b539fdb93165d94da,absolute,standard,2.733957802,0.622165677,2.733957802,0.622165677,3.150177621,1.398927990,3.466690833,0.963632498,first_gps,0.003839221,-0.137136925,1.000000000,0.000000000,22.489116015,0.002594069,-0.297324571,0.297335887,-0.000186438,0.236854731,0.236854804,-0.000372876,0.473709461,0.473709608,0.556211374,0.268608030,-0.070057831,0.311473608,0.392586137,0.139898847
57.400000000,1779830080_5715,ann,False,True,True,True,1183,31c1594f7caae09c6975238b7b255ad5c765bc56640ec43b539fdb93165d94da,absolute,standard,2.728754344,0.613142572,2.728754344,0.613142572,3.109694541,1.458167993,3.286455684,0.864030303,first_gps,0.003839221,-0.137136925,1.000000000,0.000000000,22.404001108,0.002802305,-0.473399101,0.473407395,-0.000186282,0.235999452,0.235999525,-0.000372565,0.471998903,0.471999050,0.525525326,0.267643999,-0.031933601,0.307425299,0.397369403,0.145822847
57.456000000,1779830080_5715,ann,False,True,True,True,1183,31c1594f7caae09c6975238b7b255ad5c765bc56640ec43b539fdb93165d94da,absolute,standard,2.692833711,0.694022962,2.692833711,0.694022962,3.082706063,1.497660052,3.318520777,1.024251906,first_gps,0.003839221,-0.137136925,1.000000000,0.000000000,22.522602472,0.001819760,-0.082393151,0.082413245,-0.000193367,0.237189359,0.237189438,-0.000386734,0.474378719,0.474378877,0.567350425,0.268957973,-0.083748824,0.304726452,0.389887143,0.149772053
57.500000000,1779830080_5715,ann,False,True,True,True,1183,31c1594f7caae09c6975238b7b255ad5c765bc56640ec43b539fdb93165d94da,absolute,standard,2.690351599,0.663475353,2.690351599,0.663475353,3.042227115,1.556897461,3.335268353,1.078399325,first_gps,0.003839221,-0.137136925,1.000000000,0.000000000,22.403828893,-0.002696462,-0.360076208,0.360086304,-0.000198409,0.235993680,0.235993764,-0.000396818,0.471987360,0.471987527,0.524952192,0.267625994,-0.031207521,0.300678557,0.397292023,0.155695794
57.553000000,1779830080_5715,ann,False,True,True,True,1183,31c1594f7caae09c6975238b7b255ad5c765bc56640ec43b539fdb93165d94da,absolute,standard,2.667042767,0.705214763,2.667042767,0.705214763,3.015227106,1.596378789,3.411178152,1.260516264,first_gps,0.003839221,-0.137136925,1.000000000,0.000000000,22.431639360,-0.000181284,0.023255014,0.023255721,-0.000187396,0.236278787,0.236278861,-0.000374793,0.472557574,0.472557722,0.535483619,0.267956848,-0.044358561,0.297978556,0.396273918,0.159643927
57.603000000,1779830080_5715,ann,False,True,True,True,1183,31c1594f7caae09c6975238b7b255ad5c765bc56640ec43b539fdb93165d94da,absolute,standard,2.664005212,0.723409509,2.664005212,0.723409509,2.974724392,1.655592708,3.436475692,1.281384825,first_gps,0.003839221,-0.137136925,1.000000000,0.000000000,22.412166467,-0.005664592,-0.407434364,0.407473740,-0.000200732,0.236078676,0.236078761,-0.000401464,0.472157352,0.472157522,0.527665798,0.267711244,-0.034597970,0.293928285,0.397065399,0.165565319
57.655000000,1779830080_5715,ann,False,True,True,True,1183,31c1594f7caae09c6975238b7b255ad5c765bc56640ec43b539fdb93165d94da,absolute,standard,2.654760835,0.773421793,2.654760835,0.773421793,2.947708876,1.695070868,3.446141257,1.426625811,first_gps,0.003839221,-0.137136925,1.000000000,0.000000000,22.450441377,0.000728551,-0.319657589,0.319658419,-0.000204647,0.236461739,0.236461827,-0.000409294,0.472923477,0.472923654,0.541639856,0.268150252,-0.051991903,0.291226733,0.395174915,0.169513135
57.700000000,1779830080_5715,ann,False,True,True,True,1183,31c1594f7caae09c6975238b7b255ad5c765bc56640ec43b539fdb93165d94da,absolute,standard,2.647898016,0.775830127,2.647898016,0.775830127,2.920689859,1.734554252,3.426272874,1.360921247,first_gps,0.003839221,-0.137136925,1.000000000,0.000000000,22.407160020,0.002454488,-0.348718803,0.348727441,-0.000200581,0.236035559,0.236035644,-0.000401162,0.472071117,0.472071288,0.526260691,0.267667101,-0.032863967,0.288524831,0.397445040,0.173461473
57.750000000,1779830080_5715,ann,False,True,True,True,1183,31c1594f7caae09c6975238b7b255ad5c765bc56640ec43b539fdb93165d94da,absolute,standard,2.638278872,0.888153531,2.638278872,0.888153531,2.880174523,1.793753034,3.424005585,1.371735950,first_gps,0.003839221,-0.137136925,1.000000000,0.000000000,22.538223180,-0.004885216,0.399952695,0.399982529,-0.000212490,0.237331098,0.237331193,-0.000424979,0.474662197,0.474662387,0.572942548,0.269133655,-0.090475724,0.284473298,0.387886602,0.179381351
57.800000000,1779830080_5715,ann,False,True,True,True,1183,31c1594f7caae09c6975238b7b255ad5c765bc56640ec43b539fdb93165d94da,absolute,standard,2.611490490,0.872694064,2.611490490,0.872694064,2.853145929,1.833214511,3.496943742,1.677239340,first_gps,0.003839221,-0.137136925,1.000000000,0.000000000,22.466015203,-0.000126487,0.137112210,0.137112268,-0.000205659,0.236619926,0.236620016,-0.000411318,0.473239853,0.473240032,0.547922580,0.268347630,-0.059793388,0.281770438,0.394152561,0.183327499
57.850000000,1779830080_5715,ann,False,True,True,True,1183,31c1594f7caae09c6975238b7b255ad5c765bc56640ec43b539fdb93165d94da,absolute,standard,2.577582211,0.901266590,2.577582211,0.901266590,2.812600304,1.892417427,3.411113470,1.590877056,first_gps,0.003839221,-0.137136925,1.000000000,0.000000000,22.471705749,-0.012505308,0.128540355,0.129147224,-0.000246281,0.236673696,0.236673824,-0.000492563,0.473347392,0.473347649,0.549989090,0.268412551,-0.062334855,0.277715876,0.393654109,0.189247791
57.901000000,1779830080_5715,ann,False,True,True,True,1183,31c1594f7caae09c6975238b7b255ad5c765bc56640ec43b539fdb93165d94da,absolute,standard,2.576264096,0.920368396,2.576264096,0.920368396,2.772037415,1.951596225,3.172522912,1.418399257,first_gps,0.003839221,-0.137136925,1.000000000,0.000000000,22.413862018,0.006071047,-0.148349695,0.148473869,-0.000233415,0.236103898,0.236104014,-0.000466829,0.472207797,0.472208028,0.529946972,0.267782909,-0.037468617,0.273659587,0.397082606,0.195165671
57.950000000,1779830080_5715,ann,False,True,True,True,1183,31c1594f7caae09c6975238b7b255ad5c765bc56640ec43b539fdb93165d94da,absolute,standard,2.561183409,0.973655345,2.561183409,0.973655345,2.744992113,1.991051949,3.421808198,1.616535953,first_gps,0.003839221,-0.137136925,1.000000000,0.000000000,22.466998806,-0.004397762,0.159456689,0.159517322,-0.000234586,0.236628132,0.236628248,-0.000469172,0.473256264,0.473256497,0.549003085,0.268381575,-0.061122798,0.270955057,0.393894505,0.199111243
58.000000000,1779830080_5715,ann,False,True,True,True,1183,31c1594f7caae09c6975238b7b255ad5c765bc56640ec43b539fdb93165d94da,absolute,standard,2.535716721,1.022013463,2.535716721,1.022013463,2.717952815,2.030506121,3.123487179,1.517752614,first_gps,0.003839221,-0.137136925,1.000000000,0.000000000,22.507614241,-0.002632382,-0.112141032,0.112171924,-0.000246509,0.237034177,0.237034305,-0.000493018,0.474068354,0.474068610,0.564294564,0.268861971,-0.079966886,0.268251127,0.390501703,0.203056660
58.050000000,1779830080_5715,ann,False,True,True,True,1183,31c1594f7caae09c6975238b7b255ad5c765bc56640ec43b539fdb93165d94da,absolute,standard,2.569540571,1.098913397,2.569540571,1.098913397,2.677402756,2.089692649,3.206609522,1.725769739,first_gps,0.003839221,-0.137136925,1.000000000,0.000000000,22.533592527,0.004169747,0.493869477,0.493887079,-0.000224069,0.237294756,0.237294862,-0.000448138,0.474589512,0.474589724,0.572354625,0.269115185,-0.089834069,0.264196121,0.388376993,0.208975313
58.100000000,1779830080_5715,ann,False,True,True,True,1183,31c1594f7caae09c6975238b7b255ad5c765bc56640ec43b539fdb93165d94da,absolute,standard,2.520387179,1.076968217,2.520387179,1.076968217,2.650375185,2.129168678,3.261253802,1.759665601,first_gps,0.003839221,-0.137136925,1.000000000,0.000000000,22.474088899,0.003985124,-0.144700041,0.144754907,-0.000207000,0.236703703,0.236703793,-0.000413999,0.473407405,0.473407587,0.551664865,0.268465197,-0.064439474,0.261493364,0.393522380,0.212922916
58.150000000,1779830080_5715,ann,False,True,True,True,1183,31c1594f7caae09c6975238b7b255ad5c765bc56640ec43b539fdb93165d94da,absolute,standard,2.510978275,1.150563904,2.510978275,1.150563904,2.609875466,2.188382611,3.128454747,1.794034462,first_gps,0.003839221,-0.137136925,1.000000000,0.000000000,22.519368563,0.001948406,0.209535103,0.209544162,-0.000190497,0.237149452,0.237149528,-0.000380994,0.474298903,0.474299056,0.566369546,0.268927158,-0.082494741,0.257443392,0.389896461,0.218844309
58.200000000,1779830080_5715,ann,False,True,True,True,1183,31c1594f7caae09c6975238b7b255ad5c765bc56640ec43b539fdb93165d94da,absolute,standard,2.496401716,1.165619206,2.496401716,1.165619206,2.569412939,2.247634454,3.227110124,1.813862228,first_gps,0.003839221,-0.137136925,1.000000000,0.000000000,22.470874632,0.009361937,0.129098872,0.129437879,-0.000178090,0.236666178,0.236666245,-0.000356180,0.473332357,0.473332491,0.548249980,0.268357915,-0.060186862,0.253397139,0.394012929,0.224769493
58.250000000,1779830080_5715,ann,False,True,True,True,1183,31c1594f7caae09c6975238b7b255ad5c765bc56640ec43b539fdb93165d94da,absolute,standard,2.468699401,1.185881361,2.468699401,1.185881361,2.542468713,2.287146188,3.307782675,1.955383897,first_gps,0.003839221,-0.137136925,1.000000000,0.000000000,22.473778344,0.002733060,0.069319342,0.069373199,-0.000204444,0.236695944,0.236696032,-0.000408887,0.473391887,0.473392064,0.549262008,0.268389709,-0.061443123,0.250702717,0.393844265,0.228720667
58.301000000,1779830080_5715,ann,False,True,True,True,1183,31c1594f7caae09c6975238b7b255ad5c765bc56640ec43b539fdb93165d94da,absolute,standard,2.454466630,1.177768534,2.454466630,1.177768534,2.502073842,2.346443239,3.029186792,1.744753613,first_gps,0.003839221,-0.137136925,1.000000000,0.000000000,22.409964979,-0.005119057,-0.296057810,0.296102063,-0.000213474,0.236064516,0.236064613,-0.000426949,0.472129033,0.472129226,0.527113888,0.267693905,-0.033931766,0.246663230,0.397386059,0.234650372
58.350000000,1779830080_5715,ann,False,True,True,True,1183,31c1594f7caae09c6975238b7b255ad5c765bc56640ec43b539fdb93165d94da,absolute,standard,2.440172394,1.245367622,2.440172394,1.245367622,2.475166148,2.385983252,3.167518822,1.991122102,first_gps,0.003839221,-0.137136925,1.000000000,0.000000000,22.457709519,-0.000742001,0.139927082,0.139929049,-0.000231379,0.236530754,0.236530867,-0.000462758,0.473061508,0.473061735,0.543937670,0.268222440,-0.054826509,0.243972460,0.394669084,0.238604373
58.400000000,1779830080_5715,ann,False,True,True,True,1183,31c1594f7caae09c6975238b7b255ad5c765bc56640ec43b539fdb93165d94da,absolute,standard,2.409293081,1.289044136,2.409293081,1.289044136,2.434806704,2.445317911,3.058046784,1.929414934,first_gps,0.003839221,-0.137136925,1.000000000,0.000000000,22.463526645,-0.000291910,-0.054176382,0.054177169,-0.000222580,0.236590864,0.236590969,-0.000445161,0.473181729,0.473181938,0.546306958,0.268296873,-0.057771948,0.239936516,0.394313729,0.244537839
58.450000000,1779830080_5715,ann,False,True,True,True,1183,31c1594f7caae09c6975238b7b255ad5c765bc56640ec43b539fdb93165d94da,absolute,standard,2.407633001,1.312997880,2.407633001,1.312997880,2.407886616,2.484855226,3.255936750,1.975342478,first_gps,0.003839221,-0.137136925,1.000000000,0.000000000,22.446765473,-0.001204037,0.136307749,0.136313067,-0.000237150,0.236426707,0.236426826,-0.000474300,0.472853415,0.472853652,0.541408096,0.268142971,-0.051711767,0.237244507,0.395270774,0.248491571
58.500000000,1779830080_5715,ann,False,True,True,True,1183,31c1594f7caae09c6975238b7b255ad5c765bc56640ec43b539fdb93165d94da,absolute,standard,2.401766201,1.327110022,2.401766201,1.327110022,2.380936516,2.524363474,3.110245962,2.010654151,first_gps,0.003839221,-0.137136925,1.000000000,0.000000000,22.432363247,-0.000848869,-0.356293936,0.356294947,-0.000227484,0.236276885,0.236276995,-0.000454968,0.472553770,0.472553989,0.536210057,0.267979670,-0.045228358,0.234549497,0.395870104,0.252442396
58.550000000,1779830080_5715,ann,False,True,True,True,1183,31c1594f7caae09c6975238b7b255ad5c765bc56640ec43b539fdb93165d94da,absolute,standard,2.380633739,1.400025656,2.380633739,1.400025656,2.340473698,2.583613861,2.914088323,2.096216081,first_gps,0.003839221,-0.137136925,1.000000000,0.000000000,22.459693486,0.002601884,0.175637645,0.175656916,-0.000244165,0.236550843,0.236550969,-0.000488331,0.473101686,0.473101938,0.545767396,0.268279923,-0.057095501,0.230503215,0.394356044,0.258367434
58.600000000,1779830080_5715,ann,False,True,True,True,1183,31c1594f7caae09c6975238b7b255ad5c765bc56640ec43b539fdb93165d94da,absolute,standard,2.342594571,1.462396414,2.342594571,1.462396414,2.300006690,2.642858146,3.010563879,2.003014475,first_gps,0.003839221,-0.137136925,1.000000000,0.000000000,22.497516917,-0.002987213,0.102856348,0.102899717,-0.000252967,0.236928160,0.236928296,-0.000505934,0.473856321,0.473856591,0.559405040,0.268708362,-0.073928084,0.226456514,0.391518986,0.264291863
58.650000000,1779830080_5715,ann,False,True,True,True,1183,31c1594f7caae09c6975238b7b255ad5c765bc56640ec43b539fdb93165d94da,absolute,standard,2.325997752,1.519114037,2.325997752,1.519114037,2.273026234,2.682370020,3.172143221,2.105404090,first_gps,0.003839221,-0.137136925,1.000000000,0.000000000,22.527296790,0.005590012,-0.029806017,0.030325681,-0.000219814,0.237237121,0.237237223,-0.000439628,0.474474243,0.474474447,0.570016059,0.269041717,-0.087017017,0.223758469,0.389199523,0.268243050
58.702000000,1779830080_5715,ann,False,True,True,True,1183,31c1594f7caae09c6975238b7b255ad5c765bc56640ec43b539fdb93165d94da,absolute,standard,2.311669187,1.490694873,2.311669187,1.490694873,2.232592897,2.741647627,3.143857722,2.164858246,first_gps,0.003839221,-0.137136925,1.000000000,0.000000000,22.431604215,-0.004580336,0.073225990,0.073369102,-0.000233187,0.236278219,0.236278334,-0.000466373,0.472556438,0.472556668,0.535143837,0.267946174,-0.043934886,0.219715135,0.396315222,0.274170811
58.750000000,1779830080_5715,ann,False,True,True,True,1183,31c1594f7caae09c6975238b7b255ad5c765bc56640ec43b539fdb93165d94da,absolute,standard,2.293171456,1.551634213,2.293171456,1.551634213,2.205631225,2.781144231,2.998300773,2.418142712,first_gps,0.003839221,-0.137136925,1.000000000,0.000000000,22.473441984,-0.000363792,-0.060082005,0.060083107,-0.000233804,0.236688286,0.236688401,-0.000467609,0.473376571,0.473376802,0.550574337,0.268430937,-0.063043833,0.217018968,0.393447149,0.278120471
58.801000000,1779830080_5715,ann,False,True,True,True,1183,31c1594f7caae09c6975238b7b255ad5c765bc56640ec43b539fdb93165d94da,absolute,standard,2.309958354,1.621452054,2.309958354,1.621452054,2.165191978,2.840408309,3.121284633,2.456736759,first_gps,0.003839221,-0.137136925,1.000000000,0.000000000,22.477024619,-0.000656064,0.363943788,0.363944379,-0.000222794,0.236727689,0.236727794,-0.000445587,0.473455378,0.473455588,0.553322778,0.268517282,-0.066458476,0.212975043,0.393005363,0.284046879
58.850000000,1779830080_5715,ann,False,True,True,True,1183,31c1594f7caae09c6975238b7b255ad5c765bc56640ec43b539fdb93165d94da,absolute,standard,2.282884803,1.608727253,2.282884803,1.608727253,2.138250694,2.879921512,3.012717056,2.376740048,first_gps,0.003839221,-0.137136925,1.000000000,0.000000000,22.434054033,0.004782551,-0.306499021,0.306536332,-0.000209086,0.236296561,0.236296654,-0.000418171,0.472593122,0.472593307,0.537165521,0.268009687,-0.046427110,0.210280915,0.395823639,0.287998199
58.900000000,1779830080_5715,ann,False,True,True,True,1183,31c1594f7caae09c6975238b7b255ad5c765bc56640ec43b539fdb93165d94da,absolute,standard,2.234800107,1.643085265,2.234800107,1.643085265,2.111315940,2.919453026,3.005126658,2.525337154,first_gps,0.003839221,-0.137136925,1.000000000,0.000000000,22.461536013,-0.012397599,-0.028701570,0.031264686,-0.000218413,0.236578114,0.236578215,-0.000436826,0.473156229,0.473156430,0.546781582,0.268311784,-0.058394749,0.207587439,0.394462996,0.291951351
58.950000000,1779830080_5715,ann,False,True,True,True,1183,31c1594f7caae09c6975238b7b255ad5c765bc56640ec43b539fdb93165d94da,absolute,standard,2.228238210,1.736390671,2.228238210,1.736390671,2.070917378,2.978758755,3.041720386,2.345282677,first_gps,0.003839221,-0.137136925,1.000000000,0.000000000,22.501569874,0.000943393,0.087373151,0.087378244,-0.000217588,0.236974776,0.236974876,-0.000435177,0.473949553,0.473949753,0.561378538,0.268770361,-0.076392690,0.203547583,0.391251085,0.297881924
59.002000000,1779830080_5715,ann,False,True,True,True,1183,31c1594f7caae09c6975238b7b255ad5c765bc56640ec43b539fdb93165d94da,absolute,standard,2.204868261,1.736947859,2.204868261,1.736947859,2.030485597,3.038028754,2.941057055,2.398786148,first_gps,0.003839221,-0.137136925,1.000000000,0.000000000,22.459939655,-0.009097243,-0.214824320,0.215016856,-0.000235667,0.236563179,0.236563296,-0.000471334,0.473126357,0.473126592,0.546140705,0.268291650,-0.057605457,0.199504405,0.394614214,0.303808923
59.054000000,1779830080_5715,ann,False,True,True,True,1183,31c1594f7caae09c6975238b7b255ad5c765bc56640ec43b539fdb93165d94da,absolute,standard,2.196627541,1.787502775,2.196627541,1.787502775,2.003500141,3.077519256,2.940750988,2.304475021,first_gps,0.003839221,-0.137136925,1.000000000,0.000000000,22.463302342,0.006005357,0.063101527,0.063386647,-0.000242314,0.236591418,0.236591542,-0.000484629,0.473182836,0.473183084,0.546475757,0.268302176,-0.057994701,0.196805859,0.394375914,0.307757974
59.101000000,1779830080_5715,ann,False,True,True,True,1183,31c1594f7caae09c6975238b7b255ad5c765bc56640ec43b539fdb93165d94da,absolute,standard,2.181948202,1.895784019,2.181948202,1.895784019,1.975680361,3.116404895,2.915529644,2.513684127,first_gps,0.003839221,-0.137136925,1.000000000,0.000000000,22.569108501,-0.002663423,0.287716248,0.287728576,-0.000248828,0.237642295,0.237642426,-0.000497656,0.475284591,0.475284851,0.583795334,0.269474605,-0.103666221,0.194023882,0.384653561,0.311646538
59.150000000,1779830080_5715,ann,False,True,True,True,1183,31c1594f7caae09c6975238b7b255ad5c765bc56640ec43b539fdb93165d94da,absolute,standard,2.112981113,1.968745903,2.112981113,1.968745903,1.928005004,3.169977625,3.209847744,2.624998622,first_gps,0.003839221,-0.137136925,1.000000000,0.000000000,22.631336276,-0.007864554,0.113091272,0.113364399,-0.000275249,0.238268281,0.238268440,-0.000550497,0.476536562,0.476536880,0.606364915,0.270183650,-0.130697386,0.189256346,0.376460482,0.317003811
59.200000000,1779830080_5715,ann,False,True,True,True,1183,31c1594f7caae09c6975238b7b255ad5c765bc56640ec43b539fdb93165d94da,absolute,standard,2.095813261,2.104983395,2.095813261,2.104983395,1.892615763,3.202139606,2.896699685,2.576640508,first_gps,0.003839221,-0.137136925,1.000000000,0.000000000,22.759467678,-0.007950333,0.553380035,0.553437143,-0.000283898,0.239553609,0.239553778,-0.000567795,0.479107219,0.479107555,0.652268308,0.271625747,-0.183503760,0.185717422,0.353889225,0.320220009
59.262000000,1779830080_5715,ann,False,True,True,True,1183,31c1594f7caae09c6975238b7b255ad5c765bc56640ec43b539fdb93165d94da,absolute,standard,2.015429869,2.188802875,2.015429869,2.188802875,1.814312568,3.256904019,3.082241455,2.705592001,first_gps,0.003839221,-0.137136925,1.000000000,0.000000000,22.814753191,-0.000038288,0.418417457,0.418417459,-0.000300767,0.240103612,0.240103800,-0.000601534,0.480207223,0.480207600,0.671249410,0.272222056,-0.204219441,0.177887102,0.342243127,0.325696450
59.300000000,1779830080_5715,ann,False,True,True,True,1183,31c1594f7caae09c6975238b7b255ad5c765bc56640ec43b539fdb93165d94da,absolute,standard,2.000899209,2.122299621,2.000899209,2.122299621,1.771958939,3.279119747,2.987861241,2.512781758,first_gps,0.003839221,-0.137136925,1.000000000,0.000000000,22.728652235,-0.004912343,-0.433130395,0.433158251,-0.000326166,0.239244993,0.239245216,-0.000652332,0.478489987,0.478490431,0.639495265,0.271224470,-0.169153326,0.173651739,0.360953651,0.327918023
59.365000000,1779830080_5715,ann,False,True,True,True,1183,31c1594f7caae09c6975238b7b255ad5c765bc56640ec43b539fdb93165d94da,absolute,standard,1.876092146,2.412872014,1.876092146,2.412872014,1.705289592,3.305512014,2.888095314,2.680630765,first_gps,0.003839221,-0.137136925,1.000000000,0.000000000,23.062663436,0.010647817,1.000000000,1.000000000,-0.000318576,0.242582969,0.242583178,-0.000637152,0.485165938,0.485166357,0.759283366,0.274987725,-0.289916545,0.166984805,0.273480657,0.330557249
59.400000000,1779830080_5715,ann,False,True,True,True,1183,31c1594f7caae09c6975238b7b255ad5c765bc56640ec43b539fdb93165d94da,absolute,standard,1.808596169,2.318894021,1.808596169,2.318894021,1.682392768,3.312395660,2.866375024,2.835748713,first_gps,0.003839221,-0.137136925,1.000000000,0.000000000,22.979626389,0.001158696,-0.171967090,0.171970994,-0.000303992,0.241750665,0.241750856,-0.000607985,0.483501330,0.483501712,0.728602750,0.274023865,-0.262209169,0.164695122,0.300062946,0.331245614
59.475000000,1779830080_5715,ann,False,True,True,True,1183,31c1594f7caae09c6975238b7b255ad5c765bc56640ec43b539fdb93165d94da,absolute,standard,1.643761497,2.421594913,1.643761497,2.421594913,1.612216043,3.327168505,2.750227132,2.878186882,first_gps,0.003839221,-0.137136925,1.000000000,0.000000000,23.144048686,-0.003632613,0.089701753,0.089775277,-0.000306872,0.243397103,0.243397296,-0.000613743,0.486794206,0.486794592,0.788997042,0.275921207,-0.314153166,0.157677450,0.245271503,0.332722899
59.524000000,1779830080_5715,ann,False,True,True,True,1183,31c1594f7caae09c6975238b7b255ad5c765bc56640ec43b539fdb93165d94da,absolute,standard,1.624626793,2.447608221,1.624626793,2.447608221,1.564645355,3.332012454,2.643666383,2.718449567,first_gps,0.003839221,-0.137136925,1.000000000,0.000000000,23.156239256,-0.000894197,0.237333284,0.237334969,-0.000299235,0.243516083,0.243516267,-0.000598469,0.487032167,0.487032535,0.793558680,0.276064515,-0.317557766,0.152920381,0.240685315,0.333207293
59.584000000,1779830080_5715,ann,False,True,True,True,1183,31c1594f7caae09c6975238b7b255ad5c765bc56640ec43b539fdb93165d94da,absolute,standard,1.512932940,2.454118912,1.512932940,2.454118912,1.469124208,3.329527966,2.621892654,2.703519386,first_gps,0.003839221,-0.137136925,1.000000000,0.000000000,23.196557310,-0.008220136,-0.222033337,0.222185448,-0.000308171,0.243922999,0.243923194,-0.000616342,0.487845998,0.487846387,0.807960899,0.276516974,-0.328221902,0.143368266,0.226146550,0.332958845
59.616000000,1779830080_5715,ann,False,True,True,True,1183,31c1594f7caae09c6975238b7b255ad5c765bc56640ec43b539fdb93165d94da,absolute,standard,1.520162457,2.551220543,1.520162457,2.551220543,1.445414584,3.326358905,2.704815904,2.721496265,first_gps,0.003839221,-0.137136925,1.000000000,0.000000000,23.304390728,0.003275719,1.000000000,1.000000000,-0.000307516,0.245003953,0.245004146,-0.000615032,0.490007906,0.490008292,0.846756741,0.277735782,-0.353359126,0.140997304,0.184604384,0.332641939
59.696000000,1779830080_5715,ann,False,True,True,True,1183,31c1594f7caae09c6975238b7b255ad5c765bc56640ec43b539fdb93165d94da,absolute,standard,1.254989274,2.541035589,1.254989274,2.541035589,1.352574357,3.303718128,2.502087299,2.938666524,first_gps,0.003839221,-0.137136925,1.000000000,0.000000000,23.440619075,-0.003839902,0.322871155,0.322893988,-0.000338418,0.246359910,0.246360142,-0.000676837,0.492719820,0.492720285,0.895819395,0.279277130,-0.377312957,0.131713281,0.128098917,0.330377861
59.724000000,1779830080_5715,ann,False,True,True,True,1183,31c1594f7caae09c6975238b7b255ad5c765bc56640ec43b539fdb93165d94da,absolute,standard,1.215443496,2.529324601,1.215443496,2.529324601,1.307951957,3.286564343,2.451121353,2.867149887,first_gps,0.003839221,-0.137136925,1.000000000,0.000000000,23.437783558,0.005689654,-0.271271848,0.271331508,-0.000332319,0.246335466,0.246335690,-0.000664638,0.492670932,0.492671380,0.895345901,0.279262255,-0.377245119,0.127251041,0.128702045,0.328662482
59.750000000,1779830080_5715,ann,False,True,True,True,1183,31c1594f7caae09c6975238b7b255ad5c765bc56640ec43b539fdb93165d94da,absolute,standard,1.142843437,2.561469228,1.142843437,2.561469228,1.286221493,3.276574158,2.382178658,2.784087878,first_gps,0.003839221,-0.137136925,1.000000000,0.000000000,23.538339180,0.004745917,0.437458179,0.437483923,-0.000321403,0.247341620,0.247341829,-0.000642807,0.494683240,0.494683657,0.931695410,0.280404209,-0.389472260,0.125077995,0.084881845,0.327663464
59.801000000,1779830080_5715,ann,False,True,True,True,1183,31c1594f7caae09c6975238b7b255ad5c765bc56640ec43b539fdb93165d94da,absolute,standard,1.024385607,2.523777330,1.024385607,2.523777330,1.223839555,3.241217162,2.500596316,2.777472874,first_gps,0.003839221,-0.137136925,1.000000000,0.000000000,23.574751742,0.002345750,-0.063710257,0.063753427,-0.000316111,0.247697561,0.247697762,-0.000632221,0.495395121,0.495395525,0.943611049,0.280778549,-0.392107346,0.118839801,0.070198126,0.324127764
59.850000000,1779830080_5715,ann,False,True,True,True,1183,31c1594f7caae09c6975238b7b255ad5c765bc56640ec43b539fdb93165d94da,absolute,standard,0.978887998,2.501889755,0.978887998,2.501889755,1.162954353,3.203241309,2.431562135,2.782041870,first_gps,0.003839221,-0.137136925,1.000000000,0.000000000,23.596117755,-0.003073027,-0.369087440,0.369100233,-0.000320125,0.247920735,0.247920941,-0.000640249,0.495841470,0.495841883,0.951667075,0.281031637,-0.394071861,0.112751281,0.060300951,0.320330179
59.900000000,1779830080_5715,ann,False,True,True,True,1183,31c1594f7caae09c6975238b7b255ad5c765bc56640ec43b539fdb93165d94da,absolute,standard,0.921701341,2.488430132,0.921701341,2.488430132,1.102074766,3.165267033,2.519430929,2.871723525,first_gps,0.003839221,-0.137136925,1.000000000,0.000000000,23.595949351,-0.001284378,0.033534503,0.033559090,-0.000277005,0.247918897,0.247919052,-0.000554010,0.495837794,0.495838103,0.953694442,0.281095329,-0.394441141,0.106663322,0.057788843,0.316532751
59.963000000,1779830080_5715,ann,False,True,True,True,1183,31c1594f7caae09c6975238b7b255ad5c765bc56640ec43b539fdb93165d94da,absolute,standard,0.908833584,2.481771467,0.908833584,2.481771467,1.081782846,3.152610112,2.431124701,3.017305800,first_gps,0.003839221,-0.137136925,1.000000000,0.000000000,23.596121259,-0.001284378,0.033534503,0.033559090,-0.000277005,0.247918897,0.247919052,-0.000554010,0.495837794,0.495838103,0.953694442,0.281095329,-0.394384443,0.104634130,0.057780536,0.315267059
60.014000000,1779830080_5715,ann,False,True,True,True,1183,31c1594f7caae09c6975238b7b255ad5c765bc56640ec43b539fdb93165d94da,absolute,standard,0.885155551,2.490379174,0.885155551,2.490379174,1.000601291,3.102019248,2.149953130,2.828068076,first_gps,0.003839221,-0.137136925,1.000000000,0.000000000,23.636840900,0.004342438,0.560747387,0.560764201,-0.000258357,0.248329036,0.248329170,-0.000516715,0.496658071,0.496658340,0.968283848,0.281553668,-0.396714572,0.096515975,0.039659669,0.310207973
60.059000000,1779830080_5715,ann,False,True,True,True,1183,31c1594f7caae09c6975238b7b255ad5c765bc56640ec43b539fdb93165d94da,absolute,standard,0.832698620,2.457191882,0.832698620,2.457191882,0.960004046,3.076712192,2.291277467,2.946106229,first_gps,0.003839221,-0.137136925,1.000000000,0.000000000,23.644187255,0.007115254,-0.625025813,0.625066312,-0.000233486,0.248402219,0.248402329,-0.000466972,0.496804438,0.496804657,0.970635322,0.281627542,-0.396986596,0.092456250,0.036726997,0.307677267
60.103000000,1779830080_5715,ann,False,True,True,True,1183,31c1594f7caae09c6975238b7b255ad5c765bc56640ec43b539fdb93165d94da,absolute,standard,0.801281723,2.448121183,0.801281723,2.448121183,0.896151617,3.044071608,2.007129733,2.822955186,first_gps,0.003839221,-0.137136925,1.000000000,0.000000000,23.631287087,-0.003078234,0.366782504,0.366795421,-0.000221181,0.248279361,0.248279459,-0.000442363,0.496558722,0.496558919,0.966016286,0.281482431,-0.396615126,0.086071007,0.042505435,0.304413209
60.154000000,1779830080_5715,ann,False,True,True,True,1183,31c1594f7caae09c6975238b7b255ad5c765bc56640ec43b539fdb93165d94da,absolute,standard,0.907153517,2.397050036,0.907153517,2.397050036,0.852681437,3.024140924,2.117011841,2.819070523,first_gps,0.003839221,-0.137136925,1.000000000,0.000000000,23.443291350,-0.002976677,-0.131240175,0.131273927,-0.000245623,0.246388201,0.246388323,-0.000491246,0.492776402,0.492776647,0.899121793,0.279380878,-0.378667815,0.081723989,0.124192699,0.302420140
60.201000000,1779830080_5715,ann,False,True,True,True,1183,31c1594f7caae09c6975238b7b255ad5c765bc56640ec43b539fdb93165d94da,absolute,standard,0.843341540,2.398922103,0.843341540,2.398922103,0.809204128,3.004215327,2.040145261,2.849955814,first_gps,0.003839221,-0.137136925,1.000000000,0.000000000,23.483769045,0.001448614,-0.046574723,0.046597246,-0.000247317,0.246792558,0.246792682,-0.000494635,0.493585116,0.493585364,0.913294791,0.279826136,-0.383807032,0.077376258,0.107210946,0.300427581
60.251000000,1779830080_5715,ann,False,True,True,True,1183,31c1594f7caae09c6975238b7b255ad5c765bc56640ec43b539fdb93165d94da,absolute,standard,0.775835722,2.395626972,0.775835722,2.395626972,0.743986617,2.974305162,2.189680327,2.869365864,first_gps,0.003839221,-0.137136925,1.000000000,0.000000000,23.535207416,0.003348145,-0.315770590,0.315788340,-0.000243432,0.247309324,0.247309444,-0.000486863,0.494618648,0.494618888,0.931527264,0.280398926,-0.389392615,0.070854507,0.085079977,0.297436564
60.300000000,1779830080_5715,ann,False,True,True,True,1183,31c1594f7caae09c6975238b7b255ad5c765bc56640ec43b539fdb93165d94da,absolute,standard,0.688991444,2.405478956,0.688991444,2.405478956,0.700508986,2.954343732,1.901100446,2.942100565,first_gps,0.003839221,-0.137136925,1.000000000,0.000000000,23.627826815,-0.004204902,0.426276520,0.426297258,-0.000255956,0.248236520,0.248236652,-0.000511912,0.496473040,0.496473304,0.964390506,0.281431355,-0.396121071,0.066506744,0.044500067,0.295440421
60.351000000,1779830080_5715,ann,False,True,True,True,1183,31c1594f7caae09c6975238b7b255ad5c765bc56640ec43b539fdb93165d94da,absolute,standard,0.764162007,2.364700052,0.764162007,2.364700052,0.635324043,2.924379580,1.897385056,2.957196325,first_gps,0.003839221,-0.137136925,1.000000000,0.000000000,23.475520155,0.005190561,-0.338455679,0.338495478,-0.000256339,0.246710320,0.246710454,-0.000512678,0.493420641,0.493420907,0.909875950,0.279718730,-0.382641746,0.059988250,0.111329430,0.292444006
60.407000000,1779830080_5715,ann,False,True,True,True,1183,31c1594f7caae09c6975238b7b255ad5c765bc56640ec43b539fdb93165d94da,absolute,standard,0.629694178,2.360376144,0.629694178,2.360376144,0.570141882,2.894391293,1.945579295,2.937549584,first_gps,0.003839221,-0.137136925,1.000000000,0.000000000,23.571205438,-0.005091633,0.157133668,0.157216139,-0.000254831,0.247670582,0.247670714,-0.000509663,0.495341165,0.495341427,0.944458482,0.280805172,-0.392569062,0.053470034,0.069202667,0.289445177
60.450000000,1779830080_5715,ann,False,True,True,True,1183,31c1594f7caae09c6975238b7b255ad5c765bc56640ec43b539fdb93165d94da,absolute,standard,0.691106702,2.350226149,0.691106702,2.350226149,0.504980884,2.864365935,1.730055062,3.153137747,first_gps,0.003839221,-0.137136925,1.000000000,0.000000000,23.501116260,0.008351559,-0.716628269,0.716676931,-0.000199130,0.246968515,0.246968596,-0.000398260,0.493937031,0.493937191,0.919477392,0.280020368,-0.385895682,0.046953934,0.099756796,0.286442642
60.509000000,1779830080_5715,ann,False,True,True,True,1183,31c1594f7caae09c6975238b7b255ad5c765bc56640ec43b539fdb93165d94da,absolute,standard,0.678825206,2.374941410,0.678825206,2.374941410,0.461526259,2.844358556,1.833100820,2.906709029,first_gps,0.003839221,-0.137136925,1.000000000,0.000000000,23.535670217,-0.002511935,0.868384073,0.868387706,-0.000200135,0.247315869,0.247315950,-0.000400269,0.494631738,0.494631900,0.931863068,0.280409476,-0.389543331,0.042608471,0.084682436,0.284441904
60.568000000,1779830080_5715,ann,False,True,True,True,1183,31c1594f7caae09c6975238b7b255ad5c765bc56640ec43b539fdb93165d94da,absolute,standard,0.653897936,2.319124982,0.653897936,2.319124982,0.418079589,2.824362184,1.807042337,2.955851054,first_gps,0.003839221,-0.137136925,1.000000000,0.000000000,23.492250565,-0.004072686,-1.000000000,1.000000000,-0.000193738,0.246879573,0.246879649,-0.000387476,0.493759146,0.493759298,0.916847481,0.279937747,-0.385048986,0.038263804,0.102939172,0.282442266
60.603000000,1779830080_5715,ann,False,True,True,True,1183,31c1594f7caae09c6975238b7b255ad5c765bc56640ec43b539fdb93165d94da,absolute,standard,0.538167359,2.327289453,0.538167359,2.327289453,0.352900102,2.794353511,1.709109123,3.055299216,first_gps,0.003839221,-0.137136925,1.000000000,0.000000000,23.539757759,0.009926325,-0.138480451,0.138835757,-0.000146709,0.247355714,0.247355758,-0.000293418,0.494711428,0.494711515,0.932856205,0.280440676,-0.389770844,0.031745856,0.083459187,0.279441399
60.659000000,1779830080_5715,ann,False,True,True,True,1183,31c1594f7caae09c6975238b7b255ad5c765bc56640ec43b539fdb93165d94da,absolute,standard,0.528207470,2.289972829,0.528207470,2.289972829,0.287744008,2.764342469,1.773028578,2.837738342,first_gps,0.003839221,-0.137136925,1.000000000,0.000000000,23.502336820,-0.007622876,-0.348697293,0.348780605,-0.000167751,0.246975221,0.246975278,-0.000335502,0.493950442,0.493950556,0.920179554,0.280042427,-0.385936441,0.025230246,0.098859617,0.276440295
60.708000000,1779830080_5715,ann,False,True,True,True,1183,31c1594f7caae09c6975238b7b255ad5c765bc56640ec43b539fdb93165d94da,absolute,standard,0.511956394,2.279411324,0.511956394,2.279411324,0.200848984,2.724321433,1.511949618,3.035150773,first_gps,0.003839221,-0.137136925,1.000000000,0.000000000,23.505113811,-0.000583236,-0.846348009,0.846348210,-0.000171887,0.247010889,0.247010949,-0.000343773,0.494021778,0.494021898,0.919907543,0.280033882,-0.386106900,0.016540744,0.099254954,0.272438191
60.775000000,1779830080_5715,ann,False,True,True,True,1183,31c1594f7caae09c6975238b7b255ad5c765bc56640ec43b539fdb93165d94da,absolute,standard,0.509790999,2.259390715,0.509790999,2.259390715,0.179127509,2.714317329,1.683008388,2.918198165,first_gps,0.003839221,-0.137136925,1.000000000,0.000000000,23.449452842,-0.003856160,-0.269906094,0.269933639,-0.000181609,0.246451725,0.246451791,-0.000363218,0.492903449,0.492903583,0.899192073,0.279383086,-0.378753924,0.014368596,0.124128326,0.271437781
60.800000000,1779830080_5715,ann,False,True,True,True,1183,31c1594f7caae09c6975238b7b255ad5c765bc56640ec43b539fdb93165d94da,absolute,standard,0.431390629,2.265455524,0.431390629,2.265455524,0.135672681,2.694313567,1.573369455,3.119260037,first_gps,0.003839221,-0.137136925,1.000000000,0.000000000,23.515281113,0.003683928,-0.086277786,0.086356399,-0.000192012,0.247109716,0.247109790,-0.000384024,0.494219432,0.494219581,0.919128542,0.280009409,-0.385771483,0.010023114,0.100175855,0.269437405
60.853000000,1779830080_5715,ann,False,True,True,True,1183,31c1594f7caae09c6975238b7b255ad5c765bc56640ec43b539fdb93165d94da,absolute,standard,0.378914508,2.271270099,0.378914508,2.271270099,0.092217081,2.674328607,1.372941126,3.027944037,first_gps,0.003839221,-0.137136925,1.000000000,0.000000000,23.565589444,0.001142985,0.205687565,0.205690740,-0.000190780,0.247612632,0.247612706,-0.000381560,0.495225264,0.495225411,0.937255843,0.280578895,-0.390842393,0.005677554,0.078055087,0.267438909
60.900000000,1779830080_5715,ann,False,True,True,True,1183,31c1594f7caae09c6975238b7b255ad5c765bc56640ec43b539fdb93165d94da,absolute,standard,0.343836021,2.243356154,0.343836021,2.243356154,0.027050093,2.644323938,1.407300136,2.871222180,first_gps,0.003839221,-0.137136925,1.000000000,0.000000000,23.545380812,-0.004161473,0.093128116,0.093221049,-0.000193314,0.247403141,0.247403216,-0.000386628,0.494806281,0.494806432,0.929615438,0.280338864,-0.388615659,-0.000839145,0.087358984,0.264438442
60.951000000,1779830080_5715,ann,False,True,True,True,1183,31c1594f7caae09c6975238b7b255ad5c765bc56640ec43b539fdb93165d94da,absolute,standard,0.319914616,2.250357687,0.319914616,2.250357687,-0.016395712,2.624294047,1.473585861,2.968205335,first_gps,0.003839221,-0.137136925,1.000000000,0.000000000,23.612358418,0.008976391,-1.000000000,1.000000000,-0.000202976,0.248077754,0.248077837,-0.000405952,0.496155508,0.496155674,0.954098359,0.281108018,-0.394339157,-0.005183726,0.057262862,0.262435453
61.019000000,1779830080_5715,ann,False,True,True,True,1183,31c1594f7caae09c6975238b7b255ad5c765bc56640ec43b539fdb93165d94da,absolute,standard,0.240981506,2.235659884,0.240981506,2.235659884,-0.081577074,2.594301980,1.252358602,2.973029776,first_gps,0.003839221,-0.137136925,1.000000000,0.000000000,23.594791753,0.007237089,-0.036534726,0.037244620,-0.000169685,0.247909694,0.247909752,-0.000339371,0.495819389,0.495819505,0.948820078,0.280942196,-0.393584913,-0.011701862,0.063834164,0.259436246
61.050000000,1779830080_5715,ann,False,True,True,True,1183,31c1594f7caae09c6975238b7b255ad5c765bc56640ec43b539fdb93165d94da,absolute,standard,0.257864451,2.210912420,0.257864451,2.210912420,-0.125027064,2.574309333,1.388224923,2.848742897,first_gps,0.003839221,-0.137136925,1.000000000,0.000000000,23.487787852,-0.001807649,-0.001923937,0.002639911,-0.000168600,0.246831037,0.246831094,-0.000337200,0.493662073,0.493662188,0.927172481,0.279722444,-0.388057378,-0.016046861,0.090367707,0.257436981
61.100000000,1779830080_5715,ann,False,True,True,True,1183,31c1594f7caae09c6975238b7b255ad5c765bc56640ec43b539fdb93165d94da,absolute,standard,0.241967647,2.210196410,0.241967647,2.210196410,-0.190213956,2.544328565,1.251006728,3.012244860,first_gps,0.003839221,-0.137136925,1.000000000,0.000000000,23.479112219,0.002581112,0.106617338,0.106648577,-0.000165947,0.246753168,0.246753224,-0.000331895,0.493506337,0.493506449,0.925362543,0.280205256,-0.387825376,-0.022565550,0.092641585,0.254438905
61.155000000,1779830080_5715,ann,False,True,True,True,1183,31c1594f7caae09c6975238b7b255ad5c765bc56640ec43b539fdb93165d94da,absolute,standard,0.178992155,2.218056211,0.178992155,2.218056211,-0.233652966,2.524327260,1.353536326,2.974100748,first_gps,0.003839221,-0.137136925,1.000000000,0.000000000,23.563860820,-0.007164936,0.440700946,0.440759186,-0.000153333,0.247587787,0.247587834,-0.000306667,0.495175573,0.495175668,0.955307002,0.281145989,-0.394387824,-0.026909451,0.055741670,0.252438774
61.200000000,1779830080_5715,ann,False,True,True,True,1183,31c1594f7caae09c6975238b7b255ad5c765bc56640ec43b539fdb93165d94da,absolute,standard,0.208941354,2.173909749,0.208941354,2.173909749,-0.277106938,2.504311824,1.198184900,3.120657503,first_gps,0.003839221,-0.137136925,1.000000000,0.000000000,23.458664230,-0.006363973,-0.283437854,0.283509290,-0.000182691,0.246547074,0.246547142,-0.000365381,0.493094148,0.493094284,0.917843234,0.279969030,-0.385477293,-0.031254848,0.101762697,0.250437231
61.250000000,1779830080_5715,ann,False,True,True,True,1183,31c1594f7caae09c6975238b7b255ad5c765bc56640ec43b539fdb93165d94da,absolute,standard,0.201434621,2.154595835,0.201434621,2.154595835,-0.342273960,2.474287566,1.178363857,2.921258264,first_gps,0.003839221,-0.137136925,1.000000000,0.000000000,23.443051259,-0.008545565,-0.628311660,0.628369770,-0.000208354,0.246393341,0.246393429,-0.000416709,0.492786682,0.492786859,0.912497321,0.279801083,-0.383791485,-0.037771551,0.108243881,0.247434805
61.300000000,1779830080_5715,ann,False,True,True,True,1183,31c1594f7caae09c6975238b7b255ad5c765bc56640ec43b539fdb93165d94da,absolute,standard,0.106025295,2.188889924,0.106025295,2.188889924,-0.407430861,2.444270158,1.266251477,2.820259450,first_gps,0.003839221,-0.137136925,1.000000000,0.000000000,23.535781256,0.005709433,0.410493720,0.410533423,-0.000200174,0.247317202,0.247317283,-0.000400347,0.494634405,0.494634567,0.946379396,0.280865520,-0.393006202,-0.044287241,0.066836909,0.244433064
61.351000000,1779830080_5715,ann,False,True,True,True,1183,31c1594f7caae09c6975238b7b255ad5c765bc56640ec43b539fdb93165d94da,absolute,standard,0.061405710,2.150874618,0.061405710,2.150874618,-0.450874243,2.424247035,0.876598916,3.014115358,first_gps,0.003839221,-0.137136925,1.000000000,0.000000000,23.513535458,-0.000425493,-0.143797332,0.143797962,-0.000206921,0.247092408,0.247092495,-0.000413842,0.494184817,0.494184990,0.939977314,0.280664392,-0.391506230,-0.048631579,0.074712726,0.242430752
61.402000000,1779830080_5715,ann,False,True,True,True,1183,31c1594f7caae09c6975238b7b255ad5c765bc56640ec43b539fdb93165d94da,absolute,standard,0.080661650,2.132763168,0.080661650,2.132763168,-0.516040554,2.394235489,1.089389214,2.980655168,first_gps,0.003839221,-0.137136925,1.000000000,0.000000000,23.452745831,0.001711727,-0.221123101,0.221129726,-0.000194300,0.246492950,0.246493026,-0.000388601,0.492985900,0.492986053,0.917681039,0.279963934,-0.385588720,-0.055148210,0.102002310,0.239429597
61.450000000,1779830080_5715,ann,False,True,True,True,1183,31c1594f7caae09c6975238b7b255ad5c765bc56640ec43b539fdb93165d94da,absolute,standard,0.034516470,2.131535611,0.034516470,2.131535611,-0.559486441,2.374213513,1.235825139,2.908938171,first_gps,0.003839221,-0.137136925,1.000000000,0.000000000,23.480280280,-0.001031187,0.122577199,0.122581536,-0.000196569,0.246762620,0.246762698,-0.000393138,0.493525239,0.493525396,0.927552699,0.280274062,-0.388381950,-0.059492799,0.089954350,0.237427399
61.502000000,1779830080_5715,ann,False,True,True,True,1183,31c1594f7caae09c6975238b7b255ad5c765bc56640ec43b539fdb93165d94da,absolute,standard,0.067756631,2.097379233,0.067756631,2.097379233,-0.624638312,2.344206561,0.900996235,2.902378036,first_gps,0.003839221,-0.137136925,1.000000000,0.000000000,23.412922379,-0.004028321,-0.556332823,0.556347407,-0.000202176,0.246081068,0.246081151,-0.000404352,0.492162136,0.492162302,0.903287516,0.279511748,-0.380149881,-0.066007986,0.119191847,0.234426704
61.554000000,1779830080_5715,ann,False,True,True,True,1183,31c1594f7caae09c6975238b7b255ad5c765bc56640ec43b539fdb93165d94da,absolute,standard,-0.029485275,2.108986383,-0.029485275,2.108986383,-0.668097538,2.324193140,0.967237915,3.051488506,first_gps,0.003839221,-0.137136925,1.000000000,0.000000000,23.480166028,0.005440281,-0.041397922,0.041753857,-0.000210264,0.246763290,0.246763380,-0.000420529,0.493526580,0.493526759,0.928113906,0.280291692,-0.388599209,-0.070353908,0.089283077,0.232425362
61.600000000,1779830080_5715,ann,False,True,True,True,1183,31c1594f7caae09c6975238b7b255ad5c765bc56640ec43b539fdb93165d94da,absolute,standard,-0.077294498,2.112313393,-0.077294498,2.112313393,-0.711542437,2.304180838,0.897284923,2.877970499,first_gps,0.003839221,-0.137136925,1.000000000,0.000000000,23.532008155,0.001185266,0.187816881,0.187820621,-0.000212140,0.247276583,0.247276674,-0.000424280,0.494553165,0.494553347,0.946387538,0.280865775,-0.392913313,-0.074698398,0.066810771,0.230424132
61.650000000,1779830080_5715,ann,False,True,True,True,1183,31c1594f7caae09c6975238b7b255ad5c765bc56640ec43b539fdb93165d94da,absolute,standard,-0.129747504,2.121706700,-0.129747504,2.121706700,-0.776700826,2.274167574,0.766552694,2.949166188,first_gps,0.003839221,-0.137136925,1.000000000,0.000000000,23.600923335,-0.000728881,0.533634960,0.533635458,-0.000192347,0.247961256,0.247961330,-0.000384693,0.495922511,0.495922661,0.971331252,0.281649405,-0.396788442,-0.081214237,0.035833905,0.227422805
61.701000000,1779830080_5715,ann,False,True,True,True,1183,31c1594f7caae09c6975238b7b255ad5c765bc56640ec43b539fdb93165d94da,absolute,standard,-0.128686583,2.071404837,-0.128686583,2.071404837,-0.820158296,2.254153054,0.756433074,3.146181135,first_gps,0.003839221,-0.137136925,1.000000000,0.000000000,23.504512084,-0.009764879,0.070356082,0.071030495,-0.000217814,0.247002087,0.247002183,-0.000435629,0.494004175,0.494004367,0.936681030,0.280560837,-0.390709015,-0.085559984,0.078762409,0.225421354
61.750000000,1779830080_5715,ann,False,True,True,True,1183,31c1594f7caae09c6975238b7b255ad5c765bc56640ec43b539fdb93165d94da,absolute,standard,-0.194887021,2.065089241,-0.194887021,2.065089241,-0.882515735,2.218743954,0.653279031,3.027825206,first_gps,0.003839221,-0.137136925,1.000000000,0.000000000,23.558495413,-0.006441089,0.125051303,0.125217075,-0.000245620,0.247546295,0.247546417,-0.000491240,0.495092590,0.495092833,0.956652540,0.281188260,-0.395024039,-0.091795728,0.054129422,0.221880443
61.800000000,1779830080_5715,ann,False,True,True,True,1183,31c1594f7caae09c6975238b7b255ad5c765bc56640ec43b539fdb93165d94da,absolute,standard,-0.271996269,2.047078144,-0.271996269,2.047078144,-0.939857255,2.175694117,0.699739203,3.012438829,first_gps,0.003839221,-0.137136925,1.000000000,0.000000000,23.641522046,0.001347917,-0.312780416,0.312783320,-0.000256177,0.248375806,0.248375938,-0.000512354,0.496751611,0.496751875,0.985734659,0.282101902,-0.398290265,-0.097529880,0.017861692,0.217575460
61.850000000,1779830080_5715,ann,False,True,True,True,1183,31c1594f7caae09c6975238b7b255ad5c765bc56640ec43b539fdb93165d94da,absolute,standard,-0.436078554,2.150292640,-0.436078554,2.150292640,-0.974837557,2.143097313,0.717625628,2.894951014,first_gps,0.003839221,-0.137136925,1.000000000,0.000000000,23.720802399,-0.007469128,0.092451207,0.092752432,-0.000259183,0.249168637,0.249168772,-0.000518366,0.498337274,0.498337544,-0.986307902,0.282980211,-0.398322804,-0.101027910,-0.017144428,0.214315779
61.902000000,1779830080_5715,ann,False,True,True,True,1183,31c1594f7caae09c6975238b7b255ad5c765bc56640ec43b539fdb93165d94da,absolute,standard,-0.412256491,2.116452388,-0.412256491,2.116452388,-1.022585172,2.089559216,0.602707891,3.010162835,first_gps,0.003839221,-0.137136925,1.000000000,0.000000000,23.700257775,-0.002395337,-0.683330501,0.683334700,-0.000266789,0.248963756,0.248963899,-0.000533577,0.497927512,0.497927798,-0.992878892,0.282773777,-0.398610940,-0.105802672,-0.008919060,0.208961970
61.950000000,1779830080_5715,ann,False,True,True,True,1183,31c1594f7caae09c6975238b7b255ad5c765bc56640ec43b539fdb93165d94da,absolute,standard,-0.481486586,2.096670024,-0.481486586,2.096670024,-1.053911374,2.053408589,0.612115963,2.953558323,first_gps,0.003839221,-0.137136925,1.000000000,0.000000000,23.763321442,0.000745826,-0.397749961,0.397750661,-0.000268087,0.249596217,0.249596361,-0.000536174,0.499192434,0.499192722,-0.970224540,0.283485484,-0.397028172,-0.108935292,-0.037247659,0.205346907
62.000000000,1779830080_5715,ann,False,True,True,True,1183,31c1594f7caae09c6975238b7b255ad5c765bc56640ec43b539fdb93165d94da,absolute,standard,-0.533624007,2.078419746,-0.533624007,2.078419746,-1.100901977,1.999200655,0.342048080,2.972148368,first_gps,0.003839221,-0.137136925,1.000000000,0.000000000,23.814701725,0.005393711,0.247176899,0.247235741,-0.000256292,0.250100287,0.250100419,-0.000512584,0.500200575,0.500200837,-0.951600107,0.284070588,-0.393849527,-0.113634352,-0.060351733,0.199926114
62.050000000,1779830080_5715,ann,False,True,True,True,1183,31c1594f7caae09c6975238b7b255ad5c765bc56640ec43b539fdb93165d94da,absolute,standard,-0.526453500,2.045540088,-0.526453500,2.045540088,-1.132241521,1.963058327,0.527048833,2.967441208,first_gps,0.003839221,-0.137136925,1.000000000,0.000000000,23.766889369,-0.001284945,-0.283008013,0.283010930,-0.000261172,0.249627959,0.249628095,-0.000522345,0.499255918,0.499256191,-0.968550072,0.283538089,-0.396695877,-0.116768307,-0.039322728,0.196311881
62.100000000,1779830080_5715,ann,False,True,True,True,1183,31c1594f7caae09c6975238b7b255ad5c765bc56640ec43b539fdb93165d94da,absolute,standard,-0.585800737,2.014295246,-0.585800737,2.014295246,-1.163572606,1.926923584,0.492123686,2.682167272,first_gps,0.003839221,-0.137136925,1.000000000,0.000000000,23.815932731,-0.012127054,0.026449753,0.029097335,-0.000273148,0.250112267,0.250112416,-0.000546296,0.500224534,0.500224832,-0.951088354,0.284086665,-0.393741699,-0.119901415,-0.060983260,0.192698406
62.150000000,1779830080_5715,ann,False,True,True,True,1183,31c1594f7caae09c6975238b7b255ad5c765bc56640ec43b539fdb93165d94da,absolute,standard,-0.579634870,2.004888541,-0.579634870,2.004888541,-1.210552206,1.872683275,0.451592768,3.064779956,first_gps,0.003839221,-0.137136925,1.000000000,0.000000000,23.797673689,0.002271454,0.192843888,0.192857265,-0.000271646,0.249934803,0.249934950,-0.000543293,0.499869605,0.499869900,-0.956690469,0.283910670,-0.394923177,-0.124599375,-0.054067661,0.187274376
62.201000000,1779830080_5715,ann,False,True,True,True,1183,31c1594f7caae09c6975238b7b255ad5c765bc56640ec43b539fdb93165d94da,absolute,standard,-0.617148648,1.977338671,-0.617148648,1.977338671,-1.252759605,1.814711686,0.356190076,2.779972272,first_gps,0.003839221,-0.137136925,1.000000000,0.000000000,23.953830355,0.004291731,0.996215708,0.996224952,-0.000264225,0.251496941,0.251497080,-0.000528449,0.502993882,0.502994159,-0.899952206,0.285693155,-0.379097228,-0.128820115,-0.123239090,0.181477217
62.250000000,1779830080_5715,ann,False,True,True,True,1183,31c1594f7caae09c6975238b7b255ad5c765bc56640ec43b539fdb93165d94da,absolute,standard,-0.711288464,1.909611047,-0.711288464,1.909611047,-1.276637911,1.773291929,0.290918714,2.851592056,first_gps,0.003839221,-0.137136925,1.000000000,0.000000000,23.961288315,-0.002159586,0.004158949,0.004686221,-0.000287438,0.251570319,0.251570483,-0.000574877,0.503140637,0.503140965,-0.897757555,0.285762102,-0.378201319,-0.131207946,-0.125837521,0.177335241
62.302000000,1779830080_5715,ann,False,True,True,True,1183,31c1594f7caae09c6975238b7b255ad5c765bc56640ec43b539fdb93165d94da,absolute,standard,-0.727965467,1.869047411,-0.727965467,1.869047411,-1.305634585,1.707713461,0.176022746,2.797112267,first_gps,0.003839221,-0.137136925,1.000000000,0.000000000,24.061508707,0.001460073,0.553585285,0.553587211,-0.000288579,0.252565725,0.252565890,-0.000577157,0.505131450,0.505131779,-0.862544355,0.286868357,-0.361791232,-0.134107613,-0.166726918,0.170777394
62.350000000,1779830080_5715,ann,False,True,True,True,1183,31c1594f7caae09c6975238b7b255ad5c765bc56640ec43b539fdb93165d94da,absolute,standard,-0.794908777,1.793957575,-0.794908777,1.793957575,-1.320230748,1.662156132,0.195832371,2.839194211,first_gps,0.003839221,-0.137136925,1.000000000,0.000000000,24.173945860,-0.005476787,0.433035901,0.433070533,-0.000316656,0.253704024,0.253704222,-0.000633313,0.507408048,0.507408443,-0.821588651,0.288155018,-0.337801814,-0.135567229,-0.212018068,0.166221661
62.400000000,1779830080_5715,ann,False,True,True,True,1183,31c1594f7caae09c6975238b7b255ad5c765bc56640ec43b539fdb93165d94da,absolute,standard,-0.822770383,1.741291517,-0.822770383,1.741291517,-1.330882604,1.615554359,0.399875384,2.939182464,first_gps,0.003839221,-0.137136925,1.000000000,0.000000000,24.230034997,-0.007139379,0.397657046,0.397721130,-0.000334417,0.254255445,0.254255665,-0.000668833,0.508510890,0.508511329,-0.802594249,0.288751745,-0.324300094,-0.136632415,-0.231603242,0.161561484
62.450000000,1779830080_5715,ann,False,True,True,True,1183,31c1594f7caae09c6975238b7b255ad5c765bc56640ec43b539fdb93165d94da,absolute,standard,-0.832546416,1.701776607,-0.832546416,1.701776607,-1.339324319,1.544356613,0.229487213,2.675622137,first_gps,0.003839221,-0.137136925,1.000000000,0.000000000,24.201992641,0.005180419,-0.129078572,0.129182485,-0.000311101,0.253969626,0.253969817,-0.000622202,0.507939253,0.507939634,-0.813126134,0.288420876,-0.331633699,-0.137476586,-0.220648202,0.154441709
62.500000000,1779830080_5715,ann,False,True,True,True,1183,31c1594f7caae09c6975238b7b255ad5c765bc56640ec43b539fdb93165d94da,absolute,standard,-0.879412279,1.622774736,-0.879412279,1.622774736,-1.339852799,1.496514786,0.232889128,2.910561434,first_gps,0.003839221,-0.137136925,1.000000000,0.000000000,24.340198160,0.008022378,0.103588526,0.103898706,-0.000305240,0.255363379,0.255363562,-0.000610479,0.510726759,0.510727124,-0.763430421,0.289982113,-0.293578448,-0.137529434,-0.269794007,0.149657527
62.550000000,1779830080_5715,ann,False,True,True,True,1183,31c1594f7caae09c6975238b7b255ad5c765bc56640ec43b539fdb93165d94da,absolute,standard,-0.876792740,1.469610518,-0.876792740,1.469610518,-1.333042467,1.425134699,0.311918678,2.734199733,first_gps,0.003839221,-0.137136925,1.000000000,0.000000000,24.589138355,-0.001885922,1.000000000,1.000000000,-0.000301069,0.257852217,0.257852393,-0.000602138,0.515704434,0.515704785,-0.674609783,0.292772496,-0.207903435,-0.136848401,-0.340203014,0.142519518
62.603000000,1779830080_5715,ann,False,True,True,True,1183,31c1594f7caae09c6975238b7b255ad5c765bc56640ec43b539fdb93165d94da,absolute,standard,-0.917216017,1.432342262,-0.917216017,1.432342262,-1.317226048,1.355196351,0.087148730,2.611556909,first_gps,0.003839221,-0.137136925,1.000000000,0.000000000,24.517560036,-0.004595606,0.082787625,0.082915080,-0.000306824,0.257135988,0.257136171,-0.000613649,0.514271976,0.514272342,-0.700752050,0.291951212,-0.235102967,-0.135266759,-0.321988936,0.135525683
62.653000000,1779830080_5715,ann,False,True,True,True,1183,31c1594f7caae09c6975238b7b255ad5c765bc56640ec43b539fdb93165d94da,absolute,standard,-0.916575581,1.357875218,-0.916575581,1.357875218,-1.301783770,1.309952922,0.007512772,2.655942593,first_gps,0.003839221,-0.137136925,1.000000000,0.000000000,24.621695351,0.005210476,0.264886262,0.264937503,-0.000288567,0.258173751,0.258173912,-0.000577134,0.516347502,0.516347825,-0.663882277,0.293109510,-0.196255737,-0.133722532,-0.346897653,0.131001340
62.701000000,1779830080_5715,ann,False,True,True,True,1183,31c1594f7caae09c6975238b7b255ad5c765bc56640ec43b539fdb93165d94da,absolute,standard,-0.900201446,1.291512898,-0.900201446,1.291512898,-1.271537381,1.244937895,0.119623996,2.575487616,first_gps,0.003839221,-0.137136925,1.000000000,0.000000000,24.656945687,-0.003043366,0.408425329,0.408436668,-0.000284193,0.258515141,0.258515297,-0.000568387,0.517030282,0.517030595,-0.652717492,0.293460262,-0.183798944,-0.130697893,-0.353237812,0.124499838
62.750000000,1779830080_5715,ann,False,True,True,True,1183,31c1594f7caae09c6975238b7b255ad5c765bc56640ec43b539fdb93165d94da,absolute,standard,-0.893217104,1.185877823,-0.893217104,1.185877823,-1.246885008,1.203947334,-0.122930694,2.786082536,first_gps,0.003839221,-0.137136925,1.000000000,0.000000000,24.803762931,0.004943267,0.562346968,0.562368694,-0.000256202,0.259993648,0.259993774,-0.000512403,0.519987296,0.519987548,-0.601193415,0.295078939,-0.124575274,-0.128232655,-0.378567917,0.120400782
62.803000000,1779830080_5715,ann,False,True,True,True,1183,31c1594f7caae09c6975238b7b255ad5c765bc56640ec43b539fdb93165d94da,absolute,standard,-0.905515990,1.074935818,-0.905515990,1.074935818,-1.203635713,1.146773917,0.072820709,2.571558407,first_gps,0.003839221,-0.137136925,1.000000000,0.000000000,24.894527872,0.001709849,0.134673339,0.134684193,-0.000249141,0.260896028,0.260896147,-0.000498283,0.521792057,0.521792295,-0.569994942,0.296059068,-0.086893863,-0.123907726,-0.388769817,0.114683440
62.850000000,1779830080_5715,ann,False,True,True,True,1183,31c1594f7caae09c6975238b7b255ad5c765bc56640ec43b539fdb93165d94da,absolute,standard,-0.895111350,1.033334116,-0.895111350,1.033334116,-1.170890930,1.111904452,0.056931737,2.449159111,first_gps,0.003839221,-0.137136925,1.000000000,0.000000000,24.921485553,0.009517390,-0.130412846,0.130759669,-0.000224430,0.261176991,0.261177087,-0.000448860,0.522353982,0.522354174,-0.560135000,0.296368827,-0.074882734,-0.120633248,-0.391646533,0.111196493
62.900000000,1779830080_5715,ann,False,True,True,True,1183,31c1594f7caae09c6975238b7b255ad5c765bc56640ec43b539fdb93165d94da,absolute,standard,-0.878820803,0.968006654,-0.878820803,0.968006654,-1.135997263,1.079199856,0.213016483,2.383961658,first_gps,0.003839221,-0.137136925,1.000000000,0.000000000,24.963859232,-0.005344111,-0.188990638,0.189066181,-0.000238718,0.261589904,0.261590013,-0.000477435,0.523179808,0.523180026,-0.545045354,0.296842882,-0.056188525,-0.117143881,-0.394398299,0.107926034
62.952000000,1779830080_5715,ann,False,True,True,True,1183,31c1594f7caae09c6975238b7b255ad5c765bc56640ec43b539fdb93165d94da,absolute,standard,-0.853895987,0.969560145,-0.853895987,0.969560145,-1.083639574,1.030133914,0.077594973,2.477622550,first_gps,0.003839221,-0.137136925,1.000000000,0.000000000,24.903334083,0.003232510,-0.370864167,0.370878255,-0.000259252,0.260990516,0.260990644,-0.000518505,0.521981031,0.521981289,-0.566033207,0.296183530,-0.082092746,-0.111908112,-0.390031068,0.103019439
63.000000000,1779830080_5715,ann,False,True,True,True,1183,31c1594f7caae09c6975238b7b255ad5c765bc56640ec43b539fdb93165d94da,absolute,standard,-0.851879427,0.892391715,-0.851879427,0.892391715,-1.048747504,0.997412641,-0.040658503,2.376864714,first_gps,0.003839221,-0.137136925,1.000000000,0.000000000,24.987661468,-0.000912264,-0.085032052,0.085036946,-0.000254973,0.261834566,0.261834690,-0.000509946,0.523669131,0.523669380,-0.536706550,0.297104854,-0.045863849,-0.108418905,-0.395955130,0.099747312
63.051000000,1779830080_5715,ann,False,True,True,True,1183,31c1594f7caae09c6975238b7b255ad5c765bc56640ec43b539fdb93165d94da,absolute,standard,-0.834898825,0.853025610,-0.834898825,0.853025610,-0.996407979,0.948326424,-0.207125736,2.216348280,first_gps,0.003839221,-0.137136925,1.000000000,0.000000000,24.985969412,-0.003028563,-0.042927422,0.043034123,-0.000257039,0.261823027,0.261823153,-0.000514077,0.523646054,0.523646306,-0.536940478,0.297097505,-0.046175606,-0.103184952,-0.396099566,0.094838690
63.104000000,1779830080_5715,ann,False,True,True,True,1183,31c1594f7caae09c6975238b7b255ad5c765bc56640ec43b539fdb93165d94da,absolute,standard,-0.817930508,0.839036048,-0.817930508,0.839036048,-0.944089019,0.899256163,0.057010121,2.100313367,first_gps,0.003839221,-0.137136925,1.000000000,0.000000000,24.957054039,0.003424908,-0.007036833,0.007826047,-0.000248351,0.261519045,0.261519163,-0.000496702,0.523038091,0.523038327,-0.547742755,0.296758141,-0.059514718,-0.097953056,-0.393815788,0.089931664
63.150000000,1779830080_5715,ann,False,True,True,True,1183,31c1594f7caae09c6975238b7b255ad5c765bc56640ec43b539fdb93165d94da,absolute,standard,-0.781698784,0.841474584,-0.781698784,0.841474584,-0.909212029,0.866507048,-0.030646912,2.132977597,first_gps,0.003839221,-0.137136925,1.000000000,0.000000000,24.903578034,0.002106727,-0.533254694,0.533258855,-0.000239439,0.260994721,0.260994831,-0.000478878,0.521989442,0.521989662,-0.566809109,0.296159154,-0.083055363,-0.094465357,-0.389886763,0.086656753
63.200000000,1779830080_5715,ann,False,True,True,True,1183,31c1594f7caae09c6975238b7b255ad5c765bc56640ec43b539fdb93165d94da,absolute,standard,-0.761531104,0.796359921,-0.761531104,0.796359921,-0.856912375,0.817391789,0.000770593,2.127519537,first_gps,0.003839221,-0.137136925,1.000000000,0.000000000,24.905147424,-0.005142382,-0.548167170,0.548191290,-0.000248165,0.261008418,0.261008536,-0.000496329,0.522016835,0.522017071,-0.566506741,0.296168653,-0.082671212,-0.089235392,-0.389900615,0.081745227
63.250000000,1779830080_5715,ann,False,True,True,True,1183,31c1594f7caae09c6975238b7b255ad5c765bc56640ec43b539fdb93165d94da,absolute,standard,-0.765618282,0.760339648,-0.765618282,0.760339648,-0.822046467,0.784635072,-0.004257310,2.127575350,first_gps,0.003839221,-0.137136925,1.000000000,0.000000000,24.945759905,0.004907515,0.097563826,0.097687173,-0.000204553,0.261415503,0.261415583,-0.000409107,0.522831006,0.522831166,-0.550663586,0.296666380,-0.063175294,-0.085748801,-0.393561193,0.078469555
63.305000000,1779830080_5715,ann,False,True,True,True,1183,31c1594f7caae09c6975238b7b255ad5c765bc56640ec43b539fdb93165d94da,absolute,standard,-0.712625853,0.680383101,-0.712625853,0.680383101,-0.769746167,0.735512734,0.054384631,2.158682034,first_gps,0.003839221,-0.137136925,1.000000000,0.000000000,25.022951101,0.000906247,0.513235136,0.513235936,-0.000170184,0.262195503,0.262195559,-0.000340367,0.524391007,0.524391117,-0.523469566,0.297520706,-0.029382642,-0.080518771,-0.397784546,0.073557321
63.350000000,1779830080_5715,ann,False,True,True,True,1183,31c1594f7caae09c6975238b7b255ad5c765bc56640ec43b539fdb93165d94da,absolute,standard,-0.711067199,0.735339721,-0.711067199,0.735339721,-0.734891967,0.702766130,0.014925246,2.053388445,first_gps,0.003839221,-0.137136925,1.000000000,0.000000000,24.861359784,-0.007531256,-0.571694221,0.571743825,-0.000177468,0.260565543,0.260565604,-0.000354937,0.521131086,0.521131207,-0.582102933,0.295678684,-0.101625281,-0.077033351,-0.385220733,0.070282661
63.401000000,1779830080_5715,ann,False,True,True,True,1183,31c1594f7caae09c6975238b7b255ad5c765bc56640ec43b539fdb93165d94da,absolute,standard,-0.715827210,0.669032666,-0.715827210,0.669032666,-0.682614009,0.653619489,0.044175163,2.104428691,first_gps,0.003839221,-0.137136925,1.000000000,0.000000000,24.909662309,-0.008953478,-0.076640975,0.077162191,-0.000195978,0.261057601,0.261057674,-0.000391956,0.522115201,0.522115349,-0.564275170,0.296238760,-0.079962403,-0.071805555,-0.390600902,0.065367997
63.452000000,1779830080_5715,ann,False,True,True,True,1183,31c1594f7caae09c6975238b7b255ad5c765bc56640ec43b539fdb93165d94da,absolute,standard,-0.683265771,0.586796944,-0.683265771,0.586796944,-0.647773848,0.620850373,0.009201688,1.943592006,first_gps,0.003839221,-0.137136925,1.000000000,0.000000000,25.033566365,0.006636460,0.249370361,0.249458653,-0.000178576,0.262295485,0.262295546,-0.000357152,0.524590970,0.524591092,-0.519455294,0.297646818,-0.024351341,-0.068321539,-0.397918325,0.062091085
63.501000000,1779830080_5715,ann,False,True,True,True,1183,31c1594f7caae09c6975238b7b255ad5c765bc56640ec43b539fdb93165d94da,absolute,standard,-0.672756729,0.608050525,-0.672756729,0.608050525,-0.595514928,0.571696535,-0.094449476,1.977666240,first_gps,0.003839221,-0.137136925,1.000000000,0.000000000,24.908336782,-0.004496262,-0.285942113,0.285977461,-0.000203708,0.261039464,0.261039544,-0.000407416,0.522078929,0.522079088,-0.563996141,0.296247526,-0.079587522,-0.063095647,-0.390511616,0.057175702
63.551000000,1779830080_5715,ann,False,True,True,True,1183,31c1594f7caae09c6975238b7b255ad5c765bc56640ec43b539fdb93165d94da,absolute,standard,-0.647261451,0.531858947,-0.647261451,0.531858947,-0.560662062,0.538930968,-0.031750070,1.870476039,first_gps,0.003839221,-0.137136925,1.000000000,0.000000000,25.015557491,0.001253916,0.302551942,0.302554540,-0.000189636,0.262114402,0.262114470,-0.000379272,0.524228803,0.524228940,-0.526504406,0.297425363,-0.033153989,-0.059610361,-0.397248742,0.053899145
63.601000000,1779830080_5715,ann,False,True,True,True,1183,31c1594f7caae09c6975238b7b255ad5c765bc56640ec43b539fdb93165d94da,absolute,standard,-0.623616798,0.518542969,-0.623616798,0.518542969,-0.508375437,0.489799037,0.221080504,1.852457155,first_gps,0.003839221,-0.137136925,1.000000000,0.000000000,24.974928929,0.001674815,0.379307857,0.379311554,-0.000193243,0.261712575,0.261712647,-0.000386485,0.523425151,0.523425293,-0.540613593,0.296982110,-0.050742763,-0.054381698,-0.395537010,0.048985952
63.652000000,1779830080_5715,ann,False,True,True,True,1183,31c1594f7caae09c6975238b7b255ad5c765bc56640ec43b539fdb93165d94da,absolute,standard,-0.630206607,0.537127232,-0.630206607,0.537127232,-0.473501095,0.457069847,0.134327570,1.864850252,first_gps,0.003839221,-0.137136925,1.000000000,0.000000000,24.878741086,-0.007360830,-0.189032630,0.189175890,-0.000215945,0.260743631,0.260743721,-0.000431890,0.521487263,0.521487442,-0.575796600,0.295876804,-0.094007713,-0.050894264,-0.387297823,0.045713033
63.700000000,1779830080_5715,ann,False,True,True,True,1183,31c1594f7caae09c6975238b7b255ad5c765bc56640ec43b539fdb93165d94da,absolute,standard,-0.598349188,0.452938365,-0.598349188,0.452938365,-0.438619724,0.424338679,0.020752553,1.921192291,first_gps,0.003839221,-0.137136925,1.000000000,0.000000000,25.003206947,0.001212310,0.342131572,0.342133720,-0.000217207,0.261991607,0.261991697,-0.000434415,0.523983213,0.523983393,-0.531667252,0.297263168,-0.039594968,-0.047406127,-0.396683049,0.042439916
63.750000000,1779830080_5715,ann,False,True,True,True,1183,31c1594f7caae09c6975238b7b255ad5c765bc56640ec43b539fdb93165d94da,absolute,standard,-0.594049066,0.403637573,-0.594049066,0.403637573,-0.386319258,0.375233302,-0.124570342,1.676587540,first_gps,0.003839221,-0.137136925,1.000000000,0.000000000,25.026815220,0.001646448,-0.159570112,0.159578606,-0.000219911,0.262219707,0.262219800,-0.000439823,0.524439415,0.524439599,-0.524207261,0.297497530,-0.030267973,-0.042176080,-0.397236760,0.037529378
63.810000000,1779830080_5715,ann,False,True,True,True,1183,31c1594f7caae09c6975238b7b255ad5c765bc56640ec43b539fdb93165d94da,absolute,standard,-0.583829337,0.412036865,-0.583829337,0.412036865,-0.334018310,0.326106612,0.052289621,1.660987171,first_gps,0.003839221,-0.137136925,1.000000000,0.000000000,24.947630599,0.000370894,-0.003490661,0.003510310,-0.000209935,0.261428810,0.261428894,-0.000419871,0.522857619,0.522857788,-0.553226935,0.296585850,-0.066312623,-0.036945986,-0.392862335,0.032616709
63.850000000,1779830080_5715,ann,False,True,True,True,1183,31c1594f7caae09c6975238b7b255ad5c765bc56640ec43b539fdb93165d94da,absolute,standard,-0.559317413,0.349103239,-0.559317413,0.349103239,-0.299162182,0.293365988,-0.261106323,1.632440045,first_gps,0.003839221,-0.137136925,1.000000000,0.000000000,25.025356783,0.003820026,-0.155178163,0.155225175,-0.000194192,0.262202934,0.262203006,-0.000388384,0.524405869,0.524406012,-0.524970594,0.297473550,-0.031214720,-0.033460373,-0.397089626,0.029342647
63.900000000,1779830080_5715,ann,False,True,True,True,1183,31c1594f7caae09c6975238b7b255ad5c765bc56640ec43b539fdb93165d94da,absolute,standard,-0.538627246,0.352035207,-0.538627246,0.352035207,-0.264289788,0.260615696,0.046767296,1.681332109,first_gps,0.003839221,-0.137136925,1.000000000,0.000000000,24.959238496,-0.006068736,-0.373653965,0.373703245,-0.000204341,0.261550339,0.261550419,-0.000408682,0.523100678,0.523100838,-0.548236252,0.296742637,-0.060172560,-0.029973133,-0.394033147,0.026067618
63.950000000,1779830080_5715,ann,False,True,True,True,1183,31c1594f7caae09c6975238b7b255ad5c765bc56640ec43b539fdb93165d94da,absolute,standard,-0.482087457,0.280300768,-0.482087457,0.280300768,-0.211972969,0.211496273,0.112255707,1.587700280,first_gps,0.003839221,-0.137136925,1.000000000,0.000000000,25.024849255,-0.006203716,0.665231224,0.665260150,-0.000228220,0.262213550,0.262213650,-0.000456440,0.524427101,0.524427299,-0.524650203,0.297483615,-0.030855555,-0.024741451,-0.397643232,0.021155675
64.000000000,1779830080_5715,ann,False,True,True,True,1183,31c1594f7caae09c6975238b7b255ad5c765bc56640ec43b539fdb93165d94da,absolute,standard,-0.491005880,0.261107075,-0.491005880,0.261107075,-0.159646759,0.162416418,-0.057020495,1.495842258,first_gps,0.003839221,-0.137136925,1.000000000,0.000000000,25.006484146,0.000587079,0.300425714,0.300426287,-0.000227467,0.262026224,0.262026323,-0.000454935,0.524052448,0.524052646,-0.531405328,0.297271396,-0.039274630,-0.019508830,-0.396777005,0.016247690
64.058000000,1779830080_5715,ann,False,True,True,True,1183,31c1594f7caae09c6975238b7b255ad5c765bc56640ec43b539fdb93165d94da,absolute,standard,-0.488517469,0.267671913,-0.488517469,0.267671913,-0.124752898,0.129715557,0.156782420,1.477168267,first_gps,0.003839221,-0.137136925,1.000000000,0.000000000,24.959255935,0.003203366,-0.276696260,0.276714803,-0.000214425,0.261544855,0.261544942,-0.000428851,0.523089709,0.523089885,-0.549327125,0.296708367,-0.061493514,-0.016019444,-0.393638517,0.012977604
64.101000000,1779830080_5715,ann,False,True,True,True,1183,31c1594f7caae09c6975238b7b255ad5c765bc56640ec43b539fdb93165d94da,absolute,standard,-0.477019724,0.219766306,-0.477019724,0.219766306,-0.072401004,0.080648344,0.043886379,1.483326432,first_gps,0.003839221,-0.137136925,1.000000000,0.000000000,24.980009679,-0.000706742,-0.063869834,0.063873744,-0.000209009,0.261755678,0.261755761,-0.000418018,0.523511356,0.523511523,-0.541951596,0.296940076,-0.052371236,-0.010784255,-0.395066017,0.008070882
64.150000000,1779830080_5715,ann,False,True,True,True,1183,31c1594f7caae09c6975238b7b255ad5c765bc56640ec43b539fdb93165d94da,absolute,standard,-0.419110772,0.156270973,-0.419110772,0.156270973,-0.037517479,0.047931558,0.129182282,1.504374779,first_gps,0.003839221,-0.137136925,1.000000000,0.000000000,25.079842985,0.013759227,0.501749245,0.501937866,-0.000180669,0.262752148,0.262752210,-0.000361338,0.525504296,0.525504420,-0.505763755,0.298076950,-0.007214657,-0.007295902,-0.398394021,0.004799204
64.200000000,1779830080_5715,ann,False,True,True,True,1183,31c1594f7caae09c6975238b7b255ad5c765bc56640ec43b539fdb93165d94da,absolute,standard,-0.440675134,0.170397301,-0.440675134,0.170397301,-0.002634485,0.015200533,-0.112689897,1.233993815,first_gps,0.003839221,-0.137136925,1.000000000,0.000000000,24.984196210,-0.003468659,-0.233935523,0.233961238,-0.000200690,0.261792078,0.261792155,-0.000401381,0.523584157,0.523584310,-0.539814553,0.297007213,-0.049694960,-0.003807603,-0.395227763,0.001526101
64.250000000,1779830080_5715,ann,False,True,True,True,1183,31c1594f7caae09c6975238b7b255ad5c765bc56640ec43b539fdb93165d94da,absolute,standard,-0.427444533,0.164713188,-0.427444533,0.164713188,0.049702550,-0.033873833,-0.092218244,1.315966201,first_gps,0.003839221,-0.137136925,1.000000000,0.000000000,24.943281612,0.004689447,-0.073822593,0.073971388,-0.000175399,0.261389749,0.261389808,-0.000350799,0.522779498,0.522779615,-0.554309608,0.296551837,-0.067673409,0.001426100,-0.392779166,-0.003381335
64.300000000,1779830080_5715,ann,False,True,True,True,1183,31c1594f7caae09c6975238b7b255ad5c765bc56640ec43b539fdb93165d94da,absolute,standard,-0.385895131,0.179882340,-0.385895131,0.179882340,0.084611538,-0.066580105,0.071109250,1.102287568,first_gps,0.003839221,-0.137136925,1.000000000,0.000000000,24.855011843,-0.003807206,-0.609028602,0.609040501,-0.000180047,0.260502065,0.260502127,-0.000360094,0.521004130,0.521004255,-0.586385063,0.295544157,-0.106798220,0.004916999,-0.383818887,-0.006651962
64.350000000,1779830080_5715,ann,False,True,True,True,1183,31c1594f7caae09c6975238b7b255ad5c765bc56640ec43b539fdb93165d94da,absolute,standard,-0.376052964,0.116097401,-0.376052964,0.116097401,0.136994412,-0.115608008,-0.236011770,0.908153125,first_gps,0.003839221,-0.137136925,1.000000000,0.000000000,24.921155311,-0.002260382,-0.437329647,0.437335488,-0.000191823,0.261167655,0.261167725,-0.000383647,0.522335310,0.522335450,-0.563227280,0.296271680,-0.078644004,0.010155287,-0.390702586,-0.011554753
64.400000000,1779830080_5715,ann,False,True,True,True,1183,31c1594f7caae09c6975238b7b255ad5c765bc56640ec43b539fdb93165d94da,absolute,standard,-0.369456765,0.082922878,-0.369456765,0.082922878,0.171916304,-0.148293039,-0.042009578,1.252535774,first_gps,0.003839221,-0.137136925,1.000000000,0.000000000,24.945468223,-0.000998300,-0.289353735,0.289355457,-0.000196163,0.261408819,0.261408892,-0.000392327,0.522817637,0.522817784,-0.554359127,0.296550282,-0.067718755,0.013647476,-0.392677261,-0.014823256
64.450000000,1779830080_5715,ann,False,True,True,True,1183,31c1594f7caae09c6975238b7b255ad5c765bc56640ec43b539fdb93165d94da,absolute,standard,-0.359811345,0.038707001,-0.359811345,0.038707001,0.224293771,-0.197354137,-0.088397603,1.031564722,first_gps,0.003839221,-0.137136925,1.000000000,0.000000000,24.953863420,-0.007695015,-0.080881267,0.081246493,-0.000226151,0.261496369,0.261496467,-0.000452302,0.522992739,0.522992934,-0.550867546,0.296659973,-0.063426659,0.018885223,-0.393515668,-0.019729366
64.500000000,1779830080_5715,ann,False,True,True,True,1183,31c1594f7caae09c6975238b7b255ad5c765bc56640ec43b539fdb93165d94da,absolute,standard,-0.293212521,-0.025817750,-0.293212521,-0.025817750,0.259189331,-0.230042418,-0.065911342,1.127986802,first_gps,0.003839221,-0.137136925,1.000000000,0.000000000,25.036743834,-0.004177116,0.627887947,0.627901841,-0.000217754,0.262319768,0.262319858,-0.000435508,0.524639536,0.524639716,-0.520482453,0.297614549,-0.025619266,0.022374779,-0.397589443,-0.022998194
64.550000000,1779830080_5715,ann,False,True,True,True,1183,31c1594f7caae09c6975238b7b255ad5c765bc56640ec43b539fdb93165d94da,absolute,standard,-0.311208614,-0.003910930,-0.311208614,-0.003910930,0.311547861,-0.279087787,-0.193562536,0.942164876,first_gps,0.003839221,-0.137136925,1.000000000,0.000000000,24.953401222,0.004352565,-0.372757038,0.372782449,-0.000222594,0.261496232,0.261496327,-0.000445189,0.522992464,0.522992653,-0.550034174,0.296686154,-0.062419556,0.027610632,-0.393827914,-0.027902731
64.600000000,1779830080_5715,ann,False,True,True,True,1183,31c1594f7caae09c6975238b7b255ad5c765bc56640ec43b539fdb93165d94da,absolute,standard,-0.271323866,-0.068264787,-0.271323866,-0.068264787,0.346471368,-0.311790186,0.088491347,0.869533226,first_gps,0.003839221,-0.137136925,1.000000000,0.000000000,25.042124381,0.007585395,0.466916441,0.466978052,-0.000201009,0.262378863,0.262378940,-0.000402017,0.524757727,0.524757881,-0.518908238,0.297664004,-0.023663108,0.031102982,-0.397886863,-0.031172970
64.650000000,1779830080_5715,ann,False,True,True,True,1183,31c1594f7caae09c6975238b7b255ad5c765bc56640ec43b539fdb93165d94da,absolute,standard,-0.276605953,-0.051593625,-0.276605953,-0.051593625,0.398836059,-0.360836208,-0.161376348,1.004784408,first_gps,0.003839221,-0.137136925,1.000000000,0.000000000,24.954564264,0.006447008,-0.333487990,0.333550301,-0.000180590,0.261503866,0.261503928,-0.000361180,0.523007731,0.523007856,-0.550365050,0.296675759,-0.062807738,0.036339451,-0.393630196,-0.036077573
64.707000000,1779830080_5715,ann,False,True,True,True,1183,31c1594f7caae09c6975238b7b255ad5c765bc56640ec43b539fdb93165d94da,absolute,standard,-0.244671577,-0.102893058,-0.244671577,-0.102893058,0.451230515,-0.409868018,-0.186608787,0.834988655,first_gps,0.003839221,-0.137136925,1.000000000,0.000000000,24.993353523,0.006964617,0.295611492,0.295693524,-0.000152622,0.261896332,0.261896377,-0.000305244,0.523792665,0.523792754,-0.536713245,0.297104643,-0.045890460,0.041578897,-0.396111988,-0.040980754
64.751000000,1779830080_5715,ann,False,True,True,True,1183,31c1594f7caae09c6975238b7b255ad5c765bc56640ec43b539fdb93165d94da,absolute,standard,-0.237701884,-0.080933477,-0.237701884,-0.080933477,0.486148819,-0.442547010,0.055739970,0.716142666,first_gps,0.003839221,-0.137136925,1.000000000,0.000000000,24.900509213,0.000757280,-0.368026430,0.368027209,-0.000141251,0.260960249,0.260960287,-0.000282502,0.521920498,0.521920574,-0.570053268,0.296057236,-0.086996580,0.045070727,-0.388894617,-0.044248653
64.806000000,1779830080_5715,ann,False,True,True,True,1183,31c1594f7caae09c6975238b7b255ad5c765bc56640ec43b539fdb93165d94da,absolute,standard,-0.216671077,-0.168917416,-0.216671077,-0.168917416,0.538525497,-0.491580592,-0.101913117,0.803596965,first_gps,0.003839221,-0.137136925,1.000000000,0.000000000,25.026262179,0.000408292,0.208150674,0.208151075,-0.000141744,0.262217570,0.262217608,-0.000283489,0.524435140,0.524435217,-0.525840912,0.297446208,-0.032315316,0.050308395,-0.397187125,-0.049152011
64.850000000,1779830080_5715,ann,False,True,True,True,1183,31c1594f7caae09c6975238b7b255ad5c765bc56640ec43b539fdb93165d94da,absolute,standard,-0.210308339,-0.154634687,-0.210308339,-0.154634687,0.573452062,-0.524255877,-0.082115806,0.713615619,first_gps,0.003839221,-0.137136925,1.000000000,0.000000000,24.943501046,-0.006929709,-0.281536071,0.281621342,-0.000173240,0.261388130,0.261388188,-0.000346480,0.522776260,0.522776375,-0.556281073,0.296489902,-0.070082424,0.053801052,-0.392227331,-0.052419540
64.904000000,1779830080_5715,ann,False,True,True,True,1183,31c1594f7caae09c6975238b7b255ad5c765bc56640ec43b539fdb93165d94da,absolute,standard,-0.110304722,-0.242779199,-0.110304722,-0.242779199,0.625868442,-0.573263534,0.032960703,0.514009150,first_gps,0.003839221,-0.137136925,1.000000000,0.000000000,25.051269418,-0.001319854,1.000000000,1.000000000,-0.000171498,0.262473746,0.262473803,-0.000342996,0.524947493,0.524947605,-0.517051244,0.297722343,-0.021347567,0.059042690,-0.398131700,-0.057320305
64.950000000,1779830080_5715,ann,False,True,True,True,1183,31c1594f7caae09c6975238b7b255ad5c765bc56640ec43b539fdb93165d94da,absolute,standard,-0.179403276,-0.214068234,-0.179403276,-0.214068234,0.660798839,-0.605945224,-0.072588340,0.427739839,first_gps,0.003839221,-0.137136925,1.000000000,0.000000000,24.985148343,0.001702826,-0.207540078,0.207547063,-0.000166049,0.261809618,0.261809671,-0.000332098,0.523619236,0.523619342,-0.540503685,0.296985563,-0.050584317,0.062535729,-0.395383571,-0.060588474
65.000000000,1779830080_5715,ann,False,True,True,True,1183,31c1594f7caae09c6975238b7b255ad5c765bc56640ec43b539fdb93165d94da,absolute,standard,-0.150517837,-0.192005245,-0.150517837,-0.192005245,0.695722308,-0.638636914,-0.196501053,0.627296245,first_gps,0.003839221,-0.137136925,1.000000000,0.000000000,24.893692794,0.005514336,-0.474117622,0.474149689,-0.000167585,0.260898547,0.260898601,-0.000335171,0.521797094,0.521797202,-0.573162688,0.295959550,-0.090840494,0.066028076,-0.388236500,-0.063857643
65.052000000,1779830080_5715,ann,False,True,True,True,1183,31c1594f7caae09c6975238b7b255ad5c765bc56640ec43b539fdb93165d94da,absolute,standard,-0.148496972,-0.262116689,-0.148496972,-0.262116689,0.748080314,-0.687670164,-0.074500143,0.543790350,first_gps,0.003839221,-0.137136925,1.000000000,0.000000000,24.980786719,-0.002709667,-0.159296982,0.159320027,-0.000173188,0.261764677,0.261764735,-0.000346377,0.523529355,0.523529470,-0.542599105,0.296919734,-0.053180125,0.071263877,-0.394998410,-0.068760968
65.101000000,1779830080_5715,ann,False,True,True,True,1183,31c1594f7caae09c6975238b7b255ad5c765bc56640ec43b539fdb93165d94da,absolute,standard,-0.138970427,-0.288617852,-0.138970427,-0.288617852,0.782992517,-0.720374058,0.094159259,0.420405396,first_gps,0.003839221,-0.137136925,1.000000000,0.000000000,25.003485208,-0.000857695,0.041995818,0.042004576,-0.000169846,0.262000730,0.262000785,-0.000339691,0.524001461,0.524001571,-0.535280463,0.297149655,-0.044118416,0.074755097,-0.396416968,-0.072031358
65.150000000,1779830080_5715,ann,False,True,True,True,1183,31c1594f7caae09c6975238b7b255ad5c765bc56640ec43b539fdb93165d94da,absolute,standard,-0.060406859,-0.348473986,-0.060406859,-0.348473986,0.837368454,-0.767112744,-0.043940114,0.389494438,first_gps,0.003839221,-0.137136925,1.000000000,0.000000000,25.077799381,0.006610098,0.612017371,0.612053066,-0.000131690,0.262743450,0.262743483,-0.000263380,0.525486901,0.525486967,-0.509304690,0.297965708,-0.011657332,0.080192691,-0.398679258,-0.076705226
65.200000000,1779830080_5715,ann,False,True,True,True,1183,31c1594f7caae09c6975238b7b255ad5c765bc56640ec43b539fdb93165d94da,absolute,standard,-0.018666749,-0.400669804,-0.018666749,-0.400669804,0.897253492,-0.806551726,-0.030641267,0.452914133,first_gps,0.003839221,-0.137136925,1.000000000,0.000000000,25.136518094,0.002021276,0.767635804,0.767638465,-0.000121278,0.263325362,0.263325390,-0.000242556,0.526650724,0.526650780,-0.488377593,0.298623153,0.014553483,0.086181195,-0.398407907,-0.080649125
65.250000000,1779830080_5715,ann,False,True,True,True,1183,31c1594f7caae09c6975238b7b255ad5c765bc56640ec43b539fdb93165d94da,absolute,standard,-0.073277420,-0.401375178,-0.073277420,-0.401375178,0.939753955,-0.828459045,-0.143573203,0.387847609,first_gps,0.003839221,-0.137136925,1.000000000,0.000000000,25.148328457,0.000676986,-0.028258391,0.028266499,-0.000118494,0.263438888,0.263438915,-0.000236989,0.526877777,0.526877830,-0.483729017,0.298769192,0.020362249,0.090431241,-0.398000475,-0.082839856
65.300000000,1779830080_5715,ann,False,True,True,True,1183,31c1594f7caae09c6975238b7b255ad5c765bc56640ec43b539fdb93165d94da,absolute,standard,0.015187999,-0.479076317,0.015187999,-0.479076317,0.983982402,-0.846671730,-0.213219398,0.323477737,first_gps,0.003839221,-0.137136925,1.000000000,0.000000000,25.273518660,-0.004137804,0.619953236,0.619967045,-0.000121991,0.264696794,0.264696823,-0.000243982,0.529393589,0.529393645,-0.438357247,0.300194588,0.076733194,0.094854086,-0.391267953,-0.084661125
65.350000000,1779830080_5715,ann,False,True,True,True,1183,31c1594f7caae09c6975238b7b255ad5c765bc56640ec43b539fdb93165d94da,absolute,standard,-0.002171130,-0.479353415,-0.002171130,-0.479353415,1.052800461,-0.866771826,0.039913887,0.308797656,first_gps,0.003839221,-0.137136925,1.000000000,0.000000000,25.308326561,0.006517886,-0.185995884,0.186110053,-0.000094991,0.265039680,0.265039697,-0.000189982,0.530079360,0.530079394,-0.425809525,0.300588786,0.092053237,0.101735892,-0.387771175,-0.086671134
65.400000000,1779830080_5715,ann,False,True,True,True,1183,31c1594f7caae09c6975238b7b255ad5c765bc56640ec43b539fdb93165d94da,absolute,standard,0.097125806,-0.564200480,0.097125806,-0.564200480,1.099875801,-0.875249937,0.150441681,0.303503191,first_gps,0.003839221,-0.137136925,1.000000000,0.000000000,25.487154084,0.004702001,0.522221089,0.522242256,-0.000080558,0.266829633,0.266829645,-0.000161116,0.533659266,0.533659290,-0.360832181,0.302630110,0.168773606,0.106443426,-0.361109674,-0.087518946
65.450000000,1779830080_5715,ann,False,True,True,True,1183,31c1594f7caae09c6975238b7b255ad5c765bc56640ec43b539fdb93165d94da,absolute,standard,0.126035208,-0.581374860,0.126035208,-0.581374860,1.171391261,-0.880400740,-0.020505484,0.275825913,first_gps,0.003839221,-0.137136925,1.000000000,0.000000000,25.531011251,0.006591321,0.417722817,0.417774816,-0.000063313,0.267267652,0.267267659,-0.000126625,0.534535304,0.534535319,-0.345257255,0.303119411,0.186225007,0.113594971,-0.352406254,-0.088034026
65.501000000,1779830080_5715,ann,False,True,True,True,1183,31c1594f7caae09c6975238b7b255ad5c765bc56640ec43b539fdb93165d94da,absolute,standard,0.152087081,-0.598498784,0.152087081,-0.598498784,1.242982300,-0.876415964,-0.153416559,0.225161148,first_gps,0.003839221,-0.137136925,1.000000000,0.000000000,25.554239029,-0.004148668,0.369880354,0.369903620,-0.000058727,0.267495275,0.267495282,-0.000117453,0.534990551,0.534990564,-0.337301243,0.303369356,0.194898248,0.120754075,-0.347506707,-0.087635548
65.550000000,1779830080_5715,ann,False,True,True,True,1183,31c1594f7caae09c6975238b7b255ad5c765bc56640ec43b539fdb93165d94da,absolute,standard,0.222211452,-0.628086060,0.222211452,-0.628086060,1.290194515,-0.868712648,0.143744224,0.182998703,first_gps,0.003839221,-0.137136925,1.000000000,0.000000000,25.687706227,0.009871706,0.409834537,0.409953410,-0.000030938,0.268842499,0.268842501,-0.000061876,0.537684998,0.537685001,-0.289391857,0.304874474,0.245058382,0.125475297,-0.314684084,-0.086865217
65.600000000,1779830080_5715,ann,False,True,True,True,1183,31c1594f7caae09c6975238b7b255ad5c765bc56640ec43b539fdb93165d94da,absolute,standard,0.234230690,-0.640479265,0.234230690,-0.640479265,1.336550584,-0.857042181,0.147880449,0.219457659,first_gps,0.003839221,-0.137136925,1.000000000,0.000000000,25.745834778,-0.003350998,0.166404715,0.166438452,-0.000015063,0.269412626,0.269412627,-0.000030127,0.538825253,0.538825254,-0.268683885,0.305525034,0.264750496,0.130110904,-0.297809120,-0.085698170
65.650000000,1779830080_5715,ann,False,True,True,True,1183,31c1594f7caae09c6975238b7b255ad5c765bc56640ec43b539fdb93165d94da,absolute,standard,0.298223958,-0.644363176,0.298223958,-0.644363176,1.403838860,-0.832262040,0.065084185,0.069377416,first_gps,0.003839221,-0.137136925,1.000000000,0.000000000,25.832698449,0.001609390,-0.380138737,0.380142144,-0.000025368,0.270281447,0.270281449,-0.000050735,0.540562895,0.540562897,-0.237841321,0.306493982,0.292324190,0.136839731,-0.270803583,-0.083220156
65.703000000,1779830080_5715,ann,False,True,True,True,1183,31c1594f7caae09c6975238b7b255ad5c765bc56640ec43b539fdb93165d94da,absolute,standard,0.338602355,-0.653255888,0.338602355,-0.653255888,1.467423615,-0.799104476,0.141924839,-0.014571196,first_gps,0.003839221,-0.137136925,1.000000000,0.000000000,25.886283366,-0.001691674,-0.210718426,0.210725216,-0.000024648,0.270823855,0.270823856,-0.000049296,0.541647710,0.541647712,-0.217747855,0.307125237,0.308994636,0.143198207,-0.251961511,-0.079904400
65.750000000,1779830080_5715,ann,False,True,True,True,1183,31c1594f7caae09c6975238b7b255ad5c765bc56640ec43b539fdb93165d94da,absolute,standard,0.394620360,-0.665928076,0.394620360,-0.665928076,1.507247937,-0.772619049,0.283268210,-0.065284779,first_gps,0.003839221,-0.137136925,1.000000000,0.000000000,25.982879002,-0.003780086,-0.098452387,0.098524929,-0.000028047,0.271791422,0.271791423,-0.000056093,0.543582843,0.543582846,-0.183218866,0.308209997,0.334501688,0.147180639,-0.217056956,-0.077255857
65.801000000,1779830080_5715,ann,False,True,True,True,1183,31c1594f7caae09c6975238b7b255ad5c765bc56640ec43b539fdb93165d94da,absolute,standard,0.465104830,-0.682600102,0.465104830,-0.682600102,1.544650327,-0.742838496,0.220123788,0.121613099,first_gps,0.003839221,-0.137136925,1.000000000,0.000000000,26.033442459,-0.007341610,0.328715807,0.328797781,-0.000031637,0.272294280,0.272294282,-0.000063274,0.544588560,0.544588564,-0.164861508,0.308786710,0.346376209,0.150920878,-0.197369816,-0.074277802
65.850000000,1779830080_5715,ann,False,True,True,True,1183,31c1594f7caae09c6975238b7b255ad5c765bc56640ec43b539fdb93165d94da,absolute,standard,0.521197891,-0.670050974,0.521197891,-0.670050974,1.595691313,-0.692481262,0.250704041,-0.070757085,first_gps,0.003839221,-0.137136925,1.000000000,0.000000000,26.133078629,-0.002734209,0.123071292,0.123101660,-0.000021478,0.273285159,0.273285160,-0.000042955,0.546570319,0.546570321,-0.130503819,0.309866089,0.365455125,0.156024977,-0.158833787,-0.069242078
65.901000000,1779830080_5715,ann,False,True,True,True,1183,31c1594f7caae09c6975238b7b255ad5c765bc56640ec43b539fdb93165d94da,absolute,standard,0.564531560,-0.656081449,0.564531560,-0.656081449,1.639913448,-0.636027457,0.500437283,0.021826064,first_gps,0.003839221,-0.137136925,1.000000000,0.000000000,26.191924706,-0.003046808,-0.018413664,0.018664031,-0.000035275,0.273880491,0.273880494,-0.000070551,0.547760983,0.547760987,-0.108719885,0.310550451,0.375677008,0.160447190,-0.133547854,-0.063596698
65.951000000,1779830080_5715,ann,False,True,True,True,1183,31c1594f7caae09c6975238b7b255ad5c765bc56640ec43b539fdb93165d94da,absolute,standard,0.717168861,-0.677703150,0.717168861,-0.677703150,1.665242110,-0.595469908,0.293999487,0.012311755,first_gps,0.003839221,-0.137136925,1.000000000,0.000000000,26.299998231,-0.001716634,0.702392415,0.702394513,-0.000040748,0.274954647,0.274954650,-0.000081495,0.549909295,0.549909301,-0.071485408,0.311720207,0.388482148,0.162980056,-0.088741498,-0.059540943
66.000000000,1779830080_5715,ann,False,True,True,True,1183,31c1594f7caae09c6975238b7b255ad5c765bc56640ec43b539fdb93165d94da,absolute,standard,0.662941008,-0.637006601,0.662941008,-0.637006601,1.687062754,-0.552899358,0.650130927,0.005069756,first_gps,0.003839221,-0.137136925,1.000000000,0.000000000,26.308869174,-0.000072339,-0.008050917,0.008051242,-0.000028564,0.275054877,0.275054878,-0.000057127,0.550109753,0.550109756,-0.067266387,0.311852751,0.389999609,0.165162121,-0.083665271,-0.055283888
66.050000000,1779830080_5715,ann,False,True,True,True,1183,31c1594f7caae09c6975238b7b255ad5c765bc56640ec43b539fdb93165d94da,absolute,standard,0.753636741,-0.612514950,0.753636741,-0.612514950,1.712797765,-0.485980793,0.462549545,0.144682789,first_gps,0.003839221,-0.137136925,1.000000000,0.000000000,26.385404847,0.002420346,-0.414879234,0.414886294,-0.000023315,0.275811464,0.275811465,-0.000046630,0.551622929,0.551622931,-0.039535774,0.312723934,0.395510070,0.167735622,-0.049378628,-0.048592031
66.100000000,1779830080_5715,ann,False,True,True,True,1183,31c1594f7caae09c6975238b7b255ad5c765bc56640ec43b539fdb93165d94da,absolute,standard,0.816936762,-0.606808247,0.816936762,-0.606808247,1.726098999,-0.440047130,0.385027776,-0.202858908,first_gps,0.003839221,-0.137136925,1.000000000,0.000000000,26.489656265,-0.003844392,0.067202231,0.067312103,-0.000039692,0.276851565,0.276851568,-0.000079383,0.553703130,0.553703135,-0.002136156,0.313898878,0.398491195,0.169065745,-0.002674287,-0.043998665
66.150000000,1779830080_5715,ann,False,True,True,True,1183,31c1594f7caae09c6975238b7b255ad5c765bc56640ec43b539fdb93165d94da,absolute,standard,0.809301010,-0.577696549,0.809301010,-0.577696549,1.746055311,-0.371113838,0.580207692,-0.079815613,first_gps,0.003839221,-0.137136925,1.000000000,0.000000000,26.444211383,0.004772447,-0.261751455,0.261794958,-0.000037904,0.276407744,0.276407747,-0.000075809,0.552815488,0.552815493,-0.018752858,0.313376849,0.398162446,0.171061376,-0.023484456,-0.037105336
66.200000000,1779830080_5715,ann,False,True,True,True,1183,31c1594f7caae09c6975238b7b255ad5c765bc56640ec43b539fdb93165d94da,absolute,standard,0.841859886,-0.564880658,0.841859886,-0.564880658,1.759347799,-0.325176799,0.670823843,-0.176262441,first_gps,0.003839221,-0.137136925,1.000000000,0.000000000,26.481738272,-0.000725477,-0.239839476,0.239840573,-0.000023901,0.276773415,0.276773416,-0.000047802,0.553546830,0.553546833,-0.005513795,0.313792766,0.398474662,0.172390625,-0.006903108,-0.032511632
66.250000000,1779830080_5715,ann,False,True,True,True,1183,31c1594f7caae09c6975238b7b255ad5c765bc56640ec43b539fdb93165d94da,absolute,standard,0.848322129,-0.546508492,0.848322129,-0.546508492,1.779262071,-0.256242102,0.686478543,0.058477845,first_gps,0.003839221,-0.137136925,1.000000000,0.000000000,26.477018203,-0.003979817,-0.257552817,0.257583564,-0.000050404,0.276729845,0.276729849,-0.000100808,0.553459690,0.553459699,-0.007891430,0.313718071,0.398533074,0.174382053,-0.009882321,-0.025618162
66.304000000,1779830080_5715,ann,False,True,True,True,1183,31c1594f7caae09c6975238b7b255ad5c765bc56640ec43b539fdb93165d94da,absolute,standard,0.870757711,-0.518870956,0.870757711,-0.518870956,1.799178326,-0.187301036,0.818179806,0.140817899,first_gps,0.003839221,-0.137136925,1.000000000,0.000000000,26.475885112,0.002417507,-0.339287353,0.339295965,-0.000022614,0.276723492,0.276723493,-0.000045227,0.553446985,0.553446987,-0.008841524,0.313688223,0.398667568,0.176373678,-0.011076425,-0.018724056
66.351000000,1779830080_5715,ann,False,True,True,True,1183,31c1594f7caae09c6975238b7b255ad5c765bc56640ec43b539fdb93165d94da,absolute,standard,0.901049959,-0.508659608,0.901049959,-0.508659608,1.812449515,-0.141357834,0.843439650,-0.098340885,first_gps,0.003839221,-0.137136925,1.000000000,0.000000000,26.530016753,-0.001803457,0.021385978,0.021461885,-0.000035179,0.277253179,0.277253181,-0.000070357,0.554506357,0.554506362,0.010281278,0.314288983,0.398225960,0.177700797,0.012867009,-0.014129735
66.401000000,1779830080_5715,ann,False,True,True,True,1183,31c1594f7caae09c6975238b7b255ad5c765bc56640ec43b539fdb93165d94da,absolute,standard,0.914600463,-0.488660689,0.914600463,-0.488660689,1.832370010,-0.072425501,0.791118659,-0.225888510,first_gps,0.003839221,-0.137136925,1.000000000,0.000000000,26.516773608,-0.002055108,0.084026284,0.084051412,-0.000017656,0.277124966,0.277124966,-0.000035311,0.554249931,0.554249932,0.005887670,0.314150954,0.398506154,0.179692846,0.007371874,-0.007236502
66.450000000,1779830080_5715,ann,False,True,True,True,1183,31c1594f7caae09c6975238b7b255ad5c765bc56640ec43b539fdb93165d94da,absolute,standard,0.921938487,-0.464796712,0.921938487,-0.464796712,1.845619724,-0.026478813,0.888894595,0.046277406,first_gps,0.003839221,-0.137136925,1.000000000,0.000000000,26.494091987,0.000886060,-0.381877624,0.381878652,-0.000013005,0.276894566,0.276894566,-0.000026011,0.553789132,0.553789132,-0.001766866,0.313910479,0.398448736,0.181017818,-0.002211721,-0.002641833
66.513000000,1779830080_5715,ann,False,True,True,True,1183,31c1594f7caae09c6975238b7b255ad5c765bc56640ec43b539fdb93165d94da,absolute,standard,0.935811451,-0.443774263,0.935811451,-0.443774263,1.865525243,0.042463960,0.682858856,0.018691688,first_gps,0.003839221,-0.137136925,1.000000000,0.000000000,26.496684598,-0.001313689,-0.311781563,0.311784330,-0.000016246,0.276928191,0.276928192,-0.000032491,0.553856382,0.553856383,0.000215168,0.313972747,0.398711430,0.183008370,0.000269518,0.004252444
66.558000000,1779830080_5715,ann,False,True,True,True,1183,31c1594f7caae09c6975238b7b255ad5c765bc56640ec43b539fdb93165d94da,absolute,standard,1.006787629,-0.438121974,1.006787629,-0.438121974,1.878780713,0.088422235,0.911444324,-0.127417330,first_gps,0.003839221,-0.137136925,1.000000000,0.000000000,26.553261286,-0.002237974,0.291719114,0.291727698,-0.000008575,0.277500441,0.277500442,-0.000017149,0.555000883,0.555000883,0.021282966,0.314634611,0.398036239,0.184333917,0.026653392,0.008848272
66.602000000,1779830080_5715,ann,False,True,True,True,1183,31c1594f7caae09c6975238b7b255ad5c765bc56640ec43b539fdb93165d94da,absolute,standard,0.935673131,-0.410149045,0.935673131,-0.410149045,1.898621931,0.157362725,0.785375367,-0.096716404,first_gps,0.003839221,-0.137136925,1.000000000,0.000000000,26.478982232,-0.000758023,0.047638678,0.047644708,-0.000015286,0.276750364,0.276750364,-0.000030573,0.553500728,0.553500729,-0.006331331,0.313767083,0.398605873,0.186318039,-0.007929501,0.015742321
66.699000000,1779830080_5715,ann,False,True,True,True,1183,31c1594f7caae09c6975238b7b255ad5c765bc56640ec43b539fdb93165d94da,absolute,standard,1.141286054,-0.396326468,1.141286054,-0.396326468,1.924992920,0.249329237,1.061549478,0.212437984,first_gps,0.003839221,-0.137136925,1.000000000,0.000000000,26.580185822,0.004174477,1.000000000,1.000000000,-0.000023425,0.277761145,0.277761146,-0.000046850,0.555522289,0.555522291,0.029532811,0.314893788,0.396928354,0.188955137,0.036933073,0.024938972
66.708000000,1779830080_5715,ann,False,True,True,True,1183,31c1594f7caae09c6975238b7b255ad5c765bc56640ec43b539fdb93165d94da,absolute,standard,1.146600262,-0.387652338,1.146600262,-0.387652338,1.931581940,0.272314167,1.001090936,0.181506962,first_gps,0.003839221,-0.137136925,1.000000000,0.000000000,26.580578919,0.004174477,1.000000000,1.000000000,-0.000023425,0.277761145,0.277761146,-0.000046850,0.555522289,0.555522291,0.029532811,0.314893788,0.396797885,0.189614039,0.036920933,0.027237465
66.774000000,1779830080_5715,ann,False,True,True,True,1183,31c1594f7caae09c6975238b7b255ad5c765bc56640ec43b539fdb93165d94da,absolute,standard,1.014616115,-0.342939207,1.014616115,-0.342939207,1.944748659,0.318300819,1.026304906,-0.016347401,first_gps,0.003839221,-0.137136925,1.000000000,0.000000000,26.503500995,-0.003142439,-0.528493775,0.528503118,0.000004002,0.276991490,0.276991490,0.000008004,0.553982980,0.553982980,0.002783807,0.314053443,0.398534090,0.190930711,0.003485504,0.031836130
66.802000000,1779830080_5715,ann,False,True,True,True,1183,31c1594f7caae09c6975238b7b255ad5c765bc56640ec43b539fdb93165d94da,absolute,standard,1.023306844,-0.315445942,1.023306844,-0.315445942,1.964496513,0.387279645,1.274272251,0.036184234,first_gps,0.003839221,-0.137136925,1.000000000,0.000000000,26.510141446,0.006069749,-0.164074297,0.164186531,0.000021433,0.277064705,0.277064705,0.000042866,0.554129409,0.554129411,0.005236499,0.314130497,0.398722404,0.192905497,0.006559952,0.038734013
66.854000000,1779830080_5715,ann,False,True,True,True,1183,31c1594f7caae09c6975238b7b255ad5c765bc56640ec43b539fdb93165d94da,absolute,standard,0.971630341,-0.315795374,0.971630341,-0.315795374,1.977661772,0.433260021,1.206453574,-0.155964035,first_gps,0.003839221,-0.137136925,1.000000000,0.000000000,26.451240737,-0.007592242,0.048392944,0.048984887,-0.000017616,0.276462285,0.276462285,-0.000035232,0.552924569,0.552924570,-0.015845405,0.313468189,0.397835825,0.194222023,-0.019820565,0.043332050
66.901000000,1779830080_5715,ann,False,True,True,True,1183,31c1594f7caae09c6975238b7b255ad5c765bc56640ec43b539fdb93165d94da,absolute,standard,0.968709878,-0.290825689,0.968709878,-0.290825689,1.990832974,0.479250816,1.173179313,0.108054907,first_gps,0.003839221,-0.137136925,1.000000000,0.000000000,26.422365004,-0.000547534,-0.174432221,0.174433080,-0.000019791,0.276185284,0.276185285,-0.000039582,0.552370569,0.552370570,-0.025783808,0.313155965,0.397413807,0.195539143,-0.032261992,0.047931130
66.951000000,1779830080_5715,ann,False,True,True,True,1183,31c1594f7caae09c6975238b7b255ad5c765bc56640ec43b539fdb93165d94da,absolute,standard,1.026020405,-0.260910658,1.026020405,-0.260910658,2.010620626,0.548218577,1.371154845,0.030386250,first_gps,0.003839221,-0.137136925,1.000000000,0.000000000,26.469023428,0.000833249,-0.248506273,0.248507670,-0.000021250,0.276649863,0.276649864,-0.000042500,0.553299727,0.553299728,-0.009155141,0.313678370,0.398489452,0.197517908,-0.011464404,0.054827906
67.000000000,1779830080_5715,ann,False,True,True,True,1183,31c1594f7caae09c6975238b7b255ad5c765bc56640ec43b539fdb93165d94da,absolute,standard,1.119892439,-0.246016723,1.119892439,-0.246016723,2.030403809,0.617183307,1.476495036,0.039899519,first_gps,0.003839221,-0.137136925,1.000000000,0.000000000,26.515684562,0.002584407,0.467430219,0.467437363,-0.000020487,0.277118569,0.277118569,-0.000040973,0.554237137,0.554237139,0.007857928,0.314212851,0.398602638,0.199496226,0.009842067,0.061724379
67.050000000,1779830080_5715,ann,False,True,True,True,1183,31c1594f7caae09c6975238b7b255ad5c765bc56640ec43b539fdb93165d94da,absolute,standard,1.044598887,-0.222713991,1.044598887,-0.222713991,2.043577927,0.663146656,1.524591131,-0.005499353,first_gps,0.003839221,-0.137136925,1.000000000,0.000000000,26.484024461,-0.003733670,-0.034263048,0.034465878,-0.000040586,0.276784324,0.276784327,-0.000081171,0.553568647,0.553568653,-0.005369825,0.313797289,0.398079419,0.200813638,-0.006716158,0.066320714
67.100000000,1779830080_5715,ann,False,True,True,True,1183,31c1594f7caae09c6975238b7b255ad5c765bc56640ec43b539fdb93165d94da,absolute,standard,1.049106768,-0.205235413,1.049106768,-0.205235413,2.056760288,0.709142146,1.491054609,-0.061876989,first_gps,0.003839221,-0.137136925,1.000000000,0.000000000,26.462491895,-0.006292205,-0.241909096,0.241990914,-0.000058136,0.276585756,0.276585762,-0.000116272,0.553171513,0.553171525,-0.011853651,0.313593594,0.398418365,0.202131874,-0.014843700,0.070920263
67.152000000,1779830080_5715,ann,False,True,True,True,1183,31c1594f7caae09c6975238b7b255ad5c765bc56640ec43b539fdb93165d94da,absolute,standard,1.127696329,-0.186233546,1.127696329,-0.186233546,2.076523952,0.778115207,1.413610303,0.217432671,first_gps,0.003839221,-0.137136925,1.000000000,0.000000000,26.495233059,-0.003829161,0.412749282,0.412767043,-0.000033618,0.276911543,0.276911545,-0.000067236,0.553823086,0.553823090,-0.000184557,0.313960189,0.398640420,0.204108241,-0.000231133,0.077817569
67.212000000,1779830080_5715,ann,False,True,True,True,1183,31c1594f7caae09c6975238b7b255ad5c765bc56640ec43b539fdb93165d94da,absolute,standard,1.085330784,-0.146850800,1.085330784,-0.146850800,2.096315096,0.847073037,1.488970553,0.124237812,first_gps,0.003839221,-0.137136925,1.000000000,0.000000000,26.452363001,0.004159226,0.153380285,0.153436668,-0.000017331,0.276483436,0.276483436,-0.000034662,0.552966871,0.552966872,-0.016055541,0.313461587,0.398153177,0.206087355,-0.020099883,0.084713352
67.315000000,1779830080_5715,ann,False,True,True,True,1183,31c1594f7caae09c6975238b7b255ad5c765bc56640ec43b539fdb93165d94da,absolute,standard,1.087153827,-0.125811273,1.087153827,-0.125811273,2.109502870,0.893043830,1.589661128,0.004854829,first_gps,0.003839221,-0.137136925,1.000000000,0.000000000,26.462238672,0.002104833,0.027726171,0.027805950,-0.000010174,0.276577705,0.276577705,-0.000020349,0.553155409,0.553155409,-0.013440571,0.313543739,0.398155394,0.207406132,-0.016822031,0.089310431
67.383000000,1779830080_5715,ann,False,True,True,True,1183,31c1594f7caae09c6975238b7b255ad5c765bc56640ec43b539fdb93165d94da,absolute,standard,1.250801421,-0.067734069,1.250801421,-0.067734069,2.149076993,1.030990271,1.684528771,0.048241006,first_gps,0.003839221,-0.137136925,1.000000000,0.000000000,26.496500592,-0.000020047,0.394263377,0.394263378,-0.000005996,0.276923083,0.276923083,-0.000011992,0.553846166,0.553846166,0.023105053,0.314691854,0.397552949,0.211363545,0.028907831,0.103105075
67.429000000,1779830080_5715,ann,False,True,True,True,1183,31c1594f7caae09c6975238b7b255ad5c765bc56640ec43b539fdb93165d94da,absolute,standard,1.256518479,-0.057640031,1.256518479,-0.057640031,2.155685500,1.053974291,1.336845186,0.027156537,first_gps,0.003839221,-0.137136925,1.000000000,0.000000000,26.496547500,-0.000020047,0.394263377,0.394263378,-0.000005996,0.276923083,0.276923083,-0.000011992,0.553846166,0.553846166,0.023105053,0.314691854,0.397537354,0.212024395,0.028906697,0.105403477
67.489000000,1779830080_5715,ann,False,True,True,True,1183,31c1594f7caae09c6975238b7b255ad5c765bc56640ec43b539fdb93165d94da,absolute,standard,1.207379040,-0.000798876,1.207379040,-0.000798876,2.182120275,1.145912125,1.832606462,0.042913266,first_gps,0.003839221,-0.137136925,1.000000000,0.000000000,26.402261851,-0.002905911,-1.000000000,1.000000000,-0.000014034,0.275985815,0.275985816,-0.000028069,0.551971631,0.551971631,-0.010486819,0.313636534,0.398556847,0.214667873,-0.013135333,0.114597261
67.549000000,1779830080_5715,ann,False,True,True,True,1183,31c1594f7caae09c6975238b7b255ad5c765bc56640ec43b539fdb93165d94da,absolute,standard,1.140807107,-0.010588930,1.140807107,-0.010588930,2.188729292,1.168885048,1.702501405,0.283251898,first_gps,0.003839221,-0.137136925,1.000000000,0.000000000,26.377910055,-0.006065066,-0.115622717,0.115781681,-0.000027377,0.275731445,0.275731447,-0.000054755,0.551462891,0.551462894,-0.018921776,0.313371542,0.397707824,0.215328775,-0.023669434,0.116894553
67.552000000,1779830080_5715,ann,False,True,True,True,1183,31c1594f7caae09c6975238b7b255ad5c765bc56640ec43b539fdb93165d94da,absolute,standard,1.327463775,0.002072359,1.327463775,0.002072359,2.195346932,1.191869870,1.609741861,0.178561440,first_gps,0.003839221,-0.137136925,1.000000000,0.000000000,26.512240837,0.000692789,0.587050981,0.587051390,-0.000025784,0.277081663,0.277081664,-0.000051568,0.554163325,0.554163328,0.029649734,0.314897461,0.396913704,0.215990539,0.037078774,0.119193035
67.645000000,1779830080_5715,ann,False,True,True,True,1183,31c1594f7caae09c6975238b7b255ad5c765bc56640ec43b539fdb93165d94da,absolute,standard,1.258690640,0.029115673,1.258690640,0.029115673,2.201970570,1.214865079,1.743171867,0.127203494,first_gps,0.003839221,-0.137136925,1.000000000,0.000000000,26.442712867,-0.005441695,-1.000000000,1.000000000,-0.000027961,0.276392204,0.276392205,-0.000055921,0.552784408,0.552784411,0.004947377,0.314121414,0.398787715,0.216652902,0.006198714,0.121492556
67.672000000,1779830080_5715,ann,False,True,True,True,1183,31c1594f7caae09c6975238b7b255ad5c765bc56640ec43b539fdb93165d94da,absolute,standard,1.187284906,0.022831911,1.187284906,0.022831911,2.208591593,1.237831303,1.682593490,0.081820186,first_gps,0.003839221,-0.137136925,1.000000000,0.000000000,26.411484650,-0.002493755,-0.064033740,0.064082280,-0.000040679,0.276065632,0.276065635,-0.000081358,0.552131264,0.552131270,-0.005962799,0.313778660,0.398289718,0.217315005,-0.007461908,0.123789178
67.721000000,1779830080_5715,ann,False,True,True,True,1183,31c1594f7caae09c6975238b7b255ad5c765bc56640ec43b539fdb93165d94da,absolute,standard,1.308735586,0.096887163,1.308735586,0.096887163,2.261518537,1.421698257,1.871964351,0.179365059,first_gps,0.003839221,-0.137136925,1.000000000,0.000000000,26.472553926,-0.005413746,0.388486238,0.388523958,-0.000116064,0.276682490,0.276682514,-0.000232128,0.553364979,0.553365028,0.012251691,0.314350885,0.398270626,0.222607699,0.015336940,0.142175874
67.751000000,1779830080_5715,ann,False,True,True,True,1183,31c1594f7caae09c6975238b7b255ad5c765bc56640ec43b539fdb93165d94da,absolute,standard,1.295585880,0.129898956,1.295585880,0.129898956,2.281352937,1.490657993,2.241798666,0.182827823,first_gps,0.003839221,-0.137136925,1.000000000,0.000000000,26.474228332,-0.007707778,0.131916561,0.132141549,-0.000127054,0.276700471,0.276700500,-0.000254107,0.553400942,0.553401001,0.012521062,0.314359348,0.398298886,0.224591139,0.015675601,0.149071847
67.840000000,1779830080_5715,ann,False,True,True,True,1183,31c1594f7caae09c6975238b7b255ad5c765bc56640ec43b539fdb93165d94da,absolute,standard,1.359844377,0.168326406,1.359844377,0.168326406,2.301170463,1.559607851,2.083002053,-0.026990664,first_gps,0.003839221,-0.137136925,1.000000000,0.000000000,26.480417578,0.000705292,0.449043074,0.449043627,-0.000110503,0.276762157,0.276762179,-0.000221007,0.553524314,0.553524358,0.014055816,0.314407564,0.398211550,0.226572892,0.017595524,0.155966833
67.880000000,1779830080_5715,ann,False,True,True,True,1183,31c1594f7caae09c6975238b7b255ad5c765bc56640ec43b539fdb93165d94da,absolute,standard,1.301100697,0.189424320,1.301100697,0.189424320,2.307778704,1.582586723,2.050371394,0.093724939,first_gps,0.003839221,-0.137136925,1.000000000,0.000000000,26.440560312,0.002664060,-0.364979160,0.364988883,-0.000107573,0.276360680,0.276360701,-0.000215146,0.552721359,0.552721401,-0.000676425,0.313944737,0.398502351,0.227233716,-0.000846840,0.158264720
67.913000000,1779830080_5715,ann,False,True,True,True,1183,31c1594f7caae09c6975238b7b255ad5c765bc56640ec43b539fdb93165d94da,absolute,standard,1.363775012,0.214925207,1.363775012,0.214925207,2.321001143,1.628568021,2.039322251,0.089384777,first_gps,0.003839221,-0.137136925,1.000000000,0.000000000,26.502134227,0.006021874,0.086671803,0.086880748,-0.000053155,0.276975316,0.276975321,-0.000106310,0.553950631,0.553950641,0.021266126,0.314634082,0.397576997,0.228555960,0.026601513,0.162862850
67.950000000,1779830080_5715,ann,False,True,True,True,1183,31c1594f7caae09c6975238b7b255ad5c765bc56640ec43b539fdb93165d94da,absolute,standard,1.462524131,0.249579364,1.462524131,0.249579364,2.354016479,1.743503184,2.190343463,0.297170788,first_gps,0.003839221,-0.137136925,1.000000000,0.000000000,26.502787589,-0.012772251,0.858693120,0.858788102,-0.000065969,0.276992449,0.276992457,-0.000131938,0.553984897,0.553984913,0.021331673,0.314636141,0.397924127,0.231857493,0.026707048,0.174356366
68.003000000,1779830080_5715,ann,False,True,True,True,1183,31c1594f7caae09c6975238b7b255ad5c765bc56640ec43b539fdb93165d94da,absolute,standard,1.468457003,0.261600306,1.468457003,0.261600306,2.360619773,1.766490882,2.088234799,0.080061416,first_gps,0.003839221,-0.137136925,1.000000000,0.000000000,26.503380087,-0.012772251,0.858693120,0.858788102,-0.000065969,0.276992449,0.276992457,-0.000131938,0.553984897,0.553984913,0.021331673,0.314636141,0.397727071,0.232517823,0.026693823,0.176655136
68.065000000,1779830080_5715,ann,False,True,True,True,1183,31c1594f7caae09c6975238b7b255ad5c765bc56640ec43b539fdb93165d94da,absolute,standard,1.423808552,0.305580243,1.423808552,0.305580243,2.380455580,1.835436902,2.298768855,-0.080802741,first_gps,0.003839221,-0.137136925,1.000000000,0.000000000,26.499469157,-0.006295013,0.257704387,0.257781260,-0.000064768,0.276950046,0.276950054,-0.000129537,0.553900093,0.553900108,0.020438160,0.314608071,0.397690886,0.234501403,0.025570235,0.183549738
68.108000000,1779830080_5715,ann,False,True,True,True,1183,31c1594f7caae09c6975238b7b255ad5c765bc56640ec43b539fdb93165d94da,absolute,standard,1.388529008,0.338077648,1.388529008,0.338077648,2.393679308,1.881407834,2.296469076,0.073997277,first_gps,0.003839221,-0.137136925,1.000000000,0.000000000,26.462326824,0.005377903,0.031615393,0.032069533,-0.000055629,0.276590991,0.276590996,-0.000111259,0.553181981,0.553181993,0.008149050,0.314221997,0.398793547,0.235823776,0.010211743,0.188146831
68.152000000,1779830080_5715,ann,False,True,True,True,1183,31c1594f7caae09c6975238b7b255ad5c765bc56640ec43b539fdb93165d94da,absolute,standard,1.410790411,0.358248927,1.410790411,0.358248927,2.406915222,1.927366630,2.190089046,0.217365308,first_gps,0.003839221,-0.137136925,1.000000000,0.000000000,26.478193256,-0.000171954,0.039292081,0.039292458,-0.000049529,0.276741200,0.276741205,-0.000099059,0.553482401,0.553482410,0.013347842,0.314385322,0.398291971,0.237147368,0.016711566,0.192742711
68.211000000,1779830080_5715,ann,False,True,True,True,1183,31c1594f7caae09c6975238b7b255ad5c765bc56640ec43b539fdb93165d94da,absolute,standard,1.443391579,0.393196721,1.443391579,0.393196721,2.426794810,1.996316161,2.256774207,0.195466957,first_gps,0.003839221,-0.137136925,1.000000000,0.000000000,26.501476841,-0.001980923,-0.031910299,0.031971726,-0.000061772,0.276982741,0.276982748,-0.000123543,0.553965483,0.553965497,0.021000169,0.314625727,0.398064786,0.239135326,0.026300085,0.199637664
68.259000000,1779830080_5715,ann,False,True,True,True,1183,31c1594f7caae09c6975238b7b255ad5c765bc56640ec43b539fdb93165d94da,absolute,standard,1.385564743,0.426180164,1.385564743,0.426180164,2.440044305,2.042272136,2.578102611,0.119644103,first_gps,0.003839221,-0.137136925,1.000000000,0.000000000,26.406324071,0.007881656,-0.183271814,0.183441213,-0.000039391,0.276024897,0.276024900,-0.000078782,0.552049795,0.552049801,-0.012991715,0.313557840,0.398389928,0.240460276,-0.016269191,0.204233262
68.304000000,1779830080_5715,ann,False,True,True,True,1183,31c1594f7caae09c6975238b7b255ad5c765bc56640ec43b539fdb93165d94da,absolute,standard,1.448820332,0.458860627,1.448820332,0.458860627,2.459916925,2.111213049,2.381912703,0.121874770,first_gps,0.003839221,-0.137136925,1.000000000,0.000000000,26.458668576,0.002482270,-0.228011851,0.228025362,-0.000059903,0.276545355,0.276545362,-0.000119807,0.553090711,0.553090724,0.005806404,0.314148401,0.398556220,0.242447538,0.007271012,0.211127353
68.350000000,1779830080_5715,ann,False,True,True,True,1183,31c1594f7caae09c6975238b7b255ad5c765bc56640ec43b539fdb93165d94da,absolute,standard,1.594452028,0.492485466,1.594452028,0.492485466,2.473153497,2.157165124,2.548145027,0.224803285,first_gps,0.003839221,-0.137136925,1.000000000,0.000000000,26.536752808,0.006596964,0.633581238,0.633615581,-0.000043659,0.277315849,0.277315853,-0.000087317,0.554631699,0.554631706,0.033085638,0.315005403,0.396127960,0.243771195,0.041323097,0.215722560
68.400000000,1779830080_5715,ann,False,True,True,True,1183,31c1594f7caae09c6975238b7b255ad5c765bc56640ec43b539fdb93165d94da,absolute,standard,1.552789392,0.510335539,1.552789392,0.510335539,2.486374540,2.203147667,2.539574893,0.077652395,first_gps,0.003839221,-0.137136925,1.000000000,0.000000000,26.510756059,0.002002107,0.375587606,0.375592943,-0.000039523,0.277066649,0.277066652,-0.000079046,0.554133297,0.554133303,0.024731185,0.314742940,0.397433774,0.245093299,0.030941025,0.220320815
68.451000000,1779830080_5715,ann,False,True,True,True,1183,31c1594f7caae09c6975238b7b255ad5c765bc56640ec43b539fdb93165d94da,absolute,standard,1.462657732,0.536149243,1.462657732,0.536149243,2.506200326,2.272094170,2.402027092,0.069105258,first_gps,0.003839221,-0.137136925,1.000000000,0.000000000,26.435704607,-0.004452185,-0.149758019,0.149824184,-0.000076676,0.276314489,0.276314500,-0.000153351,0.552628979,0.552629000,-0.000637359,0.313945964,0.398581000,0.247075878,-0.000798089,0.227215465
68.504000000,1779830080_5715,ann,False,True,True,True,1183,31c1594f7caae09c6975238b7b255ad5c765bc56640ec43b539fdb93165d94da,absolute,standard,1.485795282,0.578697431,1.485795282,0.578697431,2.526005221,2.341056533,2.639515971,0.059405685,first_gps,0.003839221,-0.137136925,1.000000000,0.000000000,26.441399030,0.001521457,-0.093501896,0.093514273,-0.000078872,0.276373121,0.276373132,-0.000157745,0.552746242,0.552746264,0.000987170,0.313997000,0.398636143,0.249056367,0.001236289,0.234111701
68.550000000,1779830080_5715,ann,False,True,True,True,1183,31c1594f7caae09c6975238b7b255ad5c765bc56640ec43b539fdb93165d94da,absolute,standard,1.532952806,0.596694993,1.532952806,0.596694993,2.539205530,2.387029835,2.599423166,0.138076946,first_gps,0.003839221,-0.137136925,1.000000000,0.000000000,26.469236911,-0.010830426,-0.418924069,0.419064045,-0.000110562,0.276652218,0.276652240,-0.000221124,0.553304436,0.553304480,0.011741496,0.314334857,0.398391173,0.250376398,0.014702123,0.238709032
68.605000000,1779830080_5715,ann,False,True,True,True,1183,31c1594f7caae09c6975238b7b255ad5c765bc56640ec43b539fdb93165d94da,absolute,standard,1.569729483,0.634891648,1.569729483,0.634891648,2.559004900,2.455989939,2.916377086,0.142220121,first_gps,0.003839221,-0.137136925,1.000000000,0.000000000,26.499999608,-0.006625512,0.111721750,0.111918036,-0.000121516,0.276957381,0.276957407,-0.000243033,0.553914761,0.553914814,0.022322311,0.314667263,0.397600687,0.252356335,0.027928584,0.245605042
68.650000000,1779830080_5715,ann,False,True,True,True,1183,31c1594f7caae09c6975238b7b255ad5c765bc56640ec43b539fdb93165d94da,absolute,standard,1.526591498,0.672966825,1.526591498,0.672966825,2.572189868,2.501966163,2.685644250,0.221946854,first_gps,0.003839221,-0.137136925,1.000000000,0.000000000,26.434628713,0.006421609,-0.137332261,0.137482315,-0.000097074,0.276300654,0.276300671,-0.000194148,0.552601307,0.552601341,-0.001187860,0.313928669,0.398476674,0.253674832,-0.001487031,0.250202664
68.704000000,1779830080_5715,ann,False,True,True,True,1183,31c1594f7caae09c6975238b7b255ad5c765bc56640ec43b539fdb93165d94da,absolute,standard,1.556556755,0.708459836,1.556556755,0.708459836,2.591957209,2.570937679,2.805587685,0.178085197,first_gps,0.003839221,-0.137136925,1.000000000,0.000000000,26.427653769,-0.003189765,-0.613551305,0.613559596,-0.000119064,0.276233011,0.276233036,-0.000238128,0.552466021,0.552466073,-0.003478446,0.313856709,0.398526156,0.255651566,-0.004355212,0.257099816
68.751000000,1779830080_5715,ann,False,True,True,True,1183,31c1594f7caae09c6975238b7b255ad5c765bc56640ec43b539fdb93165d94da,absolute,standard,1.646535117,0.746398737,1.646535117,0.746398737,2.605127274,2.616931980,2.894273173,0.118615471,first_gps,0.003839221,-0.137136925,1.000000000,0.000000000,26.483649177,0.008963758,0.440270012,0.440361252,-0.000095578,0.276798657,0.276798673,-0.000191156,0.553597313,0.553597346,0.016267994,0.314477061,0.398218749,0.256968573,0.020369667,0.261699246
68.801000000,1779830080_5715,ann,False,True,True,True,1183,31c1594f7caae09c6975238b7b255ad5c765bc56640ec43b539fdb93165d94da,absolute,standard,1.622917198,0.768582755,1.622917198,0.768582755,2.624872368,2.685908473,2.949532698,0.292714339,first_gps,0.003839221,-0.137136925,1.000000000,0.000000000,26.492552156,-0.004667117,0.091244928,0.091364210,-0.000110387,0.276881910,0.276881932,-0.000220773,0.553763820,0.553763864,0.019825476,0.314588823,0.397774238,0.258943082,0.024806885,0.268596895
68.850000000,1779830080_5715,ann,False,True,True,True,1183,31c1594f7caae09c6975238b7b255ad5c765bc56640ec43b539fdb93165d94da,absolute,standard,1.599230736,0.803951958,1.599230736,0.803951958,2.638021776,2.731886661,2.883004858,0.169132559,first_gps,0.003839221,-0.137136925,1.000000000,0.000000000,26.458832261,0.006023775,-0.016837436,0.017882537,-0.000094956,0.276545218,0.276545235,-0.000189912,0.553090437,0.553090469,0.006590257,0.314173026,0.398478316,0.260258023,0.008251235,0.273194714
68.900000000,1779830080_5715,ann,False,True,True,True,1183,31c1594f7caae09c6975238b7b255ad5c765bc56640ec43b539fdb93165d94da,absolute,standard,0.919851489,0.698511184,0.919851489,0.698511184,2.638022233,2.731888730,2.700323586,0.103965117,first_gps,0.003839221,-0.137136925,1.000000000,0.000000000,27.667963514,0.006037804,0.002810945,0.006660066,-0.008952190,0.276537815,0.276682679,-0.017904380,0.553075631,0.553365359,0.005017005,0.314123601,0.000101459,0.260258069,0.000001599,0.273194921
68.952000000,1779830080_5715,ann,False,True,True,True,1183,31c1594f7caae09c6975238b7b255ad5c765bc56640ec43b539fdb93165d94da,absolute,standard,0.928703423,0.702103729,0.928703423,0.702103729,2.638022931,2.731895675,3.115619636,0.328834656,first_gps,0.003839221,-0.137136925,1.000000000,0.000000000,27.668960870,0.006651067,-0.002167555,0.006995354,-0.008934484,0.276549475,0.276693761,-0.017868968,0.553098951,0.553387522,0.035146371,0.315070143,0.000137561,0.260258139,0.000015251,0.273195616
69.000000000,1779830080_5715,ann,False,True,True,True,1183,31c1594f7caae09c6975238b7b255ad5c765bc56640ec43b539fdb93165d94da,absolute,standard,0.934176919,0.696941557,0.934176919,0.696941557,2.638022550,2.731896349,2.874416130,0.400790594,first_gps,0.003839221,-0.137136925,1.000000000,0.000000000,27.669723364,-0.002473599,-0.002475010,0.003499195,-0.008935951,0.276555007,0.276699337,-0.017871903,0.553110013,0.553398673,0.086680178,0.316689125,0.000067518,0.260258100,0.000018855,0.273195683
69.050000000,1779830080_5715,ann,False,True,True,True,1183,31c1594f7caae09c6975238b7b255ad5c765bc56640ec43b539fdb93165d94da,absolute,standard,0.946851402,0.707738149,0.946851402,0.707738149,2.638023458,2.731887655,2.925379230,0.234461583,first_gps,0.003839221,-0.137136925,1.000000000,0.000000000,27.668501841,0.006629150,-0.002007748,0.006926520,-0.008925287,0.276545429,0.276689420,-0.017850575,0.553090858,0.553378840,0.107891239,0.317355490,-0.000138369,0.260258191,-0.000048783,0.273194814
69.100000000,1779830080_5715,ann,False,True,True,True,1183,31c1594f7caae09c6975238b7b255ad5c765bc56640ec43b539fdb93165d94da,absolute,standard,0.943363770,0.699445837,0.943363770,0.699445837,2.638024308,2.731885007,3.106622092,0.252644548,first_gps,0.003839221,-0.137136925,1.000000000,0.000000000,27.668789902,-0.002525711,0.001931578,0.003179655,-0.008941112,0.276548761,0.276693261,-0.017882225,0.553097521,0.553386521,0.126710221,0.317946706,-0.000164745,0.260258276,-0.000069279,0.273194549
69.224000000,1779830080_5715,ann,False,True,True,True,1183,31c1594f7caae09c6975238b7b255ad5c765bc56640ec43b539fdb93165d94da,absolute,standard,0.968151942,0.710586109,0.968151942,0.710586109,2.638018319,2.731901469,2.981249062,0.146614832,first_gps,0.003839221,-0.137136925,1.000000000,0.000000000,27.670393654,0.004782978,-0.004637824,0.006662304,-0.008944164,0.276562027,0.276706619,-0.017888327,0.553124054,0.553413238,0.206716220,0.320460169,0.000071207,0.260257677,0.000054067,0.273196195
69.268000000,1779830080_5715,ann,False,True,True,True,1183,31c1594f7caae09c6975238b7b255ad5c765bc56640ec43b539fdb93165d94da,absolute,standard,0.972532744,0.712966727,0.972532744,0.712966727,2.638022090,2.731894338,3.062059620,0.321380995,first_gps,0.003839221,-0.137136925,1.000000000,0.000000000,27.664140002,0.004895501,-0.000678313,0.004942271,-0.008925314,0.276501295,0.276645310,-0.017850627,0.553002590,0.553290619,0.216898970,0.320780069,0.000101215,0.260258054,0.000082084,0.273195482
69.300000000,1779830080_5715,ann,False,True,True,True,1183,31c1594f7caae09c6975238b7b255ad5c765bc56640ec43b539fdb93165d94da,absolute,standard,0.982669363,0.718615226,0.982669363,0.718615226,2.638026135,2.731889669,2.924312214,0.346737874,first_gps,0.003839221,-0.137136925,1.000000000,0.000000000,27.663885123,0.007855746,0.001255592,0.007955455,-0.008918243,0.276502425,0.276646211,-0.017836487,0.553004850,0.553292422,0.248004997,0.321757294,-0.000174554,0.260258459,-0.000172379,0.273195015
69.357000000,1779830080_5715,ann,False,True,True,True,1183,31c1594f7caae09c6975238b7b255ad5c765bc56640ec43b539fdb93165d94da,absolute,standard,0.986599171,0.715179352,0.986599171,0.715179352,2.638020762,2.731895068,3.029420857,0.187509041,first_gps,0.003839221,-0.137136925,1.000000000,0.000000000,27.657892304,0.002516264,0.001287636,0.002826587,-0.008922347,0.276442564,0.276586513,-0.017844694,0.552885127,0.553173026,0.278574155,0.322717652,0.000162140,0.260257922,0.000194216,0.273195555
69.400000000,1779830080_5715,ann,False,True,True,True,1183,31c1594f7caae09c6975238b7b255ad5c765bc56640ec43b539fdb93165d94da,absolute,standard,0.995527512,0.716226015,0.995527512,0.716226015,2.638012796,2.731900605,2.936791477,0.075082489,first_gps,0.003839221,-0.137136925,1.000000000,0.000000000,27.658032051,0.000471858,-0.006171813,0.006189824,-0.008915981,0.276447731,0.276591473,-0.017831962,0.552895462,0.553182945,0.317786334,0.323949539,0.000201367,0.260257125,0.000312478,0.273196109
69.450000000,1779830080_5715,ann,False,True,True,True,1183,31c1594f7caae09c6975238b7b255ad5c765bc56640ec43b539fdb93165d94da,absolute,standard,0.999817658,0.719870049,0.999817658,0.719870049,2.638017768,2.731896749,2.939813154,0.218880986,first_gps,0.003839221,-0.137136925,1.000000000,0.000000000,27.659465357,0.002725757,-0.000210645,0.002733884,-0.008908061,0.276451170,0.276594655,-0.017816122,0.552902341,0.553189310,0.329133030,0.324306006,0.000000024,0.260257622,0.000000040,0.273195723
69.501000000,1779830080_5715,ann,False,True,True,True,1183,31c1594f7caae09c6975238b7b255ad5c765bc56640ec43b539fdb93165d94da,absolute,standard,1.005698019,0.720696377,1.005698019,0.720696377,2.638019902,2.731894834,3.003800474,0.253970897,first_gps,0.003839221,-0.137136925,1.000000000,0.000000000,27.659792778,0.001676755,0.008267599,0.008435917,-0.008907419,0.276454983,0.276598445,-0.017814838,0.552909966,0.553196890,0.353255017,0.325063821,-0.000007667,0.260257836,-0.000015436,0.273195531
69.552000000,1779830080_5715,ann,False,True,True,True,1183,31c1594f7caae09c6975238b7b255ad5c765bc56640ec43b539fdb93165d94da,absolute,standard,1.009880968,0.717835452,1.009880968,0.717835452,2.638031811,2.731889416,2.954365294,0.218965543,first_gps,0.003839221,-0.137136925,1.000000000,0.000000000,27.662751506,-0.003014421,0.000633731,0.003080316,-0.008919767,0.276486735,0.276630579,-0.017839535,0.552973470,0.553261157,0.392162226,0.326286127,-0.000033937,0.260259027,-0.000096311,0.273194990
69.600000000,1779830080_5715,ann,False,True,True,True,1183,31c1594f7caae09c6975238b7b255ad5c765bc56640ec43b539fdb93165d94da,absolute,standard,2.520598389,1.241303964,2.520598389,1.241303964,2.594042760,2.750706015,2.874721050,0.107310645,first_gps,0.003839221,-0.137136925,1.000000000,0.000000000,26.444988927,-0.001762041,-0.193185978,0.193194014,-0.000074771,0.276411169,0.276411179,-0.000149543,0.552822338,0.552822358,0.389193271,0.326192854,0.136008402,0.255860121,0.374794754,0.275076650
69.655000000,1779830080_5715,ann,False,True,True,True,1183,31c1594f7caae09c6975238b7b255ad5c765bc56640ec43b539fdb93165d94da,absolute,standard,2.471445219,1.276841716,2.471445219,1.276841716,2.506072436,2.788294658,2.942939793,0.233012452,first_gps,0.003839221,-0.137136925,1.000000000,0.000000000,26.444518094,-0.002941938,0.113095291,0.113133549,-0.000086157,0.276399050,0.276399063,-0.000172314,0.552798099,0.552798126,0.389828365,0.326212806,0.135176572,0.247063089,0.374833093,0.278835514
69.700000000,1779830080_5715,ann,False,True,True,True,1183,31c1594f7caae09c6975238b7b255ad5c765bc56640ec43b539fdb93165d94da,absolute,standard,2.481225613,1.325017063,2.481225613,1.325017063,2.484075446,2.797683142,2.992737327,0.239968169,first_gps,0.003839221,-0.137136925,1.000000000,0.000000000,26.504257789,-0.000580399,0.071628666,0.071631017,-0.000082707,0.277000943,0.277000956,-0.000165414,0.554001887,0.554001912,0.412386685,0.326921497,0.108336150,0.244863390,0.383608239,0.279774362
69.750000000,1779830080_5715,ann,False,True,True,True,1183,31c1594f7caae09c6975238b7b255ad5c765bc56640ec43b539fdb93165d94da,absolute,standard,2.518861932,1.419268284,2.518861932,1.419268284,2.415976440,2.820140817,3.022942261,0.437651256,first_gps,0.003839221,-0.137136925,1.000000000,0.000000000,26.586718434,-0.002246953,0.575940199,0.575944582,-0.000085415,0.277827786,0.277827799,-0.000170829,0.555655572,0.555655599,0.441834022,0.327846612,0.072448850,0.238053489,0.392049256,0.282020130
69.803000000,1779830080_5715,ann,False,True,True,True,1183,31c1594f7caae09c6975238b7b255ad5c765bc56640ec43b539fdb93165d94da,absolute,standard,2.428275332,1.411107109,2.428275332,1.411107109,2.345763590,2.834801743,3.116519728,0.435285247,first_gps,0.003839221,-0.137136925,1.000000000,0.000000000,26.563976683,0.011602219,-0.071166195,0.072105747,-0.000060843,0.277599589,0.277599596,-0.000121685,0.555199179,0.555199192,0.433632375,0.327588950,0.082519896,0.231032204,0.390026973,0.283486222
69.851000000,1779830080_5715,ann,False,True,True,True,1183,31c1594f7caae09c6975238b7b255ad5c765bc56640ec43b539fdb93165d94da,absolute,standard,2.403863695,1.454230491,2.403863695,1.454230491,2.298623433,2.842907719,2.930194088,0.263326396,first_gps,0.003839221,-0.137136925,1.000000000,0.000000000,26.626792841,0.000461648,0.022692804,0.022697499,-0.000067151,0.278230497,0.278230505,-0.000134302,0.556460995,0.556461011,0.456721696,0.328314322,0.054048634,0.226318189,0.395072592,0.284296820
69.900000000,1779830080_5715,ann,False,True,True,True,1183,31c1594f7caae09c6975238b7b255ad5c765bc56640ec43b539fdb93165d94da,absolute,standard,2.377754536,1.454220134,2.377754536,1.454220134,2.251077346,2.847971664,3.027874223,0.671788711,first_gps,0.003839221,-0.137136925,1.000000000,0.000000000,26.623496833,-0.004276372,-0.192879716,0.192927116,-0.000074636,0.278188490,0.278188500,-0.000149273,0.556376980,0.556377000,0.455427179,0.328273654,0.055612800,0.221563580,0.394550965,0.284803214
69.950000000,1779830080_5715,ann,False,True,True,True,1183,31c1594f7caae09c6975238b7b255ad5c765bc56640ec43b539fdb93165d94da,absolute,standard,2.345263351,1.466964037,2.345263351,1.466964037,2.179726428,2.855574019,3.009937480,0.586714357,first_gps,0.003839221,-0.137136925,1.000000000,0.000000000,26.611078054,0.004924764,-0.272219711,0.272264254,-0.000070061,0.278065265,0.278065274,-0.000140122,0.556130530,0.556130548,0.450612722,0.328122403,0.061578772,0.214428488,0.393696391,0.285563450
70.000000000,1779830080_5715,ann,False,True,True,True,1183,31c1594f7caae09c6975238b7b255ad5c765bc56640ec43b539fdb93165d94da,absolute,standard,2.380853633,1.570378216,2.380853633,1.570378216,2.132165420,2.860646902,3.228053835,0.474134789,first_gps,0.003839221,-0.137136925,1.000000000,0.000000000,26.713662966,-0.002746650,0.641000130,0.641006015,-0.000072662,0.279091126,0.279091136,-0.000145325,0.558182253,0.558182272,0.487899338,0.329293797,0.015144843,0.209672387,0.398195635,0.286070738
70.052000000,1779830080_5715,ann,False,True,True,True,1183,31c1594f7caae09c6975238b7b255ad5c765bc56640ec43b539fdb93165d94da,absolute,standard,2.274264339,1.536720648,2.274264339,1.536720648,2.060816248,2.868260996,2.987632670,0.598735494,first_gps,0.003839221,-0.137136925,1.000000000,0.000000000,26.681776366,0.003654510,-0.074063247,0.074153355,-0.000067576,0.278775192,0.278775201,-0.000135151,0.557550385,0.557550401,0.476525392,0.328936474,0.029367795,0.202537470,0.397497840,0.286832148
70.102000000,1779830080_5715,ann,False,True,True,True,1183,31c1594f7caae09c6975238b7b255ad5c765bc56640ec43b539fdb93165d94da,absolute,standard,2.224681550,1.518780647,2.224681550,1.518780647,1.989469725,2.875866912,3.047994912,0.677550586,first_gps,0.003839221,-0.137136925,1.000000000,0.000000000,26.642894273,-0.001798316,-0.137850760,0.137862490,-0.000065461,0.278394295,0.278394303,-0.000130922,0.556788591,0.556788606,0.462897196,0.328508331,0.046384967,0.195402818,0.396138918,0.287592739
70.152000000,1779830080_5715,ann,False,True,True,True,1183,31c1594f7caae09c6975238b7b255ad5c765bc56640ec43b539fdb93165d94da,absolute,standard,2.211715358,1.552139521,2.211715358,1.552139521,1.941906084,2.880934065,2.862765019,0.653304315,first_gps,0.003839221,-0.137136925,1.000000000,0.000000000,26.667556709,-0.003820229,0.200542151,0.200578534,-0.000068786,0.278632750,0.278632759,-0.000137572,0.557265501,0.557265517,0.471375530,0.328774686,0.035793961,0.190646454,0.396962558,0.288099455
70.202000000,1779830080_5715,ann,False,True,True,True,1183,31c1594f7caae09c6975238b7b255ad5c765bc56640ec43b539fdb93165d94da,absolute,standard,2.151287954,1.552380373,2.151287954,1.552380373,1.870578630,2.888578252,3.049129576,0.556309967,first_gps,0.003839221,-0.137136925,1.000000000,0.000000000,26.666230667,-0.003562131,-0.123433831,0.123485219,-0.000079916,0.278616959,0.278616970,-0.000159831,0.557233918,0.557233941,0.470346014,0.328742343,0.037069837,0.183513708,0.396760815,0.288863873
70.251000000,1779830080_5715,ann,False,True,True,True,1183,31c1594f7caae09c6975238b7b255ad5c765bc56640ec43b539fdb93165d94da,absolute,standard,2.112980550,1.527340882,2.112980550,1.527340882,1.823016601,2.893670050,3.086877693,0.973560404,first_gps,0.003839221,-0.137136925,1.000000000,0.000000000,26.614086626,-0.001461122,-0.089005042,0.089017034,-0.000069117,0.278095646,0.278095655,-0.000138233,0.556191292,0.556191309,0.451196986,0.328140759,0.060857533,0.178757506,0.393818472,0.289373053
70.304000000,1779830080_5715,ann,False,True,True,True,1183,31c1594f7caae09c6975238b7b255ad5c765bc56640ec43b539fdb93165d94da,absolute,standard,2.086458594,1.586661694,2.086458594,1.586661694,1.751670079,2.901320619,3.026058445,0.840915475,first_gps,0.003839221,-0.137136925,1.000000000,0.000000000,26.671154550,-0.000509673,0.089285761,0.089287215,-0.000061868,0.278671075,0.278671082,-0.000123735,0.557342150,0.557342164,0.471677758,0.328784181,0.035423984,0.171622853,0.397074214,0.290138110
70.350000000,1779830080_5715,ann,False,True,True,True,1183,31c1594f7caae09c6975238b7b255ad5c765bc56640ec43b539fdb93165d94da,absolute,standard,2.120336053,1.656919976,2.120336053,1.656919976,1.704113900,2.906432237,2.988280491,0.989417975,first_gps,0.003839221,-0.137136925,1.000000000,0.000000000,26.718503722,0.001883111,0.589439702,0.589442710,-0.000080336,0.279143160,0.279143172,-0.000160673,0.558286320,0.558286343,0.488796224,0.329321973,0.014027065,0.166867235,0.398357594,0.290649272
70.400000000,1779830080_5715,ann,False,True,True,True,1183,31c1594f7caae09c6975238b7b255ad5c765bc56640ec43b539fdb93165d94da,absolute,standard,2.027810984,1.606991130,2.027810984,1.606991130,1.656547259,2.911560351,3.062954937,1.054863570,first_gps,0.003839221,-0.137136925,1.000000000,0.000000000,26.680009248,-0.002912149,0.119695658,0.119731078,-0.000094628,0.278758573,0.278758589,-0.000189257,0.557517146,0.557517178,0.474425707,0.328870510,0.031992008,0.162110571,0.397330680,0.291162083
70.453000000,1779830080_5715,ann,False,True,True,True,1183,31c1594f7caae09c6975238b7b255ad5c765bc56640ec43b539fdb93165d94da,absolute,standard,1.995627759,1.607817062,1.995627759,1.607817062,1.585228115,2.919276561,3.033530766,0.929646205,first_gps,0.003839221,-0.137136925,1.000000000,0.000000000,26.666548603,-0.000074349,-0.410270845,0.410270852,-0.000094937,0.278627984,0.278628001,-0.000189875,0.557255969,0.557256001,0.469788980,0.328724843,0.037788901,0.154978657,0.396955853,0.291933704
70.501000000,1779830080_5715,ann,False,True,True,True,1183,31c1594f7caae09c6975238b7b255ad5c765bc56640ec43b539fdb93165d94da,absolute,standard,1.938350285,1.642346184,1.938350285,1.642346184,1.513887444,2.926998563,3.077819002,1.089916497,first_gps,0.003839221,-0.137136925,1.000000000,0.000000000,26.702014608,-0.011523700,0.158946389,0.159363579,-0.000109683,0.278976871,0.278976893,-0.000219366,0.557953743,0.557953786,0.481995830,0.329108333,0.022531140,0.147844590,0.397920857,0.292705904
70.550000000,1779830080_5715,ann,False,True,True,True,1183,31c1594f7caae09c6975238b7b255ad5c765bc56640ec43b539fdb93165d94da,absolute,standard,1.949461492,1.705320613,1.949461492,1.705320613,1.466329113,2.932160332,2.899563357,1.114870261,first_gps,0.003839221,-0.137136925,1.000000000,0.000000000,26.744363019,0.001830979,0.389336453,0.389340758,-0.000132609,0.279407494,0.279407526,-0.000265217,0.558814989,0.558815052,0.496721089,0.329570940,0.004107932,0.143088757,0.398775366,0.293222081
70.610000000,1779830080_5715,ann,False,True,True,True,1183,31c1594f7caae09c6975238b7b255ad5c765bc56640ec43b539fdb93165d94da,absolute,standard,1.868765021,1.563888837,1.868765021,1.563888837,1.395024009,2.939917960,3.022980020,1.071713370,first_gps,0.003839221,-0.137136925,1.000000000,0.000000000,26.565227513,-0.005177840,-0.757992033,0.758009717,-0.000133545,0.277605707,0.277605739,-0.000267089,0.555211414,0.555211479,0.432064343,0.327539689,0.084395266,0.135958246,0.389408383,0.293997844
70.650000000,1779830080_5715,ann,False,True,True,True,1183,31c1594f7caae09c6975238b7b255ad5c765bc56640ec43b539fdb93165d94da,absolute,standard,1.848119388,1.631825075,1.848119388,1.631825075,1.347457969,2.945074937,3.136628705,1.124651350,first_gps,0.003839221,-0.137136925,1.000000000,0.000000000,26.623202363,-0.004307919,0.354345543,0.354371729,-0.000157665,0.278188640,0.278188685,-0.000315331,0.556377280,0.556377369,0.453123408,0.328201279,0.058482189,0.131201642,0.394241311,0.294513542
70.700000000,1779830080_5715,ann,False,True,True,True,1183,31c1594f7caae09c6975238b7b255ad5c765bc56640ec43b539fdb93165d94da,absolute,standard,1.778882544,1.682380819,1.778882544,1.682380819,1.276127411,2.952791191,3.116983601,1.313379099,first_gps,0.003839221,-0.137136925,1.000000000,0.000000000,26.701049794,-0.002374945,-0.047009817,0.047069770,-0.000157363,0.278963411,0.278963455,-0.000314726,0.557926821,0.557926910,0.480540352,0.329062608,0.024342681,0.124068587,0.397687584,0.295285167
70.750000000,1779830080_5715,ann,False,True,True,True,1183,31c1594f7caae09c6975238b7b255ad5c765bc56640ec43b539fdb93165d94da,absolute,standard,1.751536548,1.667301420,1.751536548,1.667301420,1.228578204,2.957941137,3.140828493,1.474636384,first_gps,0.003839221,-0.137136925,1.000000000,0.000000000,26.665845071,-0.003003768,-0.163909145,0.163936666,-0.000160720,0.278609745,0.278609791,-0.000321441,0.557219490,0.557219582,0.468621832,0.328688176,0.039207506,0.119313666,0.396443961,0.295800162
70.801000000,1779830080_5715,ann,False,True,True,True,1183,31c1594f7caae09c6975238b7b255ad5c765bc56640ec43b539fdb93165d94da,absolute,standard,1.717728326,1.729173807,1.717728326,1.729173807,1.157248815,2.965684964,2.883563257,1.315495937,first_gps,0.003839221,-0.137136925,1.000000000,0.000000000,26.720208935,-0.001891508,0.092897176,0.092916431,-0.000145251,0.279162216,0.279162254,-0.000290501,0.558324432,0.558324508,0.488410408,0.329309853,0.014512358,0.112180727,0.398407922,0.296574544
70.851000000,1779830080_5715,ann,False,True,True,True,1183,31c1594f7caae09c6975238b7b255ad5c765bc56640ec43b539fdb93165d94da,absolute,standard,1.678988080,1.704922884,1.678988080,1.704922884,1.109688164,2.970862220,2.972725010,1.317222740,first_gps,0.003839221,-0.137136925,1.000000000,0.000000000,26.671999028,0.004599049,0.022618570,0.023081399,-0.000146859,0.278672445,0.278672484,-0.000293718,0.557344890,0.557344968,0.470510002,0.328747495,0.036858735,0.107424662,0.396707828,0.297092270
70.900000000,1779830080_5715,ann,False,True,True,True,1183,31c1594f7caae09c6975238b7b255ad5c765bc56640ec43b539fdb93165d94da,absolute,standard,1.664079643,1.655931282,1.664079643,1.655931282,1.062139217,2.976007875,3.092392932,1.403197310,first_gps,0.003839221,-0.137136925,1.000000000,0.000000000,26.602986978,-0.004650638,-0.602192357,0.602210315,-0.000157340,0.277989691,0.277989735,-0.000314681,0.555979382,0.555979471,0.446648253,0.327997856,0.066507132,0.102669767,0.393075493,0.297606836
70.950000000,1779830080_5715,ann,False,True,True,True,1183,31c1594f7caae09c6975238b7b255ad5c765bc56640ec43b539fdb93165d94da,absolute,standard,1.617026275,1.711259891,1.617026275,1.711259891,0.990809620,2.983765898,3.161150656,1.336059878,first_gps,0.003839221,-0.137136925,1.000000000,0.000000000,26.662184750,-0.004852296,-0.400127364,0.400156785,-0.000175693,0.278577918,0.278577973,-0.000351387,0.557155836,0.557155947,0.468235568,0.328676041,0.039704447,0.095536807,0.396554816,0.298382638
71.000000000,1779830080_5715,ann,False,True,True,True,1183,31c1594f7caae09c6975238b7b255ad5c765bc56640ec43b539fdb93165d94da,absolute,standard,1.569136368,1.729123188,1.569136368,1.729123188,0.943258857,2.988954728,3.092562504,1.486971887,first_gps,0.003839221,-0.137136925,1.000000000,0.000000000,26.671875591,-0.003602718,-0.063084421,0.063187212,-0.000179038,0.278676837,0.278676895,-0.000358075,0.557353674,0.557353789,0.471902074,0.328791228,0.035140046,0.090781731,0.397052671,0.298901521
71.050000000,1779830080_5715,ann,False,True,True,True,1183,31c1594f7caae09c6975238b7b255ad5c765bc56640ec43b539fdb93165d94da,absolute,standard,1.573915279,1.785914020,1.573915279,1.785914020,0.871937386,2.996779591,2.892137649,1.500414640,first_gps,0.003839221,-0.137136925,1.000000000,0.000000000,26.693821197,-0.004585082,0.415627007,0.415652297,-0.000164690,0.278901002,0.278901050,-0.000329380,0.557802003,0.557802100,0.480214376,0.329052367,0.024770393,0.083649584,0.397991182,0.299684007
71.100000000,1779830080_5715,ann,False,True,True,True,1183,31c1594f7caae09c6975238b7b255ad5c765bc56640ec43b539fdb93165d94da,absolute,standard,1.520187758,1.740486716,1.520187758,1.740486716,0.824394451,3.002011191,2.815821381,1.537725845,first_gps,0.003839221,-0.137136925,1.000000000,0.000000000,26.640517252,0.005990859,-0.393852100,0.393897660,-0.000166490,0.278361033,0.278361083,-0.000332980,0.556722066,0.556722165,0.460069340,0.328419492,0.049862964,0.078895291,0.395398679,0.300207167
71.150000000,1779830080_5715,ann,False,True,True,True,1183,31c1594f7caae09c6975238b7b255ad5c765bc56640ec43b539fdb93165d94da,absolute,standard,1.452766227,1.773340571,1.452766227,1.773340571,0.753076231,3.009850589,3.099842797,1.418048911,first_gps,0.003839221,-0.137136925,1.000000000,0.000000000,26.680355562,-0.002634365,-0.043500742,0.043580436,-0.000175988,0.278765537,0.278765592,-0.000351976,0.557531073,0.557531184,0.474068144,0.328859277,0.032447918,0.071763469,0.397412099,0.300991107
71.200000000,1779830080_5715,ann,False,True,True,True,1183,31c1594f7caae09c6975238b7b255ad5c765bc56640ec43b539fdb93165d94da,absolute,standard,1.442490442,1.837676267,1.442490442,1.837676267,0.705528481,3.015057592,3.120015979,1.666843861,first_gps,0.003839221,-0.137136925,1.000000000,0.000000000,26.746160425,-0.004731507,0.161555387,0.161624659,-0.000192055,0.279418259,0.279418325,-0.000384110,0.558836518,0.558836650,0.497538651,0.329596625,0.003081837,0.067008694,0.398545437,0.301511807
71.250000000,1779830080_5715,ann,False,True,True,True,1183,31c1594f7caae09c6975238b7b255ad5c765bc56640ec43b539fdb93165d94da,absolute,standard,1.385641825,1.788440966,1.385641825,1.788440966,0.634202457,3.022842939,3.179179234,1.779272271,first_gps,0.003839221,-0.137136925,1.000000000,0.000000000,26.677526644,-0.007826290,-0.243500085,0.243625824,-0.000204328,0.278736223,0.278736298,-0.000408657,0.557472446,0.557472596,0.473225614,0.328832808,0.033496894,0.059876091,0.397291438,0.302290342
71.305000000,1779830080_5715,ann,False,True,True,True,1183,31c1594f7caae09c6975238b7b255ad5c765bc56640ec43b539fdb93165d94da,absolute,standard,1.352480567,1.770417676,1.352480567,1.770417676,0.562892838,3.030600253,3.142608941,1.689813002,first_gps,0.003839221,-0.137136925,1.000000000,0.000000000,26.624701520,-0.004123874,-0.502255709,0.502272639,-0.000201804,0.278191096,0.278191169,-0.000403609,0.556382192,0.556382338,0.454794829,0.328253788,0.056352252,0.052745129,0.394130252,0.303066073
71.351000000,1779830080_5715,ann,False,True,True,True,1183,31c1594f7caae09c6975238b7b255ad5c765bc56640ec43b539fdb93165d94da,absolute,standard,1.339612351,1.855736844,1.339612351,1.855736844,0.515325954,3.035776189,3.025015945,1.862027126,first_gps,0.003839221,-0.137136925,1.000000000,0.000000000,26.696400511,0.000912736,0.263199144,0.263200726,-0.000187731,0.278922080,0.278922143,-0.000375461,0.557844160,0.557844286,0.480937535,0.329075085,0.023856769,0.047988441,0.397890038,0.303583667
71.403000000,1779830080_5715,ann,False,True,True,True,1183,31c1594f7caae09c6975238b7b255ad5c765bc56640ec43b539fdb93165d94da,absolute,standard,1.274521307,1.821293562,1.274521307,1.821293562,0.444000995,3.043516193,2.957896758,1.894167026,first_gps,0.003839221,-0.137136925,1.000000000,0.000000000,26.641509634,0.007526226,-0.161184447,0.161360064,-0.000166210,0.278371716,0.278371765,-0.000332420,0.556743431,0.556743530,0.460801231,0.328442485,0.048956799,0.040855945,0.395537380,0.304357667
71.450000000,1779830080_5715,ann,False,True,True,True,1183,31c1594f7caae09c6975238b7b255ad5c765bc56640ec43b539fdb93165d94da,absolute,standard,1.241736495,1.832206192,1.241736495,1.832206192,0.396449699,3.048696224,2.927244370,1.808758903,first_gps,0.003839221,-0.137136925,1.000000000,0.000000000,26.646681544,0.004755446,-0.108863332,0.108967147,-0.000157025,0.278426217,0.278426262,-0.000314049,0.556852435,0.556852523,0.462445397,0.328494138,0.046923982,0.036100815,0.395876915,0.304875670
71.500000000,1779830080_5715,ann,False,True,True,True,1183,31c1594f7caae09c6975238b7b255ad5c765bc56640ec43b539fdb93165d94da,absolute,standard,1.218173242,1.850754231,1.218173242,1.850754231,0.348893107,3.053884260,3.023603774,2.096409646,first_gps,0.003839221,-0.137136925,1.000000000,0.000000000,26.663611465,-0.000668059,-0.198129939,0.198131066,-0.000140023,0.278594704,0.278594739,-0.000280046,0.557189408,0.557189478,0.468748140,0.328692144,0.039073991,0.031345156,0.396701120,0.305394474
71.550000000,1779830080_5715,ann,False,True,True,True,1183,31c1594f7caae09c6975238b7b255ad5c765bc56640ec43b539fdb93165d94da,absolute,standard,1.164009020,1.872176927,1.164009020,1.872176927,0.277572619,3.061671535,3.128181911,1.924660373,first_gps,0.003839221,-0.137136925,1.000000000,0.000000000,26.674479086,-0.001995487,0.005310905,0.005673419,-0.000123553,0.278695246,0.278695273,-0.000247106,0.557390492,0.557390546,0.471949940,0.328792732,0.035057877,0.024213107,0.396803727,0.306173202
71.600000000,1779830080_5715,ann,False,True,True,True,1183,31c1594f7caae09c6975238b7b255ad5c765bc56640ec43b539fdb93165d94da,absolute,standard,1.156171401,1.872086577,1.156171401,1.872086577,0.230016554,3.066865938,3.048106395,1.900657628,first_gps,0.003839221,-0.137136925,1.000000000,0.000000000,26.653783979,0.001688438,-0.313502259,0.313506806,-0.000111714,0.278497621,0.278497644,-0.000223427,0.556995242,0.556995287,0.464814307,0.328568559,0.043977850,0.019457501,0.396227014,0.306692642
71.653000000,1779830080_5715,ann,False,True,True,True,1183,31c1594f7caae09c6975238b7b255ad5c765bc56640ec43b539fdb93165d94da,absolute,standard,1.137739579,1.915440987,1.137739579,1.915440987,0.158697915,3.074641632,3.062966353,2.128579144,first_gps,0.003839221,-0.137136925,1.000000000,0.000000000,26.662539408,0.000293084,0.378290978,0.378291092,-0.000103949,0.278578458,0.278578477,-0.000207898,0.557156915,0.557156954,0.467293611,0.328646449,0.040867371,0.012325637,0.396334684,0.307470211
71.700000000,1779830080_5715,ann,False,True,True,True,1183,31c1594f7caae09c6975238b7b255ad5c765bc56640ec43b539fdb93165d94da,absolute,standard,1.080608045,1.930849021,1.080608045,1.930849021,0.111147499,3.079820661,3.075851887,2.139431022,first_gps,0.003839221,-0.137136925,1.000000000,0.000000000,26.698475935,-0.000918208,0.111014977,0.111018774,-0.000114910,0.278942721,0.278942745,-0.000229820,0.557885442,0.557885489,0.479675810,0.329035447,0.025433419,0.007570595,0.397787266,0.307988114
71.750000000,1779830080_5715,ann,False,True,True,True,1183,31c1594f7caae09c6975238b7b255ad5c765bc56640ec43b539fdb93165d94da,absolute,standard,1.066917860,2.007269552,1.066917860,2.007269552,0.039812932,3.087608859,3.165578573,2.018870675,first_gps,0.003839221,-0.137136925,1.000000000,0.000000000,26.763746093,0.000210286,0.322326042,0.322326111,-0.000127211,0.279598360,0.279598388,-0.000254422,0.559196719,0.559196777,0.502945433,0.329766484,-0.003689236,0.000437139,0.398680515,0.308766934
71.800000000,1779830080_5715,ann,False,True,True,True,1183,31c1594f7caae09c6975238b7b255ad5c765bc56640ec43b539fdb93165d94da,absolute,standard,1.032562357,1.974176007,1.032562357,1.974176007,-0.007727788,3.092797607,3.039474980,2.238092988,first_gps,0.003839221,-0.137136925,1.000000000,0.000000000,26.709183527,-0.003862142,0.320712528,0.320735781,-0.000118973,0.279049553,0.279049579,-0.000237946,0.558099107,0.558099158,0.483697437,0.329161790,0.020405341,-0.004316933,0.398068795,0.309285809
71.851000000,1779830080_5715,ann,False,True,True,True,1183,31c1594f7caae09c6975238b7b255ad5c765bc56640ec43b539fdb93165d94da,absolute,standard,0.993638027,1.966994032,0.993638027,1.966994032,-0.079052272,3.100576488,3.060550444,2.188582649,first_gps,0.003839221,-0.137136925,1.000000000,0.000000000,26.673825833,-0.004512840,0.387724759,0.387751022,-0.000122326,0.278696723,0.278696749,-0.000244651,0.557393445,0.557393499,0.471263881,0.328771179,0.035937102,-0.011449382,0.396993118,0.310063697
71.900000000,1779830080_5715,ann,False,True,True,True,1183,31c1594f7caae09c6975238b7b255ad5c765bc56640ec43b539fdb93165d94da,absolute,standard,0.926582293,1.930867503,0.926582293,1.930867503,-0.126613182,3.105756242,3.121311394,2.299142616,first_gps,0.003839221,-0.137136925,1.000000000,0.000000000,26.642266648,-0.000749514,-0.114048837,0.114051300,-0.000118656,0.278386541,0.278386566,-0.000237312,0.556773082,0.556773133,0.459322714,0.328396036,0.050824213,-0.016205473,0.395544789,0.310581672
71.955000000,1779830080_5715,ann,False,True,True,True,1183,31c1594f7caae09c6975238b7b255ad5c765bc56640ec43b539fdb93165d94da,absolute,standard,0.938674308,2.071710526,0.938674308,2.071710526,-0.198153435,3.110489085,3.003130495,2.322972937,first_gps,0.003839221,-0.137136925,1.000000000,0.000000000,26.768178795,0.008916839,0.355509717,0.355621525,-0.000090366,0.279639010,0.279639024,-0.000180732,0.559278020,0.559278049,0.504691267,0.329821331,-0.005873998,-0.023359498,0.398531261,0.311054957
72.003000000,1779830080_5715,ann,False,True,True,True,1183,31c1594f7caae09c6975238b7b255ad5c765bc56640ec43b539fdb93165d94da,absolute,standard,0.890577654,2.100898168,0.890577654,2.100898168,-0.245931115,3.108552483,3.022430761,2.351168409,first_gps,0.003839221,-0.137136925,1.000000000,0.000000000,26.825586232,-0.004217322,0.273506259,0.273538771,-0.000094081,0.280216579,0.280216594,-0.000188163,0.560433157,0.560433189,0.526129114,0.330494821,-0.032690625,-0.028137266,0.397348575,0.310861296
72.050000000,1779830080_5715,ann,False,True,True,True,1183,31c1594f7caae09c6975238b7b255ad5c765bc56640ec43b539fdb93165d94da,absolute,standard,0.862995449,2.205921365,0.862995449,2.205921365,-0.316864507,3.098051101,2.982859601,2.418853951,first_gps,0.003839221,-0.137136925,1.000000000,0.000000000,26.947767801,-0.002228291,0.521143071,0.521147835,-0.000117108,0.281427655,0.281427680,-0.000234215,0.562855310,0.562855359,0.569868696,0.331868940,-0.086733372,-0.035230605,0.388776036,0.309811158
72.100000000,1779830080_5715,ann,False,True,True,True,1183,31c1594f7caae09c6975238b7b255ad5c765bc56640ec43b539fdb93165d94da,absolute,standard,0.802958782,2.222795746,0.802958782,2.222795746,-0.363161432,3.086078600,2.924049070,2.600331895,first_gps,0.003839221,-0.137136925,1.000000000,0.000000000,26.989513093,0.003770684,0.266914596,0.266941229,-0.000113651,0.281850198,0.281850221,-0.000227303,0.563700395,0.563700441,0.585421753,0.332357554,-0.105663400,-0.039860298,0.384239350,0.308613908
72.151000000,1779830080_5715,ann,False,True,True,True,1183,31c1594f7caae09c6975238b7b255ad5c765bc56640ec43b539fdb93165d94da,absolute,standard,0.725475118,2.200641098,0.725475118,2.200641098,-0.430290362,3.060876960,3.104648473,2.593766273,first_gps,0.003839221,-0.137136925,1.000000000,0.000000000,27.022862198,-0.009486617,-0.166818921,0.167088444,-0.000119531,0.282181141,0.282181166,-0.000239062,0.564362282,0.564362333,0.595840732,0.332684876,-0.118156389,-0.046573191,0.380494530,0.306093744
72.200000000,1779830080_5715,ann,False,True,True,True,1183,31c1594f7caae09c6975238b7b255ad5c765bc56640ec43b539fdb93165d94da,absolute,standard,0.646161801,2.301282360,0.646161801,2.301282360,-0.493677320,3.027346060,3.096520530,2.544089534,first_gps,0.003839221,-0.137136925,1.000000000,0.000000000,27.175437419,0.000304784,0.091947445,0.091947950,-0.000124560,0.283708309,0.283708336,-0.000249120,0.567416617,0.567416672,0.651342334,0.334428510,-0.182395097,-0.052911887,0.354269245,0.302740654
72.250000000,1779830080_5715,ann,False,True,True,True,1183,31c1594f7caae09c6975238b7b255ad5c765bc56640ec43b539fdb93165d94da,absolute,standard,0.593731899,2.342931000,0.593731899,2.342931000,-0.533342759,3.000625517,2.897212050,2.710071521,first_gps,0.003839221,-0.137136925,1.000000000,0.000000000,27.251635771,0.010316064,0.046824529,0.047947447,-0.000106477,0.284476430,0.284476450,-0.000212955,0.568952859,0.568952899,0.679381197,0.335309377,-0.212963146,-0.056878430,0.337022631,0.300068600
72.302000000,1779830080_5715,ann,False,True,True,True,1183,31c1594f7caae09c6975238b7b255ad5c765bc56640ec43b539fdb93165d94da,absolute,standard,0.587040636,2.352000946,0.587040636,2.352000946,-0.570581541,2.970617709,2.799163950,2.581342428,first_gps,0.003839221,-0.137136925,1.000000000,0.000000000,27.273591143,0.005899245,0.309559716,0.309615921,-0.000104246,0.284694952,0.284694971,-0.000208493,0.569389903,0.569389941,0.687183800,0.335554503,-0.221140544,-0.060602309,0.331672981,0.297067819
72.350000000,1779830080_5715,ann,False,True,True,True,1183,31c1594f7caae09c6975238b7b255ad5c765bc56640ec43b539fdb93165d94da,absolute,standard,0.479821706,2.376820856,0.479821706,2.376820856,-0.621331781,2.919965301,2.748280131,2.557008852,first_gps,0.003839221,-0.137136925,1.000000000,0.000000000,27.390630685,0.002463571,0.174849613,0.174866968,-0.000079530,0.285865957,0.285865968,-0.000159060,0.571731913,0.571731935,0.729973018,0.336898766,-0.263610170,-0.065677333,0.299058144,0.292002578
72.400000000,1779830080_5715,ann,False,True,True,True,1183,31c1594f7caae09c6975238b7b255ad5c765bc56640ec43b539fdb93165d94da,absolute,standard,0.407547334,2.376932324,0.407547334,2.376932324,-0.651410881,2.882791327,2.735381747,2.807863743,first_gps,0.003839221,-0.137136925,1.000000000,0.000000000,27.466090422,-0.002687339,-0.228860928,0.228876705,-0.000081763,0.286621688,0.286621700,-0.000163525,0.573243377,0.573243400,0.758044237,0.337780649,-0.288952448,-0.068685243,0.274704829,0.288285181
72.450000000,1779830080_5715,ann,False,True,True,True,1183,31c1594f7caae09c6975238b7b255ad5c765bc56640ec43b539fdb93165d94da,absolute,standard,0.375905775,2.359067189,0.375905775,2.359067189,-0.690339442,2.822584629,2.936546697,2.675892554,first_gps,0.003839221,-0.137136925,1.000000000,0.000000000,27.492381170,0.003675901,-0.258868970,0.258895067,-0.000050601,0.286876724,0.286876729,-0.000101202,0.573753448,0.573753457,0.766778298,0.338055038,-0.296185091,-0.072578099,0.266498228,0.282264511
72.500000000,1779830080_5715,ann,False,True,True,True,1183,31c1594f7caae09c6975238b7b255ad5c765bc56640ec43b539fdb93165d94da,absolute,standard,0.311182726,2.351826392,0.311182726,2.351826392,-0.711888060,2.779888076,2.649638320,2.837529353,first_gps,0.003839221,-0.137136925,1.000000000,0.000000000,27.555805924,-0.002925402,-0.150429983,0.150458426,-0.000054415,0.287508130,0.287508135,-0.000108830,0.575016260,0.575016271,0.789507319,0.338769091,-0.314368822,-0.074732961,0.244629738,0.277994856
72.550000000,1779830080_5715,ann,False,True,True,True,1183,31c1594f7caae09c6975238b7b255ad5c765bc56640ec43b539fdb93165d94da,absolute,standard,0.313074880,2.314877067,0.313074880,2.314877067,-0.740090587,2.713913616,2.955123125,2.676532314,first_gps,0.003839221,-0.137136925,1.000000000,0.000000000,27.552177998,0.003959858,-0.393371615,0.393391545,-0.000065873,0.287481877,0.287481885,-0.000131746,0.574963754,0.574963769,0.788095203,0.338724728,-0.313543389,-0.077553213,0.246228420,0.271397410
72.600000000,1779830080_5715,ann,False,True,True,True,1183,31c1594f7caae09c6975238b7b255ad5c765bc56640ec43b539fdb93165d94da,absolute,standard,0.262500274,2.290816182,0.262500274,2.290816182,-0.758917053,2.669936133,2.787498146,2.814174310,first_gps,0.003839221,-0.137136925,1.000000000,0.000000000,27.575017369,-0.000543691,-0.065406168,0.065408427,-0.000068258,0.287712162,0.287712170,-0.000136516,0.575424325,0.575424341,0.796948941,0.339002877,-0.320320696,-0.079435860,0.237450703,0.266999661
72.650000000,1779830080_5715,ann,False,True,True,True,1183,31c1594f7caae09c6975238b7b255ad5c765bc56640ec43b539fdb93165d94da,absolute,standard,0.196030379,2.274999868,0.196030379,2.274999868,-0.787151637,2.603972161,2.657396946,2.755883694,first_gps,0.003839221,-0.137136925,1.000000000,0.000000000,27.641798226,0.001977960,-0.017462661,0.017574323,-0.000091518,0.288382069,0.288382083,-0.000183035,0.576764137,0.576764166,0.821609797,0.339777620,-0.337797202,-0.082259318,0.211983895,0.260403264
72.700000000,1779830080_5715,ann,False,True,True,True,1183,31c1594f7caae09c6975238b7b255ad5c765bc56640ec43b539fdb93165d94da,absolute,standard,0.306717088,2.195419062,0.306717088,2.195419062,-0.805967774,2.560006333,2.727309681,2.856665106,first_gps,0.003839221,-0.137136925,1.000000000,0.000000000,27.512982083,0.002052440,-0.694162412,0.694165446,-0.000100926,0.287088057,0.287088074,-0.000201852,0.574176113,0.574176149,0.775068249,0.338315474,-0.303159746,-0.084140932,0.258810489,0.256006681
72.750000000,1779830080_5715,ann,False,True,True,True,1183,31c1594f7caae09c6975238b7b255ad5c765bc56640ec43b539fdb93165d94da,absolute,standard,0.185728327,2.190476177,0.185728327,2.190476177,-0.834190120,2.494059699,2.681170824,2.776835944,first_gps,0.003839221,-0.137136925,1.000000000,0.000000000,27.615507220,0.000595489,-0.062458853,0.062461692,-0.000103846,0.288104632,0.288104651,-0.000207692,0.576209264,0.576209302,0.810947195,0.339442645,-0.330106913,-0.086963167,0.222907341,0.249412018
72.800000000,1779830080_5715,ann,False,True,True,True,1183,31c1594f7caae09c6975238b7b255ad5c765bc56640ec43b539fdb93165d94da,absolute,standard,0.166216388,2.156373632,0.166216388,2.156373632,-0.859579387,2.426988075,2.487367106,2.922045247,first_gps,0.003839221,-0.137136925,1.000000000,0.000000000,27.624553665,0.003849663,0.031785138,0.032017416,-0.000091467,0.288203431,0.288203446,-0.000182935,0.576406863,0.576406892,0.813994748,0.339538386,-0.332457513,-0.089502093,0.219889860,0.242704856
72.851000000,1779830080_5715,ann,False,True,True,True,1183,31c1594f7caae09c6975238b7b255ad5c765bc56640ec43b539fdb93165d94da,absolute,standard,0.088852401,2.181383511,0.088852401,2.181383511,-0.871661237,2.380726815,2.641227507,2.678435381,first_gps,0.003839221,-0.137136925,1.000000000,0.000000000,27.758857004,0.000312064,0.257334427,0.257334617,-0.000079574,0.289538635,0.289538646,-0.000159148,0.579077270,0.579077292,0.861477824,0.341030111,-0.361208598,-0.090710278,0.167927987,0.238078730
72.900000000,1779830080_5715,ann,False,True,True,True,1183,31c1594f7caae09c6975238b7b255ad5c765bc56640ec43b539fdb93165d94da,absolute,standard,0.063021320,2.138886141,0.063021320,2.138886141,-0.879762877,2.333574309,2.698995095,2.919426208,first_gps,0.003839221,-0.137136925,1.000000000,0.000000000,27.756288584,0.002823298,0.032231400,0.032354817,-0.000073135,0.289528934,0.289528944,-0.000146271,0.579057869,0.579057887,0.861107725,0.341018484,-0.361495916,-0.091520442,0.168572996,0.233363479
72.950000000,1779830080_5715,ann,False,True,True,True,1183,31c1594f7caae09c6975238b7b255ad5c765bc56640ec43b539fdb93165d94da,absolute,standard,0.002693261,2.105362181,0.002693261,2.105362181,-0.884342021,2.262020251,2.450142964,2.986656745,first_gps,0.003839221,-0.137136925,1.000000000,0.000000000,27.848347268,-0.002414362,-0.256969253,0.256980595,-0.000081025,0.290439985,0.290439997,-0.000162050,0.580879971,0.580879993,0.892985504,0.342019954,-0.376238509,-0.091978357,0.131481274,0.226208073
73.001000000,1779830080_5715,ann,False,True,True,True,1183,31c1594f7caae09c6975238b7b255ad5c765bc56640ec43b539fdb93165d94da,absolute,standard,0.053812767,2.080545019,0.053812767,2.080545019,-0.882310470,2.214245607,2.519952957,3.006439285,first_gps,0.003839221,-0.137136925,1.000000000,0.000000000,27.823837450,0.010455574,-0.713812827,0.713889397,-0.000059927,0.290197868,0.290197875,-0.000119854,0.580395737,0.580395749,0.884133846,0.341741871,-0.372529949,-0.091775202,0.141926965,0.221430609
73.051000000,1779830080_5715,ann,False,True,True,True,1183,31c1594f7caae09c6975238b7b255ad5c765bc56640ec43b539fdb93165d94da,absolute,standard,-0.146247651,2.085249467,-0.146247651,2.085249467,-0.871694391,2.143326202,2.324431486,2.874961808,first_gps,0.003839221,-0.137136925,1.000000000,0.000000000,28.097653711,0.000779648,0.438784126,0.438784818,-0.000069151,0.292936997,0.292937005,-0.000138302,0.585873993,0.585874009,0.983358777,0.344859114,-0.398137539,-0.090713594,0.020833593,0.214338668
73.101000000,1779830080_5715,ann,False,True,True,True,1183,31c1594f7caae09c6975238b7b255ad5c765bc56640ec43b539fdb93165d94da,absolute,standard,-0.180847240,2.019427300,-0.180847240,2.019427300,-0.855067129,2.073533221,2.488901848,2.803988340,first_gps,0.003839221,-0.137136925,1.000000000,0.000000000,28.107886406,0.008703581,-0.038351367,0.039326577,-0.000039683,0.293039928,0.293039931,-0.000079367,0.586079856,0.586079862,0.986688583,0.344963723,-0.398353643,-0.089050867,0.016668488,0.207359370
73.151000000,1779830080_5715,ann,False,True,True,True,1183,31c1594f7caae09c6975238b7b255ad5c765bc56640ec43b539fdb93165d94da,absolute,standard,-0.182475502,1.980154504,-0.182475502,1.980154504,-0.843983179,2.027007449,2.415421305,2.872369590,first_gps,0.003839221,-0.137136925,1.000000000,0.000000000,28.121324372,-0.008379432,0.145708934,0.145949677,-0.000034725,0.293175171,0.293175173,-0.000069450,0.586350343,0.586350347,0.991394495,0.345111564,-0.398585281,-0.087942472,0.010778376,0.202706793
73.200000000,1779830080_5715,ann,False,True,True,True,1183,31c1594f7caae09c6975238b7b255ad5c765bc56640ec43b539fdb93165d94da,absolute,standard,-0.132739514,1.923314285,-0.132739514,1.923314285,-0.827363760,1.957216049,1.978520500,2.969372419,first_gps,0.003839221,-0.137136925,1.000000000,0.000000000,28.071260442,-0.003222749,-0.361202343,0.361216720,-0.000034434,0.292671465,0.292671467,-0.000068868,0.585342930,0.585342934,0.973382460,0.344545699,-0.397235848,-0.086280531,0.033295087,0.195727653
73.250000000,1779830080_5715,ann,False,True,True,True,1183,31c1594f7caae09c6975238b7b255ad5c765bc56640ec43b539fdb93165d94da,absolute,standard,-0.181428338,1.901455151,-0.181428338,1.901455151,-0.816291453,1.910672414,2.171175776,3.020535874,first_gps,0.003839221,-0.137136925,1.000000000,0.000000000,28.133208705,-0.001109083,0.135924987,0.135929512,-0.000051730,0.293289728,0.293289733,-0.000103461,0.586579456,0.586579465,0.996380083,0.345268191,-0.398562414,-0.085173300,0.004532768,0.191073289
73.307000000,1779830080_5715,ann,False,True,True,True,1183,31c1594f7caae09c6975238b7b255ad5c765bc56640ec43b539fdb93165d94da,absolute,standard,-0.160951296,1.839475574,-0.160951296,1.839475574,-0.799699979,1.840887639,2.046660732,2.966890524,first_gps,0.003839221,-0.137136925,1.000000000,0.000000000,28.100839515,-0.003433458,-0.054051344,0.054160284,-0.000043996,0.292956207,0.292956210,-0.000087992,0.585912414,0.585912421,0.983768245,0.344871978,-0.397742810,-0.083514152,0.020299922,0.184094812
73.351000000,1779830080_5715,ann,False,True,True,True,1183,31c1594f7caae09c6975238b7b255ad5c765bc56640ec43b539fdb93165d94da,absolute,standard,-0.163464090,1.802841727,-0.163464090,1.802841727,-0.788629916,1.794340251,2.210363611,2.870954387,first_gps,0.003839221,-0.137136925,1.000000000,0.000000000,28.103374050,-0.007015504,-0.002887555,0.007586519,-0.000050647,0.292993144,0.292993148,-0.000101294,0.585986288,0.585986297,0.984921879,0.344908221,-0.398199762,-0.082407146,0.018876570,0.179440073
73.400000000,1779830080_5715,ann,False,True,True,True,1183,31c1594f7caae09c6975238b7b255ad5c765bc56640ec43b539fdb93165d94da,absolute,standard,-0.213115325,1.945107673,-0.213115325,1.945107673,-0.777555088,1.747802972,2.036917656,3.122270635,first_gps,0.003839221,-0.137136925,1.000000000,0.000000000,28.151412683,0.001333888,0.631108860,0.631110269,-0.000053810,0.293471639,0.293471644,-0.000107620,0.586943278,0.586943288,-0.997881532,0.345448467,-0.398575076,-0.081299663,-0.002652702,0.174786345
73.451000000,1779830080_5715,ann,False,True,True,True,1183,31c1594f7caae09c6975238b7b255ad5c765bc56640ec43b539fdb93165d94da,absolute,standard,-0.238237629,1.873899718,-0.238237629,1.873899718,-0.760938531,1.678010604,2.035521355,2.972549946,first_gps,0.003839221,-0.137136925,1.000000000,0.000000000,28.149617278,-0.004628761,0.327284206,0.327316937,-0.000073815,0.293455168,0.293455177,-0.000147631,0.586910335,0.586910354,-0.998919983,0.345415843,-0.398631180,-0.079638008,-0.001352550,0.167807108
73.501000000,1779830080_5715,ann,False,True,True,True,1183,31c1594f7caae09c6975238b7b255ad5c765bc56640ec43b539fdb93165d94da,absolute,standard,-0.220937695,1.830359717,-0.220937695,1.830359717,-0.744322988,1.608215374,2.140849809,2.834743604,first_gps,0.003839221,-0.137136925,1.000000000,0.000000000,28.144355733,-0.001102785,0.428491893,0.428493312,-0.000082032,0.293398664,0.293398676,-0.000164064,0.586797329,0.586797352,-0.999884645,0.345385538,-0.398503926,-0.077976453,-0.000144417,0.160827585
73.550000000,1779830080_5715,ann,False,True,True,True,1183,31c1594f7caae09c6975238b7b255ad5c765bc56640ec43b539fdb93165d94da,absolute,standard,-0.134210016,1.640068888,-0.134210016,1.640068888,-0.733255760,1.561677422,1.857044513,3.018107703,first_gps,0.003839221,-0.137136925,1.000000000,0.000000000,28.098411662,0.003169318,-0.040985212,0.041107568,-0.000076746,0.292944026,0.292944036,-0.000153491,0.585888052,0.585888073,0.983259438,0.344855993,-0.398112779,-0.076869731,0.020956883,0.156173790
73.604000000,1779830080_5715,ann,False,True,True,True,1183,31c1594f7caae09c6975238b7b255ad5c765bc56640ec43b539fdb93165d94da,absolute,standard,-0.123739209,1.627578718,-0.123739209,1.627578718,-0.722203072,1.515145158,1.905573116,2.928433531,first_gps,0.003839221,-0.137136925,1.000000000,0.000000000,28.122702026,0.008959389,0.233102852,0.233274967,-0.000054284,0.293183217,0.293183222,-0.000108569,0.586366434,0.586366444,0.991757865,0.345122979,-0.398406458,-0.075764462,0.010318417,0.151520564
73.651000000,1779830080_5715,ann,False,True,True,True,1183,31c1594f7caae09c6975238b7b255ad5c765bc56640ec43b539fdb93165d94da,absolute,standard,-0.092649423,1.560241704,-0.092649423,1.560241704,-0.705616677,1.445330474,1.937560898,2.929153256,first_gps,0.003839221,-0.137136925,1.000000000,0.000000000,28.077763930,-0.004174997,0.217893800,0.217933794,-0.000064257,0.292738307,0.292738314,-0.000128514,0.585476614,0.585476628,0.975823932,0.344622400,-0.397539772,-0.074105822,0.030251878,0.144539095
73.703000000,1779830080_5715,ann,False,True,True,True,1183,31c1594f7caae09c6975238b7b255ad5c765bc56640ec43b539fdb93165d94da,absolute,standard,-0.129041061,1.521347497,-0.129041061,1.521347497,-0.689006026,1.375532747,1.812678150,3.148163304,first_gps,0.003839221,-0.137136925,1.000000000,0.000000000,28.144816421,0.007056619,0.180611914,0.180749715,-0.000052528,0.293406685,0.293406690,-0.000105057,0.586813371,0.586813380,0.998729510,0.345342000,-0.398614354,-0.072444757,0.001591023,0.137559323
73.750000000,1779830080_5715,ann,False,True,True,True,1183,31c1594f7caae09c6975238b7b255ad5c765bc56640ec43b539fdb93165d94da,absolute,standard,-0.044664175,1.463487697,-0.044664175,1.463487697,-0.677929029,1.329004581,1.582812910,3.014739857,first_gps,0.003839221,-0.137136925,1.000000000,0.000000000,28.047236371,0.002051242,-0.521446291,0.521450326,-0.000049028,0.292423109,0.292423113,-0.000098055,0.584846219,0.584846227,0.963718097,0.344242084,-0.395773365,-0.071337057,0.045307805,0.132906506
73.801000000,1779830080_5715,ann,False,True,True,True,1183,31c1594f7caae09c6975238b7b255ad5c765bc56640ec43b539fdb93165d94da,absolute,standard,-0.100998815,1.407133527,-0.100998815,1.407133527,-0.661319584,1.259217150,1.794840741,2.927213668,first_gps,0.003839221,-0.137136925,1.000000000,0.000000000,28.094741109,-0.012463903,0.071335660,0.072416333,-0.000082848,0.292897668,0.292897680,-0.000165697,0.585795336,0.585795359,0.980845342,0.344780152,-0.397621274,-0.069676113,0.023956234,0.125927763
73.850000000,1779830080_5715,ann,False,True,True,True,1183,31c1594f7caae09c6975238b7b255ad5c765bc56640ec43b539fdb93165d94da,absolute,standard,-0.097334447,1.381247637,-0.097334447,1.381247637,-0.650245387,1.212680529,1.776729580,2.848697122,first_gps,0.003839221,-0.137136925,1.000000000,0.000000000,28.097013126,-0.001885209,0.044855089,0.044894688,-0.000093769,0.292927940,0.292927955,-0.000187537,0.585855881,0.585855911,0.982016592,0.344816948,-0.397958181,-0.068568693,0.022507213,0.121274101
73.903000000,1779830080_5715,ann,False,True,True,True,1183,31c1594f7caae09c6975238b7b255ad5c765bc56640ec43b539fdb93165d94da,absolute,standard,-0.072497170,1.338992505,-0.072497170,1.338992505,-0.633631063,1.142880071,1.623166336,2.904477648,first_gps,0.003839221,-0.137136925,1.000000000,0.000000000,28.082520480,0.004980276,0.090023121,0.090160776,-0.000082933,0.292785079,0.292785091,-0.000165866,0.585570158,0.585570181,0.976988858,0.344658997,-0.397621593,-0.066907261,0.028794894,0.114294055
73.954000000,1779830080_5715,ann,False,True,True,True,1183,31c1594f7caae09c6975238b7b255ad5c765bc56640ec43b539fdb93165d94da,absolute,standard,-0.066889666,1.305707477,-0.066889666,1.305707477,-0.622550686,1.096349647,1.778593157,3.043644445,first_gps,0.003839221,-0.137136925,1.000000000,0.000000000,28.101199737,-0.005670741,0.288605051,0.288660758,-0.000094159,0.292964109,0.292964124,-0.000188318,0.585928218,0.585928249,0.983594280,0.344866513,-0.397875191,-0.065799223,0.020524700,0.109641013
74.003000000,1779830080_5715,ann,False,True,True,True,1183,31c1594f7caae09c6975238b7b255ad5c765bc56640ec43b539fdb93165d94da,absolute,standard,-0.007675963,1.257153804,-0.007675963,1.257153804,-0.605943945,1.026552394,1.483884909,2.949444676,first_gps,0.003839221,-0.137136925,1.000000000,0.000000000,28.030690122,0.005909375,0.237874699,0.237948089,-0.000082508,0.292265501,0.292265513,-0.000165015,0.584531002,0.584531025,0.957847843,0.344057665,-0.395130311,-0.064138549,0.052633119,0.102661287
74.057000000,1779830080_5715,ann,False,True,True,True,1183,31c1594f7caae09c6975238b7b255ad5c765bc56640ec43b539fdb93165d94da,absolute,standard,-0.043432909,1.177964214,-0.043432909,1.177964214,-0.583771235,0.933481210,1.460150448,2.967378474,first_gps,0.003839221,-0.137136925,1.000000000,0.000000000,27.970445096,0.000172563,-0.001228637,0.001240696,-0.000070930,0.291668090,0.291668099,-0.000141861,0.583336180,0.583336197,0.969218773,0.343384468,-0.396925115,-0.061921278,0.038503578,0.093354169
74.157000000,1779830080_5715,ann,False,True,True,True,1183,31c1594f7caae09c6975238b7b255ad5c765bc56640ec43b539fdb93165d94da,absolute,standard,0.029482282,1.167527738,0.029482282,1.167527738,-0.567138338,0.863697208,1.452296049,2.926371716,first_gps,0.003839221,-0.137136925,1.000000000,0.000000000,27.984484132,0.000886213,0.757709860,0.757710379,-0.000078459,0.291797996,0.291798007,-0.000156918,0.583595993,0.583596014,0.974284002,0.344574022,-0.397139274,-0.060257988,0.032154547,0.086375769
74.203000000,1779830080_5715,ann,False,True,True,True,1183,31c1594f7caae09c6975238b7b255ad5c765bc56640ec43b539fdb93165d94da,absolute,standard,-0.067164394,1.061430571,-0.067164394,1.061430571,-0.544954809,0.770631208,1.552313061,2.917872114,first_gps,0.003839221,-0.137136925,1.000000000,0.000000000,28.028112118,-0.002507022,-0.089248197,0.089283402,-0.000162661,0.292237701,0.292237746,-0.000325321,0.584475402,0.584475492,0.992672727,0.345151721,-0.398448578,-0.058039635,0.009173630,0.077069169
74.251000000,1779830080_5715,ann,False,True,True,True,1183,31c1594f7caae09c6975238b7b255ad5c765bc56640ec43b539fdb93165d94da,absolute,standard,-0.029755413,1.038662823,-0.029755413,1.038662823,-0.539411552,0.747374299,1.425510732,2.853443176,first_gps,0.003839221,-0.137136925,1.000000000,0.000000000,28.016524093,-0.004992037,-0.591534469,0.591555533,-0.000163659,0.292119394,0.292119440,-0.000327318,0.584238788,0.584238880,0.988389419,0.345017157,-0.398208249,-0.057485310,0.014531376,0.074743478
74.332000000,1779830080_5715,ann,False,True,True,True,1183,31c1594f7caae09c6975238b7b255ad5c765bc56640ec43b539fdb93165d94da,absolute,standard,-0.020870797,0.982549653,-0.020870797,0.982549653,-0.517266160,0.654284077,1.243917609,2.948545385,first_gps,0.003839221,-0.137136925,1.000000000,0.000000000,27.979445106,0.002019817,-0.047414882,0.047457883,-0.000144901,0.291764420,0.291764456,-0.000289803,0.583528840,0.583528912,0.976043605,0.344629301,-0.397870678,-0.055270771,0.030000904,0.065434456
74.351000000,1779830080_5715,ann,False,True,True,True,1183,31c1594f7caae09c6975238b7b255ad5c765bc56640ec43b539fdb93165d94da,absolute,standard,-0.032701571,0.967475580,-0.032701571,0.967475580,-0.511737772,0.631035191,1.089436780,2.984203112,first_gps,0.003839221,-0.137136925,1.000000000,0.000000000,28.017104509,-0.004656725,0.147982602,0.148055853,-0.000156078,0.292119578,0.292119620,-0.000312155,0.584239156,0.584239240,0.987547611,0.344990710,-0.397981098,-0.054717932,0.015577100,0.063109567
74.407000000,1779830080_5715,ann,False,True,True,True,1183,31c1594f7caae09c6975238b7b255ad5c765bc56640ec43b539fdb93165d94da,absolute,standard,0.066717624,0.905491166,0.066717624,0.905491166,-0.495112593,0.561240937,1.234958206,2.763817831,first_gps,0.003839221,-0.137136925,1.000000000,0.000000000,27.904598655,0.002586101,-0.422164923,0.422172844,-0.000146932,0.291004384,0.291004421,-0.000293864,0.582008767,0.582008841,0.947354348,0.343728002,-0.393174987,-0.053055414,0.065627169,0.056130142
74.452000000,1779830080_5715,ann,False,True,True,True,1183,31c1594f7caae09c6975238b7b255ad5c765bc56640ec43b539fdb93165d94da,absolute,standard,0.004551505,0.873629042,0.004551505,0.873629042,-0.484024598,0.514705384,1.313345844,2.838756670,first_gps,0.003839221,-0.137136925,1.000000000,0.000000000,27.959493120,-0.008055290,-0.018050950,0.019766752,-0.000160383,0.291560466,0.291560510,-0.000320767,0.583120932,0.583121020,0.968306257,0.344386225,-0.396877155,-0.051946614,0.039647702,0.051476586
74.504000000,1779830080_5715,ann,False,True,True,True,1183,31c1594f7caae09c6975238b7b255ad5c765bc56640ec43b539fdb93165d94da,absolute,standard,0.016146152,0.828341117,0.016146152,0.828341117,-0.467406716,0.444914838,1.186270509,2.867584471,first_gps,0.003839221,-0.137136925,1.000000000,0.000000000,27.979773544,-0.004574231,-0.334058942,0.334090257,-0.000160029,0.291752518,0.291752562,-0.000320059,0.583505035,0.583505123,0.976001344,0.344627974,-0.397362169,-0.050284826,0.030015618,0.044497532
74.559000000,1779830080_5715,ann,False,True,True,True,1183,31c1594f7caae09c6975238b7b255ad5c765bc56640ec43b539fdb93165d94da,absolute,standard,-0.009889681,0.841167067,-0.009889681,0.841167067,-0.467406716,0.444914838,1.307089459,2.985627887,first_gps,0.003839221,-0.137136925,1.000000000,0.000000000,28.022535195,-0.006317744,0.251535587,0.251614915,-0.000170770,0.292180128,0.292180178,-0.000341539,0.584360256,0.584360356,0.991589790,0.345117699,-0.398355119,-0.050284826,0.010527571,0.044497532
74.603000000,1779830080_5715,ann,False,True,True,True,1183,31c1594f7caae09c6975238b7b255ad5c765bc56640ec43b539fdb93165d94da,absolute,standard,0.052099458,0.833820007,0.052099458,0.833820007,-0.456334127,0.398375967,0.839059294,3.004265327,first_gps,0.003839221,-0.137136925,1.000000000,0.000000000,28.033486134,-0.003484129,0.963766655,0.963772952,-0.000211500,0.292299780,0.292299857,-0.000423000,0.584599560,0.584599713,0.996240239,0.345263797,-0.398805352,-0.049177567,0.004710764,0.039843645
74.700000000,1779830080_5715,ann,False,True,True,True,1183,31c1594f7caae09c6975238b7b255ad5c765bc56640ec43b539fdb93165d94da,absolute,standard,-0.009274255,0.784987840,-0.009274255,0.784987840,-0.450783260,0.375130499,1.049343120,3.026788295,first_gps,0.003839221,-0.137136925,1.000000000,0.000000000,28.007252120,-0.000191599,-0.095799419,0.095799610,-0.000212056,0.292021962,0.292022039,-0.000424111,0.584043923,0.584044077,0.986269072,0.344950544,-0.397946713,-0.048622481,0.017176876,0.037519098
74.700000000,1779830080_5715,ann,False,True,True,True,1183,31c1594f7caae09c6975238b7b255ad5c765bc56640ec43b539fdb93165d94da,absolute,standard,0.049973254,0.766746660,0.049973254,0.766746660,-0.445215104,0.351853675,1.139478620,2.974896206,first_gps,0.003839221,-0.137136925,1.000000000,0.000000000,27.981304979,0.002984218,-0.807374723,0.807380238,-0.000211160,0.291779749,0.291779826,-0.000422321,0.583559499,0.583559651,0.977575968,0.344677442,-0.397903126,-0.048065665,0.028077614,0.035191416
74.750000000,1779830080_5715,ann,False,True,True,True,1183,31c1594f7caae09c6975238b7b255ad5c765bc56640ec43b539fdb93165d94da,absolute,standard,0.096453054,0.679979614,0.096453054,0.679979614,-0.400736073,0.165754506,0.743101458,2.905066616,first_gps,0.003839221,-0.137136925,1.000000000,0.000000000,28.021928986,0.000530788,1.000000000,1.000000000,-0.000174576,0.292188677,0.292188729,-0.000349151,0.584377354,0.584377459,0.991646604,0.345119484,-0.398843935,-0.043617762,0.010469252,0.016581499
74.800000000,1779830080_5715,ann,False,True,True,True,1183,31c1594f7caae09c6975238b7b255ad5c765bc56640ec43b539fdb93165d94da,absolute,standard,0.036135586,0.606200856,0.036135586,0.606200856,-0.384070730,0.095988073,0.783061530,2.899014700,first_gps,0.003839221,-0.137136925,1.000000000,0.000000000,27.990021502,0.003678529,-0.060470351,0.060582133,-0.000173649,0.291859469,0.291859520,-0.000347299,0.583718937,0.583719041,0.980958337,0.344783702,-0.397930438,-0.041951228,0.023833092,0.009604855
74.852000000,1779830080_5715,ann,False,True,True,True,1183,31c1594f7caae09c6975238b7b255ad5c765bc56640ec43b539fdb93165d94da,absolute,standard,0.056363207,0.584095482,0.056363207,0.584095482,-0.372938927,0.049471662,0.708713585,2.873050214,first_gps,0.003839221,-0.137136925,1.000000000,0.000000000,28.013012395,-0.001446188,0.379051509,0.379054268,-0.000174517,0.292086900,0.292086952,-0.000349034,0.584173799,0.584173904,0.989102530,0.345039560,-0.398327381,-0.040838047,0.013642233,0.004953214
74.902000000,1779830080_5715,ann,False,True,True,True,1183,31c1594f7caae09c6975238b7b255ad5c765bc56640ec43b539fdb93165d94da,absolute,standard,0.065802678,0.531859471,0.065802678,0.531859471,-0.356236234,-0.020316071,0.850842072,2.940731436,first_gps,0.003839221,-0.137136925,1.000000000,0.000000000,27.972116055,0.006087343,-0.128367743,0.128511997,-0.000177461,0.291681532,0.291681586,-0.000354922,0.583363064,0.583363172,0.974947643,0.344594871,-0.397446693,-0.039167778,0.031345513,-0.002025559
74.962000000,1779830080_5715,ann,False,True,True,True,1183,31c1594f7caae09c6975238b7b255ad5c765bc56640ec43b539fdb93165d94da,absolute,standard,0.069826622,0.497474840,0.069826622,0.497474840,-0.339567112,-0.090092460,0.596878007,2.905056940,first_gps,0.003839221,-0.137136925,1.000000000,0.000000000,28.021402290,0.000474808,0.379652359,0.379652656,-0.000157960,0.292170676,0.292170718,-0.000315920,0.584341351,0.584341437,0.991778303,0.345123621,-0.398423574,-0.037500866,0.010293261,-0.009003198
75.008000000,1779830080_5715,ann,False,True,True,True,1183,31c1594f7caae09c6975238b7b255ad5c765bc56640ec43b539fdb93165d94da,absolute,standard,0.046709538,0.472815692,0.046709538,0.472815692,-0.334015970,-0.113351026,0.751230777,2.959362189,first_gps,0.003839221,-0.137136925,1.000000000,0.000000000,28.011018129,-0.000051081,-0.047553262,0.047553290,-0.000158072,0.292066058,0.292066101,-0.000316144,0.584132117,0.584132203,0.987996066,0.345004799,-0.398247313,-0.036945752,0.015025616,-0.011329055
75.052000000,1779830080_5715,ann,False,True,True,True,1183,31c1594f7caae09c6975238b7b255ad5c765bc56640ec43b539fdb93165d94da,absolute,standard,0.054193616,0.427234339,0.054193616,0.427234339,-0.317352925,-0.183150377,0.457236006,3.012464726,first_gps,0.003839221,-0.137136925,1.000000000,0.000000000,28.006079325,-0.002407327,-0.012450529,0.012681123,-0.000171498,0.292017917,0.292017967,-0.000342995,0.584035833,0.584035934,0.986669493,0.344963123,-0.398222994,-0.035279447,0.016686946,-0.018308990
75.100000000,1779830080_5715,ann,False,True,True,True,1183,31c1594f7caae09c6975238b7b255ad5c765bc56640ec43b539fdb93165d94da,absolute,standard,0.129005662,0.397295060,0.129005662,0.397295060,-0.306228673,-0.229677879,0.759505580,2.902974448,first_gps,0.003839221,-0.137136925,1.000000000,0.000000000,27.935883331,0.005063316,-0.348141711,0.348178529,-0.000161371,0.291321633,0.291321678,-0.000322742,0.582643267,0.582643356,0.960994453,0.344156518,-0.395771346,-0.034167022,0.048741852,-0.022961740
75.154000000,1779830080_5715,ann,False,True,True,True,1183,31c1594f7caae09c6975238b7b255ad5c765bc56640ec43b539fdb93165d94da,absolute,standard,0.155293234,0.365742361,0.155293234,0.365742361,-0.295119812,-0.276200226,0.503796797,3.000113395,first_gps,0.003839221,-0.137136925,1.000000000,0.000000000,27.918123162,0.003430182,-0.544063610,0.544074423,-0.000155205,0.291145759,0.291145801,-0.000310411,0.582291518,0.582291601,0.955418593,0.343981348,-0.394913768,-0.033056136,0.055674801,-0.027613975
75.207000000,1779830080_5715,ann,False,True,True,True,1183,31c1594f7caae09c6975238b7b255ad5c765bc56640ec43b539fdb93165d94da,absolute,standard,0.102962653,0.312036314,0.102962653,0.312036314,-0.272946922,-0.369253672,0.592607366,3.054630420,first_gps,0.003839221,-0.137136925,1.000000000,0.000000000,27.985363262,-0.005107227,-0.286306557,0.286352105,-0.000147885,0.291815428,0.291815466,-0.000295769,0.583630857,0.583630932,0.980097243,0.344756650,-0.397948604,-0.030838847,0.024914752,-0.036919319
75.252000000,1779830080_5715,ann,False,True,True,True,1183,31c1594f7caae09c6975238b7b255ad5c765bc56640ec43b539fdb93165d94da,absolute,standard,-0.056429642,0.410282572,-0.056429642,0.410282572,-0.261870266,-0.415783966,0.461830010,2.956371503,first_gps,0.003839221,-0.137136925,1.000000000,0.000000000,28.062795456,0.005805737,-0.012574017,0.013849638,-0.000181063,0.292596788,0.292596844,-0.000362126,0.585193576,0.585193688,-0.993175211,0.345596321,-0.398871281,-0.029731181,-0.008553393,-0.041572349
75.306000000,1779830080_5715,ann,False,True,True,True,1183,31c1594f7caae09c6975238b7b255ad5c765bc56640ec43b539fdb93165d94da,absolute,standard,-0.017921277,0.377939862,-0.017921277,0.377939862,-0.247847938,-0.461498233,0.386324256,2.612349435,first_gps,0.003839221,-0.137136925,1.000000000,0.000000000,28.095131413,-0.005637916,0.575702083,0.575729689,-0.000175717,0.292908280,0.292908333,-0.000351434,0.585816560,0.585816665,-0.982262345,0.345939159,-0.397948628,-0.028328948,-0.022198465,-0.046143775
75.353000000,1779830080_5715,ann,False,True,True,True,1183,31c1594f7caae09c6975238b7b255ad5c765bc56640ec43b539fdb93165d94da,absolute,standard,-0.026994980,0.327291598,-0.026994980,0.327291598,-0.219694606,-0.527443847,0.448756835,2.856977534,first_gps,0.003839221,-0.137136925,1.000000000,0.000000000,28.059198422,-0.007133093,0.124602806,0.124806812,-0.000221062,0.292542289,0.292542373,-0.000442123,0.585084579,0.585084746,-0.995205351,0.345532542,-0.398301104,-0.025513615,-0.005999997,-0.052738337
75.400000000,1779830080_5715,ann,False,True,True,True,1183,31c1594f7caae09c6975238b7b255ad5c765bc56640ec43b539fdb93165d94da,absolute,standard,-0.063238884,0.300688137,-0.063238884,0.300688137,-0.183405855,-0.589279681,0.184005014,2.622202191,first_gps,0.003839221,-0.137136925,1.000000000,0.000000000,28.181365185,0.006262033,0.310471272,0.310534416,-0.000199919,0.293767513,0.293767581,-0.000399837,0.587535025,0.587535161,-0.950736492,0.346929572,-0.393701705,-0.021884740,-0.061422783,-0.058921920
75.451000000,1779830080_5715,ann,False,True,True,True,1183,31c1594f7caae09c6975238b7b255ad5c765bc56640ec43b539fdb93165d94da,absolute,standard,-0.115445449,0.256144687,-0.115445449,0.256144687,-0.154945042,-0.627729835,0.161827486,3.129765321,first_gps,0.003839221,-0.137136925,1.000000000,0.000000000,28.262559057,-0.009697191,0.129121927,0.129485550,-0.000207415,0.294591027,0.294591100,-0.000414830,0.589182053,0.589182199,-0.921475738,0.347848826,-0.386775398,-0.019038659,-0.097397935,-0.062766935
75.500000000,1779830080_5715,ann,False,True,True,True,1183,31c1594f7caae09c6975238b7b255ad5c765bc56640ec43b539fdb93165d94da,absolute,standard,-0.146389494,0.230276953,-0.146389494,0.230276953,-0.123330614,-0.663607948,0.275927204,2.872294547,first_gps,0.003839221,-0.137136925,1.000000000,0.000000000,28.335593066,-0.002211713,0.050867190,0.050915250,-0.000203926,0.295318116,0.295318187,-0.000407852,0.590636233,0.590636374,-0.895028347,0.348679695,-0.377255348,-0.015877216,-0.129125842,-0.066354747
75.550000000,1779830080_5715,ann,False,True,True,True,1183,31c1594f7caae09c6975238b7b255ad5c765bc56640ec43b539fdb93165d94da,absolute,standard,-0.161982223,0.186341163,-0.161982223,0.186341163,-0.070495158,-0.712064911,0.268802134,2.935306691,first_gps,0.003839221,-0.137136925,1.000000000,0.000000000,28.429013126,0.002222911,-0.216815019,0.216826414,-0.000191215,0.296240654,0.296240716,-0.000382431,0.592481308,0.592481432,-0.861569538,0.349730835,-0.361272343,-0.010593670,-0.167831048,-0.071200443
75.600000000,1779830080_5715,ann,False,True,True,True,1183,31c1594f7caae09c6975238b7b255ad5c765bc56640ec43b539fdb93165d94da,absolute,standard,-0.182048938,0.160960259,-0.182048938,0.160960259,-0.032019046,-0.740490501,0.049201007,2.705077169,first_gps,0.003839221,-0.137136925,1.000000000,0.000000000,28.498588039,0.010456268,0.071827774,0.072584865,-0.000168664,0.296953897,0.296953945,-0.000337328,0.593907795,0.593907891,-0.836059365,0.350532261,-0.347183844,-0.006746059,-0.196501681,-0.074043002
75.650000000,1779830080_5715,ann,False,True,True,True,1183,31c1594f7caae09c6975238b7b255ad5c765bc56640ec43b539fdb93165d94da,absolute,standard,-0.180520843,0.105421612,-0.180520843,0.105421612,0.029865664,-0.776697058,0.182850370,2.678248247,first_gps,0.003839221,-0.137136925,1.000000000,0.000000000,28.550455246,-0.008070486,0.076420900,0.076845864,-0.000186776,0.297454198,0.297454257,-0.000373552,0.594908397,0.594908514,-0.817721706,0.351108355,-0.334779402,-0.000557588,-0.215834077,-0.077663658
75.700000000,1779830080_5715,ann,False,True,True,True,1183,31c1594f7caae09c6975238b7b255ad5c765bc56640ec43b539fdb93165d94da,absolute,standard,-0.216311088,0.060202773,-0.216311088,0.060202773,0.073466035,-0.796336073,0.093204428,2.891120315,first_gps,0.003839221,-0.137136925,1.000000000,0.000000000,28.680433951,-0.003728950,0.032434108,0.032647763,-0.000182343,0.298758217,0.298758273,-0.000364687,0.597516434,0.597516545,-0.770973485,0.352576994,-0.299697073,0.003802449,-0.262593926,-0.079627559
75.752000000,1779830080_5715,ann,False,True,True,True,1183,31c1594f7caae09c6975238b7b255ad5c765bc56640ec43b539fdb93165d94da,absolute,standard,-0.198206987,0.010565882,-0.198206987,0.010565882,0.141612387,-0.818668401,0.004054428,2.710487163,first_gps,0.003839221,-0.137136925,1.000000000,0.000000000,28.788558397,0.005769284,0.337459391,0.337508704,-0.000188119,0.299841598,0.299841657,-0.000376239,0.599683196,0.599683314,-0.731248138,0.353825002,-0.264726609,0.010617084,-0.297910349,-0.081860792
75.800000000,1779830080_5715,ann,False,True,True,True,1183,31c1594f7caae09c6975238b7b255ad5c765bc56640ec43b539fdb93165d94da,absolute,standard,-0.193717528,-0.009630458,-0.193717528,-0.009630458,0.188388426,-0.828651418,0.042040436,2.625559355,first_gps,0.003839221,-0.137136925,1.000000000,0.000000000,28.810968611,0.002822730,0.264628131,0.264643186,-0.000183756,0.300074624,0.300074680,-0.000367512,0.600149248,0.600149360,-0.723260035,0.354075956,-0.257359759,0.015294688,-0.304686435,-0.082859094
75.850000000,1779830080_5715,ann,False,True,True,True,1183,31c1594f7caae09c6975238b7b255ad5c765bc56640ec43b539fdb93165d94da,absolute,standard,-0.203412267,-0.046419032,-0.203412267,-0.046419032,0.259692523,-0.836097762,0.069828050,2.791840221,first_gps,0.003839221,-0.137136925,1.000000000,0.000000000,28.882886477,0.000280161,-0.128757712,0.128758017,-0.000183632,0.300791002,0.300791058,-0.000367264,0.601582003,0.601582115,-0.697050541,0.354899352,-0.231374241,0.022425098,-0.324745068,-0.083603728
75.903000000,1779830080_5715,ann,False,True,True,True,1183,31c1594f7caae09c6975238b7b255ad5c765bc56640ec43b539fdb93165d94da,absolute,standard,-0.147072339,-0.113743877,-0.147072339,-0.113743877,0.307502252,-0.836000889,-0.041353329,2.590143176,first_gps,0.003839221,-0.137136925,1.000000000,0.000000000,29.009396967,-0.003228012,0.800594750,0.800601257,-0.000200694,0.302051246,0.302051313,-0.000401387,0.604102493,0.604102626,-0.651254569,0.356338075,-0.182348981,0.027206071,-0.354419756,-0.083594041
75.950000000,1779830080_5715,ann,False,True,True,True,1183,31c1594f7caae09c6975238b7b255ad5c765bc56640ec43b539fdb93165d94da,absolute,standard,-0.176392448,-0.124300946,-0.176392448,-0.124300946,0.378798702,-0.828266469,-0.049250549,2.505541839,first_gps,0.003839221,-0.137136925,1.000000000,0.000000000,29.068736875,0.010333762,0.283300349,0.283488756,-0.000195208,0.302645158,0.302645221,-0.000390417,0.605290316,0.605290442,-0.630362434,0.356994420,-0.158717613,0.034335716,-0.365631993,-0.082820599
76.000000000,1779830080_5715,ann,False,True,True,True,1183,31c1594f7caae09c6975238b7b255ad5c765bc56640ec43b539fdb93165d94da,absolute,standard,-0.160734442,-0.130765980,-0.160734442,-0.130765980,0.425526934,-0.818084957,-0.084992456,2.550812904,first_gps,0.003839221,-0.137136925,1.000000000,0.000000000,29.075977495,0.007687648,0.282917902,0.283022330,-0.000186001,0.302720093,0.302720150,-0.000372003,0.605440186,0.605440300,-0.627753586,0.357076380,-0.155748472,0.039008539,-0.366997952,-0.081802448
76.051000000,1779830080_5715,ann,False,True,True,True,1183,31c1594f7caae09c6975238b7b255ad5c765bc56640ec43b539fdb93165d94da,absolute,standard,-0.152865162,-0.209829317,-0.152865162,-0.209829317,0.493569954,-0.795441570,-0.043463800,2.410219324,first_gps,0.003839221,-0.137136925,1.000000000,0.000000000,29.271251427,0.000471974,0.272602884,0.272603292,-0.000165637,0.304677683,0.304677728,-0.000331274,0.609355366,0.609355456,-0.558210235,0.359261149,-0.072531235,0.045812841,-0.392189913,-0.079538109
76.100000000,1779830080_5715,ann,False,True,True,True,1183,31c1594f7caae09c6975238b7b255ad5c765bc56640ec43b539fdb93165d94da,absolute,standard,-0.161452779,-0.207008921,-0.161452779,-0.207008921,0.537073300,-0.775628612,-0.136327945,2.488905318,first_gps,0.003839221,-0.137136925,1.000000000,0.000000000,29.292991926,0.003759452,-0.021986532,0.022305629,-0.000164110,0.304880773,0.304880817,-0.000328220,0.609761547,0.609761635,-0.550892377,0.359491046,-0.063420555,0.050163175,-0.393282507,-0.077556813
76.150000000,1779830080_5715,ann,False,True,True,True,1183,31c1594f7caae09c6975238b7b255ad5c765bc56640ec43b539fdb93165d94da,absolute,standard,-0.139266113,-0.229315191,-0.139266113,-0.229315191,0.599342065,-0.739998921,-0.205728749,2.408620694,first_gps,0.003839221,-0.137136925,1.000000000,0.000000000,29.367339487,0.004760116,0.012828656,0.013683315,-0.000153267,0.305628358,0.305628396,-0.000306533,0.611256715,0.611256792,-0.523637375,0.360347287,-0.029565026,0.056390052,-0.397401796,-0.073993844
76.200000000,1779830080_5715,ann,False,True,True,True,1183,31c1594f7caae09c6975238b7b255ad5c765bc56640ec43b539fdb93165d94da,absolute,standard,-0.111449220,-0.207273625,-0.111449220,-0.207273625,0.640524366,-0.715660867,-0.201787407,2.292721172,first_gps,0.003839221,-0.137136925,1.000000000,0.000000000,29.335134882,0.007336658,-0.329585485,0.329667133,-0.000160547,0.305312437,0.305312479,-0.000321094,0.610624874,0.610624958,-0.535588949,0.359971817,-0.044484714,0.060508282,-0.396214924,-0.071560039
76.250000000,1779830080_5715,ann,False,True,True,True,1183,31c1594f7caae09c6975238b7b255ad5c765bc56640ec43b539fdb93165d94da,absolute,standard,-0.091766023,-0.230362573,-0.091766023,-0.230362573,0.702285789,-0.679166071,0.020896783,2.401438443,first_gps,0.003839221,-0.137136925,1.000000000,0.000000000,29.359771461,-0.012387847,0.167393152,0.167850905,-0.000166349,0.305553696,0.305553741,-0.000332698,0.611107391,0.611107482,-0.527369253,0.360230047,-0.034224977,0.066684424,-0.397061919,-0.067910559
76.302000000,1779830080_5715,ann,False,True,True,True,1183,31c1594f7caae09c6975238b7b255ad5c765bc56640ec43b539fdb93165d94da,absolute,standard,-0.076762026,-0.212913834,-0.076762026,-0.212913834,0.764077216,-0.642666089,-0.000242973,2.305240583,first_gps,0.003839221,-0.137136925,1.000000000,0.000000000,29.365166747,0.001227388,0.087595871,0.087604470,-0.000163635,0.305615267,0.305615311,-0.000327270,0.611230534,0.611230622,-0.525837872,0.360278156,-0.032334920,0.072863567,-0.397475052,-0.064260561
76.350000000,1779830080_5715,ann,False,True,True,True,1183,31c1594f7caae09c6975238b7b255ad5c765bc56640ec43b539fdb93165d94da,absolute,standard,-0.056948450,-0.183752786,-0.056948450,-0.183752786,0.805259195,-0.618350270,-0.060038687,2.372426927,first_gps,0.003839221,-0.137136925,1.000000000,0.000000000,29.308295471,0.004686634,0.141232064,0.141309803,-0.000170845,0.305038738,0.305038786,-0.000341691,0.610077476,0.610077571,-0.546558282,0.359627205,-0.058083886,0.076981765,-0.394272229,-0.061828979
76.401000000,1779830080_5715,ann,False,True,True,True,1183,31c1594f7caae09c6975238b7b255ad5c765bc56640ec43b539fdb93165d94da,absolute,standard,-0.037132440,-0.189766460,-0.037132440,-0.189766460,0.867057915,-0.581899179,-0.019830943,2.229680432,first_gps,0.003839221,-0.137136925,1.000000000,0.000000000,29.354119642,0.005155128,-0.216150896,0.216212361,-0.000161463,0.305502731,0.305502773,-0.000322927,0.611005461,0.611005547,-0.529630992,0.360158992,-0.037062597,0.083161637,-0.396992931,-0.058183870
76.450000000,1779830080_5715,ann,False,True,True,True,1183,31c1594f7caae09c6975238b7b255ad5c765bc56640ec43b539fdb93165d94da,absolute,standard,-0.022746622,-0.168151282,-0.022746622,-0.168151282,0.908254572,-0.557595134,-0.072399688,2.286429698,first_gps,0.003839221,-0.137136925,1.000000000,0.000000000,29.293607211,-0.003781024,-0.237085444,0.237115592,-0.000189624,0.304896257,0.304896316,-0.000379248,0.609792513,0.609792631,-0.551395521,0.359475239,-0.064092206,0.087281303,-0.393489228,-0.055753465
76.500000000,1779830080_5715,ann,False,True,True,True,1183,31c1594f7caae09c6975238b7b255ad5c765bc56640ec43b539fdb93165d94da,absolute,standard,-0.011014212,-0.200094233,-0.011014212,-0.200094233,0.949444888,-0.533294652,-0.014436844,2.047128763,first_gps,0.003839221,-0.137136925,1.000000000,0.000000000,29.370206823,-0.005860254,0.096923206,0.097100209,-0.000193800,0.305659468,0.305659530,-0.000387599,0.611318936,0.611319059,-0.523440936,0.360353458,-0.029325805,0.091400334,-0.397501752,-0.053323417
76.550000000,1779830080_5715,ann,False,True,True,True,1183,31c1594f7caae09c6975238b7b255ad5c765bc56640ec43b539fdb93165d94da,absolute,standard,0.032091295,-0.200198800,0.032091295,-0.200198800,1.011245913,-0.496839051,0.025869380,2.046820717,first_gps,0.003839221,-0.137136925,1.000000000,0.000000000,29.374743118,-0.006704722,0.329876589,0.329944719,-0.000229651,0.305705221,0.305705307,-0.000459302,0.611410442,0.611410615,-0.522854159,0.360371892,-0.028593987,0.097580437,-0.397568929,-0.049677857
76.600000000,1779830080_5715,ann,False,True,True,True,1183,31c1594f7caae09c6975238b7b255ad5c765bc56640ec43b539fdb93165d94da,absolute,standard,0.031950253,-0.181410858,0.031950253,-0.181410858,1.073053721,-0.460397898,0.104650815,2.145352834,first_gps,0.003839221,-0.137136925,1.000000000,0.000000000,29.386528879,0.003569027,0.048411448,0.048542829,-0.000188200,0.305819293,0.305819351,-0.000376399,0.611638585,0.611638701,-0.518876115,0.360496866,-0.023615773,0.103761218,-0.397768298,-0.046033742
76.650000000,1779830080_5715,ann,False,True,True,True,1183,31c1594f7caae09c6975238b7b255ad5c765bc56640ec43b539fdb93165d94da,absolute,standard,0.066762581,-0.190394847,0.066762581,-0.190394847,1.114245400,-0.436087369,-0.062595945,2.029547898,first_gps,0.003839221,-0.137136925,1.000000000,0.000000000,29.396633862,-0.002519040,0.260655560,0.260667732,-0.000200116,0.305922199,0.305922264,-0.000400232,0.611844397,0.611844528,-0.514706680,0.360627853,-0.018406530,0.107880385,-0.398105560,-0.043602689
76.702000000,1779830080_5715,ann,False,True,True,True,1183,31c1594f7caae09c6975238b7b255ad5c765bc56640ec43b539fdb93165d94da,absolute,standard,0.109758682,-0.122888155,0.109758682,-0.122888155,1.155448376,-0.411769941,-0.218601390,1.828910301,first_gps,0.003839221,-0.137136925,1.000000000,0.000000000,29.303686613,0.007981018,-0.983581657,0.983614037,-0.000182885,0.304999069,0.304999124,-0.000365770,0.609998138,0.609998247,-0.547608065,0.359594226,-0.059415795,0.112000683,-0.394290350,-0.041170946
76.756000000,1779830080_5715,ann,False,True,True,True,1183,31c1594f7caae09c6975238b7b255ad5c765bc56640ec43b539fdb93165d94da,absolute,standard,0.143452866,-0.113457199,0.143452866,-0.113457199,1.237792661,-0.363096553,0.115968127,1.917012795,first_gps,0.003839221,-0.137136925,1.000000000,0.000000000,29.305955071,0.006818455,-1.000000000,1.000000000,-0.000171145,0.305017222,0.305017270,-0.000342289,0.610034444,0.610034540,-0.545853308,0.359649353,-0.057219570,0.120235112,-0.394462188,-0.036303607
76.828000000,1779830080_5715,ann,False,True,True,True,1183,31c1594f7caae09c6975238b7b255ad5c765bc56640ec43b539fdb93165d94da,absolute,standard,0.128908219,-0.121422448,0.128908219,-0.121422448,1.299562572,-0.326584850,-0.008716617,1.723975114,first_gps,0.003839221,-0.137136925,1.000000000,0.000000000,29.322509434,0.004836368,-0.249719537,0.249766366,-0.000162154,0.305188182,0.305188225,-0.000324308,0.610376363,0.610376449,-0.539360121,0.359853342,-0.049183855,0.126412103,-0.395726252,-0.032652437
76.850000000,1779830080_5715,ann,False,True,True,True,1183,31c1594f7caae09c6975238b7b255ad5c765bc56640ec43b539fdb93165d94da,absolute,standard,0.128908219,-0.121422448,0.128908219,-0.121422448,1.299562572,-0.326584850,-0.008716617,1.723975114,first_gps,0.003839221,-0.137136925,1.000000000,0.000000000,29.322509434,0.004836368,-0.249719537,0.249766366,-0.000162154,0.305188182,0.305188225,-0.000324308,0.610376363,0.610376449,-0.539360121,0.359853342,-0.049183855,0.126412103,-0.395726252,-0.032652437
76.900000000,1779830080_5715,ann,False,True,True,True,1183,31c1594f7caae09c6975238b7b255ad5c765bc56640ec43b539fdb93165d94da,absolute,standard,0.144133810,-0.137095152,0.144133810,-0.137095152,1.361312553,-0.290073912,-0.144868676,1.829071455,first_gps,0.003839221,-0.137136925,1.000000000,0.000000000,29.360292117,-0.002831342,-0.106267254,0.106304966,-0.000169805,0.305561803,0.305561851,-0.000339610,0.611123607,0.611123701,-0.525035951,0.360303349,-0.031321110,0.132587101,-0.397398597,-0.029001343
76.961000000,1779830080_5715,ann,False,True,True,True,1183,31c1594f7caae09c6975238b7b255ad5c765bc56640ec43b539fdb93165d94da,absolute,standard,0.264287967,-0.177677975,0.264287967,-0.177677975,1.423086142,-0.253559793,-0.074305419,1.773448269,first_gps,0.003839221,-0.137136925,1.000000000,0.000000000,29.441882639,0.003598849,1.000000000,1.000000000,-0.000186248,0.306378884,0.306378941,-0.000372497,0.612757768,0.612757881,-0.496046254,0.361214088,0.004951782,0.138764460,-0.398639717,-0.025349931
77.007000000,1779830080_5715,ann,False,True,True,True,1183,31c1594f7caae09c6975238b7b255ad5c765bc56640ec43b539fdb93165d94da,absolute,standard,0.269932355,-0.153327893,0.269932355,-0.153327893,1.484857231,-0.217053816,-0.084740463,1.867067429,first_gps,0.003839221,-0.137136925,1.000000000,0.000000000,29.413607315,0.003856393,0.807061562,0.807070775,-0.000183181,0.306095027,0.306095081,-0.000366362,0.612190053,0.612190163,-0.505498322,0.360917142,-0.006885450,0.144941569,-0.398574141,-0.021699334
77.071000000,1779830080_5715,ann,False,True,True,True,1183,31c1594f7caae09c6975238b7b255ad5c765bc56640ec43b539fdb93165d94da,absolute,standard,0.213757352,-0.077702663,0.213757352,-0.077702663,1.526039708,-0.192708349,0.107996118,1.774335520,first_gps,0.003839221,-0.137136925,1.000000000,0.000000000,29.281716482,-0.001104372,-0.129215117,0.129219837,-0.000187034,0.304781823,0.304781881,-0.000374068,0.609563647,0.609563762,-0.553588921,0.359406331,-0.066827087,0.149059816,-0.393185219,-0.019264787
77.103000000,1779830080_5715,ann,False,True,True,True,1183,31c1594f7caae09c6975238b7b255ad5c765bc56640ec43b539fdb93165d94da,absolute,standard,0.233031490,-0.103464716,0.233031490,-0.103464716,1.567199250,-0.168363991,-0.287437636,1.519929250,first_gps,0.003839221,-0.137136925,1.000000000,0.000000000,29.336961035,-0.005574212,0.142467003,0.142576010,-0.000225470,0.305333012,0.305333095,-0.000450940,0.610666023,0.610666190,-0.534624462,0.360002117,-0.043292490,0.153175770,-0.396425905,-0.016830351
77.155000000,1779830080_5715,ann,False,True,True,True,1183,31c1594f7caae09c6975238b7b255ad5c765bc56640ec43b539fdb93165d94da,absolute,standard,0.253660592,-0.099514945,0.253660592,-0.099514945,1.628961940,-0.131836734,-0.231516874,1.560114530,first_gps,0.003839221,-0.137136925,1.000000000,0.000000000,29.355786265,-0.002825406,0.090632666,0.090676695,-0.000230092,0.305526022,0.305526109,-0.000460185,0.611052044,0.611052218,-0.527761609,0.360217720,-0.034749859,0.159352039,-0.397425213,-0.013177625
77.206000000,1779830080_5715,ann,False,True,True,True,1183,31c1594f7caae09c6975238b7b255ad5c765bc56640ec43b539fdb93165d94da,absolute,standard,0.282214554,-0.063582699,0.282214554,-0.063582699,1.690701044,-0.095305215,-0.173930959,1.460533667,first_gps,0.003839221,-0.137136925,1.000000000,0.000000000,29.307898798,-0.000077182,-0.182444305,0.182444322,-0.000244092,0.305039065,0.305039163,-0.000488184,0.610078130,0.610078325,-0.545337114,0.359665570,-0.056591425,0.165525950,-0.394635478,-0.009524473
77.250000000,1779830080_5715,ann,False,True,True,True,1183,31c1594f7caae09c6975238b7b255ad5c765bc56640ec43b539fdb93165d94da,absolute,standard,0.305057686,-0.071293518,0.305057686,-0.071293518,1.731857113,-0.070938120,-0.304042036,1.546366239,first_gps,0.003839221,-0.137136925,1.000000000,0.000000000,29.350715653,0.004598355,-0.272160670,0.272199514,-0.000235942,0.305465340,0.305465431,-0.000471883,0.610930680,0.610930863,-0.529605508,0.360159793,-0.037020589,0.169641557,-0.396886302,-0.007087764
77.300000000,1779830080_5715,ann,False,True,True,True,1183,31c1594f7caae09c6975238b7b255ad5c765bc56640ec43b539fdb93165d94da,absolute,standard,0.319609415,-0.073303514,0.319609415,-0.073303514,1.773023684,-0.046572827,-0.103646624,1.479525524,first_gps,0.003839221,-0.137136925,1.000000000,0.000000000,29.369769819,0.003613007,-0.217108236,0.217138297,-0.000229525,0.305658539,0.305658625,-0.000459050,0.611317078,0.611317251,-0.523442149,0.360353420,-0.029335820,0.173758214,-0.397616853,-0.004651235
77.350000000,1779830080_5715,ann,False,True,True,True,1183,31c1594f7caae09c6975238b7b255ad5c765bc56640ec43b539fdb93165d94da,absolute,standard,0.346497645,-0.056455286,0.346497645,-0.056455286,1.834759464,-0.010051645,0.048162205,1.417397605,first_gps,0.003839221,-0.137136925,1.000000000,0.000000000,29.344468977,-0.002390996,-0.228610915,0.228623418,-0.000233222,0.305389519,0.305389608,-0.000466445,0.610779038,0.610779216,-0.532853736,0.360057746,-0.041022791,0.179931792,-0.396045022,-0.000999116
77.402000000,1779830080_5715,ann,False,True,True,True,1183,31c1594f7caae09c6975238b7b255ad5c765bc56640ec43b539fdb93165d94da,absolute,standard,0.364692618,-0.061223235,0.364692618,-0.061223235,1.896537003,0.026491894,-0.152152980,1.349811604,first_gps,0.003839221,-0.137136925,1.000000000,0.000000000,29.387959272,0.004881991,0.012284870,0.013219374,-0.000212493,0.305843827,0.305843901,-0.000424986,0.611687655,0.611687803,-0.517234555,0.360548437,-0.021582616,0.186109546,-0.398225859,0.002655237
77.450000000,1779830080_5715,ann,False,True,True,True,1183,31c1594f7caae09c6975238b7b255ad5c765bc56640ec43b539fdb93165d94da,absolute,standard,0.383359961,-0.048594875,0.383359961,-0.048594875,1.937694424,0.050829027,0.075175598,1.297096776,first_gps,0.003839221,-0.137136925,1.000000000,0.000000000,29.349239531,-0.008514261,0.054909949,0.055566133,-0.000222478,0.305450143,0.305450224,-0.000444956,0.610900286,0.610900448,-0.531184387,0.360110191,-0.038987305,0.190225288,-0.396682991,0.005088951
77.502000000,1779830080_5715,ann,False,True,True,True,1183,31c1594f7caae09c6975238b7b255ad5c765bc56640ec43b539fdb93165d94da,absolute,standard,0.413578514,-0.041995978,0.413578514,-0.041995978,1.999448195,0.087360860,0.045540850,1.394760612,first_gps,0.003839221,-0.137136925,1.000000000,0.000000000,29.362283134,-0.007665511,-0.175149826,0.175317488,-0.000244601,0.305579538,0.305579636,-0.000489201,0.611159076,0.611159272,-0.526439401,0.360259259,-0.033067082,0.196400665,-0.397186062,0.008742134
77.550000000,1779830080_5715,ann,False,True,True,True,1183,31c1594f7caae09c6975238b7b255ad5c765bc56640ec43b539fdb93165d94da,absolute,standard,0.446894316,-0.017165842,0.446894316,-0.017165842,2.040625746,0.111714421,-0.171017427,1.309496480,first_gps,0.003839221,-0.137136925,1.000000000,0.000000000,29.333521429,-0.004871778,-0.445208331,0.445234985,-0.000271859,0.305293003,0.305293124,-0.000543718,0.610586005,0.610586247,-0.537428410,0.359914029,-0.046761024,0.200518420,-0.395844610,0.011177490
77.604000000,1779830080_5715,ann,False,True,True,True,1183,31c1594f7caae09c6975238b7b255ad5c765bc56640ec43b539fdb93165d94da,absolute,standard,0.464866053,-0.041684820,0.464866053,-0.041684820,2.102378610,0.148238668,-0.144619510,1.012962698,first_gps,0.003839221,-0.137136925,1.000000000,0.000000000,29.393082325,-0.004204491,0.154181352,0.154238669,-0.000289898,0.305887152,0.305887290,-0.000579796,0.611774305,0.611774579,-0.515476688,0.360603662,-0.019370390,0.206693706,-0.398077879,0.014829915
77.653000000,1779830080_5715,ann,False,True,True,True,1183,31c1594f7caae09c6975238b7b255ad5c765bc56640ec43b539fdb93165d94da,absolute,standard,0.469565971,-0.010447984,0.469565971,-0.010447984,2.143541722,0.172589447,-0.185964721,1.059635036,first_gps,0.003839221,-0.137136925,1.000000000,0.000000000,29.348117091,-0.001811981,-0.001139378,0.002140434,-0.000302980,0.305431203,0.305431353,-0.000605960,0.610862406,0.610862707,-0.531374569,0.360104216,-0.039199225,0.210810018,-0.396405994,0.017264993
77.701000000,1779830080_5715,ann,False,True,True,True,1183,31c1594f7caae09c6975238b7b255ad5c765bc56640ec43b539fdb93165d94da,absolute,standard,0.554225246,-0.048041727,0.554225246,-0.048041727,2.184723912,0.196934214,-0.184327900,1.073689575,first_gps,0.003839221,-0.137136925,1.000000000,0.000000000,29.434539607,0.003102457,0.630104694,0.630112332,-0.000294385,0.306299728,0.306299869,-0.000588770,0.612599455,0.612599738,-0.499795701,0.361096295,0.000255756,0.214928237,-0.398482353,0.019699469
77.750000000,1779830080_5715,ann,False,True,True,True,1183,31c1594f7caae09c6975238b7b255ad5c765bc56640ec43b539fdb93165d94da,absolute,standard,0.520733206,0.000921548,0.520733206,0.000921548,2.246493391,0.233441380,-0.129893464,1.187573798,first_gps,0.003839221,-0.137136925,1.000000000,0.000000000,29.367387443,0.000472832,-0.050816418,0.050818618,-0.000295217,0.305630842,0.305630985,-0.000590434,0.611261685,0.611261970,-0.523507361,0.360351371,-0.029407892,0.221105185,-0.397483964,0.023350186
77.800000000,1779830080_5715,ann,False,True,True,True,1183,31c1594f7caae09c6975238b7b255ad5c765bc56640ec43b539fdb93165d94da,absolute,standard,0.569076896,0.034908883,0.569076896,0.034908883,2.287661548,0.257780792,-0.030834192,1.086777172,first_gps,0.003839221,-0.137136925,1.000000000,0.000000000,29.316253503,-0.001477141,-0.592899726,0.592901566,-0.000320864,0.305122590,0.305122758,-0.000641727,0.610245179,0.610245517,-0.541152136,0.359797045,-0.051398424,0.225222000,-0.395346996,0.025784127
77.851000000,1779830080_5715,ann,False,True,True,True,1183,31c1594f7caae09c6975238b7b255ad5c765bc56640ec43b539fdb93165d94da,absolute,standard,0.575935683,-0.000465749,0.575935683,-0.000465749,2.349421091,0.294309465,-0.063602524,0.759647001,first_gps,0.003839221,-0.137136925,1.000000000,0.000000000,29.402326186,0.001669971,0.112037106,0.112049551,-0.000335643,0.305983687,0.305983871,-0.000671286,0.611967374,0.611967742,-0.510274035,0.360767109,-0.012866119,0.231397955,-0.398479321,0.029436995
77.900000000,1779830080_5715,ann,False,True,True,True,1183,31c1594f7caae09c6975238b7b255ad5c765bc56640ec43b539fdb93165d94da,absolute,standard,0.618478795,0.056910044,0.618478795,0.056910044,2.411188777,0.330801382,-0.075894608,0.952691248,first_gps,0.003839221,-0.137136925,1.000000000,0.000000000,29.327595430,0.005723270,-0.354436248,0.354482453,-0.000314294,0.305238391,0.305238553,-0.000628587,0.610476782,0.610477105,-0.537202524,0.359921125,-0.046498332,0.237574723,-0.396032934,0.033086186
77.950000000,1779830080_5715,ann,False,True,True,True,1183,31c1594f7caae09c6975238b7b255ad5c765bc56640ec43b539fdb93165d94da,absolute,standard,0.634602292,0.078409524,0.634602292,0.078409524,2.452368694,0.355135865,-0.012441596,0.839757611,first_gps,0.003839221,-0.137136925,1.000000000,0.000000000,29.299915732,0.005366470,-0.210541693,0.210610075,-0.000288133,0.304958457,0.304958593,-0.000576266,0.609916914,0.609917186,-0.547591929,0.359594732,-0.059381797,0.241692715,-0.394200356,0.035519635
78.000000000,1779830080_5715,ann,False,True,True,True,1183,31c1594f7caae09c6975238b7b255ad5c765bc56640ec43b539fdb93165d94da,absolute,standard,0.699094921,0.015418526,0.699094921,0.015418526,2.514129724,0.391652988,-0.067565829,0.647634535,first_gps,0.003839221,-0.137136925,1.000000000,0.000000000,29.437213561,0.004614979,0.498697762,0.498719115,-0.000297763,0.306335439,0.306335583,-0.000595525,0.612670877,0.612671167,-0.498533591,0.361135946,0.001837124,0.247868818,-0.398777358,0.039171347
78.050000000,1779830080_5715,ann,False,True,True,True,1183,31c1594f7caae09c6975238b7b255ad5c765bc56640ec43b539fdb93165d94da,absolute,standard,0.678252368,0.056261235,0.678252368,0.056261235,2.555308837,0.415996051,-0.067305245,0.682213846,first_gps,0.003839221,-0.137136925,1.000000000,0.000000000,29.386069694,0.004703755,-0.184689683,0.184749572,-0.000302388,0.305822280,0.305822430,-0.000604776,0.611644560,0.611644859,-0.517193446,0.360549729,-0.021526550,0.251986729,-0.398142904,0.041605653
78.103000000,1779830080_5715,ann,False,True,True,True,1183,31c1594f7caae09c6975238b7b255ad5c765bc56640ec43b539fdb93165d94da,absolute,standard,0.703295788,0.081706337,0.703295788,0.081706337,2.617059471,0.452510062,-0.157869260,0.733622417,first_gps,0.003839221,-0.137136925,1.000000000,0.000000000,29.341097804,-0.004381236,-0.124294943,0.124372135,-0.000307656,0.305368829,0.305368984,-0.000615312,0.610737657,0.610737967,-0.533283710,0.360044238,-0.041603265,0.258161793,-0.396423100,0.045257054
78.150000000,1779830080_5715,ann,False,True,True,True,1183,31c1594f7caae09c6975238b7b255ad5c765bc56640ec43b539fdb93165d94da,absolute,standard,0.723301187,0.102627316,0.723301187,0.102627316,2.656592847,0.479441126,-0.091895033,0.583970871,first_gps,0.003839221,-0.137136925,1.000000000,0.000000000,29.312795951,-0.006560078,-0.141579869,0.141731768,-0.000330578,0.305094704,0.305094883,-0.000661157,0.610189408,0.610189766,-0.543513279,0.359722867,-0.054360003,0.262115130,-0.395176118,0.047950161
78.204000000,1779830080_5715,ann,False,True,True,True,1183,31c1594f7caae09c6975238b7b255ad5c765bc56640ec43b539fdb93165d94da,absolute,standard,0.813177931,-0.000993348,0.813177931,-0.000993348,2.711889267,0.525109447,-0.049437403,0.696338556,first_gps,0.003839221,-0.137136925,1.000000000,0.000000000,29.563591383,0.002236756,0.582476586,0.582480881,-0.000330470,0.307585920,0.307586097,-0.000660940,0.615171840,0.615172195,-0.453707407,0.362544202,0.057727492,0.267644772,-0.394134314,0.052516993
78.250000000,1779830080_5715,ann,False,True,True,True,1183,31c1594f7caae09c6975238b7b255ad5c765bc56640ec43b539fdb93165d94da,absolute,standard,0.773282863,0.065493575,0.773282863,0.065493575,2.748329482,0.556099948,-0.170446223,0.547409484,first_gps,0.003839221,-0.137136925,1.000000000,0.000000000,29.470438144,0.004188394,-0.115576127,0.115651994,-0.000316699,0.306657875,0.306658038,-0.000633399,0.613315750,0.613316077,-0.486702537,0.361507629,0.016640711,0.271288794,-0.398107597,0.055616043
78.300000000,1779830080_5715,ann,False,True,True,True,1183,31c1594f7caae09c6975238b7b255ad5c765bc56640ec43b539fdb93165d94da,absolute,standard,0.800458667,0.032808479,0.800458667,0.032808479,2.802342045,0.603314998,-0.035108785,0.517061399,first_gps,0.003839221,-0.137136925,1.000000000,0.000000000,29.549690653,-0.007436603,0.063849683,0.064281297,-0.000342244,0.307452610,0.307452801,-0.000684489,0.614905221,0.614905602,-0.457808340,0.362415367,0.052670186,0.276690050,-0.395034002,0.060337548
78.350000000,1779830080_5715,ann,False,True,True,True,1183,31c1594f7caae09c6975238b7b255ad5c765bc56640ec43b539fdb93165d94da,absolute,standard,0.893902117,0.007175369,0.893902117,0.007175369,2.835332136,0.637942251,-0.178103848,0.544806111,first_gps,0.003839221,-0.137136925,1.000000000,0.000000000,29.638069918,0.002815908,0.616381677,0.616388110,-0.000331766,0.308337782,0.308337961,-0.000663532,0.616675565,0.616675922,-0.424850591,0.363450765,0.093227481,0.279989059,-0.387519001,0.063800273
78.403000000,1779830080_5715,ann,False,True,True,True,1183,31c1594f7caae09c6975238b7b255ad5c765bc56640ec43b539fdb93165d94da,absolute,standard,0.857661190,0.051720826,0.857661190,0.051720826,2.879025627,0.694802357,-0.176960153,0.439610555,first_gps,0.003839221,-0.137136925,1.000000000,0.000000000,29.626128699,0.007899381,-0.028591367,0.029662543,-0.000309908,0.308230995,0.308231151,-0.000619816,0.616461989,0.616462301,-0.429944032,0.363290750,0.087106624,0.284358408,-0.389371039,0.069486284
78.450000000,1779830080_5715,ann,False,True,True,True,1183,31c1594f7caae09c6975238b7b255ad5c765bc56640ec43b539fdb93165d94da,absolute,standard,0.919496330,0.012350154,0.919496330,0.012350154,2.903973227,0.735597574,-0.085096115,0.485210580,first_gps,0.003839221,-0.137136925,1.000000000,0.000000000,29.719294224,-0.004970138,0.360403400,0.360437669,-0.000321900,0.309155648,0.309155816,-0.000643800,0.618311297,0.618311632,-0.396859953,0.364330117,0.126959481,0.286853168,-0.378011620,0.073565805
78.508000000,1779830080_5715,ann,False,True,True,True,1183,31c1594f7caae09c6975238b7b255ad5c765bc56640ec43b539fdb93165d94da,absolute,standard,0.936765924,0.017748172,0.936765924,0.017748172,2.934685053,0.800392183,-0.027207130,0.383695922,first_gps,0.003839221,-0.137136925,1.000000000,0.000000000,29.792603461,-0.000423553,0.120329408,0.120330153,-0.000321610,0.309884425,0.309884592,-0.000643221,0.619768851,0.619769185,-0.370124288,0.365170043,0.158167676,0.289924351,-0.365895841,0.080045266
78.551000000,1779830080_5715,ann,False,True,True,True,1183,31c1594f7caae09c6975238b7b255ad5c765bc56640ec43b539fdb93165d94da,absolute,standard,1.019824706,-0.030186744,1.019824706,-0.030186744,2.950438973,0.845528257,-0.049254442,0.471414206,first_gps,0.003839221,-0.137136925,1.000000000,0.000000000,29.962944517,-0.005298376,0.249042454,0.249098809,-0.000313679,0.311582003,0.311582161,-0.000627359,0.623164006,0.623164322,-0.309594290,0.367071649,0.224367259,0.291499743,-0.329242934,0.084558874
78.600000000,1779830080_5715,ann,False,True,True,True,1183,31c1594f7caae09c6975238b7b255ad5c765bc56640ec43b539fdb93165d94da,absolute,standard,1.063464026,-0.004105298,1.063464026,-0.004105298,2.966767639,0.915352894,0.070267029,0.249068779,first_gps,0.003839221,-0.137136925,1.000000000,0.000000000,29.994093741,0.002387720,0.359392661,0.359400592,-0.000309849,0.311893328,0.311893482,-0.000619699,0.623786656,0.623786964,-0.298305061,0.367426310,0.235897316,0.293132609,-0.321075507,0.091541337
78.651000000,1779830080_5715,ann,False,True,True,True,1183,31c1594f7caae09c6975238b7b255ad5c765bc56640ec43b539fdb93165d94da,absolute,standard,1.058431813,0.001897776,1.058431813,0.001897776,2.972643587,0.962817324,0.216602144,0.384349185,first_gps,0.003839221,-0.137136925,1.000000000,0.000000000,30.014717625,-0.008494669,0.246180464,0.246326978,-0.000346759,0.312104438,0.312104631,-0.000693517,0.624208876,0.624209262,-0.290872344,0.367659816,0.243429580,0.293720204,-0.315609738,0.096287781
78.701000000,1779830080_5715,ann,False,True,True,True,1183,31c1594f7caae09c6975238b7b255ad5c765bc56640ec43b539fdb93165d94da,absolute,standard,1.084971674,0.018045665,1.084971674,0.018045665,2.974475580,1.010594353,0.088822120,-0.030262832,first_gps,0.003839221,-0.137136925,1.000000000,0.000000000,30.080207045,-0.001977103,-0.223647767,0.223656506,-0.000346538,0.312751927,0.312752119,-0.000693076,0.625503854,0.625504238,-0.267782005,0.368385220,0.265499237,0.293903403,-0.296952673,0.101065483
78.750000000,1779830080_5715,ann,False,True,True,True,1183,31c1594f7caae09c6975238b7b255ad5c765bc56640ec43b539fdb93165d94da,absolute,standard,1.174330403,0.005093836,1.174330403,0.005093836,2.969598993,1.082136615,0.088136478,0.094465692,first_gps,0.003839221,-0.137136925,1.000000000,0.000000000,30.222703556,-0.003178848,0.194617595,0.194643555,-0.000364384,0.314183771,0.314183982,-0.000728768,0.628367542,0.628367965,-0.216810294,0.369986544,0.309629887,0.293415745,-0.250964749,0.108219710
78.800000000,1779830080_5715,ann,False,True,True,True,1183,31c1594f7caae09c6975238b7b255ad5c765bc56640ec43b539fdb93165d94da,absolute,standard,1.219135118,0.083510865,1.219135118,0.083510865,2.941427396,1.198135070,0.355985269,0.192513548,first_gps,0.003839221,-0.137136925,1.000000000,0.000000000,30.243817626,0.000218122,-1.000000000,1.000000000,-0.000349215,0.314399239,0.314399433,-0.000698431,0.628798479,0.628798867,-0.209243738,0.370224254,0.315621277,0.290598585,-0.243622107,0.119819555
78.850000000,1779830080_5715,ann,False,True,True,True,1183,31c1594f7caae09c6975238b7b255ad5c765bc56640ec43b539fdb93165d94da,absolute,standard,1.380308282,0.028679471,1.380308282,0.028679471,2.932880098,1.220469063,0.183048951,0.142272841,first_gps,0.003839221,-0.137136925,1.000000000,0.000000000,30.409005179,0.001070402,1.000000000,1.000000000,-0.000347610,0.316046695,0.316046886,-0.000695220,0.632093390,0.632093772,-0.149707285,0.372094647,0.355286821,0.289743855,-0.180616329,0.122052954
78.903000000,1779830080_5715,ann,False,True,True,True,1183,31c1594f7caae09c6975238b7b255ad5c765bc56640ec43b539fdb93165d94da,absolute,standard,1.308435058,0.064277462,1.308435058,0.064277462,2.912964821,1.263951148,0.092561827,0.117684037,first_gps,0.003839221,-0.137136925,1.000000000,0.000000000,30.443582531,0.004227827,0.051850990,0.052023069,-0.000319283,0.316394097,0.316394258,-0.000638567,0.632788193,0.632788515,-0.136361186,0.372513927,0.362593696,0.287752328,-0.165587619,0.126401163
78.951000000,1779830080_5715,ann,False,True,True,True,1183,31c1594f7caae09c6975238b7b255ad5c765bc56640ec43b539fdb93165d94da,absolute,standard,1.439222203,0.063965674,1.439222203,0.063965674,2.889409221,1.305554899,0.170440524,0.174732688,first_gps,0.003839221,-0.137136925,1.000000000,0.000000000,30.542359849,0.001036260,0.643395344,0.643396179,-0.000314115,0.317380686,0.317380841,-0.000628229,0.634761372,0.634761683,-0.100105103,0.373652946,0.379026436,0.285396768,-0.123291532,0.130561538
79.001000000,1779830080_5715,ann,False,True,True,True,1183,31c1594f7caae09c6975238b7b255ad5c765bc56640ec43b539fdb93165d94da,absolute,standard,1.365020207,0.096705416,1.365020207,0.096705416,2.850145930,1.365619238,0.332657998,0.196588950,first_gps,0.003839221,-0.137136925,1.000000000,0.000000000,30.532699768,-0.005255348,0.163989861,0.164074048,-0.000307470,0.317290239,0.317290388,-0.000614940,0.634580477,0.634580775,-0.102637849,0.373573377,0.378227775,0.281470438,-0.126368387,0.136567972
79.121000000,1779830080_5715,ann,False,True,True,True,1183,31c1594f7caae09c6975238b7b255ad5c765bc56640ec43b539fdb93165d94da,absolute,standard,1.344527415,0.183867405,1.344527415,0.183867405,2.770734585,1.485128301,0.267779642,0.058979215,first_gps,0.003839221,-0.137136925,1.000000000,0.000000000,30.551794116,-0.004547495,-1.000000000,1.000000000,-0.000297588,0.317481976,0.317482116,-0.000595175,0.634963953,0.634964232,-0.114169431,0.373211102,0.373427087,0.273529304,-0.139993918,0.148518878
79.151000000,1779830080_5715,ann,False,True,True,True,1183,31c1594f7caae09c6975238b7b255ad5c765bc56640ec43b539fdb93165d94da,absolute,standard,1.367728480,0.162680427,1.367728480,0.162680427,2.755983893,1.503941014,0.534886670,-0.016363619,first_gps,0.003839221,-0.137136925,1.000000000,0.000000000,30.648616465,-0.003433335,0.119292116,0.119341513,-0.000334132,0.318439033,0.318439209,-0.000668265,0.636878067,0.636878417,-0.082022819,0.374221017,0.385279763,0.272054235,-0.101537143,0.150400149
79.203000000,1779830080_5715,ann,False,True,True,True,1183,31c1594f7caae09c6975238b7b255ad5c765bc56640ec43b539fdb93165d94da,absolute,standard,1.548968852,0.184908790,1.548968852,0.184908790,2.707115183,1.556406187,0.420404111,-0.085359296,first_gps,0.003839221,-0.137136925,1.000000000,0.000000000,30.772400121,0.004527757,1.000000000,1.000000000,-0.000344684,0.319675608,0.319675793,-0.000689368,0.639351215,0.639351587,-0.037975733,0.375604797,0.395561166,0.267167364,-0.047417327,0.155646667
79.252000000,1779830080_5715,ann,False,True,True,True,1183,31c1594f7caae09c6975238b7b255ad5c765bc56640ec43b539fdb93165d94da,absolute,standard,1.380216659,0.225974796,1.380216659,0.225974796,2.656016639,1.606772803,0.302381277,-0.048906751,first_gps,0.003839221,-0.137136925,1.000000000,0.000000000,30.718831880,0.008302167,0.000946638,0.008355962,-0.000333191,0.319142572,0.319142746,-0.000666383,0.638285143,0.638285491,-0.056913178,0.375009860,0.392128378,0.262057509,-0.070868585,0.160683328
79.306000000,1779830080_5715,ann,False,True,True,True,1183,31c1594f7caae09c6975238b7b255ad5c765bc56640ec43b539fdb93165d94da,absolute,standard,1.387749305,0.245351494,1.387749305,0.245351494,2.604871861,1.657108441,0.710033491,0.067379908,first_gps,0.003839221,-0.137136925,1.000000000,0.000000000,30.750832714,0.001150711,0.035866088,0.035884543,-0.000345667,0.319469981,0.319470168,-0.000691333,0.638939961,0.638940335,-0.043326630,0.375436694,0.395040058,0.256943032,-0.054105281,0.165716892
79.360000000,1779830080_5715,ann,False,True,True,True,1183,31c1594f7caae09c6975238b7b255ad5c765bc56640ec43b539fdb93165d94da,absolute,standard,1.430975450,0.266036346,1.430975450,0.266036346,2.553744545,1.707444849,0.702515085,0.092051597,first_gps,0.003839221,-0.137136925,1.000000000,0.000000000,30.784013440,-0.005046911,0.399602194,0.399634064,-0.000343215,0.319799234,0.319799418,-0.000686430,0.639598468,0.639598836,-0.031002434,0.375823870,0.396753483,0.251830300,-0.038765263,0.170750533
79.415000000,1779830080_5715,ann,False,True,True,True,1183,31c1594f7caae09c6975238b7b255ad5c765bc56640ec43b539fdb93165d94da,absolute,standard,1.417042488,0.299469293,1.417042488,0.299469293,2.536703289,1.724222991,0.758304987,-0.074576555,first_gps,0.003839221,-0.137136925,1.000000000,0.000000000,30.762261175,-0.005399105,-1.000000000,1.000000000,-0.000328276,0.319579768,0.319579937,-0.000656551,0.639159536,0.639159873,-0.038530412,0.375587372,0.395661010,0.250126174,-0.048128819,0.172428347
79.450000000,1779830080_5715,ann,False,True,True,True,1183,31c1594f7caae09c6975238b7b255ad5c765bc56640ec43b539fdb93165d94da,absolute,standard,1.388306969,0.286724982,1.388306969,0.286724982,2.502626137,1.757771791,0.720591881,-0.027464091,first_gps,0.003839221,-0.137136925,1.000000000,0.000000000,30.811742881,-0.011948850,0.080014040,0.080901308,-0.000401164,0.320067854,0.320068105,-0.000802327,0.640135707,0.640136210,-0.021089463,0.376135295,0.397481870,0.246718459,-0.026373565,0.175783227
79.502000000,1779830080_5715,ann,False,True,True,True,1183,31c1594f7caae09c6975238b7b255ad5c765bc56640ec43b539fdb93165d94da,absolute,standard,1.370210997,0.314290016,1.370210997,0.314290016,2.451514899,1.808137689,0.684308044,-0.089755169,first_gps,0.003839221,-0.137136925,1.000000000,0.000000000,30.782630846,-0.012258829,0.335809886,0.336033567,-0.000400407,0.319781202,0.319781453,-0.000800815,0.639562405,0.639562906,-0.030836706,0.375829077,0.396636294,0.241607335,-0.038545343,0.180819817
79.550000000,1779830080_5715,ann,False,True,True,True,1183,31c1594f7caae09c6975238b7b255ad5c765bc56640ec43b539fdb93165d94da,absolute,standard,1.336513912,0.349744865,1.336513912,0.349744865,2.417454933,1.841722998,0.793364254,0.068325148,first_gps,0.003839221,-0.137136925,1.000000000,0.000000000,30.769669275,0.003752122,0.153605007,0.153650827,-0.000385484,0.319650037,0.319650269,-0.000770968,0.639300074,0.639300539,-0.035482443,0.375683126,0.395979558,0.238201339,-0.044324129,0.184178348
79.600000000,1779830080_5715,ann,False,True,True,True,1183,31c1594f7caae09c6975238b7b255ad5c765bc56640ec43b539fdb93165d94da,absolute,standard,1.295258294,0.350921940,1.295258294,0.350921940,2.383386540,1.875278586,0.699499336,-0.217141019,first_gps,0.003839221,-0.137136925,1.000000000,0.000000000,30.759483966,-0.014047293,0.146267159,0.146940152,-0.000427748,0.319552666,0.319552952,-0.000855496,0.639105331,0.639105904,-0.039311106,0.375562845,0.395567828,0.234794499,-0.049102314,0.187533907
79.650000000,1779830080_5715,ann,False,True,True,True,1183,31c1594f7caae09c6975238b7b255ad5c765bc56640ec43b539fdb93165d94da,absolute,standard,1.314579573,0.391134901,1.314579573,0.391134901,2.332259738,1.925633251,0.823815005,0.248974497,first_gps,0.003839221,-0.137136925,1.000000000,0.000000000,30.784556632,-0.001066326,0.275007408,0.275009475,-0.000441596,0.319805780,0.319806085,-0.000883192,0.639611560,0.639612170,-0.031083501,0.375821323,0.396784567,0.229681819,-0.038870319,0.192569373
79.701000000,1779830080_5715,ann,False,True,True,True,1183,31c1594f7caae09c6975238b7b255ad5c765bc56640ec43b539fdb93165d94da,absolute,standard,1.207187910,0.433352295,1.207187910,0.433352295,2.281149193,1.975991106,0.912047953,-0.119468265,first_gps,0.003839221,-0.137136925,1.000000000,0.000000000,30.688189048,-0.004851733,-0.538668500,0.538690349,-0.000444765,0.318843163,0.318843473,-0.000889529,0.637686325,0.637686946,-0.065262467,0.374747559,0.390368342,0.224570765,-0.081177143,0.197605159
79.752000000,1779830080_5715,ann,False,True,True,True,1183,31c1594f7caae09c6975238b7b255ad5c765bc56640ec43b539fdb93165d94da,absolute,standard,1.205228220,0.450974917,1.205228220,0.450974917,2.247105454,2.009573036,0.936174083,0.059814660,first_gps,0.003839221,-0.137136925,1.000000000,0.000000000,30.714867026,-0.002076009,-0.339793635,0.339799977,-0.000440346,0.319104351,0.319104655,-0.000880692,0.638208702,0.638209310,-0.055706493,0.375047769,0.392445350,0.221166391,-0.069390597,0.200963352
79.801000000,1779830080_5715,ann,False,True,True,True,1183,31c1594f7caae09c6975238b7b255ad5c765bc56640ec43b539fdb93165d94da,absolute,standard,1.207375514,0.476673530,1.207375514,0.476673530,2.196004880,2.059952385,1.132851021,0.010079884,first_gps,0.003839221,-0.137136925,1.000000000,0.000000000,30.758837722,0.001322620,0.041318002,0.041339165,-0.000435367,0.319544994,0.319545291,-0.000870735,0.639089989,0.639090582,-0.039866267,0.375545405,0.395441950,0.216056333,-0.049787154,0.206001287
79.851000000,1779830080_5715,ann,False,True,True,True,1183,31c1594f7caae09c6975238b7b255ad5c765bc56640ec43b539fdb93165d94da,absolute,standard,1.241194288,0.485430335,1.241194288,0.485430335,2.161939967,2.093537333,1.018569979,-0.061511800,first_gps,0.003839221,-0.137136925,1.000000000,0.000000000,30.796858493,-0.011214051,0.259552491,0.259794631,-0.000439972,0.319930857,0.319931160,-0.000879943,0.639861714,0.639862319,-0.025958858,0.375982319,0.397427221,0.212649842,-0.032483092,0.209359781
79.900000000,1779830080_5715,ann,False,True,True,True,1183,31c1594f7caae09c6975238b7b255ad5c765bc56640ec43b539fdb93165d94da,absolute,standard,1.250107525,0.518584667,1.250107525,0.518584667,2.125824000,2.124869309,1.235733024,-0.087796836,first_gps,0.003839221,-0.137136925,1.000000000,0.000000000,30.813852439,0.002968105,0.250413947,0.250431536,-0.000439359,0.320100990,0.320101291,-0.000878719,0.640201979,0.640202582,-0.019002813,0.376200849,0.398048521,0.209038245,-0.023791408,0.212492979
79.952000000,1779830080_5715,ann,False,True,True,True,1183,31c1594f7caae09c6975238b7b255ad5c765bc56640ec43b539fdb93165d94da,absolute,standard,1.128821361,0.559873601,1.128821361,0.559873601,2.070654363,2.170745417,1.179412109,0.020535750,first_gps,0.003839221,-0.137136925,1.000000000,0.000000000,30.710267978,0.001091333,-0.397473474,0.397474973,-0.000417739,0.319064312,0.319064585,-0.000835478,0.638128624,0.638129171,-0.056423453,0.375025245,0.392482338,0.203521282,-0.070309165,0.217080590
80.000000000,1779830080_5715,ann,False,True,True,True,1183,31c1594f7caae09c6975238b7b255ad5c765bc56640ec43b539fdb93165d94da,absolute,standard,1.130796342,0.572309346,1.130796342,0.572309346,2.033872789,2.201327819,1.142579805,0.054316457,first_gps,0.003839221,-0.137136925,1.000000000,0.000000000,30.754814994,0.004008068,0.031347284,0.031602482,-0.000419894,0.319507748,0.319508024,-0.000839787,0.639015497,0.639016049,-0.040668647,0.375520197,0.395413076,0.199843124,-0.050796381,0.220138830
80.050000000,1779830080_5715,ann,False,True,True,True,1183,31c1594f7caae09c6975238b7b255ad5c765bc56640ec43b539fdb93165d94da,absolute,standard,1.098458067,0.611175051,1.098458067,0.611175051,1.978709637,2.247197330,1.268720512,0.036175543,first_gps,0.003839221,-0.137136925,1.000000000,0.000000000,30.715824946,-0.001989413,-0.587560966,0.587564334,-0.000426713,0.319113110,0.319113395,-0.000853426,0.638226219,0.638226790,-0.054436982,0.375087652,0.392691413,0.194326809,-0.067820104,0.224725781
80.103000000,1779830080_5715,ann,False,True,True,True,1183,31c1594f7caae09c6975238b7b255ad5c765bc56640ec43b539fdb93165d94da,absolute,standard,1.244567623,0.635342471,1.244567623,0.635342471,1.923564128,2.293093227,1.421887129,-0.071471666,first_gps,0.003839221,-0.137136925,1.000000000,0.000000000,30.884163731,0.001518793,0.475485175,0.475487601,-0.000402190,0.320800652,0.320800904,-0.000804381,0.641601303,0.641601807,0.006944788,0.377016017,0.398547336,0.188812258,0.008696764,0.229315371
80.150000000,1779830080_5715,ann,False,True,True,True,1183,31c1594f7caae09c6975238b7b255ad5c765bc56640ec43b539fdb93165d94da,absolute,standard,1.111687534,0.642751408,1.111687534,0.642751408,1.886804538,2.323700756,1.385671075,-0.348202366,first_gps,0.003839221,-0.137136925,1.000000000,0.000000000,30.822729736,-0.006997116,0.014168389,0.015801990,-0.000398916,0.320182947,0.320183195,-0.000797833,0.640365893,0.640366390,-0.016336337,0.376284619,0.398005185,0.185136299,-0.020444421,0.232376124
80.207000000,1779830080_5715,ann,False,True,True,True,1183,31c1594f7caae09c6975238b7b255ad5c765bc56640ec43b539fdb93165d94da,absolute,standard,1.061502622,0.699640969,1.061502622,0.699640969,1.831685609,2.369607489,1.373430962,-0.044483252,first_gps,0.003839221,-0.137136925,1.000000000,0.000000000,30.767682919,0.009364315,-0.227379666,0.227572412,-0.000369367,0.319627951,0.319628164,-0.000738733,0.639255902,0.639256329,-0.036100447,0.375663711,0.395818523,0.179624406,-0.045084392,0.236966797
80.250000000,1779830080_5715,ann,False,True,True,True,1183,31c1594f7caae09c6975238b7b255ad5c765bc56640ec43b539fdb93165d94da,absolute,standard,1.032298213,0.715331582,1.032298213,0.715331582,1.794917186,2.400229342,1.329307394,-0.268154855,first_gps,0.003839221,-0.137136925,1.000000000,0.000000000,30.756741338,0.002709522,0.128221511,0.128250136,-0.000345030,0.319527016,0.319527202,-0.000690060,0.639054032,0.639054404,-0.040210397,0.375534593,0.395482965,0.175947564,-0.050226718,0.240028982
80.300000000,1779830080_5715,ann,False,True,True,True,1183,31c1594f7caae09c6975238b7b255ad5c765bc56640ec43b539fdb93165d94da,absolute,standard,1.049646473,0.730991268,1.049646473,0.730991268,1.758155640,2.430826602,1.491855805,0.201571502,first_gps,0.003839221,-0.137136925,1.000000000,0.000000000,30.816329000,0.003034172,0.002135061,0.003710078,-0.000347075,0.320121224,0.320121412,-0.000694151,0.640242448,0.640242824,-0.019653337,0.376180412,0.397844542,0.172271409,-0.024595289,0.243088708
80.350000000,1779830080_5715,ann,False,True,True,True,1183,31c1594f7caae09c6975238b7b255ad5c765bc56640ec43b539fdb93165d94da,absolute,standard,1.041252202,0.757235143,1.041252202,0.757235143,1.702996677,2.476711012,1.606871393,0.131841754,first_gps,0.003839221,-0.137136925,1.000000000,0.000000000,30.833541046,-0.004815424,0.064372798,0.064552657,-0.000339476,0.320290558,0.320290738,-0.000678952,0.640581117,0.640581477,-0.013155710,0.376384541,0.398170616,0.166755513,-0.016465721,0.247677149
80.402000000,1779830080_5715,ann,False,True,True,True,1183,31c1594f7caae09c6975238b7b255ad5c765bc56640ec43b539fdb93165d94da,absolute,standard,1.073623371,0.797436859,1.073623371,0.797436859,1.647844667,2.522607161,1.634179390,-0.115564591,first_gps,0.003839221,-0.137136925,1.000000000,0.000000000,30.866548510,-0.001826888,0.283014981,0.283020877,-0.000334339,0.320622645,0.320622819,-0.000668678,0.641245290,0.641245639,-0.000012507,0.376797447,0.398577812,0.161240312,-0.000015660,0.252266764
80.451000000,1779830080_5715,ann,False,True,True,True,1183,31c1594f7caae09c6975238b7b255ad5c765bc56640ec43b539fdb93165d94da,absolute,standard,0.970523345,0.820879455,0.970523345,0.820879455,1.611086092,2.553199483,1.554193381,0.083903354,first_gps,0.003839221,-0.137136925,1.000000000,0.000000000,30.794856883,-0.000095544,-0.120587870,0.120587908,-0.000331588,0.319902624,0.319902796,-0.000663177,0.639805248,0.639805592,-0.025294156,0.376003201,0.397216809,0.157564455,-0.031631016,0.255325996
80.500000000,1779830080_5715,ann,False,True,True,True,1183,31c1594f7caae09c6975238b7b255ad5c765bc56640ec43b539fdb93165d94da,absolute,standard,0.970993349,0.863470451,0.970993349,0.863470451,1.555918846,2.599075623,1.811032749,0.092134420,first_gps,0.003839221,-0.137136925,1.000000000,0.000000000,30.805795603,0.004912708,0.201180916,0.201240890,-0.000316916,0.320006512,0.320006669,-0.000633831,0.640013024,0.640013338,-0.021950590,0.376108242,0.397343787,0.152047730,-0.027444270,0.259913610
80.550000000,1779830080_5715,ann,False,True,True,True,1183,31c1594f7caae09c6975238b7b255ad5c765bc56640ec43b539fdb93165d94da,absolute,standard,0.919338653,0.876963859,0.919338653,0.876963859,1.519142286,2.629656983,1.627916054,-0.040487850,first_gps,0.003839221,-0.137136925,1.000000000,0.000000000,30.775522257,-0.006253035,-0.340192936,0.340250399,-0.000325913,0.319709873,0.319710039,-0.000651826,0.639419746,0.639420079,-0.032136546,0.375788241,0.396464712,0.148370074,-0.040163606,0.262971746
80.600000000,1779830080_5715,ann,False,True,True,True,1183,31c1594f7caae09c6975238b7b255ad5c765bc56640ec43b539fdb93165d94da,absolute,standard,0.947694078,0.906203851,0.947694078,0.906203851,1.482357038,2.660248731,1.693272060,-0.026767046,first_gps,0.003839221,-0.137136925,1.000000000,0.000000000,30.811592485,0.001390173,0.281077531,0.281080969,-0.000329908,0.320078960,0.320079130,-0.000659817,0.640157919,0.640158260,-0.019031039,0.376199963,0.398060986,0.144691549,-0.023827578,0.266030921
80.650000000,1779830080_5715,ann,False,True,True,True,1183,31c1594f7caae09c6975238b7b255ad5c765bc56640ec43b539fdb93165d94da,absolute,standard,0.832885629,0.946304451,0.832885629,0.946304451,1.427184013,2.706102939,1.710593105,0.025064014,first_gps,0.003839221,-0.137136925,1.000000000,0.000000000,30.738720616,0.005192533,-0.110985069,0.111106472,-0.000338003,0.319340580,0.319340759,-0.000676006,0.638681160,0.638681518,-0.046019963,0.375352080,0.394294752,0.139174247,-0.057406079,0.270616342
80.700000000,1779830080_5715,ann,False,True,True,True,1183,31c1594f7caae09c6975238b7b255ad5c765bc56640ec43b539fdb93165d94da,absolute,standard,0.816369644,0.969998297,0.816369644,0.969998297,1.390402439,2.736685986,1.796470385,0.104510684,first_gps,0.003839221,-0.137136925,1.000000000,0.000000000,30.727730270,0.001372533,-0.308868261,0.308871310,-0.000336328,0.319237621,0.319237798,-0.000672656,0.638475242,0.638475596,-0.049718124,0.375235899,0.393829808,0.135496089,-0.062019063,0.273674647
80.750000000,1779830080_5715,ann,False,True,True,True,1183,31c1594f7caae09c6975238b7b255ad5c765bc56640ec43b539fdb93165d94da,absolute,standard,0.813148484,0.999837356,0.813148484,0.999837356,1.335234664,2.782555399,1.793208116,-0.016905835,first_gps,0.003839221,-0.137136925,1.000000000,0.000000000,30.752978969,-0.000784122,-0.348816581,0.348817463,-0.000344789,0.319489126,0.319489312,-0.000689579,0.638978252,0.638978624,-0.039841891,0.375546170,0.395532031,0.129979312,-0.049767726,0.278261588
80.804000000,1779830080_5715,ann,False,True,True,True,1183,31c1594f7caae09c6975238b7b255ad5c765bc56640ec43b539fdb93165d94da,absolute,standard,0.896934572,1.029155312,0.896934572,1.029155312,1.280087290,2.828478089,2.067353138,0.141138672,first_gps,0.003839221,-0.137136925,1.000000000,0.000000000,30.853488683,-0.006635191,0.469903545,0.469950388,-0.000369841,0.320501521,0.320501735,-0.000739682,0.641003043,0.641003470,-0.004107271,0.376668807,0.398861724,0.124464574,-0.005146948,0.282853857
80.850000000,1779830080_5715,ann,False,True,True,True,1183,31c1594f7caae09c6975238b7b255ad5c765bc56640ec43b539fdb93165d94da,absolute,standard,0.811146566,1.064044834,0.811146566,1.064044834,1.243344175,2.859102850,2.031957282,0.104912418,first_gps,0.003839221,-0.137136925,1.000000000,0.000000000,30.794524064,0.004994030,0.265543217,0.265590174,-0.000360635,0.319905738,0.319905941,-0.000721271,0.639811476,0.639811883,-0.025750664,0.375988859,0.397386126,0.120790263,-0.032218095,0.285916333
80.900000000,1779830080_5715,ann,False,True,True,True,1183,31c1594f7caae09c6975238b7b255ad5c765bc56640ec43b539fdb93165d94da,absolute,standard,0.761451459,1.077971767,0.761451459,1.077971767,1.206613560,2.889724443,2.086548803,-0.158859295,first_gps,0.003839221,-0.137136925,1.000000000,0.000000000,30.783442574,-0.001666127,0.100654979,0.100668767,-0.000360399,0.319783923,0.319784126,-0.000720798,0.639567846,0.639568252,-0.029755156,0.375863054,0.396584293,0.117117201,-0.037180496,0.288978492
80.951000000,1779830080_5715,ann,False,True,True,True,1183,31c1594f7caae09c6975238b7b255ad5c765bc56640ec43b539fdb93165d94da,absolute,standard,0.738484088,1.107016755,0.738484088,1.107016755,1.151482027,2.935642217,2.125571013,-0.103311072,first_gps,0.003839221,-0.137136925,1.000000000,0.000000000,30.801397710,-0.003539844,0.031751046,0.031947761,-0.000373268,0.319973292,0.319973510,-0.000746537,0.639946584,0.639947019,-0.023716186,0.376052774,0.397545092,0.111604048,-0.029674662,0.293570270
81.000000000,1779830080_5715,ann,False,True,True,True,1183,31c1594f7caae09c6975238b7b255ad5c765bc56640ec43b539fdb93165d94da,absolute,standard,0.815137468,1.142550641,0.815137468,1.142550641,1.114737187,2.966259886,2.123404491,-0.022308788,first_gps,0.003839221,-0.137136925,1.000000000,0.000000000,30.868920978,-0.000279537,0.372143795,0.372143900,-0.000374978,0.320643841,0.320644060,-0.000749957,0.641287681,0.641288120,-0.000461859,0.376783331,0.398494581,0.107929564,-0.000578206,0.296632037
81.050000000,1779830080_5715,ann,False,True,True,True,1183,31c1594f7caae09c6975238b7b255ad5c765bc56640ec43b539fdb93165d94da,absolute,standard,0.637064089,1.180724454,0.637064089,1.180724454,1.059608043,3.012203431,2.135929430,-0.158346238,first_gps,0.003839221,-0.137136925,1.000000000,0.000000000,30.726158956,-0.000602610,-0.162988831,0.162989945,-0.000385866,0.319228402,0.319228635,-0.000771732,0.638456804,0.638457270,-0.051203262,0.375189242,0.393751674,0.102416650,-0.063890843,0.301226391
81.100000000,1779830080_5715,ann,False,True,True,True,1183,31c1594f7caae09c6975238b7b255ad5c765bc56640ec43b539fdb93165d94da,absolute,standard,0.625016073,1.216816422,0.625016073,1.216816422,1.022859866,3.042800676,2.198646925,-0.047193791,first_gps,0.003839221,-0.137136925,1.000000000,0.000000000,30.703677975,0.001918602,-0.505511305,0.505514946,-0.000372709,0.318995921,0.318996139,-0.000745418,0.637991842,0.637992277,-0.059191743,0.374938277,0.391772607,0.098741832,-0.073704124,0.304286116
81.150000000,1779830080_5715,ann,False,True,True,True,1183,31c1594f7caae09c6975238b7b255ad5c765bc56640ec43b539fdb93165d94da,absolute,standard,0.603919263,1.251762700,0.603919263,1.251762700,0.967718521,3.088711236,2.409928362,-0.009890673,first_gps,0.003839221,-0.137136925,1.000000000,0.000000000,30.707838577,-0.000023171,-0.528722719,0.528722719,-0.000369949,0.319036133,0.319036348,-0.000739897,0.638072267,0.638072696,-0.057025467,0.375006332,0.392219316,0.093227698,-0.071027911,0.308877172
81.201000000,1779830080_5715,ann,False,True,True,True,1183,31c1594f7caae09c6975238b7b255ad5c765bc56640ec43b539fdb93165d94da,absolute,standard,0.598693122,1.272487647,0.598693122,1.272487647,0.912564519,3.134589235,2.110371611,0.024734176,first_gps,0.003839221,-0.137136925,1.000000000,0.000000000,30.770232796,-0.002783583,-0.065768270,0.065827150,-0.000369041,0.319662047,0.319662260,-0.000738081,0.639324093,0.639324519,-0.033897979,0.375732904,0.396405917,0.087712297,-0.042375022,0.313464972
81.253000000,1779830080_5715,ann,False,True,True,True,1183,31c1594f7caae09c6975238b7b255ad5c765bc56640ec43b539fdb93165d94da,absolute,standard,0.663096492,1.314031143,0.663096492,1.314031143,0.875782948,3.165182819,2.124918734,0.147635470,first_gps,0.003839221,-0.137136925,1.000000000,0.000000000,30.816016574,0.002121741,0.392746833,0.392752564,-0.000362236,0.320123279,0.320123484,-0.000724473,0.640246558,0.640246968,-0.016588482,0.376276698,0.398235878,0.084034140,-0.020772574,0.316524330
81.300000000,1779830080_5715,ann,False,True,True,True,1183,31c1594f7caae09c6975238b7b255ad5c765bc56640ec43b539fdb93165d94da,absolute,standard,0.544761648,1.333837915,0.544761648,1.333837915,0.839020451,3.195768417,2.202996614,-0.067286788,first_gps,0.003839221,-0.137136925,1.000000000,0.000000000,30.730933811,-0.000435195,-0.235169251,0.235169653,-0.000352515,0.319267460,0.319267655,-0.000705030,0.638534920,0.638535310,-0.047711271,0.375298946,0.394141178,0.080357891,-0.059524017,0.319582890
81.350000000,1779830080_5715,ann,False,True,True,True,1183,31c1594f7caae09c6975238b7b255ad5c765bc56640ec43b539fdb93165d94da,absolute,standard,0.039470682,1.248916743,0.039470682,1.248916743,0.839015912,3.195772193,2.476124763,0.147352840,first_gps,0.003839221,-0.137136925,1.000000000,0.000000000,31.942424078,-0.004285297,0.002048542,0.004749768,-0.009239020,0.319290805,0.319424448,-0.018478039,0.638581611,0.638848896,-0.065600966,0.374736925,0.000006755,0.080357437,-0.000001412,0.319583267
81.400000000,1779830080_5715,ann,False,True,True,True,1183,31c1594f7caae09c6975238b7b255ad5c765bc56640ec43b539fdb93165d94da,absolute,standard,0.043261207,1.253355439,0.043261207,1.253355439,0.839018102,3.195770373,2.454920356,0.018109951,first_gps,0.003839221,-0.137136925,1.000000000,0.000000000,31.941199100,0.001249952,-0.000085363,0.001252863,-0.009263497,0.319281387,0.319415742,-0.018526995,0.638562774,0.638831485,-0.047876438,0.375293758,-0.000123631,0.080357656,0.000018737,0.319583085
81.450000000,1779830080_5715,ann,False,True,True,True,1183,31c1594f7caae09c6975238b7b255ad5c765bc56640ec43b539fdb93165d94da,absolute,standard,0.041611145,1.251136365,0.041611145,1.251136365,0.839014570,3.195773309,2.414733515,-0.111898817,first_gps,0.003839221,-0.137136925,1.000000000,0.000000000,31.944787418,0.000155493,0.004562796,0.004565445,-0.009271436,0.319316064,0.319450635,-0.018542873,0.638632128,0.638901270,-0.052634342,0.375144284,0.000090772,0.080357302,-0.000015148,0.319583379
