stamp,source,gps_available,forced_dropout,model_loaded,model_ready,model_samples,ann_x,ann_y,output_x,output_y,odom_x,odom_y,gps_x,gps_y,origin_source,origin_x,origin_y
1.864000000,gps,True,False,True,True,200,-0.005026717,0.027927460,-0.050688508,-0.029408602,0.000029087,0.000000172,-0.050688508,-0.029408602,first_gps,-0.050688508,-0.029408602
1.902000000,gps,True,False,True,True,200,-0.004818570,0.021672389,0.117620059,-0.089000465,-0.000001506,-0.000000016,0.117620059,-0.089000465,first_gps,-0.050688508,-0.029408602
1.950000000,gps,True,False,True,True,200,-0.003755165,0.026410999,-0.012864492,-0.010099169,0.000000437,-0.000000016,-0.012864492,-0.010099169,first_gps,-0.050688508,-0.029408602
2.000000000,gps,True,False,True,True,200,-0.010533065,0.034588731,-0.037396059,-0.000291180,0.000026887,-0.000000048,-0.037396059,-0.000291180,first_gps,-0.050688508,-0.029408602
2.050000000,gps,True,False,True,True,200,-0.005972274,0.029767878,0.208690725,0.022616727,-0.000006566,-0.000000065,0.208690725,0.022616727,first_gps,-0.050688508,-0.029408602
2.101000000,gps,True,False,True,True,200,-0.006212233,0.025978147,0.168751861,0.018694657,0.000007989,-0.000000049,0.168751861,0.018694657,first_gps,-0.050688508,-0.029408602
2.151000000,gps,True,False,True,True,200,-0.008009524,0.025567900,-0.140874697,0.236380939,-0.000009715,-0.000000047,-0.140874697,0.236380939,first_gps,-0.050688508,-0.029408602
2.214000000,gps,True,False,True,True,200,-0.008351648,0.028299516,0.127700995,0.002243205,0.000017852,-0.000000080,0.127700995,0.002243205,first_gps,-0.050688508,-0.029408602
2.267000000,gps,True,False,True,True,200,-0.006886247,0.029062801,0.020875452,0.116817362,0.000013351,-0.000000031,0.020875452,0.116817362,first_gps,-0.050688508,-0.029408602
2.300000000,gps,True,False,True,True,200,-0.008662190,0.028440766,0.033278779,-0.016374954,-0.000016863,-0.000000110,0.033278779,-0.016374954,first_gps,-0.050688508,-0.029408602
2.350000000,gps,True,False,True,True,200,-0.006364590,0.041536007,-0.065482428,0.043835305,-0.000020061,-0.000000075,-0.065482428,0.043835305,first_gps,-0.050688508,-0.029408602
2.400000000,gps,True,False,True,True,200,-0.008519809,0.037475773,-0.163073758,0.025000536,-0.000019076,-0.000000058,-0.163073758,0.025000536,first_gps,-0.050688508,-0.029408602
2.450000000,gps,True,False,True,True,200,-0.000209182,0.031789256,0.044589902,-0.067863846,-0.000018462,-0.000000106,0.044589902,-0.067863846,first_gps,-0.050688508,-0.029408602
2.503000000,gps,True,False,True,True,200,0.000983187,0.019075345,-0.020316944,0.067686878,0.000014600,-0.000000290,-0.020316944,0.067686878,first_gps,-0.050688508,-0.029408602
2.556000000,gps,True,False,True,True,200,0.000574862,0.015550332,0.055161604,-0.072861916,0.000003622,-0.000000184,0.055161604,-0.072861916,first_gps,-0.050688508,-0.029408602
2.600000000,gps,True,False,True,True,200,-0.006671304,0.036467586,-0.133419970,-0.044980859,-0.000003317,-0.000000103,-0.133419970,-0.044980859,first_gps,-0.050688508,-0.029408602
2.650000000,gps,True,False,True,True,200,-0.002262680,0.036632208,-0.001293048,-0.169972738,0.000004631,-0.000000149,-0.001293048,-0.169972738,first_gps,-0.050688508,-0.029408602
2.700000000,gps,True,False,True,True,200,0.002030157,0.020685210,0.189293405,0.032049927,-0.000019466,0.000000053,0.189293405,0.032049927,first_gps,-0.050688508,-0.029408602
2.750000000,gps,True,False,True,True,200,-0.005864107,0.032852486,-0.081896184,0.156648692,-0.000024065,0.000000069,-0.081896184,0.156648692,first_gps,-0.050688508,-0.029408602
2.800000000,gps,True,False,True,True,200,-0.000321926,0.036132863,0.053526553,-0.042584972,-0.000055893,0.000000318,0.053526553,-0.042584972,first_gps,-0.050688508,-0.029408602
2.850000000,gps,True,False,True,True,200,0.001752508,0.035477995,-0.020510288,0.059237828,0.000009022,-0.000000134,-0.020510288,0.059237828,first_gps,-0.050688508,-0.029408602
2.900000000,gps,True,False,True,True,200,0.004973663,0.020755998,0.088544301,-0.046917149,0.000002029,-0.000000114,0.088544301,-0.046917149,first_gps,-0.050688508,-0.029408602
2.950000000,gps,True,False,True,True,200,0.002909091,0.018330522,0.005405446,-0.162222319,-0.000001650,-0.000000098,0.005405446,-0.162222319,first_gps,-0.050688508,-0.029408602
3.001000000,gps,True,False,True,True,200,-0.000164148,0.024528417,0.295041672,-0.079565703,-0.000007710,0.000000001,0.295041672,-0.079565703,first_gps,-0.050688508,-0.029408602
3.051000000,gps,True,False,True,True,200,-0.003268968,0.028930822,0.092344633,0.143453750,0.000005346,-0.000000233,0.092344633,0.143453750,first_gps,-0.050688508,-0.029408602
3.100000000,gps,True,False,True,True,200,-0.002951491,0.027638717,0.000350742,0.064913710,-0.000027074,0.000000350,0.000350742,0.064913710,first_gps,-0.050688508,-0.029408602
3.150000000,gps,True,False,True,True,200,0.002582481,0.012631481,0.033072703,0.150352360,-0.000012403,0.000000101,0.033072703,0.150352360,first_gps,-0.050688508,-0.029408602
3.200000000,gps,True,False,True,True,200,-0.000159728,0.015678049,0.033333701,-0.061510234,0.000018027,-0.000000420,0.033333701,-0.061510234,first_gps,-0.050688508,-0.029408602
3.250000000,gps,True,False,True,True,200,-0.007262158,0.034402923,0.044946275,0.097000518,0.000031239,-0.000000789,0.044946275,0.097000518,first_gps,-0.050688508,-0.029408602
3.300000000,gps,True,False,True,True,200,0.003450865,-0.005033419,0.114755147,0.084329337,-0.000003803,-0.000000048,0.114755147,0.084329337,first_gps,-0.050688508,-0.029408602
3.350000000,gps,True,False,True,True,200,-0.003777293,0.027675412,0.160695301,-0.003984902,0.000005716,-0.000000245,0.160695301,-0.003984902,first_gps,-0.050688508,-0.029408602
3.400000000,gps,True,False,True,True,200,-0.004201833,0.021399024,-0.068702084,-0.081714432,-0.000000561,-0.000000103,-0.068702084,-0.081714432,first_gps,-0.050688508,-0.029408602
3.450000000,gps,True,False,True,True,200,0.122329514,-0.117101010,0.119754878,0.060366312,0.037449492,-0.000778183,0.119754878,0.060366312,first_gps,-0.050688508,-0.029408602
3.500000000,gps,True,False,True,True,200,0.174444687,-0.105025899,-0.025416875,0.025585352,0.093629662,-0.001938028,-0.025416875,0.025585352,first_gps,-0.050688508,-0.029408602
3.550000000,gps,True,False,True,True,200,0.223653811,-0.105044920,0.077096341,-0.023881015,0.131081409,-0.002716234,0.077096341,-0.023881015,first_gps,-0.050688508,-0.029408602
3.605000000,gps,True,False,True,True,200,0.192221608,0.094079024,0.018860936,-0.054820676,0.193054703,-0.004020825,0.018860936,-0.054820676,first_gps,-0.050688508,-0.029408602
3.650000000,gps,True,False,True,True,200,0.323047117,-0.170067084,0.190501514,-0.114317044,0.238388551,-0.005126328,0.190501514,-0.114317044,first_gps,-0.050688508,-0.029408602
3.703000000,gps,True,False,True,True,200,0.352906145,-0.130637575,0.132814728,-0.180814778,0.306337326,-0.006760421,0.132814728,-0.180814778,first_gps,-0.050688508,-0.029408602
3.750000000,gps,True,False,True,True,200,0.389375696,-0.146826971,0.274186814,-0.078001313,0.351696046,-0.007849261,0.274186814,-0.078001313,first_gps,-0.050688508,-0.029408602
3.800000000,gps,True,False,True,True,200,0.415460630,-0.128824934,0.286399119,0.204583790,0.397023970,-0.009026948,0.286399119,0.204583790,first_gps,-0.050688508,-0.029408602
3.850000000,gps,True,False,True,True,200,0.472316105,-0.123142890,0.497539425,0.022175233,0.464956226,-0.010750856,0.497539425,0.022175233,first_gps,-0.050688508,-0.029408602
3.903000000,gps,True,False,True,True,200,0.526679456,-0.091037035,0.404194067,0.021806280,0.532932230,-0.012628951,0.404194067,0.021806280,first_gps,-0.050688508,-0.029408602
3.953000000,gps,True,False,True,True,200,0.528141048,-0.139391054,0.528619161,-0.196953252,0.578222498,-0.013832603,0.528619161,-0.196953252,first_gps,-0.050688508,-0.029408602
4.000000000,gps,True,False,True,True,200,0.614222313,-0.071402207,0.500162993,0.142194640,0.646205395,-0.015568882,0.500162993,0.142194640,first_gps,-0.050688508,-0.029408602
4.050000000,gps,True,False,True,True,200,0.651212604,-0.094846606,0.432956722,-0.011453153,0.691535925,-0.016773094,0.432956722,-0.011453153,first_gps,-0.050688508,-0.029408602
4.100000000,gps,True,False,True,True,200,0.662459495,-0.146254660,0.659890021,0.051942122,0.736818368,-0.018008237,0.659890021,0.051942122,first_gps,-0.050688508,-0.029408602
4.151000000,gps,True,False,True,True,200,0.737060078,-0.071568882,0.830003473,0.057718572,0.804794911,-0.019868896,0.830003473,0.057718572,first_gps,-0.050688508,-0.029408602
4.200000000,gps,True,False,True,True,200,0.755107268,-0.070557622,0.596015169,-0.002481943,0.872768853,-0.021915110,0.596015169,-0.002481943,first_gps,-0.050688508,-0.029408602
4.250000000,gps,True,False,True,True,200,0.798671796,-0.046586195,0.778752239,-0.089285176,0.918041479,-0.023355565,0.778752239,-0.089285176,first_gps,-0.050688508,-0.029408602
4.300000000,gps,True,False,True,True,200,0.845109553,-0.062624854,0.907993211,-0.142429364,0.963376813,-0.024630040,0.907993211,-0.142429364,first_gps,-0.050688508,-0.029408602
4.350000000,gps,True,False,True,True,200,0.890236259,-0.065445353,0.836902889,-0.063282916,1.031351521,-0.026467939,0.836902889,-0.063282916,first_gps,-0.050688508,-0.029408602
4.402000000,gps,True,False,True,True,200,0.907347739,-0.088467025,0.864943419,-0.032140408,1.099327477,-0.028140556,0.864943419,-0.032140408,first_gps,-0.050688508,-0.029408602
4.451000000,gps,True,False,True,True,200,0.971819362,-0.040476988,1.106937503,-0.167455730,1.144627812,-0.029293012,1.106937503,-0.167455730,first_gps,-0.050688508,-0.029408602
4.517000000,gps,True,False,True,True,200,1.015393120,-0.088646759,1.082461942,-0.004375730,1.212594024,-0.030991586,1.082461942,-0.004375730,first_gps,-0.050688508,-0.029408602
4.550000000,gps,True,False,True,True,200,1.057805556,-0.027137690,1.100371585,-0.014373432,1.257913809,-0.031984547,1.100371585,-0.014373432,first_gps,-0.050688508,-0.029408602
4.638000000,gps,True,False,True,True,200,1.096254122,-0.102546784,1.187247386,-0.128971570,1.348534451,-0.033999110,1.187247386,-0.128971570,first_gps,-0.050688508,-0.029408602
4.650000000,gps,True,False,True,True,200,1.129091367,-0.099018714,1.214228131,0.068162439,1.393850801,-0.034830927,1.214228131,0.068162439,first_gps,-0.050688508,-0.029408602
4.700000000,gps,True,False,True,True,200,1.165949549,-0.008942646,1.338424046,-0.057687022,1.416537557,-0.035198062,1.338424046,-0.057687022,first_gps,-0.050688508,-0.029408602
4.750000000,gps,True,False,True,True,200,1.171387129,-0.104482352,1.280469731,-0.053484611,1.507168720,-0.036796390,1.280469731,-0.053484611,first_gps,-0.050688508,-0.029408602
4.842000000,gps,True,False,True,True,200,1.245680088,-0.010790685,1.467046024,-0.127654447,1.552515224,-0.037634024,1.467046024,-0.127654447,first_gps,-0.050688508,-0.029408602
4.861000000,gps,True,False,True,True,200,1.256432244,-0.028272936,1.444260304,0.004917996,1.597818304,-0.038327776,1.444260304,0.004917996,first_gps,-0.050688508,-0.029408602
4.901000000,gps,True,False,True,True,200,1.270630302,-0.063305512,1.277100481,0.013206750,1.665817262,-0.039283793,1.277100481,0.013206750,first_gps,-0.050688508,-0.029408602
4.985000000,gps,True,False,True,True,200,1.374369948,0.023345323,1.216522251,-0.017630609,1.733782005,-0.040411483,1.216522251,-0.017630609,first_gps,-0.050688508,-0.029408602
5.015000000,gps,True,False,True,True,200,1.377635071,-0.041946716,1.371316054,0.022839095,1.756461090,-0.040821638,1.371316054,0.022839095,first_gps,-0.050688508,-0.029408602
5.055000000,gps,True,False,True,True,200,1.420592818,-0.001767719,1.478307840,-0.111512251,1.801766242,-0.041634398,1.478307840,-0.111512251,first_gps,-0.050688508,-0.029408602
5.126000000,gps,True,False,True,True,200,1.454995203,-0.083910618,1.671990540,0.027807150,1.915054503,-0.043572601,1.671990540,0.027807150,first_gps,-0.050688508,-0.029408602
5.154000000,gps,True,False,True,True,200,1.517068968,-0.018822933,1.581079365,-0.005989545,1.937753595,-0.044029326,1.581079365,-0.005989545,first_gps,-0.050688508,-0.029408602
5.202000000,gps,True,False,True,True,200,1.525517293,-0.038479762,1.817971372,0.131704010,2.005743356,-0.045387347,1.817971372,0.131704010,first_gps,-0.050688508,-0.029408602
5.250000000,gps,True,False,True,True,200,1.594128613,-0.021903540,1.630001036,-0.052650372,2.051027750,-0.046329126,1.630001036,-0.052650372,first_gps,-0.050688508,-0.029408602
5.301000000,gps,True,False,True,True,200,1.623940687,-0.008173878,1.799584067,0.101934147,2.096353695,-0.047252922,1.799584067,0.101934147,first_gps,-0.050688508,-0.029408602
5.350000000,gps,True,False,True,True,200,1.691462510,0.009221881,2.019842494,0.159872246,2.164334240,-0.048936648,2.019842494,0.159872246,first_gps,-0.050688508,-0.029408602
5.400000000,gps,True,False,True,True,200,1.740367567,0.008118797,1.760380533,0.068958532,2.232294276,-0.050960491,1.760380533,0.068958532,first_gps,-0.050688508,-0.029408602
5.450000000,gps,True,False,True,True,200,1.774555021,0.040362383,1.931200481,-0.039290443,2.277593340,-0.052413688,1.931200481,-0.039290443,first_gps,-0.050688508,-0.029408602
5.500000000,gps,True,False,True,True,200,1.829471001,0.036988826,2.047272935,0.025090241,2.345537222,-0.054460778,2.047272935,0.025090241,first_gps,-0.050688508,-0.029408602
5.553000000,gps,True,False,True,True,200,1.839788308,-0.007193922,2.009243427,0.097531343,2.390843936,-0.055767365,2.009243427,0.097531343,first_gps,-0.050688508,-0.029408602
5.600000000,gps,True,False,True,True,200,1.896102933,0.052466159,2.123120669,0.065953606,2.436182567,-0.057051472,2.123120669,0.065953606,first_gps,-0.050688508,-0.029408602
5.652000000,gps,True,False,True,True,200,1.930650832,0.034271618,2.210268043,0.019930063,2.504160372,-0.059025087,2.210268043,0.019930063,first_gps,-0.050688508,-0.029408602
5.717000000,gps,True,False,True,True,200,1.970429788,-0.005872746,2.384351636,0.029384870,2.572091031,-0.061163579,2.384351636,0.029384870,first_gps,-0.050688508,-0.029408602
5.774000000,gps,True,False,True,True,200,1.997170438,-0.041656291,2.125608941,0.158561427,2.640043136,-0.063371969,2.125608941,0.158561427,first_gps,-0.050688508,-0.029408602
5.819000000,gps,True,False,True,True,200,2.068584745,0.056969072,2.352901668,0.081260935,2.685365343,-0.064766929,2.352901668,0.081260935,first_gps,-0.050688508,-0.029408602
5.851000000,gps,True,False,True,True,200,2.056336176,-0.021734884,2.405706256,-0.130085868,2.707987706,-0.065454762,2.405706256,-0.130085868,first_gps,-0.050688508,-0.029408602
5.900000000,gps,True,False,True,True,200,2.167363196,0.084636860,2.436323370,-0.148693718,2.798602001,-0.068282357,2.436323370,-0.148693718,first_gps,-0.050688508,-0.029408602
5.950000000,gps,True,False,True,True,200,2.179454271,-0.032967574,2.540251669,-0.074213484,2.889238815,-0.070963456,2.540251669,-0.074213484,first_gps,-0.050688508,-0.029408602
6.000000000,gps,True,False,True,True,200,2.188565550,-0.002697269,2.516240775,-0.043164553,2.911911663,-0.071627163,2.516240775,-0.043164553,first_gps,-0.050688508,-0.029408602
6.077000000,gps,True,False,True,True,200,2.256516195,-0.030990495,2.442357938,0.007806604,3.002510748,-0.074234773,2.442357938,0.007806604,first_gps,-0.050688508,-0.029408602
6.113000000,gps,True,False,True,True,200,2.272757501,-0.030492086,2.695473502,-0.042472006,3.025169276,-0.074855192,2.695473502,-0.042472006,first_gps,-0.050688508,-0.029408602
6.156000000,gps,True,False,True,True,200,2.344389495,0.041688088,2.870880475,0.110985938,3.070484296,-0.074046090,2.870880475,0.110985938,first_gps,-0.050688508,-0.029408602
6.206000000,gps,True,False,True,True,200,2.390182053,0.060248689,2.628200249,-0.025470116,3.115654460,-0.070448352,2.628200249,-0.025470116,first_gps,-0.050688508,-0.029408602
6.289000000,gps,True,False,True,True,200,2.421348188,0.001530915,2.803197680,-0.021397924,3.204905498,-0.054945423,2.803197680,-0.021397924,first_gps,-0.050688508,-0.029408602
6.300000000,gps,True,False,True,True,200,2.480675067,0.065100192,2.915553338,0.133398016,3.226858613,-0.049338817,2.915553338,0.133398016,first_gps,-0.050688508,-0.029408602
6.355000000,gps,True,False,True,True,200,2.534664255,0.098315234,2.707851456,-0.115390417,3.291674134,-0.028790736,2.707851456,-0.115390417,first_gps,-0.050688508,-0.029408602
6.400000000,gps,True,False,True,True,200,2.610340478,0.142056461,2.851683491,0.045914376,3.354414971,-0.002672909,2.851683491,0.045914376,first_gps,-0.050688508,-0.029408602
6.460000000,gps,True,False,True,True,200,2.693115537,0.236910360,2.973686198,0.236668031,3.394827124,0.017915222,2.973686198,0.236668031,first_gps,-0.050688508,-0.029408602
6.502000000,gps,True,False,True,True,200,2.756373892,0.281694820,2.916647181,0.020510308,3.452991462,0.053035947,2.916647181,0.020510308,first_gps,-0.050688508,-0.029408602
6.555000000,gps,True,False,True,True,200,2.763038232,0.318929585,2.973847082,0.264442650,3.525368012,0.107570757,2.973847082,0.264442650,first_gps,-0.050688508,-0.029408602
6.618000000,gps,True,False,True,True,200,2.866026576,0.318002179,2.985265040,0.219054265,3.542452770,0.122463298,2.985265040,0.219054265,first_gps,-0.050688508,-0.029408602
6.651000000,gps,True,False,True,True,200,2.943322650,0.428281776,2.978781039,0.339945233,3.575268855,0.153720813,2.978781039,0.339945233,first_gps,-0.050688508,-0.029408602
6.701000000,gps,True,False,True,True,200,2.946672337,0.454809143,3.057443320,0.429102715,3.620810233,0.204203404,3.057443320,0.429102715,first_gps,-0.050688508,-0.029408602
6.758000000,gps,True,False,True,True,200,3.087416268,0.534562572,2.978518309,0.288511778,3.648505587,0.240044172,2.978518309,0.288511778,first_gps,-0.050688508,-0.029408602
6.803000000,gps,True,False,True,True,200,3.069732010,0.521401138,3.139877181,0.352054948,3.686594335,0.296389275,3.139877181,0.352054948,first_gps,-0.050688508,-0.029408602
6.850000000,gps,True,False,True,True,200,3.157550202,0.629097617,3.058988036,0.310797589,3.711569784,0.334212981,3.058988036,0.310797589,first_gps,-0.050688508,-0.029408602
6.902000000,gps,True,False,True,True,200,3.160297638,0.665733114,3.164118359,0.458643739,3.749028863,0.390952901,3.164118359,0.458643739,first_gps,-0.050688508,-0.029408602
6.950000000,gps,True,False,True,True,200,3.152839171,0.683239741,2.997278727,0.535999494,3.774122507,0.428721581,2.997278727,0.535999494,first_gps,-0.050688508,-0.029408602
7.002000000,gps,True,False,True,True,200,3.156512441,0.695743652,2.999298346,0.554087206,3.811320133,0.485586216,2.999298346,0.554087206,first_gps,-0.050688508,-0.029408602
7.050000000,gps,True,False,True,True,200,3.208127227,0.761929923,3.160524825,0.537129620,3.833610024,0.525067026,3.160524825,0.537129620,first_gps,-0.050688508,-0.029408602
7.100000000,gps,True,False,True,True,200,3.239005579,0.709961261,3.130337703,0.750570737,3.853396159,0.565831819,3.130337703,0.750570737,first_gps,-0.050688508,-0.029408602
7.150000000,gps,True,False,True,True,200,3.375455169,0.848234341,3.338374482,0.785686299,3.878565885,0.629005337,3.338374482,0.785686299,first_gps,-0.050688508,-0.029408602
7.201000000,gps,True,False,True,True,200,3.393127291,0.897363489,3.173132492,0.815875846,3.894069604,0.671585269,3.173132492,0.815875846,first_gps,-0.050688508,-0.029408602
7.250000000,gps,True,False,True,True,200,3.370189267,0.899582224,3.005124983,0.612480270,3.917515340,0.735388127,3.005124983,0.612480270,first_gps,-0.050688508,-0.029408602
7.308000000,gps,True,False,True,True,200,3.211990733,0.976292281,3.135852663,1.008562838,3.941140426,0.799160289,3.135852663,1.008562838,first_gps,-0.050688508,-0.029408602
7.350000000,gps,True,False,True,True,200,3.260710263,0.994577104,3.108138155,0.952535756,3.956898519,0.841664321,3.108138155,0.952535756,first_gps,-0.050688508,-0.029408602
7.400000000,gps,True,False,True,True,200,3.174038142,1.027341777,3.224650033,0.922920785,3.972721979,0.884132992,3.224650033,0.922920785,first_gps,-0.050688508,-0.029408602
7.451000000,gps,True,False,True,True,200,3.254854473,1.079114591,3.082590474,0.817035538,3.996569674,0.947793107,3.082590474,0.817035538,first_gps,-0.050688508,-0.029408602
7.500000000,gps,True,False,True,True,200,3.257720169,1.099562466,3.143593409,1.112221925,4.012377814,0.990261169,3.143593409,1.112221925,first_gps,-0.050688508,-0.029408602
7.550000000,gps,True,False,True,True,200,3.057708389,1.146033790,2.979043565,1.133360032,4.036229774,1.053969143,2.979043565,1.133360032,first_gps,-0.050688508,-0.029408602
7.600000000,gps,True,False,True,True,200,3.237130896,1.112364641,3.123865019,1.153498664,4.052150768,1.096389206,3.123865019,1.153498664,first_gps,-0.050688508,-0.029408602
7.651000000,gps,True,False,True,True,200,3.093414320,1.224105108,2.935586982,1.263371516,4.076286701,1.159978773,2.935586982,1.263371516,first_gps,-0.050688508,-0.029408602
7.700000000,gps,True,False,True,True,200,3.249064408,1.228510783,3.055362759,1.406137599,4.092569911,1.202265943,3.055362759,1.406137599,first_gps,-0.050688508,-0.029408602
7.750000000,gps,True,False,True,True,200,3.210094362,1.228863620,3.144661620,1.270653718,4.116806856,1.265796097,3.144661620,1.270653718,first_gps,-0.050688508,-0.029408602
7.800000000,gps,True,False,True,True,200,3.188744215,1.254894394,3.270371336,1.565154887,4.140863199,1.329411877,3.270371336,1.565154887,first_gps,-0.050688508,-0.029408602
7.850000000,gps,True,False,True,True,200,3.118420702,1.370667537,3.140517478,1.497886661,4.156782505,1.371819834,3.140517478,1.497886661,first_gps,-0.050688508,-0.029408602
7.901000000,gps,True,False,True,True,200,3.207456737,1.406718337,3.020195660,1.416179426,4.172695681,1.414283643,3.020195660,1.416179426,first_gps,-0.050688508,-0.029408602
7.950000000,gps,True,False,True,True,200,2.917074973,1.467730157,3.072505935,1.473416667,4.196610521,1.477920269,3.072505935,1.473416667,first_gps,-0.050688508,-0.029408602
8.000000000,gps,True,False,True,True,200,3.150375041,1.474040001,3.084681028,1.559572036,4.212518274,1.520381939,3.084681028,1.559572036,first_gps,-0.050688508,-0.029408602
8.050000000,gps,True,False,True,True,200,3.147087982,1.527537020,3.085015672,1.675354068,4.236390693,1.584033796,3.085015672,1.675354068,first_gps,-0.050688508,-0.029408602
8.100000000,gps,True,False,True,True,200,3.035948200,1.576330131,3.028684673,1.723532656,4.252334423,1.626466428,3.028684673,1.723532656,first_gps,-0.050688508,-0.029408602
8.150000000,gps,True,False,True,True,200,3.073536992,1.619809871,2.979125374,1.754776887,4.276305481,1.690096743,2.979125374,1.754776887,first_gps,-0.050688508,-0.029408602
8.202000000,gps,True,False,True,True,200,3.060834307,1.634942349,3.105702410,1.583727183,4.300290573,1.753715701,3.105702410,1.583727183,first_gps,-0.050688508,-0.029408602
8.250000000,gps,True,False,True,True,200,2.994888200,1.717708240,2.988093074,1.963322203,4.316307404,1.796129665,2.988093074,1.963322203,first_gps,-0.050688508,-0.029408602
8.300000000,gps,True,False,True,True,200,2.889541860,1.764200037,3.189634105,1.822724312,4.332311591,1.838530197,3.189634105,1.822724312,first_gps,-0.050688508,-0.029408602
8.350000000,gps,True,False,True,True,200,3.008847926,1.756979897,3.143911991,1.878324376,4.356129287,1.902224406,3.143911991,1.878324376,first_gps,-0.050688508,-0.029408602
8.400000000,gps,True,False,True,True,200,3.002475518,1.755300163,3.044825371,1.964426814,4.371961569,1.944705260,3.044825371,1.964426814,first_gps,-0.050688508,-0.029408602
8.452000000,gps,True,False,True,True,200,2.991168177,1.862053307,2.971285363,2.079933310,4.395519276,2.008483750,2.971285363,2.079933310,first_gps,-0.050688508,-0.029408602
8.502000000,gps,True,False,True,True,200,2.873824611,1.945527620,2.956749718,2.047651006,4.411214130,2.050982229,2.956749718,2.047651006,first_gps,-0.050688508,-0.029408602
8.551000000,gps,True,False,True,True,200,2.909205765,1.997925777,3.008492644,1.953020359,4.434986711,2.114697126,3.008492644,1.953020359,first_gps,-0.050688508,-0.029408602
8.600000000,gps,True,False,True,True,200,2.912346197,2.046613741,3.123361065,2.314554525,4.458675526,2.178406020,3.123361065,2.314554525,first_gps,-0.050688508,-0.029408602
8.650000000,gps,True,False,True,True,200,2.882233497,2.022640248,3.150703159,2.264376102,4.474381522,2.220930734,3.150703159,2.264376102,first_gps,-0.050688508,-0.029408602
8.701000000,gps,True,False,True,True,200,2.878231742,2.123547937,3.269647884,2.383166969,4.490097800,2.263460517,3.269647884,2.383166969,first_gps,-0.050688508,-0.029408602
8.750000000,gps,True,False,True,True,200,2.737855086,2.243454584,2.902613864,2.199139075,4.513629156,2.327236644,2.902613864,2.199139075,first_gps,-0.050688508,-0.029408602
8.800000000,gps,True,False,True,True,200,2.823457324,2.165869709,3.132673664,2.282027215,4.537299290,2.390997068,3.132673664,2.282027215,first_gps,-0.050688508,-0.029408602
8.850000000,gps,True,False,True,True,200,2.724617059,2.321896520,3.077249752,2.496910978,4.553282924,2.433437848,3.077249752,2.496910978,first_gps,-0.050688508,-0.029408602
8.901000000,gps,True,False,True,True,200,2.806406372,2.268817307,2.978871371,2.308168800,4.577081203,2.497074946,2.978871371,2.308168800,first_gps,-0.050688508,-0.029408602
8.950000000,gps,True,False,True,True,200,2.659880711,2.327935555,2.916116371,2.414077767,4.592332621,2.539763063,2.916116371,2.414077767,first_gps,-0.050688508,-0.029408602
9.002000000,gps,True,False,True,True,200,2.772018158,2.381630148,2.926624274,2.527626001,4.610336074,2.605316799,2.926624274,2.527626001,first_gps,-0.050688508,-0.029408602
9.051000000,gps,True,False,True,True,200,2.934847907,2.483709749,3.167166131,2.715206782,4.618975244,2.649792439,3.167166131,2.715206782,first_gps,-0.050688508,-0.029408602
9.100000000,gps,True,False,True,True,200,2.915600954,2.451605410,3.063724284,2.621106946,4.626666692,2.717343301,3.063724284,2.621106946,first_gps,-0.050688508,-0.029408602
9.150000000,gps,True,False,True,True,200,2.803601611,2.648038001,2.779965669,2.667716504,4.628306375,2.762681357,2.779965669,2.667716504,first_gps,-0.050688508,-0.029408602
9.200000000,gps,True,False,True,True,200,2.878039500,2.531729208,3.175734428,2.700186282,4.627070342,2.807932420,3.175734428,2.700186282,first_gps,-0.050688508,-0.029408602
9.250000000,gps,True,False,True,True,200,2.956497981,2.608317026,2.942559373,2.765988498,4.620074418,2.875548517,2.942559373,2.765988498,first_gps,-0.050688508,-0.029408602
9.302000000,gps,True,False,True,True,200,2.950062915,2.663742714,2.987401962,2.826579787,4.612145113,2.920187814,2.987401962,2.826579787,first_gps,-0.050688508,-0.029408602
9.350000000,gps,True,False,True,True,200,2.881180801,2.721630006,3.055548517,2.904144646,4.595318331,2.986029609,3.055548517,2.904144646,first_gps,-0.050688508,-0.029408602
9.400000000,gps,True,False,True,True,200,2.852205915,2.754391634,2.779229363,2.863851135,4.580928417,3.028987182,2.779229363,2.863851135,first_gps,-0.050688508,-0.029408602
9.454000000,gps,True,False,True,True,200,2.964269256,2.852352051,2.874796008,3.005039853,4.554577847,3.091660193,2.874796008,3.005039853,first_gps,-0.050688508,-0.029408602
9.501000000,gps,True,False,True,True,200,2.783103653,2.881536030,2.671058051,2.767539449,4.522495763,3.151615559,2.671058051,2.767539449,first_gps,-0.050688508,-0.029408602
9.550000000,gps,True,False,True,True,200,2.918742400,2.938039683,2.763215890,3.032314389,4.498361499,3.189943972,2.763215890,3.032314389,first_gps,-0.050688508,-0.029408602
9.600000000,gps,True,False,True,True,200,2.730856735,2.936652048,2.545156266,2.945385737,4.472039771,3.226838086,2.545156266,2.945385737,first_gps,-0.050688508,-0.029408602
9.653000000,gps,True,False,True,True,200,2.786893528,3.059416883,2.469596946,3.166056026,4.428454563,3.279029028,2.469596946,3.166056026,first_gps,-0.050688508,-0.029408602
9.700000000,gps,True,False,True,True,200,2.683653859,3.043960175,2.554979606,2.946355197,4.381792496,3.328451824,2.554979606,2.946355197,first_gps,-0.050688508,-0.029408602
9.752000000,gps,True,False,True,True,200,2.769290470,3.055792411,2.573512825,2.924413593,4.350622913,3.361421909,2.573512825,2.924413593,first_gps,-0.050688508,-0.029408602
9.800000000,gps,True,False,True,True,200,2.662863270,3.086221933,2.362553349,2.798632423,4.303941989,3.410788128,2.362553349,2.798632423,first_gps,-0.050688508,-0.029408602
9.850000000,gps,True,False,True,True,200,2.537517597,3.153759485,2.267849125,2.845552666,4.272819861,3.443781008,2.267849125,2.845552666,first_gps,-0.050688508,-0.029408602
9.900000000,gps,True,False,True,True,200,2.431558883,3.198746355,2.324356023,2.970909327,4.241723412,3.476790542,2.324356023,2.970909327,first_gps,-0.050688508,-0.029408602
9.951000000,gps,True,False,True,True,200,2.460109069,3.105504241,2.295067503,2.821128403,4.194988892,3.526149219,2.295067503,2.821128403,first_gps,-0.050688508,-0.029408602
10.000000000,gps,True,False,True,True,200,2.455762398,3.143694485,2.242392390,2.838824026,4.163820180,3.559029530,2.242392390,2.838824026,first_gps,-0.050688508,-0.029408602
10.050000000,gps,True,False,True,True,200,2.456437172,3.126901419,2.216952659,2.974929828,4.117071656,3.608414087,2.216952659,2.974929828,first_gps,-0.050688508,-0.029408602
10.101000000,gps,True,False,True,True,200,2.336898813,3.198210192,2.055581811,2.921171236,4.070370237,3.657840155,2.055581811,2.921171236,first_gps,-0.050688508,-0.029408602
10.150000000,gps,True,False,True,True,200,2.340592988,3.163720312,2.086891355,2.851238993,4.039270795,3.690816713,2.086891355,2.851238993,first_gps,-0.050688508,-0.029408602
10.200000000,gps,True,False,True,True,200,2.312044455,3.173693495,2.046315817,2.978925534,4.008108345,3.723772834,2.046315817,2.978925534,first_gps,-0.050688508,-0.029408602
10.250000000,gps,True,False,True,True,200,2.151879828,3.193582781,2.063393243,2.895463502,3.961396133,3.773136965,2.063393243,2.895463502,first_gps,-0.050688508,-0.029408602
10.300000000,gps,True,False,True,True,200,2.021172754,3.189944255,1.967355988,3.077023915,3.930273607,3.806084638,1.967355988,3.077023915,first_gps,-0.050688508,-0.029408602
10.352000000,gps,True,False,True,True,200,2.027730565,3.199379190,1.923384212,3.122899575,3.883543718,3.855487461,1.923384212,3.122899575,first_gps,-0.050688508,-0.029408602
10.404000000,gps,True,False,True,True,200,2.086693924,3.223404796,1.738956108,2.945044675,3.836863259,3.904897713,1.738956108,2.945044675,first_gps,-0.050688508,-0.029408602
10.450000000,gps,True,False,True,True,200,2.006433624,3.287761220,1.711809602,3.153335335,3.805711294,3.937848947,1.711809602,3.153335335,first_gps,-0.050688508,-0.029408602
10.500000000,gps,True,False,True,True,200,1.899467052,3.329178598,1.732107549,2.804703212,3.774490635,3.970696908,1.732107549,2.804703212,first_gps,-0.050688508,-0.029408602
10.550000000,gps,True,False,True,True,200,1.946517725,3.272932984,1.579388437,3.056578754,3.727869575,4.020223637,1.579388437,3.056578754,first_gps,-0.050688508,-0.029408602
10.600000000,gps,True,False,True,True,200,1.728618159,3.415681245,1.640565286,3.060040069,3.696894777,4.053292555,1.640565286,3.060040069,first_gps,-0.050688508,-0.029408602
10.650000000,gps,True,False,True,True,200,1.693619173,3.283185791,1.524501454,2.916839858,3.650430490,4.102927847,1.524501454,2.916839858,first_gps,-0.050688508,-0.029408602
10.700000000,gps,True,False,True,True,200,1.767729996,3.338883144,1.431992466,3.141382627,3.619353095,4.135970367,1.431992466,3.141382627,first_gps,-0.050688508,-0.029408602
10.750000000,gps,True,False,True,True,200,1.514960651,3.253314080,1.477196286,2.871979657,3.572673372,4.185399032,1.477196286,2.871979657,first_gps,-0.050688508,-0.029408602
10.800000000,gps,True,False,True,True,200,1.691055405,3.331610778,1.418332460,2.780650316,3.541438332,4.218216364,1.418332460,2.780650316,first_gps,-0.050688508,-0.029408602
10.851000000,gps,True,False,True,True,200,1.623407046,3.338864767,1.484458873,2.969993109,3.494600622,4.267491167,1.484458873,2.969993109,first_gps,-0.050688508,-0.029408602
10.900000000,gps,True,False,True,True,200,1.490179695,3.335717295,1.259189886,2.904136219,3.463364228,4.300298786,1.259189886,2.904136219,first_gps,-0.050688508,-0.029408602
10.952000000,gps,True,False,True,True,200,1.430892799,3.344912338,1.387869228,3.033092174,3.416339905,4.349459440,1.387869228,3.033092174,first_gps,-0.050688508,-0.029408602
11.000000000,gps,True,False,True,True,200,1.392778054,3.366127713,1.255139193,3.004997456,3.369455283,4.398714930,1.255139193,3.004997456,first_gps,-0.050688508,-0.029408602
11.051000000,gps,True,False,True,True,200,1.422792476,3.378219553,1.244123627,2.902919915,3.338243148,4.431570183,1.244123627,2.902919915,first_gps,-0.050688508,-0.029408602
11.100000000,gps,True,False,True,True,200,1.407680142,3.359132144,1.084453380,3.036523950,3.307019262,4.464440672,1.084453380,3.036523950,first_gps,-0.050688508,-0.029408602
11.150000000,gps,True,False,True,True,200,1.293010984,3.442336158,1.129550965,3.117299557,3.260193291,4.513733511,1.129550965,3.117299557,first_gps,-0.050688508,-0.029408602
11.200000000,gps,True,False,True,True,200,1.265447488,3.385136739,1.121772536,2.989698099,3.229053799,4.546668100,1.121772536,2.989698099,first_gps,-0.050688508,-0.029408602
11.250000000,gps,True,False,True,True,200,1.249446996,3.417447619,1.276699745,2.959574124,3.182328652,4.596075017,1.276699745,2.959574124,first_gps,-0.050688508,-0.029408602
11.301000000,gps,True,False,True,True,200,1.145884489,3.403578301,1.041951361,3.134236497,3.135598663,4.645457266,1.041951361,3.134236497,first_gps,-0.050688508,-0.029408602
11.352000000,gps,True,False,True,True,200,1.130675850,3.400251969,0.810210867,3.132961811,3.103877182,4.677811803,0.810210867,3.132961811,first_gps,-0.050688508,-0.029408602
11.402000000,gps,True,False,True,True,200,1.014678779,3.406518249,0.880736167,2.882992247,3.053564289,4.723532741,0.880736167,2.882992247,first_gps,-0.050688508,-0.029408602
11.451000000,gps,True,False,True,True,200,0.841139870,3.432048009,0.843903544,2.967384443,3.018147452,4.751851925,0.843903544,2.967384443,first_gps,-0.050688508,-0.029408602
11.500000000,gps,True,False,True,True,200,0.887465177,3.401577126,0.631349741,3.089262164,2.962151641,4.790363057,0.631349741,3.089262164,first_gps,-0.050688508,-0.029408602
11.550000000,gps,True,False,True,True,200,0.722970040,3.409658013,0.673460006,2.918698548,2.924045393,4.814952594,0.673460006,2.918698548,first_gps,-0.050688508,-0.029408602
11.600000000,gps,True,False,True,True,200,0.709615514,3.517681621,0.626386400,2.910237327,2.886025244,4.839542030,0.626386400,2.910237327,first_gps,-0.050688508,-0.029408602
11.650000000,gps,True,False,True,True,200,0.729005931,3.462750055,0.665231591,2.951869872,2.829055829,4.876662498,0.665231591,2.951869872,first_gps,-0.050688508,-0.029408602
11.704000000,gps,True,False,True,True,200,0.798173662,3.371870317,0.712864346,2.954591391,2.772149441,4.913876270,0.712864346,2.954591391,first_gps,-0.050688508,-0.029408602
11.751000000,gps,True,False,True,True,200,0.552738040,3.394066142,0.438751569,3.007876882,2.734144931,4.938629185,0.438751569,3.007876882,first_gps,-0.050688508,-0.029408602
11.800000000,gps,True,False,True,True,200,0.575206943,3.399787091,0.513697200,3.010730931,2.696127324,4.963362154,0.513697200,3.010730931,first_gps,-0.050688508,-0.029408602
11.851000000,gps,True,False,True,True,200,0.726016557,3.322769598,0.409088230,3.013285572,2.639111456,5.000379701,0.409088230,3.013285572,first_gps,-0.050688508,-0.029408602
11.902000000,gps,True,False,True,True,200,0.593051012,3.371841616,0.389217312,2.972403588,2.581064796,5.035734101,0.389217312,2.972403588,first_gps,-0.050688508,-0.029408602
11.950000000,gps,True,False,True,True,200,0.634537456,3.307619137,0.404361797,3.038566425,2.540677799,5.056246062,0.404361797,3.038566425,first_gps,-0.050688508,-0.029408602
12.000000000,gps,True,False,True,True,200,0.540870424,3.298201906,0.250296929,2.887656514,2.499135439,5.074480904,0.250296929,2.887656514,first_gps,-0.050688508,-0.029408602
12.050000000,gps,True,False,True,True,200,0.329047382,3.324391774,0.251206673,2.732322235,2.435134052,5.097293491,0.251206673,2.732322235,first_gps,-0.050688508,-0.029408602
12.103000000,gps,True,False,True,True,200,0.443315874,3.296695716,0.254298852,2.804676775,2.369305537,5.114321052,0.254298852,2.804676775,first_gps,-0.050688508,-0.029408602
12.155000000,gps,True,False,True,True,200,0.428119534,3.214724979,0.200631973,2.753910987,2.324694111,5.122315317,0.200631973,2.753910987,first_gps,-0.050688508,-0.029408602
12.201000000,gps,True,False,True,True,200,0.389587468,3.180802191,0.199186057,2.742263102,2.279691389,5.127573205,0.199186057,2.742263102,first_gps,-0.050688508,-0.029408602
12.252000000,gps,True,False,True,True,200,0.379453251,3.156767046,0.162510527,2.765286706,2.211783754,5.130201548,0.162510527,2.765286706,first_gps,-0.050688508,-0.029408602
12.318000000,gps,True,False,True,True,200,0.319745747,3.114619314,0.263870422,2.712817893,2.143893948,5.126841537,0.263870422,2.712817893,first_gps,-0.050688508,-0.029408602
12.354000000,gps,True,False,True,True,200,-0.013377972,3.194691741,0.112614973,2.694186545,2.098887296,5.121131377,0.112614973,2.694186545,first_gps,-0.050688508,-0.029408602
12.411000000,gps,True,False,True,True,200,-0.087102746,3.162103426,-0.082855297,2.659449617,2.054381863,5.112681134,-0.082855297,2.659449617,first_gps,-0.050688508,-0.029408602
12.481000000,gps,True,False,True,True,200,-0.172429401,3.099994544,-0.091563559,2.438459161,1.943392483,5.089888155,-0.091563559,2.438459161,first_gps,-0.050688508,-0.029408602
12.537000000,gps,True,False,True,True,200,0.096599062,3.020826492,0.074893140,2.517968460,1.921158987,5.085414482,0.074893140,2.517968460,first_gps,-0.050688508,-0.029408602
12.569000000,gps,True,False,True,True,200,0.206657482,2.906151943,-0.029428196,2.526421003,1.898965700,5.080899367,-0.029428196,2.526421003,first_gps,-0.050688508,-0.029408602
12.600000000,gps,True,False,True,True,200,0.024189929,2.919438435,-0.144366519,2.475446239,1.832440861,5.066762644,-0.144366519,2.475446239,first_gps,-0.050688508,-0.029408602
12.665000000,gps,True,False,True,True,200,-0.223463821,2.957943196,-0.016618046,2.300322413,1.767291705,5.047437080,-0.016618046,2.300322413,first_gps,-0.050688508,-0.029408602
12.703000000,gps,True,False,True,True,200,-0.228953079,2.892738783,0.066079244,2.273189403,1.704132234,5.022302562,0.066079244,2.273189403,first_gps,-0.050688508,-0.029408602
12.755000000,gps,True,False,True,True,200,-0.142620506,2.783176718,-0.127851664,2.221650881,1.663106833,5.003038734,-0.127851664,2.221650881,first_gps,-0.050688508,-0.029408602
12.803000000,gps,True,False,True,True,200,-0.004005841,2.652883986,-0.003500184,2.221915588,1.581121925,4.964355151,-0.003500184,2.221915588,first_gps,-0.050688508,-0.029408602
12.850000000,gps,True,False,True,True,200,-0.035527355,2.633694132,-0.082578778,1.949277860,1.560643675,4.954668009,-0.082578778,1.949277860,first_gps,-0.050688508,-0.029408602
12.905000000,gps,True,False,True,True,200,-0.085708728,2.606808783,0.108387411,2.055417222,1.519701674,4.935223763,0.108387411,2.055417222,first_gps,-0.050688508,-0.029408602
12.961000000,gps,True,False,True,True,200,-0.033569239,2.527086603,0.002772029,2.064367954,1.437679543,4.896514637,0.002772029,2.064367954,first_gps,-0.050688508,-0.029408602
13.001000000,gps,True,False,True,True,200,-0.070336042,2.473613279,-0.009083904,2.135581338,1.396642262,4.877285299,-0.009083904,2.135581338,first_gps,-0.050688508,-0.029408602
13.052000000,gps,True,False,True,True,200,-0.058860819,2.440041997,-0.021825180,1.939854608,1.355670691,4.857992506,-0.021825180,1.939854608,first_gps,-0.050688508,-0.029408602
13.100000000,gps,True,False,True,True,200,-0.042449270,2.377721784,0.028893395,2.063437875,1.314645808,4.838672782,0.028893395,2.063437875,first_gps,-0.050688508,-0.029408602
13.150000000,gps,True,False,True,True,200,-0.093447736,2.339743201,-0.052596048,1.952188561,1.253161165,4.809693640,-0.052596048,1.952188561,first_gps,-0.050688508,-0.029408602
13.201000000,gps,True,False,True,True,200,-0.314803837,2.388075509,0.075189451,1.780740909,1.191740465,4.780459418,0.075189451,1.780740909,first_gps,-0.050688508,-0.029408602
13.250000000,gps,True,False,True,True,200,-0.149078229,2.289282967,-0.015601211,1.679437653,1.150833821,4.760973297,-0.015601211,1.679437653,first_gps,-0.050688508,-0.029408602
13.300000000,gps,True,False,True,True,200,-0.089288728,2.190863575,0.002802341,1.660754381,1.109917753,4.741399216,0.002802341,1.660754381,first_gps,-0.050688508,-0.029408602
13.350000000,gps,True,False,True,True,200,-0.343339131,2.269303410,-0.000419884,1.640675817,1.048577759,4.712155687,-0.000419884,1.640675817,first_gps,-0.050688508,-0.029408602
13.400000000,gps,True,False,True,True,200,-0.369958596,2.235160628,-0.066279688,1.622166597,1.007650650,4.692615557,-0.066279688,1.622166597,first_gps,-0.050688508,-0.029408602
13.450000000,gps,True,False,True,True,200,-0.109524753,2.052309418,-0.068288502,1.515971765,0.946307899,4.663326031,-0.068288502,1.515971765,first_gps,-0.050688508,-0.029408602
13.500000000,gps,True,False,True,True,200,-0.336266883,2.122737085,-0.219578232,1.502219718,0.884971907,4.633984016,-0.219578232,1.502219718,first_gps,-0.050688508,-0.029408602
13.550000000,gps,True,False,True,True,200,-0.160350583,2.011390673,-0.115299502,1.441958575,0.844027922,4.614486452,-0.115299502,1.441958575,first_gps,-0.050688508,-0.029408602
13.600000000,gps,True,False,True,True,200,-0.156520436,1.940484074,-0.023645423,1.357792767,0.803119303,4.594958039,-0.023645423,1.357792767,first_gps,-0.050688508,-0.029408602
13.650000000,gps,True,False,True,True,200,-0.208414537,1.903486817,-0.119966046,1.329196463,0.741674909,4.565848675,-0.119966046,1.329196463,first_gps,-0.050688508,-0.029408602
13.700000000,gps,True,False,True,True,200,-0.193522484,1.896158699,0.100619481,1.395456552,0.700643809,4.546604901,0.100619481,1.395456552,first_gps,-0.050688508,-0.029408602
13.750000000,gps,True,False,True,True,200,-0.115265666,1.760175551,0.014662681,1.202737687,0.639045212,4.517800162,0.014662681,1.202737687,first_gps,-0.050688508,-0.029408602
13.801000000,gps,True,False,True,True,200,-0.141234670,1.710501701,0.146363285,1.312100998,0.577345218,4.489253157,0.146363285,1.312100998,first_gps,-0.050688508,-0.029408602
13.850000000,gps,True,False,True,True,200,-0.143115304,1.684025116,0.017296803,1.132431111,0.536129618,4.470328281,0.017296803,1.132431111,first_gps,-0.050688508,-0.029408602
13.901000000,gps,True,False,True,True,200,-0.131181140,1.590713374,-0.176724759,1.320664456,0.474440727,4.441792981,-0.176724759,1.320664456,first_gps,-0.050688508,-0.029408602
13.950000000,gps,True,False,True,True,200,-0.103761803,1.558590038,-0.087018605,1.081775043,0.433357261,4.422700138,-0.087018605,1.081775043,first_gps,-0.050688508,-0.029408602
14.000000000,gps,True,False,True,True,200,-0.034508933,1.462995630,-0.062576931,0.975888182,0.392286472,4.403488017,-0.062576931,0.975888182,first_gps,-0.050688508,-0.029408602
14.050000000,gps,True,False,True,True,200,0.000358315,1.392919495,0.123233870,1.029395254,0.330799813,4.374425380,0.123233870,1.029395254,first_gps,-0.050688508,-0.029408602
14.100000000,gps,True,False,True,True,200,-0.036704664,1.371703996,0.051183987,1.109990417,0.289905044,4.354941230,0.051183987,1.109990417,first_gps,-0.050688508,-0.029408602
14.150000000,gps,True,False,True,True,200,-0.029565880,1.322087546,-0.145365388,0.935752919,0.228620126,4.325528176,-0.145365388,0.935752919,first_gps,-0.050688508,-0.029408602
14.201000000,gps,True,False,True,True,200,-0.063956483,1.291953446,-0.102046562,0.837552715,0.187777712,4.305800084,-0.102046562,0.837552715,first_gps,-0.050688508,-0.029408602
14.250000000,gps,True,False,True,True,200,-0.075714545,1.267856468,0.073077974,0.784119929,0.126608074,4.276102623,0.073077974,0.784119929,first_gps,-0.050688508,-0.029408602
14.301000000,gps,True,False,True,True,200,-0.062441331,1.163961876,0.011415445,0.675957002,0.065470002,4.246349096,0.011415445,0.675957002,first_gps,-0.050688508,-0.029408602
14.351000000,gps,True,False,True,True,200,-0.043847042,1.133322630,-0.051162612,0.886619461,0.024621064,4.226654992,-0.051162612,0.886619461,first_gps,-0.050688508,-0.029408602
14.400000000,gps,True,False,True,True,200,0.068702010,1.025495370,-0.159616456,0.565336212,-0.016214519,4.207018991,-0.159616456,0.565336212,first_gps,-0.050688508,-0.029408602
14.450000000,gps,True,False,True,True,200,-0.195475784,1.120728789,0.066997562,0.613435197,-0.077498334,4.177571117,0.066997562,0.613435197,first_gps,-0.050688508,-0.029408602
14.501000000,gps,True,False,True,True,200,-0.068063595,1.012625426,0.058470622,0.648371492,-0.118363852,4.157934149,0.058470622,0.648371492,first_gps,-0.050688508,-0.029408602
14.552000000,gps,True,False,True,True,200,0.005508890,0.910351446,-0.235515132,0.568417919,-0.179655262,4.128498953,-0.235515132,0.568417919,first_gps,-0.050688508,-0.029408602
14.600000000,gps,True,False,True,True,200,0.063382579,0.831554519,0.010124306,0.271104305,-0.220523621,4.108926120,0.010124306,0.271104305,first_gps,-0.050688508,-0.029408602
14.650000000,gps,True,False,True,True,200,-0.086473742,0.874435537,0.106972651,0.516315466,-0.279964593,4.075954381,0.106972651,0.516315466,first_gps,-0.050688508,-0.029408602
14.700000000,gps,True,False,True,True,200,0.014831967,0.783744451,-0.006652484,0.267392303,-0.317822469,4.051030805,-0.006652484,0.267392303,first_gps,-0.050688508,-0.029408602
14.750000000,gps,True,False,True,True,200,-0.197110714,0.880561588,0.018448117,0.110839435,-0.371548956,4.009397358,0.018448117,0.110839435,first_gps,-0.050688508,-0.029408602
14.800000000,gps,True,False,True,True,200,-0.093870921,0.776619744,-0.119561245,0.255091146,-0.405226645,3.979021759,-0.119561245,0.255091146,first_gps,-0.050688508,-0.029408602
14.850000000,gps,True,False,True,True,200,-0.052987232,0.705813032,0.072387805,0.229220694,-0.452121304,3.929884438,0.072387805,0.229220694,first_gps,-0.050688508,-0.029408602
14.900000000,gps,True,False,True,True,200,-0.173708680,0.763342993,-0.012273258,0.131575816,-0.494285199,3.876543114,-0.012273258,0.131575816,first_gps,-0.050688508,-0.029408602
14.950000000,gps,True,False,True,True,200,-0.010536410,0.621419638,0.143006366,0.207408316,-0.519660676,3.839015683,0.143006366,0.207408316,first_gps,-0.050688508,-0.029408602
15.001000000,gps,True,False,True,True,200,-0.119345883,0.689765367,0.205663007,-0.069458624,-0.553604227,3.780087055,0.205663007,-0.069458624,first_gps,-0.050688508,-0.029408602
15.050000000,gps,True,False,True,True,200,-0.028550514,0.593656128,0.325995663,-0.071616438,-0.573219739,3.739244526,0.325995663,-0.071616438,first_gps,-0.050688508,-0.029408602
15.100000000,gps,True,False,True,True,200,0.005248858,0.580450300,0.224002318,0.153345592,-0.597869411,3.675876380,0.224002318,0.153345592,first_gps,-0.050688508,-0.029408602
15.153000000,gps,True,False,True,True,200,0.020534374,0.582157761,0.268617836,-0.146660389,-0.611142043,3.632540534,0.268617836,-0.146660389,first_gps,-0.050688508,-0.029408602
15.200000000,gps,True,False,True,True,200,0.135100893,0.466942760,0.253449508,-0.017639464,-0.621856717,3.588504775,0.253449508,-0.017639464,first_gps,-0.050688508,-0.029408602
15.253000000,gps,True,False,True,True,200,0.186794662,0.453038526,0.387286054,-0.043756716,-0.633634888,3.521563892,0.387286054,-0.043756716,first_gps,-0.050688508,-0.029408602
15.300000000,gps,True,False,True,True,200,0.209572032,0.444726176,0.440416775,-0.149044181,-0.641138973,3.476872020,0.440416775,-0.149044181,first_gps,-0.050688508,-0.029408602
15.350000000,gps,True,False,True,True,200,0.300587763,0.405605400,0.472488388,-0.070931225,-0.650274538,3.409509409,0.472488388,-0.070931225,first_gps,-0.050688508,-0.029408602
15.402000000,gps,True,False,True,True,200,0.348892283,0.397876056,0.236726919,0.009694076,-0.655337393,3.341719945,0.236726919,0.009694076,first_gps,-0.050688508,-0.029408602
15.458000000,gps,True,False,True,True,200,0.376681143,0.347863260,0.504772447,-0.058688571,-0.658663946,3.296495288,0.504772447,-0.058688571,first_gps,-0.050688508,-0.029408602
15.511000000,gps,True,False,True,True,200,0.389345079,0.366508684,0.529603873,-0.208841214,-0.663468284,3.228684215,0.529603873,-0.208841214,first_gps,-0.050688508,-0.029408602
15.551000000,gps,True,False,True,True,200,0.459248605,0.343303153,0.676254493,-0.069099530,-0.666678629,3.183434541,0.676254493,-0.069099530,first_gps,-0.050688508,-0.029408602
15.600000000,gps,True,False,True,True,200,0.489203294,0.281217368,0.822536945,-0.012763548,-0.669858801,3.138236691,0.822536945,-0.012763548,first_gps,-0.050688508,-0.029408602
15.663000000,gps,True,False,True,True,200,0.512317954,0.291416888,0.560636716,-0.090848673,-0.674553254,3.070417754,0.560636716,-0.090848673,first_gps,-0.050688508,-0.029408602
15.700000000,gps,True,False,True,True,200,0.561058275,0.295515646,0.706948889,-0.071590550,-0.677655659,3.025183973,0.706948889,-0.071590550,first_gps,-0.050688508,-0.029408602
15.750000000,gps,True,False,True,True,200,0.562161892,0.260671909,0.725516418,-0.202940955,-0.682246387,2.957359041,0.725516418,-0.202940955,first_gps,-0.050688508,-0.029408602
15.804000000,gps,True,False,True,True,200,0.635009347,0.241254739,1.002805356,0.076557433,-0.686843852,2.889528492,1.002805356,0.076557433,first_gps,-0.050688508,-0.029408602
15.850000000,gps,True,False,True,True,200,0.654508575,0.239455667,0.946393381,-0.088680679,-0.689987065,2.844320274,0.946393381,-0.088680679,first_gps,-0.050688508,-0.029408602
15.900000000,gps,True,False,True,True,200,0.655422411,0.223805149,0.889214958,-0.168445499,-0.693166976,2.799088718,0.889214958,-0.168445499,first_gps,-0.050688508,-0.029408602
15.951000000,gps,True,False,True,True,200,0.739105534,0.174678083,0.991797508,-0.194677493,-0.698040590,2.731249313,0.991797508,-0.194677493,first_gps,-0.050688508,-0.029408602
16.000000000,gps,True,False,True,True,200,0.744382876,0.214188771,1.262191821,-0.169390404,-0.701379473,2.686074358,1.262191821,-0.169390404,first_gps,-0.050688508,-0.029408602
16.075000000,gps,True,False,True,True,200,0.813684170,0.178069837,1.006449969,-0.251528498,-0.707953872,2.595642131,1.006449969,-0.251528498,first_gps,-0.050688508,-0.029408602
16.100000000,gps,True,False,True,True,200,0.828040739,0.176985454,1.206482303,-0.263413840,-0.711164416,2.550412711,1.206482303,-0.263413840,first_gps,-0.050688508,-0.029408602
16.150000000,gps,True,False,True,True,200,0.853393623,0.139534463,1.190462677,-0.199690696,-0.714471334,2.505251133,1.190462677,-0.199690696,first_gps,-0.050688508,-0.029408602
16.200000000,gps,True,False,True,True,200,0.908242674,0.181682738,1.273007592,-0.231193247,-0.717787806,2.460023606,1.273007592,-0.231193247,first_gps,-0.050688508,-0.029408602
16.254000000,gps,True,False,True,True,200,0.960369571,0.108606809,1.233893432,-0.112375174,-0.722612764,2.392174679,1.233893432,-0.112375174,first_gps,-0.050688508,-0.029408602
16.301000000,gps,True,False,True,True,200,0.989651086,0.083682380,1.255232766,-0.215565522,-0.727381096,2.324352037,1.255232766,-0.215565522,first_gps,-0.050688508,-0.029408602
16.351000000,gps,True,False,True,True,200,1.013017796,0.105134083,1.472856451,-0.189989208,-0.730712420,2.279181443,1.472856451,-0.189989208,first_gps,-0.050688508,-0.029408602
16.403000000,gps,True,False,True,True,200,1.163139137,0.093296817,1.464649623,-0.249196811,-0.733776711,2.211255802,1.464649623,-0.249196811,first_gps,-0.050688508,-0.029408602
16.474000000,gps,True,False,True,True,200,1.299191629,0.086624900,1.414017667,-0.308071416,-0.730821645,2.143351726,1.414017667,-0.308071416,first_gps,-0.050688508,-0.029408602
16.502000000,gps,True,False,True,True,200,1.333707130,0.014938648,1.467053158,-0.371775404,-0.728576262,2.120800731,1.467053158,-0.371775404,first_gps,-0.050688508,-0.029408602
16.551000000,gps,True,False,True,True,200,1.551738342,0.026994742,1.743833563,-0.091279776,-0.707004089,2.009656998,1.743833563,-0.091279776,first_gps,-0.050688508,-0.029408602
16.615000000,gps,True,False,True,True,200,1.534914693,0.014597734,1.654325266,-0.084053112,-0.700691729,1.987897460,1.654325266,-0.084053112,first_gps,-0.050688508,-0.029408602
16.650000000,gps,True,False,True,True,200,1.610595215,0.082800734,1.699896513,-0.173434776,-0.675369516,1.900840408,1.699896513,-0.173434776,first_gps,-0.050688508,-0.029408602
16.722000000,gps,True,False,True,True,200,1.658411778,0.061046535,1.772154390,-0.249318564,-0.669134894,1.879062002,1.772154390,-0.249318564,first_gps,-0.050688508,-0.029408602
16.772000000,gps,True,False,True,True,200,1.684815185,0.085463030,1.892740726,-0.120752518,-0.650324636,1.813692276,1.892740726,-0.120752518,first_gps,-0.050688508,-0.029408602
16.802000000,gps,True,False,True,True,200,1.684815185,0.085463030,1.892740726,-0.120752518,-0.650324636,1.813692276,1.892740726,-0.120752518,first_gps,-0.050688508,-0.029408602
16.851000000,gps,True,False,True,True,200,1.735638244,0.045273810,1.899896607,-0.147094855,-0.625542818,1.726513148,1.899896607,-0.147094855,first_gps,-0.050688508,-0.029408602
16.927000000,ann,False,True,True,True,200,1.785126438,0.074264817,1.785126438,0.074264817,-0.613141117,1.682914323,2.060829417,-0.174897317,first_gps,-0.050688508,-0.029408602
16.952000000,ann,False,True,True,True,200,1.800495928,0.074695579,1.800495928,0.074695579,-0.594374241,1.617543305,1.914740372,-0.215658243,first_gps,-0.050688508,-0.029408602
17.002000000,ann,False,True,True,True,200,1.778624445,0.085440759,1.778624445,0.085440759,-0.581763941,1.574014262,1.927412292,-0.079767645,first_gps,-0.050688508,-0.029408602
17.056000000,ann,False,True,True,True,200,1.938418179,0.082338054,1.938418179,0.082338054,-0.562903015,1.508685605,2.103039260,-0.319117275,first_gps,-0.050688508,-0.029408602
17.100000000,ann,False,True,True,True,200,1.920457899,0.116536843,1.920457899,0.116536843,-0.550424401,1.465139859,2.010523102,-0.150863537,first_gps,-0.050688508,-0.029408602
17.151000000,ann,False,True,True,True,200,1.888189966,0.140940876,1.888189966,0.140940876,-0.531757910,1.399730350,2.107261115,-0.165667031,first_gps,-0.050688508,-0.029408602
17.200000000,ann,False,True,True,True,200,1.956858401,0.107013013,1.956858401,0.107013013,-0.519253238,1.356177239,2.074178868,-0.164535775,first_gps,-0.050688508,-0.029408602
17.251000000,ann,False,True,True,True,200,2.014890257,0.154045899,2.014890257,0.154045899,-0.500302696,1.290878036,2.387181600,0.045883295,first_gps,-0.050688508,-0.029408602
17.308000000,ann,False,True,True,True,200,2.007732855,0.159537970,2.007732855,0.159537970,-0.481006883,1.225647636,2.364856866,-0.031767675,first_gps,-0.050688508,-0.029408602
17.351000000,ann,False,True,True,True,200,2.180285099,0.140352614,2.180285099,0.140352614,-0.468197744,1.182201090,2.501820765,-0.114676766,first_gps,-0.050688508,-0.029408602
17.404000000,ann,False,True,True,True,200,2.098558885,0.192990643,2.098558885,0.192990643,-0.449094762,1.116950463,2.415407094,-0.192719644,first_gps,-0.050688508,-0.029408602
17.456000000,ann,False,True,True,True,200,2.124406388,0.194655208,2.124406388,0.194655208,-0.436287881,1.073477411,2.537471117,0.072297483,first_gps,-0.050688508,-0.029408602
17.500000000,ann,False,True,True,True,200,2.147489210,0.213877410,2.147489210,0.213877410,-0.416848747,1.008312379,2.341489138,0.069208478,first_gps,-0.050688508,-0.029408602
17.550000000,ann,False,True,True,True,200,2.277880881,0.229873730,2.277880881,0.229873730,-0.402011658,0.965492138,2.577425707,-0.042054663,first_gps,-0.050688508,-0.029408602
17.600000000,ann,False,True,True,True,200,2.383469170,0.218188272,2.383469170,0.218188272,-0.384628760,0.923641179,2.799024092,-0.032150945,first_gps,-0.050688508,-0.029408602
17.650000000,ann,False,True,True,True,200,2.532348654,0.230096887,2.532348654,0.230096887,-0.353765080,0.863060021,2.604487925,0.020858070,first_gps,-0.050688508,-0.029408602
17.700000000,ann,False,True,True,True,200,2.518857497,0.297211865,2.518857497,0.297211865,-0.330059887,0.824449498,2.774172671,-0.012647969,first_gps,-0.050688508,-0.029408602
17.750000000,ann,False,True,True,True,200,2.675279785,0.306265456,2.675279785,0.306265456,-0.290117725,0.769435472,2.886727516,0.132118181,first_gps,-0.050688508,-0.029408602
17.803000000,ann,False,True,True,True,200,2.788780994,0.304053758,2.788780994,0.304053758,-0.245374650,0.718272312,2.681961153,0.111078370,first_gps,-0.050688508,-0.029408602
17.851000000,ann,False,True,True,True,200,2.801557207,0.358441153,2.801557207,0.358441153,-0.213001418,0.686580997,2.779755703,0.247608835,first_gps,-0.050688508,-0.029408602
17.902000000,ann,False,True,True,True,200,2.859458747,0.434946047,2.859458747,0.434946047,-0.160945583,0.642805242,2.750152723,0.311129518,first_gps,-0.050688508,-0.029408602
17.956000000,ann,False,True,True,True,200,2.905875937,0.560246440,2.905875937,0.560246440,-0.124127248,0.616457485,2.916410620,0.403794072,first_gps,-0.050688508,-0.029408602
18.000000000,ann,False,True,True,True,200,2.986553332,0.502860820,2.986553332,0.502860820,-0.085757582,0.592243433,2.818751228,0.192930328,first_gps,-0.050688508,-0.029408602
18.055000000,ann,False,True,True,True,200,2.996466258,0.579515555,2.996466258,0.579515555,-0.025824160,0.560200691,2.792396105,0.377902522,first_gps,-0.050688508,-0.029408602
18.102000000,ann,False,True,True,True,200,3.001202984,0.638394293,3.001202984,0.638394293,0.036694877,0.533521260,2.866289439,0.458417513,first_gps,-0.050688508,-0.029408602
18.159000000,ann,False,True,True,True,200,3.022674389,0.702881497,3.022674389,0.702881497,0.079499867,0.518710524,2.945451444,0.435583418,first_gps,-0.050688508,-0.029408602
18.202000000,ann,False,True,True,True,200,3.016800184,0.887302785,3.016800184,0.887302785,0.122537768,0.504453744,2.762831977,0.538189414,first_gps,-0.050688508,-0.029408602
18.253000000,ann,False,True,True,True,200,2.977353476,0.861536353,2.977353476,0.861536353,0.187131870,0.483072057,2.849653736,0.449725537,first_gps,-0.050688508,-0.029408602
18.319000000,ann,False,True,True,True,200,2.969287536,0.878773210,2.969287536,0.878773210,0.208585345,0.475924210,2.752167404,0.532219474,first_gps,-0.050688508,-0.029408602
18.354000000,ann,False,True,True,True,200,2.965475335,0.927078312,2.965475335,0.927078312,0.230100213,0.468761171,2.862253571,0.478776935,first_gps,-0.050688508,-0.029408602
18.411000000,ann,False,True,True,True,200,2.914228959,0.978881161,2.914228959,0.978881161,0.337529514,0.432711202,2.971184999,0.532947043,first_gps,-0.050688508,-0.029408602
18.457000000,ann,False,True,True,True,200,2.976073558,0.925945225,2.976073558,0.925945225,0.402088179,0.411267707,2.821974547,0.942321725,first_gps,-0.050688508,-0.029408602
18.520000000,ann,False,True,True,True,200,2.955120452,1.166117552,2.955120452,1.166117552,0.487976645,0.382363241,3.027834417,0.896415782,first_gps,-0.050688508,-0.029408602
18.557000000,ann,False,True,True,True,200,2.937717118,1.215540500,2.937717118,1.215540500,0.509465824,0.375090036,3.028017112,0.712658859,first_gps,-0.050688508,-0.029408602
18.608000000,ann,False,True,True,True,200,2.919551171,1.194887292,2.919551171,1.194887292,0.573895353,0.353391612,2.809358693,0.575504258,first_gps,-0.050688508,-0.029408602
18.655000000,ann,False,True,True,True,200,2.893724261,1.249589373,2.893724261,1.249589373,0.616819871,0.338784838,2.888231159,0.874220363,first_gps,-0.050688508,-0.029408602
18.708000000,ann,False,True,True,True,200,2.893550827,1.289132948,2.893550827,1.289132948,0.681168058,0.316941332,2.833576556,0.896981219,first_gps,-0.050688508,-0.029408602
18.762000000,ann,False,True,True,True,200,2.904476065,1.370123302,2.904476065,1.370123302,0.745603226,0.295169750,3.004823195,1.011196607,first_gps,-0.050688508,-0.029408602
18.815000000,ann,False,True,True,True,200,2.876210667,1.285950574,2.876210667,1.285950574,0.788524495,0.280578119,2.889463204,0.878963148,first_gps,-0.050688508,-0.029408602
18.850000000,ann,False,True,True,True,200,2.883233872,1.303090501,2.883233872,1.303090501,0.831441725,0.266001419,2.969291458,1.009055316,first_gps,-0.050688508,-0.029408602
18.900000000,ann,False,True,True,True,200,2.855912456,1.432334169,2.855912456,1.432334169,0.874333336,0.251300197,2.932084373,1.124309064,first_gps,-0.050688508,-0.029408602
18.951000000,ann,False,True,True,True,200,2.891227620,1.518792725,2.891227620,1.518792725,0.938644028,0.229274512,2.873172326,1.182878711,first_gps,-0.050688508,-0.029408602
19.001000000,ann,False,True,True,True,200,2.860018426,1.462143825,2.860018426,1.462143825,1.002997057,0.207341032,3.062887456,1.238640816,first_gps,-0.050688508,-0.029408602
19.052000000,ann,False,True,True,True,200,2.838152878,1.578027485,2.838152878,1.578027485,1.045972608,0.192903687,3.003562706,1.424604843,first_gps,-0.050688508,-0.029408602
19.104000000,ann,False,True,True,True,200,2.829308857,1.613702209,2.829308857,1.613702209,1.088975309,0.178569098,2.854672661,1.204944102,first_gps,-0.050688508,-0.029408602
19.150000000,ann,False,True,True,True,200,2.850503638,1.711583190,2.850503638,1.711583190,1.153455937,0.157022630,3.033025374,1.355895614,first_gps,-0.050688508,-0.029408602
19.200000000,ann,False,True,True,True,200,2.837739763,1.684951770,2.837739763,1.684951770,1.196445550,0.142669757,2.989224161,1.522743972,first_gps,-0.050688508,-0.029408602
19.250000000,ann,False,True,True,True,200,2.828685458,1.745435933,2.828685458,1.745435933,1.260914113,0.121074789,2.870802322,1.519340863,first_gps,-0.050688508,-0.029408602
19.300000000,ann,False,True,True,True,200,2.830695804,1.752070833,2.830695804,1.752070833,1.303900523,0.106679894,2.920586756,1.473566745,first_gps,-0.050688508,-0.029408602
19.352000000,ann,False,True,True,True,200,2.822131946,1.792549193,2.822131946,1.792549193,1.368300272,0.084889251,2.784115009,1.757893913,first_gps,-0.050688508,-0.029408602
19.400000000,ann,False,True,True,True,200,2.820791100,1.827113499,2.820791100,1.827113499,1.411241519,0.070384673,2.976693818,1.600408330,first_gps,-0.050688508,-0.029408602
19.450000000,ann,False,True,True,True,200,2.820656709,1.853316186,2.820656709,1.853316186,1.475668342,0.048704204,3.026015048,1.725416584,first_gps,-0.050688508,-0.029408602
19.500000000,ann,False,True,True,True,200,2.827887791,1.879641042,2.827887791,1.879641042,1.518677999,0.034238197,3.023194621,1.727899779,first_gps,-0.050688508,-0.029408602
19.556000000,ann,False,True,True,True,200,2.823832337,1.989368431,2.823832337,1.989368431,1.583042113,0.012424803,2.999753026,1.731927885,first_gps,-0.050688508,-0.029408602
19.604000000,ann,False,True,True,True,200,2.831691691,2.035645782,2.831691691,2.035645782,1.647433719,-0.009432616,3.004952748,1.804049638,first_gps,-0.050688508,-0.029408602
19.651000000,ann,False,True,True,True,200,2.823120073,2.059158192,2.823120073,2.059158192,1.690404707,-0.023956316,3.085690429,1.920969369,first_gps,-0.050688508,-0.029408602
19.700000000,ann,False,True,True,True,200,2.842317982,2.161403195,2.842317982,2.161403195,1.754803255,-0.045743992,2.970708556,2.149251435,first_gps,-0.050688508,-0.029408602
19.751000000,ann,False,True,True,True,200,2.837155447,2.173934860,2.837155447,2.173934860,1.797660362,-0.060433944,2.921504261,2.069635353,first_gps,-0.050688508,-0.029408602
19.800000000,ann,False,True,True,True,200,2.836292822,2.181405913,2.836292822,2.181405913,1.840594484,-0.075020859,3.154775728,1.977916170,first_gps,-0.050688508,-0.029408602
19.850000000,ann,False,True,True,True,200,2.836857382,2.255828698,2.836857382,2.255828698,1.904958021,-0.096890736,3.064232597,2.160422830,first_gps,-0.050688508,-0.029408602
19.900000000,ann,False,True,True,True,200,2.851233541,2.271011762,2.851233541,2.271011762,1.947913016,-0.111406069,3.031554344,2.053093307,first_gps,-0.050688508,-0.029408602
19.951000000,ann,False,True,True,True,200,2.852951263,2.336959613,2.852951263,2.336959613,2.012370652,-0.133024243,3.009713611,2.103398404,first_gps,-0.050688508,-0.029408602
20.000000000,ann,False,True,True,True,200,2.847879851,2.297820607,2.847879851,2.297820607,2.055354434,-0.147433730,2.961657318,2.248459433,first_gps,-0.050688508,-0.029408602
20.050000000,ann,False,True,True,True,200,2.818420790,2.363720654,2.818420790,2.363720654,2.119794061,-0.169122755,3.023831833,2.304476152,first_gps,-0.050688508,-0.029408602
20.100000000,ann,False,True,True,True,200,2.815822140,2.372657922,2.815822140,2.372657922,2.162716539,-0.183682726,3.068067792,2.386283574,first_gps,-0.050688508,-0.029408602
20.150000000,ann,False,True,True,True,200,2.857840062,2.428119397,2.857840062,2.428119397,2.227045181,-0.205604648,3.056933351,2.343841408,first_gps,-0.050688508,-0.029408602
20.200000000,ann,False,True,True,True,200,2.875586265,2.494643643,2.875586265,2.494643643,2.292621997,-0.223527615,2.892981288,2.512080008,first_gps,-0.050688508,-0.029408602
20.250000000,ann,False,True,True,True,200,2.830763528,2.569093039,2.830763528,2.569093039,2.337127883,-0.232127035,2.988042732,2.658317104,first_gps,-0.050688508,-0.029408602
20.301000000,ann,False,True,True,True,200,2.866561701,2.610219354,2.866561701,2.610219354,2.382092905,-0.237930035,3.025926207,2.424616022,first_gps,-0.050688508,-0.029408602
20.351000000,ann,False,True,True,True,200,2.778443260,2.629249164,2.778443260,2.629249164,2.449949329,-0.241672494,2.934209310,2.641495151,first_gps,-0.050688508,-0.029408602
20.400000000,ann,False,True,True,True,200,2.828345403,2.751825735,2.828345403,2.751825735,2.495299086,-0.240842393,3.112121471,2.727162343,first_gps,-0.050688508,-0.029408602
20.450000000,ann,False,True,True,True,200,2.722641650,2.736044641,2.722641650,2.736044641,2.562971420,-0.234522203,2.790674049,2.648965689,first_gps,-0.050688508,-0.029408602
20.503000000,ann,False,True,True,True,200,2.764772430,2.867252202,2.764772430,2.867252202,2.629768793,-0.221978878,2.912838319,2.860482231,first_gps,-0.050688508,-0.029408602
20.559000000,ann,False,True,True,True,200,2.720359945,2.925147766,2.720359945,2.925147766,2.673552625,-0.210365571,2.612583332,2.794006606,first_gps,-0.050688508,-0.029408602
20.600000000,ann,False,True,True,True,200,2.702643763,2.969187529,2.702643763,2.969187529,2.716638076,-0.196285923,2.807010090,2.795090638,first_gps,-0.050688508,-0.029408602
20.651000000,ann,False,True,True,True,200,2.626178652,3.020985861,2.626178652,3.020985861,2.779507710,-0.170387940,2.815161543,2.784877808,first_gps,-0.050688508,-0.029408602
20.701000000,ann,False,True,True,True,200,2.609176079,3.070906566,2.609176079,3.070906566,2.819911011,-0.149945005,2.746418360,2.720494894,first_gps,-0.050688508,-0.029408602
20.751000000,ann,False,True,True,True,200,2.541555324,3.133824090,2.541555324,3.133824090,2.878004360,-0.114568710,2.685753045,2.879039170,first_gps,-0.050688508,-0.029408602
20.801000000,ann,False,True,True,True,200,2.531183513,3.150074314,2.531183513,3.150074314,2.914665828,-0.087983582,2.560683735,2.928337975,first_gps,-0.050688508,-0.029408602
20.851000000,ann,False,True,True,True,200,2.455511565,3.212034921,2.455511565,3.212034921,2.966386588,-0.043883517,2.701284360,2.896622621,first_gps,-0.050688508,-0.029408602
20.900000000,ann,False,True,True,True,200,2.289106286,3.205117955,2.289106286,3.205117955,3.013898094,0.004740254,2.522780299,2.910208733,first_gps,-0.050688508,-0.029408602
20.950000000,ann,False,True,True,True,200,2.380484772,3.278692440,2.380484772,3.278692440,3.042991824,0.039500588,2.425709351,2.843989265,first_gps,-0.050688508,-0.029408602
21.000000000,ann,False,True,True,True,200,2.232919982,3.257625774,2.232919982,3.257625774,3.071491231,0.074722306,2.551294912,2.863770004,first_gps,-0.050688508,-0.029408602
21.050000000,ann,False,True,True,True,200,2.317681586,3.327377514,2.317681586,3.327377514,3.114136387,0.127674540,2.352966307,2.921645129,first_gps,-0.050688508,-0.029408602
21.101000000,ann,False,True,True,True,200,2.164574490,3.254494683,2.164574490,3.254494683,3.156763226,0.180663690,2.385254525,2.855294174,first_gps,-0.050688508,-0.029408602
21.152000000,ann,False,True,True,True,200,2.193616714,3.304411449,2.193616714,3.304411449,3.185260137,0.215934767,2.288355587,2.991243852,first_gps,-0.050688508,-0.029408602
21.200000000,ann,False,True,True,True,200,1.998062259,3.094896468,1.998062259,3.094896468,3.228264897,0.268557704,2.142026911,2.983144383,first_gps,-0.050688508,-0.029408602
21.250000000,ann,False,True,True,True,200,2.108311107,3.311577525,2.108311107,3.311577525,3.257001793,0.303652226,2.257673982,2.952366202,first_gps,-0.050688508,-0.029408602
21.300000000,ann,False,True,True,True,200,1.949979929,3.288247804,1.949979929,3.288247804,3.300044400,0.356285022,2.166904303,2.828126554,first_gps,-0.050688508,-0.029408602
21.351000000,ann,False,True,True,True,200,2.050589601,3.336480613,2.050589601,3.336480613,3.328736020,0.391358940,2.071648934,2.986634450,first_gps,-0.050688508,-0.029408602
21.400000000,ann,False,True,True,True,200,2.045006803,3.307220995,2.045006803,3.307220995,3.357415132,0.426476130,1.982422860,3.093687062,first_gps,-0.050688508,-0.029408602
21.455000000,ann,False,True,True,True,200,2.011589381,3.332810202,2.011589381,3.332810202,3.400545822,0.479015418,2.081854746,3.101136455,first_gps,-0.050688508,-0.029408602
21.500000000,ann,False,True,True,True,200,1.946185541,3.351950508,1.946185541,3.351950508,3.429332012,0.514067821,2.035549819,3.037102773,first_gps,-0.050688508,-0.029408602
21.550000000,ann,False,True,True,True,200,1.901225232,3.349007772,1.901225232,3.349007772,3.472323155,0.566711371,1.651925125,2.775979846,first_gps,-0.050688508,-0.029408602
21.604000000,ann,False,True,True,True,200,1.852690898,3.352303544,1.852690898,3.352303544,3.515025020,0.619644854,1.796533445,2.962979072,first_gps,-0.050688508,-0.029408602
21.655000000,ann,False,True,True,True,200,1.867226757,3.385949490,1.867226757,3.385949490,3.543458357,0.654920370,1.867956970,2.989653458,first_gps,-0.050688508,-0.029408602
21.703000000,ann,False,True,True,True,200,1.870843012,3.370147223,1.870843012,3.370147223,3.571904337,0.690224300,1.637549738,2.995432168,first_gps,-0.050688508,-0.029408602
21.751000000,ann,False,True,True,True,200,1.690726573,3.353080257,1.690726573,3.353080257,3.614785223,0.743030068,1.794958372,2.845231576,first_gps,-0.050688508,-0.029408602
21.800000000,ann,False,True,True,True,200,1.746765375,3.421233083,1.746765375,3.421233083,3.657719363,0.795694460,1.548016871,3.015126816,first_gps,-0.050688508,-0.029408602
21.855000000,ann,False,True,True,True,200,1.634996352,3.187368332,1.634996352,3.187368332,3.686394398,0.830856939,1.715684935,2.956406644,first_gps,-0.050688508,-0.029408602
21.902000000,ann,False,True,True,True,200,1.641344694,3.392478557,1.641344694,3.392478557,3.715069013,0.865907475,1.723580247,2.772653763,first_gps,-0.050688508,-0.029408602
21.957000000,ann,False,True,True,True,200,1.679128190,3.407849048,1.679128190,3.407849048,3.758017857,0.918649484,1.416632927,2.967423267,first_gps,-0.050688508,-0.029408602
22.037000000,ann,False,True,True,True,200,1.493806675,3.203659554,1.493806675,3.203659554,3.829514375,1.006553935,1.422540656,2.971247572,first_gps,-0.050688508,-0.029408602
22.050000000,ann,False,True,True,True,200,1.478850515,3.206248687,1.478850515,3.206248687,3.843719490,1.024200836,1.422540656,2.971247572,first_gps,-0.050688508,-0.029408602
22.101000000,ann,False,True,True,True,200,1.593634452,3.431392176,1.593634452,3.431392176,3.857963912,1.041859183,1.368800244,3.010328618,first_gps,-0.050688508,-0.029408602
22.158000000,ann,False,True,True,True,200,1.477291136,3.439524715,1.477291136,3.439524715,3.900633416,1.094780843,1.336510826,2.985345413,first_gps,-0.050688508,-0.029408602
22.202000000,ann,False,True,True,True,200,1.476904693,3.414671408,1.476904693,3.414671408,3.943244739,1.147769454,1.361890370,3.085561392,first_gps,-0.050688508,-0.029408602
22.256000000,ann,False,True,True,True,200,1.448386883,3.465900275,1.448386883,3.465900275,3.971689126,1.183063380,1.049609230,3.120650769,first_gps,-0.050688508,-0.029408602
22.302000000,ann,False,True,True,True,200,1.393966297,3.472122159,1.393966297,3.472122159,4.014491213,1.235858392,1.314208125,3.034219458,first_gps,-0.050688508,-0.029408602
22.350000000,ann,False,True,True,True,200,1.400415605,3.468770329,1.400415605,3.468770329,4.043041618,1.271088399,1.300815101,3.141926827,first_gps,-0.050688508,-0.029408602
22.400000000,ann,False,True,True,True,200,1.323912407,3.488360578,1.323912407,3.488360578,4.085930166,1.323856847,1.290584492,3.027048733,first_gps,-0.050688508,-0.029408602
22.451000000,ann,False,True,True,True,200,1.301066676,3.483509113,1.301066676,3.483509113,4.114632618,1.358961306,1.096439429,2.939137662,first_gps,-0.050688508,-0.029408602
22.504000000,ann,False,True,True,True,200,1.042034041,3.252851694,1.042034041,3.252851694,4.143332653,1.394028731,1.115321336,3.035571989,first_gps,-0.050688508,-0.029408602
22.555000000,ann,False,True,True,True,200,1.265924877,3.490942386,1.265924877,3.490942386,4.186256955,1.446754330,0.839421476,3.220899860,first_gps,-0.050688508,-0.029408602
22.610000000,ann,False,True,True,True,200,1.023108629,3.469535360,1.023108629,3.469535360,4.229068440,1.499562669,0.975826970,3.225913823,first_gps,-0.050688508,-0.029408602
22.650000000,ann,False,True,True,True,200,1.209840529,3.493270585,1.209840529,3.493270585,4.257576234,1.534797647,0.696443573,2.951662147,first_gps,-0.050688508,-0.029408602
22.707000000,ann,False,True,True,True,200,0.880368887,3.244740252,0.880368887,3.244740252,4.314505626,1.605342549,0.835164980,2.992540036,first_gps,-0.050688508,-0.029408602
22.760000000,ann,False,True,True,True,200,0.853305693,3.275520986,0.853305693,3.275520986,4.342951678,1.640638196,0.758375481,2.954303646,first_gps,-0.050688508,-0.029408602
22.803000000,ann,False,True,True,True,200,1.092559497,3.532301195,1.092559497,3.532301195,4.371324449,1.676001997,0.970315388,3.203519694,first_gps,-0.050688508,-0.029408602
22.872000000,ann,False,True,True,True,200,1.015161096,3.553208772,1.015161096,3.553208772,4.413807748,1.729052959,0.605703754,2.892262806,first_gps,-0.050688508,-0.029408602
22.907000000,ann,False,True,True,True,200,1.004331837,3.562530298,1.004331837,3.562530298,4.456309489,1.782153238,0.770892372,2.920078338,first_gps,-0.050688508,-0.029408602
22.964000000,ann,False,True,True,True,200,0.887865009,3.495159408,0.887865009,3.495159408,4.484713644,1.817514931,0.568821857,2.955935626,first_gps,-0.050688508,-0.029408602
23.000000000,ann,False,True,True,True,200,0.978802270,3.559739129,0.978802270,3.559739129,4.498905295,1.835135033,0.626258567,3.145902948,first_gps,-0.050688508,-0.029408602
23.055000000,ann,False,True,True,True,200,0.664679812,3.301533145,0.664679812,3.301533145,4.541384114,1.888246593,0.309458444,3.056953174,first_gps,-0.050688508,-0.029408602
23.100000000,ann,False,True,True,True,200,0.629828612,3.504860842,0.629828612,3.504860842,4.597189117,1.959695192,0.478656088,3.165415882,first_gps,-0.050688508,-0.029408602
23.154000000,ann,False,True,True,True,200,0.617081687,3.504964523,0.617081687,3.504964523,4.610201246,1.978276976,0.214516336,3.112559250,first_gps,-0.050688508,-0.029408602
23.200000000,ann,False,True,True,True,200,0.581551937,3.330411550,0.581551937,3.330411550,4.634423667,2.016557297,0.274107734,3.088465028,first_gps,-0.050688508,-0.029408602
23.250000000,ann,False,True,True,True,200,0.558499399,3.312415487,0.558499399,3.312415487,4.666230961,2.076624293,0.405151286,3.192811235,first_gps,-0.050688508,-0.029408602
23.310000000,ann,False,True,True,True,200,0.513905763,3.354382477,0.513905763,3.354382477,4.692470559,2.139342016,0.272899160,3.054652337,first_gps,-0.050688508,-0.029408602
23.356000000,ann,False,True,True,True,200,0.722105246,3.373252982,0.722105246,3.373252982,4.706770039,2.182345229,0.163788356,3.071428454,first_gps,-0.050688508,-0.029408602
23.400000000,ann,False,True,True,True,200,0.443606697,3.356021209,0.443606697,3.356021209,4.718435720,2.226118188,0.115687100,2.858569809,first_gps,-0.050688508,-0.029408602
23.460000000,ann,False,True,True,True,200,0.528198257,3.333904584,0.528198257,3.333904584,4.731009431,2.292915100,0.156349247,2.792718657,first_gps,-0.050688508,-0.029408602
23.503000000,ann,False,True,True,True,200,0.663503969,3.302321288,0.663503969,3.302321288,4.735927407,2.337972620,0.081930905,3.105838119,first_gps,-0.050688508,-0.029408602
23.575000000,ann,False,True,True,True,200,0.218903561,3.240090399,0.218903561,3.240090399,4.737509227,2.428580189,-0.024179112,2.957627466,first_gps,-0.050688508,-0.029408602
23.603000000,ann,False,True,True,True,200,0.425449291,3.301391235,0.425449291,3.301391235,4.734113809,2.473762710,0.100256572,2.852660020,first_gps,-0.050688508,-0.029408602
23.651000000,ann,False,True,True,True,200,0.444067854,3.165019501,0.444067854,3.165019501,4.728058061,2.518680619,-0.192429669,3.100861928,first_gps,-0.050688508,-0.029408602
23.701000000,ann,False,True,True,True,200,0.284306470,3.067163619,0.284306470,3.067163619,4.714033895,2.585196529,0.100858768,2.952900311,first_gps,-0.050688508,-0.029408602
23.750000000,ann,False,True,True,True,200,0.278249179,3.028848177,0.278249179,3.028848177,4.701390660,2.628728936,-0.257228696,2.737592116,first_gps,-0.050688508,-0.029408602
23.801000000,ann,False,True,True,True,200,0.029177928,2.964861994,0.029177928,2.964861994,4.686255096,2.671423366,-0.032957689,2.745641250,first_gps,-0.050688508,-0.029408602
23.855000000,ann,False,True,True,True,200,0.048340122,2.956755659,0.048340122,2.956755659,4.658898488,2.733689422,-0.073960650,2.656905614,first_gps,-0.050688508,-0.029408602
23.902000000,ann,False,True,True,True,200,-0.023628840,2.734067484,-0.023628840,2.734067484,4.626053015,2.793171836,-0.092904348,2.829952186,first_gps,-0.050688508,-0.029408602
23.951000000,ann,False,True,True,True,200,-0.132646543,2.609188756,-0.132646543,2.609188756,4.574333738,2.867580713,-0.036038267,2.539066833,first_gps,-0.050688508,-0.029408602
24.001000000,ann,False,True,True,True,200,-0.153224574,2.591519923,-0.153224574,2.591519923,4.560089513,2.885212224,0.029958996,2.468467110,first_gps,-0.050688508,-0.029408602
24.056000000,ann,False,True,True,True,200,-0.476253578,2.511208310,-0.476253578,2.511208310,4.531626759,2.920451601,-0.153281331,2.526517877,first_gps,-0.050688508,-0.029408602
24.105000000,ann,False,True,True,True,200,-0.519019098,2.434434704,-0.519019098,2.434434704,4.488986038,2.973433264,0.142114028,2.342547184,first_gps,-0.050688508,-0.029408602
24.151000000,ann,False,True,True,True,200,-0.334786748,2.391746327,-0.334786748,2.391746327,4.460663144,3.008812330,0.045316962,2.269233325,first_gps,-0.050688508,-0.029408602
24.200000000,ann,False,True,True,True,200,-0.363846741,2.327230988,-0.363846741,2.327230988,4.432306727,3.044174151,-0.093633026,2.336113712,first_gps,-0.050688508,-0.029408602
24.250000000,ann,False,True,True,True,200,-0.295744793,2.283902201,-0.295744793,2.283902201,4.389979982,3.097388115,-0.078021597,2.466756525,first_gps,-0.050688508,-0.029408602
24.301000000,ann,False,True,True,True,200,-0.311604218,2.187330590,-0.311604218,2.187330590,4.347685832,3.150641709,0.082522816,2.400098363,first_gps,-0.050688508,-0.029408602
24.350000000,ann,False,True,True,True,200,-0.531034253,2.174137469,-0.531034253,2.174137469,4.319508506,3.186128065,0.137086600,2.241226290,first_gps,-0.050688508,-0.029408602
24.400000000,ann,False,True,True,True,200,-0.538855425,2.190938649,-0.538855425,2.190938649,4.277229192,3.239369975,-0.041761666,2.048288594,first_gps,-0.050688508,-0.029408602
24.451000000,ann,False,True,True,True,200,-0.337121025,2.063667109,-0.337121025,2.063667109,4.249048595,3.274923943,0.044077465,2.179180263,first_gps,-0.050688508,-0.029408602
24.500000000,ann,False,True,True,True,200,-0.590449410,2.069948836,-0.590449410,2.069948836,4.221044251,3.310542471,0.034763985,2.005037690,first_gps,-0.050688508,-0.029408602
24.552000000,ann,False,True,True,True,200,-0.317874736,2.103575860,-0.317874736,2.103575860,4.178949715,3.363929156,-0.119923171,1.911689151,first_gps,-0.050688508,-0.029408602
24.600000000,ann,False,True,True,True,200,-0.306247667,1.976158996,-0.306247667,1.976158996,4.136851073,3.417367284,-0.107989706,2.050417103,first_gps,-0.050688508,-0.029408602
24.650000000,ann,False,True,True,True,200,-0.347313297,1.932918694,-0.347313297,1.932918694,4.108801146,3.452941519,-0.011793089,1.712413699,first_gps,-0.050688508,-0.029408602
24.700000000,ann,False,True,True,True,200,-0.343080124,1.877070118,-0.343080124,1.877070118,4.080727215,3.488520452,-0.067483172,1.743008823,first_gps,-0.050688508,-0.029408602
24.756000000,ann,False,True,True,True,200,-0.355617615,1.786133391,-0.355617615,1.786133391,4.038591658,3.541868774,0.091944009,1.783117896,first_gps,-0.050688508,-0.029408602
24.805000000,ann,False,True,True,True,200,-0.327334147,1.852836380,-0.327334147,1.852836380,3.996406466,3.595196366,0.023198417,1.685280631,first_gps,-0.050688508,-0.029408602
24.850000000,ann,False,True,True,True,200,-0.359646326,1.684574972,-0.359646326,1.684574972,3.968279446,3.630736240,-0.063345448,1.837467969,first_gps,-0.050688508,-0.029408602
24.907000000,ann,False,True,True,True,200,-0.610989603,1.623925073,-0.610989603,1.623925073,3.926065818,3.684037287,0.080410046,1.622790018,first_gps,-0.050688508,-0.029408602
24.952000000,ann,False,True,True,True,200,-0.476522315,1.595957315,-0.476522315,1.595957315,3.897890511,3.719569817,-0.012667052,1.572191456,first_gps,-0.050688508,-0.029408602
25.010000000,ann,False,True,True,True,200,-0.651207326,1.546946547,-0.651207326,1.546946547,3.855669120,3.772898981,-0.112944375,1.409666600,first_gps,-0.050688508,-0.029408602
25.052000000,ann,False,True,True,True,200,-0.506719184,1.546257639,-0.506719184,1.546257639,3.827533440,3.808415673,0.063327838,1.431102837,first_gps,-0.050688508,-0.029408602
25.100000000,ann,False,True,True,True,200,-0.374436591,1.471831252,-0.374436591,1.471831252,3.799364024,3.843884639,0.208325414,1.437173193,first_gps,-0.050688508,-0.029408602
25.151000000,ann,False,True,True,True,200,-0.412644052,1.401467769,-0.412644052,1.401467769,3.757192401,3.897252905,-0.013686686,1.488615285,first_gps,-0.050688508,-0.029408602
25.200000000,ann,False,True,True,True,200,-0.403449265,1.329353566,-0.403449265,1.329353566,3.729168332,3.932874492,0.125344640,1.299426797,first_gps,-0.050688508,-0.029408602
25.251000000,ann,False,True,True,True,200,-0.372745620,1.312035795,-0.372745620,1.312035795,3.686984900,3.986203579,0.129266495,1.269038358,first_gps,-0.050688508,-0.029408602
25.300000000,ann,False,True,True,True,200,-0.370168186,1.269646258,-0.370168186,1.269646258,3.658748912,4.021662163,-0.099246717,1.129761467,first_gps,-0.050688508,-0.029408602
25.350000000,ann,False,True,True,True,200,-0.347584026,1.222935531,-0.347584026,1.222935531,3.616354592,4.074834164,-0.130618353,1.251834246,first_gps,-0.050688508,-0.029408602
25.400000000,ann,False,True,True,True,200,-0.363279383,1.158751500,-0.363279383,1.158751500,3.588100477,4.110223690,0.023651566,1.106865274,first_gps,-0.050688508,-0.029408602
25.450000000,ann,False,True,True,True,200,-0.367366806,1.083427483,-0.367366806,1.083427483,3.545606022,4.163335387,0.104089608,0.947274435,first_gps,-0.050688508,-0.029408602
25.501000000,ann,False,True,True,True,200,-0.293118764,1.216297214,-0.293118764,1.216297214,3.517359166,4.198797594,-0.026235841,1.110919651,first_gps,-0.050688508,-0.029408602
25.550000000,ann,False,True,True,True,200,-0.432262920,1.039326831,-0.432262920,1.039326831,3.475163948,4.252127634,0.036406453,1.046621007,first_gps,-0.050688508,-0.029408602
25.601000000,ann,False,True,True,True,200,-0.300933178,1.015012007,-0.300933178,1.015012007,3.433025029,4.305453113,-0.097774115,0.946287038,first_gps,-0.050688508,-0.029408602
25.652000000,ann,False,True,True,True,200,-0.347653803,0.935116254,-0.347653803,0.935116254,3.404910744,4.340972253,0.012785691,1.006838116,first_gps,-0.050688508,-0.029408602
25.704000000,ann,False,True,True,True,200,-0.396092220,0.897074269,-0.396092220,0.897074269,3.362562760,4.394204976,0.033754153,0.840135473,first_gps,-0.050688508,-0.029408602
25.752000000,ann,False,True,True,True,200,-0.329498719,0.863819922,-0.329498719,0.863819922,3.334244222,4.429602444,0.137077937,0.870956550,first_gps,-0.050688508,-0.029408602
25.800000000,ann,False,True,True,True,200,-0.281490054,0.820115140,-0.281490054,0.820115140,3.305844247,4.464952145,0.094804738,0.731446294,first_gps,-0.050688508,-0.029408602
25.851000000,ann,False,True,True,True,200,-0.467340111,0.775978843,-0.467340111,0.775978843,3.263393319,4.518055638,-0.030067616,1.084950376,first_gps,-0.050688508,-0.029408602
25.900000000,ann,False,True,True,True,200,-0.295528138,0.711119064,-0.295528138,0.711119064,3.219489353,4.569946187,0.185269453,0.641941974,first_gps,-0.050688508,-0.029408602
25.950000000,ann,False,True,True,True,200,-0.180206010,0.686171135,-0.180206010,0.686171135,3.187745076,4.602254833,0.115912255,0.604765374,first_gps,-0.050688508,-0.029408602
26.001000000,ann,False,True,True,True,200,-0.443944978,0.536398624,-0.443944978,0.536398624,3.136824706,4.647345139,0.167824790,0.503046697,first_gps,-0.050688508,-0.029408602
26.050000000,ann,False,True,True,True,200,-0.404020962,0.484234164,-0.404020962,0.484234164,3.100778796,4.674746446,0.218936909,0.553667088,first_gps,-0.050688508,-0.029408602
26.101000000,ann,False,True,True,True,200,-0.089758928,0.416881312,-0.089758928,0.416881312,3.043650631,4.711636820,0.203508310,0.541775465,first_gps,-0.050688508,-0.029408602
26.150000000,ann,False,True,True,True,200,-0.339100650,0.317685703,-0.339100650,0.317685703,3.003908840,4.733367359,0.316621743,0.475203165,first_gps,-0.050688508,-0.029408602
26.203000000,ann,False,True,True,True,200,-0.092927435,0.245859118,-0.092927435,0.245859118,2.941983073,4.761425667,0.272241145,0.361868436,first_gps,-0.050688508,-0.029408602
26.257000000,ann,False,True,True,True,200,0.025657840,0.194346122,0.025657840,0.194346122,2.877739111,4.783663695,0.121682480,0.238110199,first_gps,-0.050688508,-0.029408602
26.301000000,ann,False,True,True,True,200,-0.096180147,0.116339267,-0.096180147,0.116339267,2.834527799,4.797364714,0.477387894,0.264192201,first_gps,-0.050688508,-0.029408602
26.350000000,ann,False,True,True,True,200,0.021275392,0.097415408,0.021275392,0.097415408,2.791300503,4.810975229,0.367422228,0.395848980,first_gps,-0.050688508,-0.029408602
26.400000000,ann,False,True,True,True,200,0.031274276,0.062118351,0.031274276,0.062118351,2.748066615,4.824576603,0.371653568,0.390106042,first_gps,-0.050688508,-0.029408602
26.459000000,ann,False,True,True,True,200,0.144646261,0.044668826,0.144646261,0.044668826,2.683248341,4.845127663,0.557571004,0.365181894,first_gps,-0.050688508,-0.029408602
26.500000000,ann,False,True,True,True,200,0.110279690,0.020503221,0.110279690,0.020503221,2.640051849,4.858860405,0.449942544,0.362239390,first_gps,-0.050688508,-0.029408602
26.550000000,ann,False,True,True,True,200,0.043628014,0.065123974,0.043628014,0.065123974,2.575183787,4.879309631,0.448577761,0.159164010,first_gps,-0.050688508,-0.029408602
26.600000000,ann,False,True,True,True,200,0.045512529,0.053186558,0.045512529,0.053186558,2.531942463,4.892796856,0.468073752,0.230261902,first_gps,-0.050688508,-0.029408602
26.652000000,ann,False,True,True,True,200,0.182864716,-0.009135418,0.182864716,-0.009135418,2.465955280,4.909093576,0.617851150,0.180425111,first_gps,-0.050688508,-0.029408602
26.703000000,ann,False,True,True,True,200,0.424161578,-0.059688665,0.424161578,-0.059688665,2.398770131,4.919379614,0.523963001,-0.057513277,first_gps,-0.050688508,-0.029408602
26.751000000,ann,False,True,True,True,200,0.342647850,-0.038417321,0.342647850,-0.038417321,2.353538165,4.922841809,0.537394967,-0.002902655,first_gps,-0.050688508,-0.029408602
26.807000000,ann,False,True,True,True,200,0.544503263,-0.112918617,0.544503263,-0.112918617,2.285603457,4.922770561,0.720192620,0.006179430,first_gps,-0.050688508,-0.029408602
26.850000000,ann,False,True,True,True,200,0.691463359,-0.132474916,0.691463359,-0.132474916,2.240382740,4.919417453,0.827153293,-0.036199756,first_gps,-0.050688508,-0.029408602
26.900000000,ann,False,True,True,True,200,0.745188803,-0.113649221,0.745188803,-0.113649221,2.195391224,4.914003849,0.749337734,0.087940255,first_gps,-0.050688508,-0.029408602
26.951000000,ann,False,True,True,True,200,0.741096246,-0.177842604,0.741096246,-0.177842604,2.128014749,4.904946077,0.714931246,0.060461209,first_gps,-0.050688508,-0.029408602
27.000000000,ann,False,True,True,True,200,0.865671169,-0.189459580,0.865671169,-0.189459580,2.060850694,4.894364025,0.900482136,0.182171445,first_gps,-0.050688508,-0.029408602
27.050000000,ann,False,True,True,True,200,0.856527579,-0.072624243,0.856527579,-0.072624243,2.016072540,4.887216573,0.784785736,-0.018483193,first_gps,-0.050688508,-0.029408602
27.100000000,ann,False,True,True,True,200,0.911508069,-0.075989804,0.911508069,-0.075989804,1.971323064,4.879987195,0.885285697,0.010906843,first_gps,-0.050688508,-0.029408602
27.151000000,ann,False,True,True,True,200,0.924300158,-0.158216578,0.924300158,-0.158216578,1.904216872,4.869124129,1.170490774,-0.015018695,first_gps,-0.050688508,-0.029408602
27.200000000,ann,False,True,True,True,200,0.989088152,-0.047602230,0.989088152,-0.047602230,1.837095110,4.858099441,1.235879971,-0.021442215,first_gps,-0.050688508,-0.029408602
27.250000000,ann,False,True,True,True,200,1.036327990,-0.155290910,1.036327990,-0.155290910,1.792404256,4.850613327,1.092571557,0.072122070,first_gps,-0.050688508,-0.029408602
27.304000000,ann,False,True,True,True,200,1.014205905,-0.089494119,1.014205905,-0.089494119,1.725369213,4.839243131,1.326412061,0.041420657,first_gps,-0.050688508,-0.029408602
27.350000000,ann,False,True,True,True,200,1.061308089,-0.121981292,1.061308089,-0.121981292,1.680735831,4.831569750,1.170518360,-0.062281085,first_gps,-0.050688508,-0.029408602
27.400000000,ann,False,True,True,True,200,1.130571947,-0.120090024,1.130571947,-0.120090024,1.613699794,4.819958575,1.363938472,0.069269026,first_gps,-0.050688508,-0.029408602
27.450000000,ann,False,True,True,True,200,1.175817659,-0.117330973,1.175817659,-0.117330973,1.569036779,4.812101456,1.333133568,-0.132212653,first_gps,-0.050688508,-0.029408602
27.502000000,ann,False,True,True,True,200,1.226932941,-0.112142411,1.226932941,-0.112142411,1.502072707,4.800462952,1.441569083,0.205694827,first_gps,-0.050688508,-0.029408602
27.551000000,ann,False,True,True,True,200,1.230763944,-0.083816546,1.230763944,-0.083816546,1.457406847,4.792713748,1.491713839,-0.076025109,first_gps,-0.050688508,-0.029408602
27.605000000,ann,False,True,True,True,200,1.352659860,-0.082887772,1.352659860,-0.082887772,1.412759442,4.784971029,1.473688854,0.244850782,first_gps,-0.050688508,-0.029408602
27.656000000,ann,False,True,True,True,200,1.355479088,-0.102294937,1.355479088,-0.102294937,1.345711729,4.773682197,1.493615525,-0.031810338,first_gps,-0.050688508,-0.029408602
27.708000000,ann,False,True,True,True,200,1.371038631,-0.089848564,1.371038631,-0.089848564,1.278664478,4.762270814,1.648171113,-0.180781889,first_gps,-0.050688508,-0.029408602
27.750000000,ann,False,True,True,True,200,1.380170925,0.029352145,1.380170925,0.029352145,1.234025257,4.754514836,1.684443701,-0.188690391,first_gps,-0.050688508,-0.029408602
27.800000000,ann,False,True,True,True,200,1.508538657,-0.067155209,1.508538657,-0.067155209,1.189383039,4.746708202,1.732788596,-0.130526919,first_gps,-0.050688508,-0.029408602
27.850000000,ann,False,True,True,True,200,1.447456164,0.022015540,1.447456164,0.022015540,1.122341901,4.735068455,1.736771147,0.001750415,first_gps,-0.050688508,-0.029408602
27.900000000,ann,False,True,True,True,200,1.493797699,-0.059729864,1.493797699,-0.059729864,1.077672015,4.727420914,1.765486271,0.007070773,first_gps,-0.050688508,-0.029408602
27.952000000,ann,False,True,True,True,200,1.579256434,0.081269107,1.579256434,0.081269107,1.010702986,4.715857173,1.809670997,-0.018685669,first_gps,-0.050688508,-0.029408602
28.000000000,ann,False,True,True,True,200,1.567162156,0.082802756,1.567162156,0.082802756,0.966024865,4.708224520,1.967361805,-0.043647180,first_gps,-0.050688508,-0.029408602
28.050000000,ann,False,True,True,True,200,1.639015433,0.002794688,1.639015433,0.002794688,0.898998457,4.696816320,1.991169203,-0.166251195,first_gps,-0.050688508,-0.029408602
28.100000000,ann,False,True,True,True,200,1.710903996,0.110086871,1.710903996,0.110086871,0.832027033,4.685123602,1.863138420,-0.198514772,first_gps,-0.050688508,-0.029408602
28.151000000,ann,False,True,True,True,200,1.718501013,-0.046038209,1.718501013,-0.046038209,0.787354818,4.677342940,1.950315553,-0.022463251,first_gps,-0.050688508,-0.029408602
28.202000000,ann,False,True,True,True,200,1.859813886,-0.046010977,1.859813886,-0.046010977,0.720332244,4.665772866,2.047207423,-0.210630200,first_gps,-0.050688508,-0.029408602
28.250000000,ann,False,True,True,True,200,1.668568327,-0.035347351,1.668568327,-0.035347351,0.675652640,4.658181445,2.157552841,-0.293610996,first_gps,-0.050688508,-0.029408602
28.300000000,ann,False,True,True,True,200,1.849273595,-0.011834075,1.849273595,-0.011834075,0.608639322,4.646854236,2.479155305,-0.006493750,first_gps,-0.050688508,-0.029408602
28.350000000,ann,False,True,True,True,200,1.814229139,0.039695823,1.814229139,0.039695823,0.563931423,4.639242470,2.217851520,-0.094008325,first_gps,-0.050688508,-0.029408602
28.400000000,ann,False,True,True,True,200,1.948598183,0.158946518,1.948598183,0.158946518,0.519251359,4.631632883,2.238797102,-0.136192121,first_gps,-0.050688508,-0.029408602
28.450000000,ann,False,True,True,True,200,1.978185190,0.102553522,1.978185190,0.102553522,0.452580604,4.618248031,2.304322714,-0.193829574,first_gps,-0.050688508,-0.029408602
28.505000000,ann,False,True,True,True,200,2.234024654,0.120215321,2.234024654,0.120215321,0.387437911,4.598984000,2.434573441,-0.075492896,first_gps,-0.050688508,-0.029408602
28.550000000,ann,False,True,True,True,200,2.442194180,0.057009329,2.442194180,0.057009329,0.345050558,4.582947020,2.269389285,-0.167183925,first_gps,-0.050688508,-0.029408602
28.600000000,ann,False,True,True,True,200,2.520174850,0.071489713,2.520174850,0.071489713,0.283377804,4.554361596,2.436232425,0.005638216,first_gps,-0.050688508,-0.029408602
28.650000000,ann,False,True,True,True,200,2.690039284,0.119325358,2.690039284,0.119325358,0.224656797,4.520099608,2.524079285,-0.092808329,first_gps,-0.050688508,-0.029408602
28.700000000,ann,False,True,True,True,200,2.780219268,0.151211646,2.780219268,0.151211646,0.205772693,4.507554722,2.676594409,0.019083372,first_gps,-0.050688508,-0.029408602
28.750000000,ann,False,True,True,True,200,2.927321859,0.228344049,2.927321859,0.228344049,0.151393709,4.466778460,2.688462827,0.029416625,first_gps,-0.050688508,-0.029408602
28.800000000,ann,False,True,True,True,200,3.203075566,0.409200304,3.203075566,0.409200304,0.100658952,4.421559418,2.610292443,-0.015925202,first_gps,-0.050688508,-0.029408602
28.851000000,ann,False,True,True,True,200,3.185889529,0.291101876,3.185889529,0.291101876,0.067710400,4.390394802,2.735504831,0.118430654,first_gps,-0.050688508,-0.029408602
28.909000000,ann,False,True,True,True,200,3.270243969,0.350587166,3.270243969,0.350587166,0.021211971,4.340851368,2.711334114,0.084608529,first_gps,-0.050688508,-0.029408602
28.950000000,ann,False,True,True,True,200,3.394059885,0.409636489,3.394059885,0.409636489,-0.007241940,4.305552510,2.640829923,0.077112378,first_gps,-0.050688508,-0.029408602
29.000000000,ann,False,True,True,True,200,3.427591261,0.445081681,3.427591261,0.445081681,-0.033562917,4.268689914,2.706535619,0.233877355,first_gps,-0.050688508,-0.029408602
29.056000000,ann,False,True,True,True,200,3.537202966,0.499070901,3.537202966,0.499070901,-0.068646475,4.210434347,2.629878288,0.297686942,first_gps,-0.050688508,-0.029408602
29.100000000,ann,False,True,True,True,200,3.626886891,0.597752826,3.626886891,0.597752826,-0.089602600,4.170229928,2.803945886,0.141685611,first_gps,-0.050688508,-0.029408602
29.150000000,ann,False,True,True,True,200,3.595054501,0.664753495,3.595054501,0.664753495,-0.120059546,4.109479311,2.981369233,0.289144751,first_gps,-0.050688508,-0.029408602
29.203000000,ann,False,True,True,True,200,3.645645476,0.697780572,3.645645476,0.697780572,-0.145447412,4.046423864,3.103391183,0.395348177,first_gps,-0.050688508,-0.029408602
29.251000000,ann,False,True,True,True,200,3.713460518,0.803918552,3.713460518,0.803918552,-0.159123295,4.003212944,2.984763197,0.279692657,first_gps,-0.050688508,-0.029408602
29.300000000,ann,False,True,True,True,200,3.650230682,0.782139213,3.650230682,0.782139213,-0.171983966,3.959756495,2.942976759,0.461686058,first_gps,-0.050688508,-0.029408602
29.350000000,ann,False,True,True,True,200,3.633710161,0.837293027,3.633710161,0.837293027,-0.190439279,3.894287094,2.976352730,0.568675667,first_gps,-0.050688508,-0.029408602
29.400000000,ann,False,True,True,True,200,3.666729986,0.896803901,3.666729986,0.896803901,-0.205616054,3.828027404,2.945413562,0.601794516,first_gps,-0.050688508,-0.029408602
29.450000000,ann,False,True,True,True,200,3.674673468,0.954018157,3.674673468,0.954018157,-0.215788222,3.783860056,3.119134981,0.625832835,first_gps,-0.050688508,-0.029408602
29.500000000,ann,False,True,True,True,200,3.600267572,0.980334565,3.600267572,0.980334565,-0.226099045,3.739716442,2.693583148,0.597243072,first_gps,-0.050688508,-0.029408602
29.552000000,ann,False,True,True,True,200,3.646342934,1.034489503,3.646342934,1.034489503,-0.241736660,3.673549521,2.777885775,0.788424357,first_gps,-0.050688508,-0.029408602
29.601000000,ann,False,True,True,True,200,3.632225629,1.124296681,3.632225629,1.124296681,-0.257318461,3.607368756,3.003303536,0.503313075,first_gps,-0.050688508,-0.029408602
29.650000000,ann,False,True,True,True,200,3.664302754,1.206038510,3.664302754,1.206038510,-0.267631541,3.563238458,2.963077082,0.803334279,first_gps,-0.050688508,-0.029408602
29.700000000,ann,False,True,True,True,200,3.653204101,1.244025708,3.653204101,1.244025708,-0.278148700,3.519141052,2.831847369,0.685094725,first_gps,-0.050688508,-0.029408602
29.750000000,ann,False,True,True,True,200,3.653461919,1.291251172,3.653461919,1.291251172,-0.289702684,3.452154614,3.064079094,0.805001913,first_gps,-0.050688508,-0.029408602
29.800000000,ann,False,True,True,True,200,3.672265761,1.358886893,3.672265761,1.358886893,-0.295973000,3.407234656,3.013314223,0.920290209,first_gps,-0.050688508,-0.029408602
29.850000000,ann,False,True,True,True,200,3.614552207,1.393636231,3.614552207,1.393636231,-0.305024853,3.339861632,3.055675672,1.098398709,first_gps,-0.050688508,-0.029408602
29.903000000,ann,False,True,True,True,200,3.703050060,1.539829145,3.703050060,1.539829145,-0.317057473,3.250020006,2.942350941,1.106332117,first_gps,-0.050688508,-0.029408602
29.958000000,ann,False,True,True,True,200,3.598216949,1.516545873,3.598216949,1.516545873,-0.320006678,3.227542709,2.926428112,1.049855081,first_gps,-0.050688508,-0.029408602
30.045000000,ann,False,True,True,True,200,3.603596913,1.636851446,3.603596913,1.636851446,-0.334831425,3.115216732,2.756190019,1.204813609,first_gps,-0.050688508,-0.029408602
30.081000000,ann,False,True,True,True,200,3.591812347,1.662651388,3.591812347,1.662651388,-0.337797628,3.092732752,3.001860159,1.156867309,first_gps,-0.050688508,-0.029408602
30.119000000,ann,False,True,True,True,200,3.592661834,1.758381194,3.592661834,1.758381194,-0.349969502,3.002897930,2.859919963,1.227528322,first_gps,-0.050688508,-0.029408602
30.158000000,ann,False,True,True,True,200,3.617225413,1.813690021,3.617225413,1.813690021,-0.356089026,2.957997060,3.102221457,1.343411331,first_gps,-0.050688508,-0.029408602
30.212000000,ann,False,True,True,True,200,3.584819608,1.863512499,3.584819608,1.863512499,-0.365581551,2.890674262,2.882339968,1.207511589,first_gps,-0.050688508,-0.029408602
30.281000000,ann,False,True,True,True,200,3.649168709,1.930779585,3.649168709,1.930779585,-0.368675633,2.868188110,3.037245145,1.287145390,first_gps,-0.050688508,-0.029408602
30.301000000,ann,False,True,True,True,200,3.603838514,1.922031655,3.603838514,1.922031655,-0.374912207,2.823294378,3.150572852,1.322910503,first_gps,-0.050688508,-0.029408602
30.352000000,ann,False,True,True,True,200,3.593815862,2.046727311,3.593815862,2.046727311,-0.387359017,2.733512835,2.872389965,1.474186867,first_gps,-0.050688508,-0.029408602
30.411000000,ann,False,True,True,True,200,3.634062219,2.117648713,3.634062219,2.117648713,-0.396931030,2.666198743,3.035266357,1.537387993,first_gps,-0.050688508,-0.029408602
30.497000000,ann,False,True,True,True,200,3.577297362,2.134264243,3.577297362,2.134264243,-0.403244416,2.621313103,2.902378701,1.584198561,first_gps,-0.050688508,-0.029408602
30.507000000,ann,False,True,True,True,200,3.578036253,2.157271675,3.578036253,2.157271675,-0.406336117,2.598851699,2.889804429,1.687020556,first_gps,-0.050688508,-0.029408602
30.563000000,ann,False,True,True,True,200,3.600883495,2.220464271,3.600883495,2.220464271,-0.409391744,2.576398685,2.928627873,1.675333465,first_gps,-0.050688508,-0.029408602
30.601000000,ann,False,True,True,True,200,3.575282623,2.281809797,3.575282623,2.281809797,-0.421588136,2.486583859,3.112287723,1.762713631,first_gps,-0.050688508,-0.029408602
30.655000000,ann,False,True,True,True,200,3.654865318,2.330317635,3.654865318,2.330317635,-0.427562345,2.441631088,2.816659327,1.674038031,first_gps,-0.050688508,-0.029408602
30.700000000,ann,False,True,True,True,200,3.580859311,2.376102254,3.580859311,2.376102254,-0.433511782,2.396680142,2.713527768,1.706522710,first_gps,-0.050688508,-0.029408602
30.751000000,ann,False,True,True,True,200,3.596817032,2.414776487,3.596817032,2.414776487,-0.442542353,2.329309258,2.959397540,1.926387552,first_gps,-0.050688508,-0.029408602
30.802000000,ann,False,True,True,True,200,3.647522471,2.491550885,3.647522471,2.491550885,-0.451642391,2.261922257,3.044827813,1.827760295,first_gps,-0.050688508,-0.029408602
30.853000000,ann,False,True,True,True,200,3.612397040,2.518696634,3.612397040,2.518696634,-0.457712913,2.217023295,3.045643594,2.027108017,first_gps,-0.050688508,-0.029408602
30.900000000,ann,False,True,True,True,200,3.656275509,2.620277611,3.656275509,2.620277611,-0.466863998,2.149629646,3.114667054,1.929272785,first_gps,-0.050688508,-0.029408602
30.950000000,ann,False,True,True,True,200,3.598335400,2.668400358,3.598335400,2.668400358,-0.472982506,2.104708896,2.972619387,2.129202615,first_gps,-0.050688508,-0.029408602
31.000000000,ann,False,True,True,True,200,3.597396145,2.715469457,3.597396145,2.715469457,-0.482237002,2.037351376,2.841665082,2.023401502,first_gps,-0.050688508,-0.029408602
31.053000000,ann,False,True,True,True,200,3.602895213,2.772290507,3.602895213,2.772290507,-0.488258816,1.992410611,3.227307426,2.163844554,first_gps,-0.050688508,-0.029408602
31.100000000,ann,False,True,True,True,200,3.618762508,2.823005438,3.618762508,2.823005438,-0.494271917,1.947519618,2.767006455,2.069955063,first_gps,-0.050688508,-0.029408602
31.151000000,ann,False,True,True,True,200,3.583539776,2.844559702,3.583539776,2.844559702,-0.503553604,1.880144452,2.941388913,2.243181933,first_gps,-0.050688508,-0.029408602
31.203000000,ann,False,True,True,True,200,3.632031955,2.936497976,3.632031955,2.936497976,-0.510951658,1.812572839,2.827857673,2.316575929,first_gps,-0.050688508,-0.029408602
31.250000000,ann,False,True,True,True,200,3.652367322,3.007407484,3.652367322,3.007407484,-0.512394678,1.767291866,3.012897134,2.238062305,first_gps,-0.050688508,-0.029408602
31.300000000,ann,False,True,True,True,200,3.591765056,3.086821517,3.591765056,3.086821517,-0.509274827,1.699370826,3.115482171,2.286971553,first_gps,-0.050688508,-0.029408602
31.352000000,ann,False,True,True,True,200,3.626134625,3.145899392,3.626134625,3.145899392,-0.503722095,1.654399813,2.964616938,2.433295632,first_gps,-0.050688508,-0.029408602
31.400000000,ann,False,True,True,True,200,3.582485810,3.208431775,3.582485810,3.208431775,-0.495514159,1.609823815,3.019718510,2.544811954,first_gps,-0.050688508,-0.029408602
31.451000000,ann,False,True,True,True,200,3.555852596,3.290074774,3.555852596,3.290074774,-0.478235375,1.544081708,3.079995054,2.343931161,first_gps,-0.050688508,-0.029408602
31.500000000,ann,False,True,True,True,200,3.506791030,3.334360821,3.506791030,3.334360821,-0.455165078,1.480145543,2.736580293,2.641286305,first_gps,-0.050688508,-0.029408602
31.550000000,ann,False,True,True,True,200,3.327512718,3.416086099,3.327512718,3.416086099,-0.436578355,1.438795605,2.927327919,2.501679396,first_gps,-0.050688508,-0.029408602
31.600000000,ann,False,True,True,True,200,3.458758563,3.456506214,3.458758563,3.456506214,-0.415416306,1.398694620,2.782308228,2.632492813,first_gps,-0.050688508,-0.029408602
31.650000000,ann,False,True,True,True,200,3.221363623,3.509339088,3.221363623,3.509339088,-0.379297936,1.341123499,2.849913302,2.616853304,first_gps,-0.050688508,-0.029408602
31.700000000,ann,False,True,True,True,200,3.113286837,3.531302954,3.113286837,3.531302954,-0.352383488,1.304669916,2.800202653,2.611454103,first_gps,-0.050688508,-0.029408602
31.750000000,ann,False,True,True,True,200,3.210374829,3.602247202,3.210374829,3.602247202,-0.309678201,1.251767525,2.589482509,2.767684424,first_gps,-0.050688508,-0.029408602
31.800000000,ann,False,True,True,True,200,2.997383533,3.621178268,2.997383533,3.621178268,-0.266919196,1.198926260,2.621588775,2.689557228,first_gps,-0.050688508,-0.029408602
31.850000000,ann,False,True,True,True,200,2.897300382,3.650855880,2.897300382,3.650855880,-0.238401442,1.163667714,2.366889972,2.820019765,first_gps,-0.050688508,-0.029408602
31.901000000,ann,False,True,True,True,200,2.878950173,3.688227494,2.878950173,3.688227494,-0.195749543,1.110736138,2.466637555,2.778535639,first_gps,-0.050688508,-0.029408602
31.950000000,ann,False,True,True,True,200,2.883501003,3.727585819,2.883501003,3.727585819,-0.167443269,1.075282561,2.402104544,2.714844917,first_gps,-0.050688508,-0.029408602
32.004000000,ann,False,True,True,True,200,2.949886525,3.776250207,2.949886525,3.776250207,-0.125161250,1.022096768,2.431320686,2.648938859,first_gps,-0.050688508,-0.029408602
32.054000000,ann,False,True,True,True,200,2.824293500,3.795856514,2.824293500,3.795856514,-0.096882999,0.986657586,2.560497839,2.794434091,first_gps,-0.050688508,-0.029408602
32.100000000,ann,False,True,True,True,200,2.840425300,3.859116632,2.840425300,3.859116632,-0.053804640,0.934073037,2.256302904,2.866501406,first_gps,-0.050688508,-0.029408602
32.154000000,ann,False,True,True,True,200,2.693898980,3.882330372,2.693898980,3.882330372,-0.022784477,0.901026407,2.328320269,2.991619666,first_gps,-0.050688508,-0.029408602
32.202000000,ann,False,True,True,True,200,2.502488940,3.900547614,2.502488940,3.900547614,0.027222121,0.854985631,2.240258807,2.978128296,first_gps,-0.050688508,-0.029408602
32.250000000,ann,False,True,True,True,200,2.537756052,3.927858466,2.537756052,3.927858466,0.062796154,0.826884729,2.472382148,3.026440838,first_gps,-0.050688508,-0.029408602
32.300000000,ann,False,True,True,True,200,2.409288268,3.983030295,2.409288268,3.983030295,0.100008534,0.801015006,2.324974914,3.054616772,first_gps,-0.050688508,-0.029408602
32.350000000,ann,False,True,True,True,200,2.376107171,4.004502516,2.376107171,4.004502516,0.156506287,0.763189931,2.134755064,2.989026133,first_gps,-0.050688508,-0.029408602
32.400000000,ann,False,True,True,True,200,2.296424031,4.029172463,2.296424031,4.029172463,0.194200238,0.738058606,2.210593047,3.008050068,first_gps,-0.050688508,-0.029408602
32.452000000,ann,False,True,True,True,200,2.323140724,4.035488473,2.323140724,4.035488473,0.250819747,0.700370137,2.043107887,2.902168778,first_gps,-0.050688508,-0.029408602
32.500000000,ann,False,True,True,True,200,2.230673809,4.034851478,2.230673809,4.034851478,0.288520841,0.675195584,2.054982980,2.959910150,first_gps,-0.050688508,-0.029408602
32.550000000,ann,False,True,True,True,200,2.203471065,4.048362148,2.203471065,4.048362148,0.345073672,0.637489054,1.915035913,2.889778484,first_gps,-0.050688508,-0.029408602
32.600000000,ann,False,True,True,True,200,2.080084385,4.093037455,2.080084385,4.093037455,0.382845135,0.612380226,1.946262480,3.027990743,first_gps,-0.050688508,-0.029408602
32.652000000,ann,False,True,True,True,200,2.063025753,4.112198173,2.063025753,4.112198173,0.439557510,0.574843790,1.746227788,3.032066808,first_gps,-0.050688508,-0.029408602
32.702000000,ann,False,True,True,True,200,1.988995214,4.159428425,1.988995214,4.159428425,0.496278247,0.537428140,1.984804228,3.111361401,first_gps,-0.050688508,-0.029408602
32.753000000,ann,False,True,True,True,200,1.961696168,4.147706705,1.961696168,4.147706705,0.534138107,0.512481278,1.616310976,3.030351869,first_gps,-0.050688508,-0.029408602
32.803000000,ann,False,True,True,True,200,1.980115705,4.197390251,1.980115705,4.197390251,0.590962506,0.475131177,1.623906689,3.075015286,first_gps,-0.050688508,-0.029408602
32.850000000,ann,False,True,True,True,200,1.918575175,4.215234979,1.918575175,4.215234979,0.628862324,0.450267854,1.785991308,2.975824676,first_gps,-0.050688508,-0.029408602
32.906000000,ann,False,True,True,True,200,1.244615158,4.193255820,1.244615158,4.193255820,0.686077876,0.413532016,1.634579796,3.107483238,first_gps,-0.050688508,-0.029408602
32.952000000,ann,False,True,True,True,200,1.858368311,4.263575121,1.858368311,4.263575121,0.725335672,0.390892941,1.450718005,3.051815527,first_gps,-0.050688508,-0.029408602
33.000000000,ann,False,True,True,True,200,1.220343674,4.250474260,1.220343674,4.250474260,0.764578665,0.368218594,1.769358912,3.109070897,first_gps,-0.050688508,-0.029408602
33.050000000,ann,False,True,True,True,200,1.880135488,4.312094604,1.880135488,4.312094604,0.823477725,0.334226992,1.445951152,3.031731166,first_gps,-0.050688508,-0.029408602
33.102000000,ann,False,True,True,True,200,1.102279819,4.264682876,1.102279819,4.264682876,0.882416652,0.300381077,1.493083685,3.212787497,first_gps,-0.050688508,-0.029408602
33.150000000,ann,False,True,True,True,200,1.066576652,4.282034117,1.066576652,4.282034117,0.921740454,0.277800702,1.466814622,2.960070893,first_gps,-0.050688508,-0.029408602
33.202000000,ann,False,True,True,True,200,1.667092938,4.344215581,1.667092938,4.344215581,0.960996252,0.255138812,1.364825965,3.021862951,first_gps,-0.050688508,-0.029408602
33.250000000,ann,False,True,True,True,200,0.996800632,4.319234701,0.996800632,4.319234701,1.019840562,0.221113872,1.318683999,3.118563244,first_gps,-0.050688508,-0.029408602
33.306000000,ann,False,True,True,True,200,1.492032915,4.340197719,1.492032915,4.340197719,1.078637838,0.186907214,1.417125200,3.223181574,first_gps,-0.050688508,-0.029408602
33.350000000,ann,False,True,True,True,200,1.467421290,4.351009889,1.467421290,4.351009889,1.117796602,0.164106807,1.235936358,3.125917123,first_gps,-0.050688508,-0.029408602
33.400000000,ann,False,True,True,True,200,1.607761968,4.429616167,1.607761968,4.429616167,1.157077586,0.141449078,1.041301659,3.132732875,first_gps,-0.050688508,-0.029408602
33.453000000,ann,False,True,True,True,200,1.628560568,4.460928705,1.628560568,4.460928705,1.215950450,0.107447629,1.203001863,3.253494726,first_gps,-0.050688508,-0.029408602
33.501000000,ann,False,True,True,True,200,0.861143800,4.387321483,0.861143800,4.387321483,1.274792371,0.073400524,0.908975497,3.361480007,first_gps,-0.050688508,-0.029408602
33.552000000,ann,False,True,True,True,200,1.413527866,4.459234156,1.413527866,4.459234156,1.314025299,0.050674731,1.073373364,2.936725152,first_gps,-0.050688508,-0.029408602
33.601000000,ann,False,True,True,True,200,0.863824818,4.511665249,0.863824818,4.511665249,1.372798094,0.016472575,0.886918629,3.111007643,first_gps,-0.050688508,-0.029408602
33.650000000,ann,False,True,True,True,200,1.275890488,4.450690799,1.275890488,4.450690799,1.411910684,-0.006344338,0.883891404,3.132671963,first_gps,-0.050688508,-0.029408602
33.701000000,ann,False,True,True,True,200,1.352272415,4.515098870,1.352272415,4.515098870,1.451056911,-0.029256480,0.826811631,3.171780498,first_gps,-0.050688508,-0.029408602
33.750000000,ann,False,True,True,True,200,0.742219549,4.519809676,0.742219549,4.519809676,1.509811031,-0.063507917,0.882916648,3.149778523,first_gps,-0.050688508,-0.029408602
33.800000000,ann,False,True,True,True,200,1.204627657,4.489869346,1.204627657,4.489869346,1.549036837,-0.086224089,0.828913099,3.275600638,first_gps,-0.050688508,-0.029408602
33.851000000,ann,False,True,True,True,200,1.315516712,4.583579495,1.315516712,4.583579495,1.607967228,-0.120056418,0.639989466,3.023463397,first_gps,-0.050688508,-0.029408602
33.906000000,ann,False,True,True,True,200,0.732505838,4.609791178,0.732505838,4.609791178,1.666915387,-0.153987124,0.741911872,3.130210395,first_gps,-0.050688508,-0.029408602
33.950000000,ann,False,True,True,True,200,1.117976938,4.547120367,1.117976938,4.547120367,1.706123750,-0.176773369,0.699653694,3.254161170,first_gps,-0.050688508,-0.029408602
34.001000000,ann,False,True,True,True,200,1.084829760,4.525358121,1.084829760,4.525358121,1.745375858,-0.199426564,0.557579256,3.185552830,first_gps,-0.050688508,-0.029408602
34.050000000,ann,False,True,True,True,200,1.043985057,4.554046596,1.043985057,4.554046596,1.805175123,-0.231725100,0.459824868,3.213709175,first_gps,-0.050688508,-0.029408602
34.103000000,ann,False,True,True,True,200,0.519878549,4.609210366,0.519878549,4.609210366,1.867775913,-0.258241637,0.545393533,3.140543508,first_gps,-0.050688508,-0.029408602
34.150000000,ann,False,True,True,True,200,0.416823199,4.550246333,0.416823199,4.550246333,1.910752800,-0.272570642,0.429029402,3.205134684,first_gps,-0.050688508,-0.029408602
34.200000000,ann,False,True,True,True,200,0.432004229,4.596285845,0.432004229,4.596285845,1.954521837,-0.284265194,0.343115249,3.057379793,first_gps,-0.050688508,-0.029408602
34.250000000,ann,False,True,True,True,200,0.345585832,4.540237736,0.345585832,4.540237736,2.020921866,-0.298894347,0.240877629,3.028967224,first_gps,-0.050688508,-0.029408602
34.300000000,ann,False,True,True,True,200,0.243184222,4.526150490,0.243184222,4.526150490,2.087771557,-0.311411094,0.397532558,2.927324816,first_gps,-0.050688508,-0.029408602
34.355000000,ann,False,True,True,True,200,0.200904285,4.514398958,0.200904285,4.514398958,2.132809608,-0.316375688,0.218432017,3.268430441,first_gps,-0.050688508,-0.029408602
34.401000000,ann,False,True,True,True,200,0.136172762,4.483812906,0.136172762,4.483812906,2.200720459,-0.318782152,0.090552683,3.005315744,first_gps,-0.050688508,-0.029408602
34.451000000,ann,False,True,True,True,200,0.104126258,4.467327360,0.104126258,4.467327360,2.246032018,-0.317081030,0.216565813,2.844796971,first_gps,-0.050688508,-0.029408602
34.500000000,ann,False,True,True,True,200,0.080700986,4.457222444,0.080700986,4.457222444,2.291156492,-0.312570360,0.124607072,2.863540356,first_gps,-0.050688508,-0.029408602
34.551000000,ann,False,True,True,True,200,0.011118054,4.414491437,0.011118054,4.414491437,2.358109542,-0.300981015,0.082421034,2.952888111,first_gps,-0.050688508,-0.029408602
34.600000000,ann,False,True,True,True,200,-0.031235010,4.383513346,-0.031235010,4.383513346,2.402093365,-0.290058576,0.148080772,2.705929053,first_gps,-0.050688508,-0.029408602
34.650000000,ann,False,True,True,True,200,-0.100224603,4.382220738,-0.100224603,4.382220738,2.466660483,-0.268853459,0.083424869,2.820998202,first_gps,-0.050688508,-0.029408602
34.700000000,ann,False,True,True,True,200,-0.156706410,4.384985000,-0.156706410,4.384985000,2.529141906,-0.242036357,0.153246148,2.837503075,first_gps,-0.050688508,-0.029408602
34.750000000,ann,False,True,True,True,200,-0.164433517,4.380521119,-0.164433517,4.380521119,2.569339906,-0.221183182,-0.074017541,2.893368522,first_gps,-0.050688508,-0.029408602
34.800000000,ann,False,True,True,True,200,-0.232167810,4.227157503,-0.232167810,4.227157503,2.627149755,-0.185352310,-0.143743867,2.647499759,first_gps,-0.050688508,-0.029408602
34.850000000,ann,False,True,True,True,200,-0.271530122,4.200853544,-0.271530122,4.200853544,2.663808677,-0.158708331,0.028869766,2.695927197,first_gps,-0.050688508,-0.029408602
34.900000000,ann,False,True,True,True,200,-0.290427991,4.212650150,-0.290427991,4.212650150,2.699200968,-0.130402263,-0.052645968,2.583675045,first_gps,-0.050688508,-0.029408602
34.956000000,ann,False,True,True,True,200,-0.347007188,4.160753352,-0.347007188,4.160753352,2.752374666,-0.088060316,-0.022178280,2.461596174,first_gps,-0.050688508,-0.029408602
35.000000000,ann,False,True,True,True,200,-0.380642820,4.155068830,-0.380642820,4.155068830,2.805454261,-0.045565632,0.046710173,2.575379588,first_gps,-0.050688508,-0.029408602
35.050000000,ann,False,True,True,True,200,-0.416614458,4.066965675,-0.416614458,4.066965675,2.840735157,-0.017081007,-0.020909264,2.467380492,first_gps,-0.050688508,-0.029408602
35.101000000,ann,False,True,True,True,200,-0.446212867,4.066842419,-0.446212867,4.066842419,2.876008597,0.011359420,-0.019367510,2.370232382,first_gps,-0.050688508,-0.029408602
35.150000000,ann,False,True,True,True,200,-0.488850713,4.018251400,-0.488850713,4.018251400,2.929009730,0.053986802,-0.137778309,2.593357526,first_gps,-0.050688508,-0.029408602
35.200000000,ann,False,True,True,True,200,-0.538394752,3.958338305,-0.538394752,3.958338305,2.981956666,0.096626709,0.020449253,2.555354102,first_gps,-0.050688508,-0.029408602
35.251000000,ann,False,True,True,True,200,-0.559613218,3.950818245,-0.559613218,3.950818245,3.017209358,0.125136391,-0.106688336,2.319101708,first_gps,-0.050688508,-0.029408602
35.300000000,ann,False,True,True,True,200,-0.589164359,3.828509840,-0.589164359,3.828509840,3.052461997,0.153628774,-0.016812099,2.318587226,first_gps,-0.050688508,-0.029408602
35.350000000,ann,False,True,True,True,200,-0.642114327,3.819245590,-0.642114327,3.819245590,3.105404733,0.196299870,-0.178481502,2.112055835,first_gps,-0.050688508,-0.029408602
35.400000000,ann,False,True,True,True,200,-0.654637741,3.784549494,-0.654637741,3.784549494,3.140739369,0.224647330,-0.046545626,2.286914551,first_gps,-0.050688508,-0.029408602
35.450000000,ann,False,True,True,True,200,-0.696203864,3.705375735,-0.696203864,3.705375735,3.193879938,0.267080424,-0.028459982,2.080495752,first_gps,-0.050688508,-0.029408602
35.503000000,ann,False,True,True,True,200,-0.734302608,3.647536275,-0.734302608,3.647536275,3.247117721,0.309382484,-0.119266983,2.017905910,first_gps,-0.050688508,-0.029408602
35.550000000,ann,False,True,True,True,200,-0.747754580,3.702385992,-0.747754580,3.702385992,3.282574908,0.337589670,-0.190052922,1.870612458,first_gps,-0.050688508,-0.029408602
35.603000000,ann,False,True,True,True,200,-0.782803022,3.607796535,-0.782803022,3.607796535,3.335436471,0.380407924,-0.050051629,1.872980944,first_gps,-0.050688508,-0.029408602
35.650000000,ann,False,True,True,True,200,-0.807599552,3.573188130,-0.807599552,3.573188130,3.368716350,0.411132977,-0.207748286,1.950244676,first_gps,-0.050688508,-0.029408602
35.701000000,ann,False,True,True,True,200,-0.841065005,3.456805911,-0.841065005,3.456805911,3.400034617,0.443919476,-0.105098403,1.980148457,first_gps,-0.050688508,-0.029408602
35.750000000,ann,False,True,True,True,200,-0.839118355,3.494890486,-0.839118355,3.494890486,3.443104367,0.496470706,-0.085958059,1.915805579,first_gps,-0.050688508,-0.029408602
35.800000000,ann,False,True,True,True,200,-0.900391416,3.332626313,-0.900391416,3.332626313,3.482854659,0.551650770,-0.006795754,1.634577459,first_gps,-0.050688508,-0.029408602
35.850000000,ann,False,True,True,True,200,-0.915301375,3.290056728,-0.915301375,3.290056728,3.509279836,0.588485218,-0.212882856,1.591056625,first_gps,-0.050688508,-0.029408602
35.900000000,ann,False,True,True,True,200,-0.953940628,3.209542531,-0.953940628,3.209542531,3.548938086,0.643697536,-0.235663243,1.627945094,first_gps,-0.050688508,-0.029408602
35.988000000,ann,False,True,True,True,200,-0.934224009,3.219862674,-0.934224009,3.219862674,3.602060531,0.717200562,-0.053266720,1.607274782,first_gps,-0.050688508,-0.029408602
36.001000000,ann,False,True,True,True,200,-0.982841283,3.113395562,-0.982841283,3.113395562,3.602060531,0.717200562,0.028198634,1.508864348,first_gps,-0.050688508,-0.029408602
36.061000000,ann,False,True,True,True,200,-1.017709237,3.066218509,-1.017709237,3.066218509,3.641886017,0.772277880,-0.002443649,1.536737543,first_gps,-0.050688508,-0.029408602
36.100000000,ann,False,True,True,True,200,-1.037313075,2.999163742,-1.037313075,2.999163742,3.668490461,0.808987402,0.099408743,1.536089270,first_gps,-0.050688508,-0.029408602
36.150000000,ann,False,True,True,True,200,-1.054505213,2.976931514,-1.054505213,2.976931514,3.708200447,0.864167369,-0.070997270,1.484593881,first_gps,-0.050688508,-0.029408602
36.202000000,ann,False,True,True,True,200,-1.073458876,2.887999001,-1.073458876,2.887999001,3.747874687,0.919392129,0.040121482,1.436555766,first_gps,-0.050688508,-0.029408602
36.251000000,ann,False,True,True,True,200,-1.113822983,2.829623731,-1.113822983,2.829623731,3.774342409,0.956197492,0.062992702,1.223556016,first_gps,-0.050688508,-0.029408602
36.300000000,ann,False,True,True,True,200,-1.116869999,2.798579392,-1.116869999,2.798579392,3.800792040,0.993002317,-0.015500060,1.341971293,first_gps,-0.050688508,-0.029408602
36.350000000,ann,False,True,True,True,200,-1.146816923,2.690510375,-1.146816923,2.690510375,3.840738646,1.047996106,0.163950556,1.243482816,first_gps,-0.050688508,-0.029408602
36.400000000,ann,False,True,True,True,200,-1.174786910,2.667296269,-1.174786910,2.667296269,3.869849696,1.082755736,0.121416479,1.202796348,first_gps,-0.050688508,-0.029408602
36.451000000,ann,False,True,True,True,200,-1.210148597,2.629415922,-1.210148597,2.629415922,3.917306764,1.131426882,-0.152228422,1.013743852,first_gps,-0.050688508,-0.029408602
36.502000000,ann,False,True,True,True,200,-1.227205758,2.585280246,-1.227205758,2.585280246,3.951329525,1.161343695,0.109953496,1.110566670,first_gps,-0.050688508,-0.029408602
36.550000000,ann,False,True,True,True,200,-1.246034295,2.538161656,-1.246034295,2.538161656,4.005695555,1.202186710,-0.030354947,0.957246571,first_gps,-0.050688508,-0.029408602
36.604000000,ann,False,True,True,True,200,-1.259971396,2.504453453,-1.259971396,2.504453453,4.063588675,1.237759776,0.042586598,0.937311398,first_gps,-0.050688508,-0.029408602
36.653000000,ann,False,True,True,True,200,-1.276629265,2.470844937,-1.276629265,2.470844937,4.103891679,1.258475436,0.103194811,0.934319248,first_gps,-0.050688508,-0.029408602
36.725000000,ann,False,True,True,True,200,-1.339937648,2.425041776,-1.339937648,2.425041776,4.205371269,1.308894319,-0.104913256,0.868951534,first_gps,-0.050688508,-0.029408602
36.750000000,ann,False,True,True,True,200,-1.339937648,2.425041776,-1.339937648,2.425041776,4.205371269,1.308894319,-0.104913256,0.868951534,first_gps,-0.050688508,-0.029408602
36.800000000,ann,False,True,True,True,200,-1.351656569,2.380758303,-1.351656569,2.380758303,4.266250261,1.339206004,0.040152088,0.816374411,first_gps,-0.050688508,-0.029408602
36.850000000,ann,False,True,True,True,200,-1.360585301,2.358335118,-1.360585301,2.358335118,4.306794902,1.359439016,-0.098637535,0.644976399,first_gps,-0.050688508,-0.029408602
36.901000000,ann,False,True,True,True,200,-1.387966275,2.291547668,-1.387966275,2.291547668,4.367682112,1.389738882,0.105102408,0.849744454,first_gps,-0.050688508,-0.029408602
36.950000000,ann,False,True,True,True,200,-1.386592198,2.268220803,-1.386592198,2.268220803,4.408253952,1.409914348,-0.079398997,0.832887038,first_gps,-0.050688508,-0.029408602
37.000000000,ann,False,True,True,True,200,-1.413083807,2.218634662,-1.413083807,2.218634662,4.469059741,1.440364034,-0.109404748,0.714774045,first_gps,-0.050688508,-0.029408602
37.050000000,ann,False,True,True,True,200,-1.419193788,2.179473578,-1.419193788,2.179473578,4.509674504,1.460514281,-0.024073523,0.563223364,first_gps,-0.050688508,-0.029408602
37.110000000,ann,False,True,True,True,200,-1.465984840,2.111333849,-1.465984840,2.111333849,4.570585397,1.490684352,-0.038361713,0.646866122,first_gps,-0.050688508,-0.029408602
37.154000000,ann,False,True,True,True,200,-1.484641535,2.120779374,-1.484641535,2.120779374,4.611181044,1.510849893,0.035681796,0.529453741,first_gps,-0.050688508,-0.029408602
37.200000000,ann,False,True,True,True,200,-1.474689480,2.070687508,-1.474689480,2.070687508,4.672066498,1.541161227,-0.431945829,0.470553051,first_gps,-0.050688508,-0.029408602
37.250000000,ann,False,True,True,True,200,-1.476441842,2.017939274,-1.476441842,2.017939274,4.712593610,1.561395399,-0.158158846,0.555749938,first_gps,-0.050688508,-0.029408602
37.300000000,ann,False,True,True,True,200,-1.488485788,2.008867970,-1.488485788,2.008867970,4.753173713,1.581665485,-0.137601911,0.200706115,first_gps,-0.050688508,-0.029408602
37.350000000,ann,False,True,True,True,200,-1.505430981,1.963677262,-1.505430981,1.963677262,4.813941379,1.612167610,-0.272256284,0.388683611,first_gps,-0.050688508,-0.029408602
37.400000000,ann,False,True,True,True,200,-1.541449240,1.927322782,-1.541449240,1.927322782,4.854480064,1.632422760,-0.090668948,0.341692917,first_gps,-0.050688508,-0.029408602
37.450000000,ann,False,True,True,True,200,-1.576892877,1.898243663,-1.576892877,1.898243663,4.915301569,1.662801063,-0.204149909,0.136081139,first_gps,-0.050688508,-0.029408602
37.500000000,ann,False,True,True,True,200,-1.549358759,1.847791060,-1.549358759,1.847791060,4.976166264,1.693164681,-0.280862496,0.313203703,first_gps,-0.050688508,-0.029408602
37.550000000,ann,False,True,True,True,200,-1.535237726,1.795351853,-1.535237726,1.795351853,5.016734844,1.713315801,-0.420918023,-0.113416231,first_gps,-0.050688508,-0.029408602
37.600000000,ann,False,True,True,True,200,-1.205685208,0.256748748,-1.205685208,0.256748748,5.057328339,1.733468476,-0.351498602,0.316914359,first_gps,-0.050688508,-0.029408602
37.650000000,ann,False,True,True,True,200,-1.708195037,0.736547670,-1.708195037,0.736547670,5.057306228,1.733457396,-0.410759537,0.132211403,first_gps,-0.050688508,-0.029408602
37.700000000,ann,False,True,True,True,200,-1.710774070,0.732255965,-1.710774070,0.732255965,5.057324899,1.733466746,-0.316759304,0.009263940,first_gps,-0.050688508,-0.029408602
37.753000000,ann,False,True,True,True,200,-1.692672488,0.717449867,-1.692672488,0.717449867,5.057335221,1.733471863,-0.353963479,0.020195698,first_gps,-0.050688508,-0.029408602
37.804000000,ann,False,True,True,True,200,-1.710900547,0.719056449,-1.710900547,0.719056449,5.057347091,1.733477780,-0.285941828,0.292619908,first_gps,-0.050688508,-0.029408602
37.850000000,ann,False,True,True,True,200,-1.719991932,0.723480593,-1.719991932,0.723480593,5.057356538,1.733482437,-0.267134773,0.145007094,first_gps,-0.050688508,-0.029408602
