stamp,source,gps_available,forced_dropout,model_loaded,model_ready,model_samples,ann_x,ann_y,output_x,output_y,odom_x,odom_y,gps_x,gps_y,origin_source,origin_x,origin_y
3.526000000,gps,True,False,True,True,188,0.024188974,0.044929214,0.062068549,0.034649841,0.000007731,-0.000000280,0.062068549,0.034649841,first_gps,0.062068549,0.034649841
3.559000000,gps,True,False,True,True,188,0.007625369,0.049647553,0.226026611,0.025770257,0.000015952,-0.000000459,0.226026611,0.025770257,first_gps,0.062068549,0.034649841
3.607000000,gps,True,False,True,True,188,0.009182303,0.036897305,-0.015397468,-0.184468754,-0.000011172,0.000000167,-0.015397468,-0.184468754,first_gps,0.062068549,0.034649841
3.653000000,gps,True,False,True,True,188,0.047122014,0.036188111,0.085045422,0.046842885,0.000020971,-0.000000519,0.085045422,0.046842885,first_gps,0.062068549,0.034649841
3.706000000,gps,True,False,True,True,188,0.021145049,0.034696661,-0.030744757,-0.146170326,0.000010811,-0.000000338,-0.030744757,-0.146170326,first_gps,0.062068549,0.034649841
3.750000000,gps,True,False,True,True,188,0.023328672,0.040213528,0.026333816,0.057238467,0.000002247,-0.000000174,0.026333816,0.057238467,first_gps,0.062068549,0.034649841
3.814000000,gps,True,False,True,True,188,-0.000380708,0.039955866,0.026068808,-0.124718749,-0.000018230,0.000000278,0.026068808,-0.124718749,first_gps,0.062068549,0.034649841
3.895000000,gps,True,False,True,True,188,-0.002656079,0.048596294,-0.000729361,0.088384662,0.000001506,-0.000000166,-0.000729361,0.088384662,first_gps,0.062068549,0.034649841
3.903000000,gps,True,False,True,True,188,-0.002726654,0.048605153,-0.000729361,0.088384662,-0.000008632,0.000000102,-0.000729361,0.088384662,first_gps,0.062068549,0.034649841
3.951000000,gps,True,False,True,True,188,0.008733546,0.038850821,0.083253270,-0.182032154,-0.000013142,0.000000219,0.083253270,-0.182032154,first_gps,0.062068549,0.034649841
4.002000000,gps,True,False,True,True,188,0.059505497,0.037211201,0.007482148,-0.035776324,-0.000023587,0.000000478,0.007482148,-0.035776324,first_gps,0.062068549,0.034649841
4.051000000,gps,True,False,True,True,188,0.017654890,0.032059937,0.099368349,-0.141922013,-0.000022935,0.000000486,0.099368349,-0.141922013,first_gps,0.062068549,0.034649841
4.101000000,gps,True,False,True,True,188,-0.026748518,0.052780602,0.064814641,0.116408741,-0.000006538,0.000000039,0.064814641,0.116408741,first_gps,0.062068549,0.034649841
4.151000000,gps,True,False,True,True,188,0.039577068,0.041165352,0.030859182,0.027023936,-0.000000198,-0.000000126,0.030859182,0.027023936,first_gps,0.062068549,0.034649841
4.202000000,gps,True,False,True,True,188,0.030999975,0.037691306,-0.123564842,0.077457104,-0.000011786,0.000000168,-0.123564842,0.077457104,first_gps,0.062068549,0.034649841
4.251000000,gps,True,False,True,True,188,0.075489821,0.032036927,0.242827777,-0.064102864,0.000022607,-0.000000756,0.242827777,-0.064102864,first_gps,0.062068549,0.034649841
4.301000000,gps,True,False,True,True,188,0.064925045,0.038305665,-0.013038494,0.062032424,0.000020560,-0.000000718,-0.013038494,0.062032424,first_gps,0.062068549,0.034649841
4.352000000,gps,True,False,True,True,188,0.046407053,0.033331169,0.089546795,-0.015281479,0.000000307,-0.000000168,0.089546795,-0.015281479,first_gps,0.062068549,0.034649841
4.400000000,gps,True,False,True,True,188,0.054095163,0.036905711,-0.172393973,0.165718252,0.000009671,-0.000000426,-0.172393973,0.165718252,first_gps,0.062068549,0.034649841
4.450000000,gps,True,False,True,True,188,0.013039386,0.043325061,0.144813477,-0.142004609,0.000003391,-0.000000270,0.144813477,-0.142004609,first_gps,0.062068549,0.034649841
4.501000000,gps,True,False,True,True,188,0.032653920,0.038140324,-0.087493952,-0.005361120,0.000003562,-0.000000269,-0.087493952,-0.005361120,first_gps,0.062068549,0.034649841
4.550000000,gps,True,False,True,True,188,0.044023143,0.036137036,-0.188631852,-0.007957528,-0.000006591,-0.000000041,-0.188631852,-0.007957528,first_gps,0.062068549,0.034649841
4.600000000,gps,True,False,True,True,188,0.049969356,0.031180527,-0.063948767,0.287859052,0.000002816,-0.000000264,-0.063948767,0.287859052,first_gps,0.062068549,0.034649841
4.658000000,gps,True,False,True,True,188,0.051257789,0.040600634,-0.184040668,-0.055554257,0.000013255,-0.000000488,-0.184040668,-0.055554257,first_gps,0.062068549,0.034649841
4.700000000,gps,True,False,True,True,188,0.052493577,0.030610182,0.036746882,-0.001907766,0.000010765,-0.000000438,0.036746882,-0.001907766,first_gps,0.062068549,0.034649841
4.754000000,gps,True,False,True,True,188,-0.007715132,0.041093377,-0.166451990,0.099423401,0.000012139,-0.000000471,-0.166451990,0.099423401,first_gps,0.062068549,0.034649841
4.801000000,gps,True,False,True,True,188,0.041028578,0.037804847,0.001678432,-0.059710573,0.000011277,-0.000000422,0.001678432,-0.059710573,first_gps,0.062068549,0.034649841
4.860000000,gps,True,False,True,True,188,0.028931089,0.040434595,-0.054045140,-0.005044599,0.000017886,-0.000000541,-0.054045140,-0.005044599,first_gps,0.062068549,0.034649841
4.900000000,gps,True,False,True,True,188,0.057232023,0.029298965,0.032313445,0.091918379,-0.000012748,0.000000064,0.032313445,0.091918379,first_gps,0.062068549,0.034649841
4.950000000,gps,True,False,True,True,188,0.001977280,0.041274131,-0.097140410,0.015073395,-0.000005889,-0.000000085,-0.097140410,0.015073395,first_gps,0.062068549,0.034649841
5.002000000,gps,True,False,True,True,188,0.046820401,0.034050634,-0.093033229,0.045691506,-0.000017542,0.000000136,-0.093033229,0.045691506,first_gps,0.062068549,0.034649841
5.056000000,gps,True,False,True,True,188,0.211609931,-0.133086718,-0.095814584,-0.160128388,0.041200142,-0.000892406,-0.095814584,-0.160128388,first_gps,0.062068549,0.034649841
5.104000000,gps,True,False,True,True,188,0.126805527,-0.091606217,0.178488919,0.055802514,0.102994097,-0.002235527,0.178488919,0.055802514,first_gps,0.062068549,0.034649841
5.150000000,gps,True,False,True,True,188,0.175044778,-0.099829861,0.044153858,0.172884275,0.123599762,-0.002689829,0.044153858,0.172884275,first_gps,0.062068549,0.034649841
5.231000000,gps,True,False,True,True,188,0.266456395,-0.122097621,0.151626204,-0.099302657,0.226586097,-0.005007748,0.151626204,-0.099302657,first_gps,0.062068549,0.034649841
5.250000000,gps,True,False,True,True,188,0.278342743,-0.075725990,0.167899760,-0.073743863,0.247185475,-0.005473854,0.167899760,-0.073743863,first_gps,0.062068549,0.034649841
5.300000000,gps,True,False,True,True,188,0.339701213,-0.113710636,0.262854962,0.093514593,0.308964119,-0.006906871,0.262854962,0.093514593,first_gps,0.062068549,0.034649841
5.357000000,gps,True,False,True,True,188,0.326787683,-0.045681564,0.379511842,-0.024883504,0.350180656,-0.007839625,0.379511842,-0.024883504,first_gps,0.062068549,0.034649841
5.400000000,gps,True,False,True,True,188,0.409082923,-0.051477015,0.165361655,0.047073849,0.391365474,-0.008798190,0.165361655,0.047073849,first_gps,0.062068549,0.034649841
5.451000000,gps,True,False,True,True,188,0.398651961,-0.025312183,0.345296702,0.098822668,0.453166659,-0.010313389,0.345296702,0.098822668,first_gps,0.062068549,0.034649841
5.502000000,gps,True,False,True,True,188,0.560755968,-0.029108967,0.363731656,-0.018570270,0.514972012,-0.011777110,0.363731656,-0.018570270,first_gps,0.062068549,0.034649841
5.562000000,gps,True,False,True,True,188,0.593267409,-0.025601685,0.281281567,0.073713860,0.556180134,-0.012726055,0.281281567,0.073713860,first_gps,0.062068549,0.034649841
5.600000000,gps,True,False,True,True,188,0.552866515,-0.032838274,0.662263226,-0.040819811,0.597345955,-0.013684565,0.662263226,-0.040819811,first_gps,0.062068549,0.034649841
5.651000000,gps,True,False,True,True,188,0.597067679,-0.055225069,0.315198972,0.003739609,0.659140184,-0.015095133,0.315198972,0.003739609,first_gps,0.062068549,0.034649841
5.705000000,gps,True,False,True,True,188,0.613658578,0.029786389,0.665712687,-0.210516705,0.720974684,-0.016385139,0.665712687,-0.210516705,first_gps,0.062068549,0.034649841
5.750000000,gps,True,False,True,True,188,0.660177214,0.032443767,0.614746809,0.229979205,0.762139876,-0.017294568,0.614746809,0.229979205,first_gps,0.062068549,0.034649841
5.800000000,gps,True,False,True,True,188,0.653804800,0.046608274,0.450252049,0.022391265,0.803344822,-0.018165115,0.450252049,0.022391265,first_gps,0.062068549,0.034649841
5.850000000,gps,True,False,True,True,188,0.685357507,0.012680963,0.775128574,0.045874752,0.865139678,-0.019413987,0.775128574,0.045874752,first_gps,0.062068549,0.034649841
5.900000000,gps,True,False,True,True,188,0.839145298,0.044731437,0.848914972,-0.088571071,0.906345984,-0.020205348,0.848914972,-0.088571071,first_gps,0.062068549,0.034649841
5.951000000,gps,True,False,True,True,188,0.786814098,0.019670643,0.837089865,-0.070450589,0.968112336,-0.021458899,0.837089865,-0.070450589,first_gps,0.062068549,0.034649841
6.001000000,gps,True,False,True,True,188,0.893737590,0.066989430,0.971702236,-0.011663976,1.029957038,-0.022639211,0.971702236,-0.011663976,first_gps,0.062068549,0.034649841
6.050000000,gps,True,False,True,True,188,0.992171857,0.065945631,0.802384565,0.045560458,1.071100769,-0.023448439,0.802384565,0.045560458,first_gps,0.062068549,0.034649841
6.100000000,gps,True,False,True,True,188,0.953513082,0.015451343,1.012147243,-0.186189242,1.112322033,-0.024245332,1.012147243,-0.186189242,first_gps,0.062068549,0.034649841
6.154000000,gps,True,False,True,True,188,0.901307177,0.087872910,0.859585072,0.023259248,1.174139165,-0.025426125,0.859585072,0.023259248,first_gps,0.062068549,0.034649841
6.200000000,gps,True,False,True,True,188,1.037985554,0.058014541,0.970198190,-0.035072875,1.215345727,-0.026223098,0.970198190,-0.035072875,first_gps,0.062068549,0.034649841
6.250000000,gps,True,False,True,True,188,1.106937455,0.023285787,1.241755236,0.054587015,1.277157920,-0.027385605,1.241755236,0.054587015,first_gps,0.062068549,0.034649841
6.300000000,gps,True,False,True,True,188,1.038010962,0.130522741,1.053642565,0.085986976,1.318333424,-0.028169340,1.053642565,0.085986976,first_gps,0.062068549,0.034649841
6.352000000,gps,True,False,True,True,188,1.210473170,0.106719551,1.349268166,-0.038458969,1.380123597,-0.029512464,1.349268166,-0.038458969,first_gps,0.062068549,0.034649841
6.400000000,gps,True,False,True,True,188,1.270368751,0.113175013,1.077079868,0.147735227,1.441950068,-0.030898579,1.077079868,0.147735227,first_gps,0.062068549,0.034649841
6.450000000,gps,True,False,True,True,188,1.303686341,0.040617581,1.364622470,-0.025326225,1.483116020,-0.031838376,1.364622470,-0.025326225,first_gps,0.062068549,0.034649841
6.500000000,gps,True,False,True,True,188,1.241068086,0.145586078,1.218887059,-0.017916763,1.524309444,-0.032672002,1.218887059,-0.017916763,first_gps,0.062068549,0.034649841
6.550000000,gps,True,False,True,True,188,1.295221160,0.148438557,1.443115765,0.023710426,1.586137789,-0.033916842,1.443115765,0.023710426,first_gps,0.062068549,0.034649841
6.600000000,gps,True,False,True,True,188,1.401430827,0.052015684,1.485861772,-0.085148571,1.627323723,-0.034762557,1.485861772,-0.085148571,first_gps,0.062068549,0.034649841
6.651000000,gps,True,False,True,True,188,1.503805519,0.134659675,1.372772426,0.177178671,1.689118005,-0.035964597,1.372772426,0.177178671,first_gps,0.062068549,0.034649841
6.701000000,gps,True,False,True,True,188,1.472953447,0.164203777,1.471970514,-0.126426736,1.750910705,-0.037244128,1.471970514,-0.126426736,first_gps,0.062068549,0.034649841
6.751000000,gps,True,False,True,True,188,1.538670422,0.157016957,1.617707202,-0.187441714,1.792122321,-0.038176895,1.617707202,-0.187441714,first_gps,0.062068549,0.034649841
6.800000000,gps,True,False,True,True,188,1.597555883,0.160318820,1.573626642,-0.189087809,1.853922658,-0.039550630,1.573626642,-0.189087809,first_gps,0.062068549,0.034649841
6.850000000,gps,True,False,True,True,188,1.576132769,0.168083851,1.688966362,-0.159708434,1.895107975,-0.040480340,1.688966362,-0.159708434,first_gps,0.062068549,0.034649841
6.900000000,gps,True,False,True,True,188,1.572218803,0.204939194,1.638091787,0.073596719,1.936299329,-0.041390186,1.638091787,0.073596719,first_gps,0.062068549,0.034649841
6.950000000,gps,True,False,True,True,188,1.639149511,0.192083976,1.642378264,-0.116446414,1.998086107,-0.042880862,1.642378264,-0.116446414,first_gps,0.062068549,0.034649841
7.000000000,gps,True,False,True,True,188,1.811866724,0.165650243,1.795270771,-0.121711334,2.059889398,-0.044415519,1.795270771,-0.121711334,first_gps,0.062068549,0.034649841
7.050000000,gps,True,False,True,True,188,1.773488950,0.178655106,1.962594865,-0.143467458,2.101084153,-0.045414018,1.962594865,-0.143467458,first_gps,0.062068549,0.034649841
7.100000000,gps,True,False,True,True,188,1.801287236,0.193223452,1.765598353,-0.059549652,2.142271479,-0.046381221,1.765598353,-0.059549652,first_gps,0.062068549,0.034649841
7.150000000,gps,True,False,True,True,188,1.814580347,0.212771760,1.836739302,0.089090560,2.204090143,-0.047751264,1.836739302,0.089090560,first_gps,0.062068549,0.034649841
7.200000000,gps,True,False,True,True,188,1.891854206,0.209574848,1.997261003,0.017956947,2.245281243,-0.048660191,1.997261003,0.017956947,first_gps,0.062068549,0.034649841
7.250000000,gps,True,False,True,True,188,1.946571376,0.212490390,1.897619271,0.196263437,2.307100216,-0.050001411,1.897619271,0.196263437,first_gps,0.062068549,0.034649841
7.300000000,gps,True,False,True,True,188,1.938919505,0.233284911,2.232094606,-0.095902652,2.368869020,-0.051292503,2.232094606,-0.095902652,first_gps,0.062068549,0.034649841
7.350000000,gps,True,False,True,True,188,2.028764337,0.152649087,2.037868441,0.072920411,2.410086300,-0.052115724,2.037868441,0.072920411,first_gps,0.062068549,0.034649841
7.406000000,gps,True,False,True,True,188,2.086223125,0.140335556,2.172676302,0.237780925,2.471882444,-0.053296995,2.172676302,0.237780925,first_gps,0.062068549,0.034649841
7.457000000,gps,True,False,True,True,188,2.039216758,0.233301741,2.098307708,0.188987918,2.513073133,-0.054092985,2.098307708,0.188987918,first_gps,0.062068549,0.034649841
7.504000000,gps,True,False,True,True,188,2.137636015,0.249073145,2.254543630,0.194666677,2.574896646,-0.055242440,2.254543630,0.194666677,first_gps,0.062068549,0.034649841
7.560000000,gps,True,False,True,True,188,2.245312792,0.199770021,2.197185940,-0.045795426,2.616104933,-0.055938512,2.197185940,-0.045795426,first_gps,0.062068549,0.034649841
7.607000000,gps,True,False,True,True,188,2.340350599,0.068265741,2.240878463,0.019521235,2.677900838,-0.056924518,2.240878463,0.019521235,first_gps,0.062068549,0.034649841
7.657000000,gps,True,False,True,True,188,2.355499665,0.228283842,2.265892778,0.123771609,2.719083692,-0.057568497,2.265892778,0.123771609,first_gps,0.062068549,0.034649841
7.702000000,gps,True,False,True,True,188,2.292920176,0.254938451,2.347894832,0.147957679,2.780893751,-0.058627208,2.347894832,0.147957679,first_gps,0.062068549,0.034649841
7.750000000,gps,True,False,True,True,188,2.296222301,0.254345368,2.391886934,-0.083035062,2.822077443,-0.059280377,2.391886934,-0.083035062,first_gps,0.062068549,0.034649841
7.801000000,gps,True,False,True,True,188,2.395993419,0.236392336,2.638876387,-0.039160564,2.863288520,-0.059878479,2.638876387,-0.039160564,first_gps,0.062068549,0.034649841
7.850000000,gps,True,False,True,True,188,2.446059619,0.238036934,2.457760817,-0.121096463,2.925096142,-0.060811283,2.457760817,-0.121096463,first_gps,0.062068549,0.034649841
7.900000000,gps,True,False,True,True,188,2.571099016,0.214657426,2.692287439,-0.065860162,2.966301636,-0.061455426,2.692287439,-0.065860162,first_gps,0.062068549,0.034649841
7.950000000,gps,True,False,True,True,188,2.483531019,0.232747210,2.645523152,-0.003631262,3.028134456,-0.062482049,2.645523152,-0.003631262,first_gps,0.062068549,0.034649841
8.000000000,gps,True,False,True,True,188,2.587066937,0.203149110,2.652560990,-0.084133022,3.069263238,-0.061106749,2.652560990,-0.084133022,first_gps,0.062068549,0.034649841
8.052000000,gps,True,False,True,True,188,2.669087261,0.269274356,2.849746083,0.049522553,3.130646507,-0.053959441,2.849746083,0.049522553,first_gps,0.062068549,0.034649841
8.101000000,gps,True,False,True,True,188,2.812354469,0.149755156,2.630645439,0.046916292,3.191031767,-0.040797937,2.630645439,0.046916292,first_gps,0.062068549,0.034649841
8.150000000,gps,True,False,True,True,188,2.784214964,0.247665932,2.834957319,-0.085312520,3.230455265,-0.028816570,2.834957319,-0.085312520,first_gps,0.062068549,0.034649841
8.200000000,gps,True,False,True,True,188,2.851453542,0.320133172,2.909997120,0.215739513,3.269004917,-0.014305510,2.909997120,0.215739513,first_gps,0.062068549,0.034649841
8.250000000,gps,True,False,True,True,188,2.942140554,0.337821156,2.722708395,0.120995373,3.324872908,0.012103807,2.722708395,0.120995373,first_gps,0.062068549,0.034649841
8.301000000,gps,True,False,True,True,188,2.943497392,0.334771848,3.021334550,-0.047552104,3.360500110,0.032771132,3.021334550,-0.047552104,first_gps,0.062068549,0.034649841
8.350000000,gps,True,False,True,True,188,3.014268526,0.411119741,2.780147987,0.127950689,3.411266524,0.068019353,2.780147987,0.127950689,first_gps,0.062068549,0.034649841
8.400000000,gps,True,False,True,True,188,3.051340420,0.311499757,3.040251634,0.115853630,3.443042888,0.094266221,3.040251634,0.115853630,first_gps,0.062068549,0.034649841
8.450000000,gps,True,False,True,True,188,3.105753635,0.353512298,3.120879715,0.184838516,3.487276477,0.137361379,3.120879715,0.184838516,first_gps,0.062068549,0.034649841
8.500000000,gps,True,False,True,True,188,3.130099555,0.398893266,2.940736789,0.328729134,3.514334314,0.168480964,2.940736789,0.328729134,first_gps,0.062068549,0.034649841
8.554000000,gps,True,False,True,True,188,3.126663814,0.510688115,2.981394784,0.280620601,3.550990293,0.218233339,2.981394784,0.280620601,first_gps,0.062068549,0.034649841
8.601000000,gps,True,False,True,True,188,3.126830394,0.554270455,3.125822039,0.427258179,3.572662609,0.253240654,3.125822039,0.427258179,first_gps,0.062068549,0.034649841
8.650000000,gps,True,False,True,True,188,3.174355511,0.556838914,3.189000659,0.535140867,3.600733183,0.308291796,3.189000659,0.535140867,first_gps,0.062068549,0.034649841
8.700000000,gps,True,False,True,True,188,3.197551834,0.577644557,3.019314130,0.610937465,3.616374968,0.346428341,3.019314130,0.610937465,first_gps,0.062068549,0.034649841
8.750000000,gps,True,False,True,True,188,3.211244650,0.653221505,3.197232501,0.517758696,3.635023622,0.405309875,3.197232501,0.517758696,first_gps,0.062068549,0.034649841
8.800000000,gps,True,False,True,True,188,3.245652924,0.666325496,3.179080938,0.492918873,3.644198284,0.445463959,3.179080938,0.492918873,first_gps,0.062068549,0.034649841
8.851000000,gps,True,False,True,True,188,3.298349198,0.740861032,3.108736257,0.459245618,3.653045363,0.506636793,3.108736257,0.459245618,first_gps,0.062068549,0.034649841
8.900000000,gps,True,False,True,True,188,3.257026365,0.775960729,3.005156204,0.621088824,3.655575981,0.547790970,3.005156204,0.621088824,first_gps,0.062068549,0.034649841
8.950000000,gps,True,False,True,True,188,3.355937114,0.719354468,3.169413411,0.471351529,3.656276190,0.609566377,3.169413411,0.471351529,first_gps,0.062068549,0.034649841
9.000000000,gps,True,False,True,True,188,3.293084117,0.853780463,3.255740447,0.690799418,3.656679878,0.650750375,3.255740447,0.690799418,first_gps,0.062068549,0.034649841
9.050000000,gps,True,False,True,True,188,3.232946534,0.785865382,3.106267157,0.842989511,3.657983880,0.712571866,3.106267157,0.842989511,first_gps,0.062068549,0.034649841
9.100000000,gps,True,False,True,True,188,3.197282639,0.912014010,3.015752979,0.767192533,3.661793502,0.753616577,3.015752979,0.767192533,first_gps,0.062068549,0.034649841
9.150000000,gps,True,False,True,True,188,3.223050591,0.998336117,3.127390591,0.799966735,3.668569042,0.815021402,3.127390591,0.799966735,first_gps,0.062068549,0.034649841
9.200000000,gps,True,False,True,True,188,3.188264792,0.999279269,3.186952364,1.042646892,3.675267749,0.876462641,3.186952364,1.042646892,first_gps,0.062068549,0.034649841
9.251000000,gps,True,False,True,True,188,3.146394299,1.063157521,2.973623999,0.899371376,3.679656965,0.917448481,2.973623999,0.899371376,first_gps,0.062068549,0.034649841
9.300000000,gps,True,False,True,True,188,3.177038345,1.090169100,2.989422248,0.780913419,3.684046844,0.958406727,2.989422248,0.780913419,first_gps,0.062068549,0.034649841
9.350000000,gps,True,False,True,True,188,3.176005238,1.047330823,3.178068342,0.937210492,3.690580566,1.019895424,3.178068342,0.937210492,first_gps,0.062068549,0.034649841
9.400000000,gps,True,False,True,True,188,3.146021327,1.162115209,3.129148007,0.909350119,3.694903625,1.060862687,3.129148007,0.909350119,first_gps,0.062068549,0.034649841
9.450000000,gps,True,False,True,True,188,3.113536934,1.238911576,3.125439505,1.193032851,3.701394828,1.122338505,3.125439505,1.193032851,first_gps,0.062068549,0.034649841
9.500000000,gps,True,False,True,True,188,3.083124297,1.262350894,3.239167937,1.213840155,3.707965056,1.183786655,3.239167937,1.213840155,first_gps,0.062068549,0.034649841
9.550000000,gps,True,False,True,True,188,3.145737590,1.324783953,2.902342278,1.202558991,3.712434072,1.224760113,2.902342278,1.202558991,first_gps,0.062068549,0.034649841
9.600000000,gps,True,False,True,True,188,3.067218777,1.343636126,3.024984602,1.350687531,3.719150837,1.286221863,3.024984602,1.350687531,first_gps,0.062068549,0.034649841
9.650000000,gps,True,False,True,True,188,3.056521228,1.414698552,2.966757323,1.241520206,3.723585942,1.327181520,2.966757323,1.241520206,first_gps,0.062068549,0.034649841
9.700000000,gps,True,False,True,True,188,3.083819144,1.432884447,3.020778521,1.216088958,3.728008206,1.368130757,3.020778521,1.216088958,first_gps,0.062068549,0.034649841
9.753000000,gps,True,False,True,True,188,3.048076760,1.409047859,3.175053391,1.185858450,3.734719782,1.429560397,3.175053391,1.185858450,first_gps,0.062068549,0.034649841
9.800000000,gps,True,False,True,True,188,3.045720688,1.486374299,2.936319104,1.369534638,3.739241390,1.470561335,2.936319104,1.369534638,first_gps,0.062068549,0.034649841
9.899000000,gps,True,False,True,True,188,2.991443185,1.590789565,3.118349792,1.351846173,3.750534209,1.572926088,3.118349792,1.351846173,first_gps,0.062068549,0.034649841
9.900000000,gps,True,False,True,True,188,2.991443185,1.590789565,3.118349792,1.351846173,3.750534209,1.572926088,3.118349792,1.351846173,first_gps,0.062068549,0.034649841
9.950000000,gps,True,False,True,True,188,2.967814621,1.621077724,2.884757484,1.619782575,3.757269033,1.634381503,2.884757484,1.619782575,first_gps,0.062068549,0.034649841
10.000000000,gps,True,False,True,True,188,3.002541114,1.702225950,3.053901673,1.487333592,3.761723788,1.675354929,3.053901673,1.487333592,first_gps,0.062068549,0.034649841
10.050000000,gps,True,False,True,True,188,2.970414180,1.710902961,3.138043237,1.523915491,3.768399225,1.736830046,3.138043237,1.523915491,first_gps,0.062068549,0.034649841
10.101000000,gps,True,False,True,True,188,2.949308282,1.801875204,3.122093914,1.608755137,3.775062636,1.798281281,3.122093914,1.608755137,first_gps,0.062068549,0.034649841
10.150000000,gps,True,False,True,True,188,2.997008616,1.839209733,3.054456864,1.722587758,3.779493601,1.839269301,3.054456864,1.722587758,first_gps,0.062068549,0.034649841
10.200000000,gps,True,False,True,True,188,2.906101102,1.847494731,3.083986843,1.693531681,3.783951812,1.880170139,3.083986843,1.693531681,first_gps,0.062068549,0.034649841
10.253000000,gps,True,False,True,True,188,2.854076630,1.914222558,3.052371212,1.844142399,3.790577011,1.941678122,3.052371212,1.844142399,first_gps,0.062068549,0.034649841
10.300000000,gps,True,False,True,True,188,2.974322313,1.956033862,3.017219294,1.684008867,3.794961564,1.982621059,3.017219294,1.684008867,first_gps,0.062068549,0.034649841
10.350000000,gps,True,False,True,True,188,2.875818015,1.964555907,3.317094762,1.764206326,3.801586910,2.044071386,3.317094762,1.764206326,first_gps,0.062068549,0.034649841
10.406000000,gps,True,False,True,True,188,2.865738578,2.033066067,2.823110426,1.974386661,3.808237365,2.105558591,2.823110426,1.974386661,first_gps,0.062068549,0.034649841
10.450000000,gps,True,False,True,True,188,2.875970774,2.067644613,2.994414102,1.940670370,3.812614661,2.146502523,2.994414102,1.940670370,first_gps,0.062068549,0.034649841
10.501000000,gps,True,False,True,True,188,2.876660095,2.111416514,2.934903519,1.904772863,3.817017898,2.187479035,2.934903519,1.904772863,first_gps,0.062068549,0.034649841
10.550000000,gps,True,False,True,True,188,2.946733006,2.000001774,3.070197197,2.000141618,3.823578068,2.248948949,3.070197197,2.000141618,first_gps,0.062068549,0.034649841
10.600000000,gps,True,False,True,True,188,2.911129880,2.208398121,2.968688824,2.149011101,3.827934580,2.289909693,2.968688824,2.149011101,first_gps,0.062068549,0.034649841
10.650000000,gps,True,False,True,True,188,2.839853454,2.226933567,3.112532657,2.111668873,3.834486619,2.351358237,3.112532657,2.111668873,first_gps,0.062068549,0.034649841
10.700000000,gps,True,False,True,True,188,2.760935923,2.273645649,2.870646443,2.163226510,3.841161458,2.412818504,2.870646443,2.163226510,first_gps,0.062068549,0.034649841
10.751000000,gps,True,False,True,True,188,2.776856218,2.329536339,3.031193175,2.208537761,3.845620930,2.453792094,3.031193175,2.208537761,first_gps,0.062068549,0.034649841
10.800000000,gps,True,False,True,True,188,2.770957670,2.384102830,3.060781246,2.329234531,3.852326164,2.515243600,3.060781246,2.329234531,first_gps,0.062068549,0.034649841
10.850000000,gps,True,False,True,True,188,2.760458941,2.433545181,3.068246105,2.264778389,3.856779555,2.556217323,3.068246105,2.264778389,first_gps,0.062068549,0.034649841
10.900000000,gps,True,False,True,True,188,2.757584412,2.452338607,2.895400352,2.416045707,3.861288970,2.597152297,2.895400352,2.416045707,first_gps,0.062068549,0.034649841
10.950000000,gps,True,False,True,True,188,2.816283256,2.516064853,2.951773669,2.388041772,3.868046717,2.658619223,2.951773669,2.388041772,first_gps,0.062068549,0.034649841
11.000000000,gps,True,False,True,True,188,2.828388597,2.557948731,2.983779020,2.268504654,3.870439327,2.699725310,2.983779020,2.268504654,first_gps,0.062068549,0.034649841
11.051000000,gps,True,False,True,True,188,2.806232312,2.629651764,3.045284427,2.655529686,3.868871550,2.761502182,3.045284427,2.655529686,first_gps,0.062068549,0.034649841
11.100000000,gps,True,False,True,True,188,2.852134028,2.666850847,3.057605312,2.505524477,3.864410860,2.802458642,3.057605312,2.505524477,first_gps,0.062068549,0.034649841
11.155000000,gps,True,False,True,True,188,2.929956474,2.682308742,3.046301443,2.634481290,3.852631056,2.863130607,3.046301443,2.634481290,first_gps,0.062068549,0.034649841
11.200000000,gps,True,False,True,True,188,2.937862979,2.781901405,2.954694900,2.579424000,3.841437810,2.902766276,2.954694900,2.579424000,first_gps,0.062068549,0.034649841
11.251000000,gps,True,False,True,True,188,2.912219271,2.877972993,2.779990121,2.865755017,3.819822867,2.960646420,2.779990121,2.865755017,first_gps,0.062068549,0.034649841
11.300000000,gps,True,False,True,True,188,2.963121073,2.875470387,2.880301631,2.664045387,3.802292439,2.997933378,2.880301631,2.664045387,first_gps,0.062068549,0.034649841
11.352000000,gps,True,False,True,True,188,3.003898632,2.748004735,2.832838880,2.653124294,3.771436664,3.051490108,2.832838880,2.653124294,first_gps,0.062068549,0.034649841
11.402000000,gps,True,False,True,True,188,2.893939635,3.002367136,2.840121038,2.744497841,3.735552528,3.101794292,2.840121038,2.744497841,first_gps,0.062068549,0.034649841
11.459000000,gps,True,False,True,True,188,2.785616675,3.056950099,2.814977754,2.879956691,3.708949726,3.133240694,2.814977754,2.879956691,first_gps,0.062068549,0.034649841
11.500000000,gps,True,False,True,True,188,2.853701433,3.018610514,2.712278143,2.771878828,3.680348790,3.162888409,2.712278143,2.771878828,first_gps,0.062068549,0.034649841
11.550000000,gps,True,False,True,True,188,2.750450968,3.130775949,2.610715225,2.670766279,3.634056953,3.203830300,2.610715225,2.670766279,first_gps,0.062068549,0.034649841
11.600000000,gps,True,False,True,True,188,2.757390774,3.040316364,2.774604638,2.682299558,3.601052539,3.228510643,2.774604638,2.682299558,first_gps,0.062068549,0.034649841
11.650000000,gps,True,False,True,True,188,2.441476376,3.287070039,2.796945342,2.893982361,3.548719704,3.261342780,2.796945342,2.893982361,first_gps,0.062068549,0.034649841
11.700000000,gps,True,False,True,True,188,2.331671436,3.307973032,2.621957130,2.750315114,3.512120517,3.280291046,2.621957130,2.750315114,first_gps,0.062068549,0.034649841
11.750000000,gps,True,False,True,True,188,2.544607945,3.194581142,2.662344854,2.675211849,3.456758587,3.307794608,2.662344854,2.675211849,first_gps,0.062068549,0.034649841
11.800000000,gps,True,False,True,True,188,2.549694089,3.146337876,2.544890807,2.766426481,3.419898938,3.326161467,2.544890807,2.766426481,first_gps,0.062068549,0.034649841
11.858000000,gps,True,False,True,True,188,2.383322452,3.280100697,2.581800250,2.769043261,3.364576446,3.353761124,2.581800250,2.769043261,first_gps,0.062068549,0.034649841
11.903000000,gps,True,False,True,True,188,2.461715529,3.123805409,2.363396903,2.949166240,3.309264542,3.381398196,2.363396903,2.949166240,first_gps,0.062068549,0.034649841
11.950000000,gps,True,False,True,True,188,2.429945221,3.134450494,2.465262303,2.968704262,3.272435818,3.399832076,2.465262303,2.968704262,first_gps,0.062068549,0.034649841
12.000000000,gps,True,False,True,True,188,2.161800335,3.336132836,2.322380762,2.985582725,3.217145766,3.427488928,2.322380762,2.985582725,first_gps,0.062068549,0.034649841
12.050000000,gps,True,False,True,True,188,2.255708097,3.296367864,2.501116276,2.957822019,3.180295758,3.445901622,2.501116276,2.957822019,first_gps,0.062068549,0.034649841
12.100000000,gps,True,False,True,True,188,2.227736570,3.303373196,2.269054327,2.868754263,3.142617982,3.462551504,2.269054327,2.868754263,first_gps,0.062068549,0.034649841
12.150000000,gps,True,False,True,True,188,2.202255595,3.280033476,2.307793994,2.902011308,3.084944066,3.484754148,2.307793994,2.902011308,first_gps,0.062068549,0.034649841
12.201000000,gps,True,False,True,True,188,2.083902389,3.116397311,2.217716721,2.913328190,3.046470270,3.499565575,2.217716721,2.913328190,first_gps,0.062068549,0.034649841
12.250000000,gps,True,False,True,True,188,2.089918784,3.318321112,2.102084765,2.789279157,2.988765322,3.521741722,2.102084765,2.789279157,first_gps,0.062068549,0.034649841
12.300000000,gps,True,False,True,True,188,2.107634630,3.202617099,2.136796710,2.796610917,2.931084616,3.543928717,2.136796710,2.796610917,first_gps,0.062068549,0.034649841
12.350000000,gps,True,False,True,True,188,1.957372532,3.106961632,1.961319584,2.818828516,2.892609215,3.558678691,1.961319584,2.818828516,first_gps,0.062068549,0.034649841
12.400000000,gps,True,False,True,True,188,1.956304089,3.337629559,1.990642881,2.808527062,2.854115947,3.573416286,1.990642881,2.808527062,first_gps,0.062068549,0.034649841
12.450000000,gps,True,False,True,True,188,2.024814759,3.140975294,1.822349926,3.048511204,2.796358931,3.595485399,1.822349926,3.048511204,first_gps,0.062068549,0.034649841
12.500000000,gps,True,False,True,True,188,1.744808066,3.366971957,2.034035295,2.890765343,2.757904969,3.610220025,2.034035295,2.890765343,first_gps,0.062068549,0.034649841
12.551000000,gps,True,False,True,True,188,1.724126983,3.363448743,1.871080949,3.002401284,2.700178558,3.632290437,1.871080949,3.002401284,first_gps,0.062068549,0.034649841
12.600000000,gps,True,False,True,True,188,1.822381183,3.299881539,1.861174711,2.984747922,2.661684394,3.647042849,1.861174711,2.984747922,first_gps,0.062068549,0.034649841
12.650000000,gps,True,False,True,True,188,1.880639542,3.114422852,1.892411426,2.967792482,2.603986182,3.669121200,1.892411426,2.967792482,first_gps,0.062068549,0.034649841
12.702000000,gps,True,False,True,True,188,1.675396968,3.345750474,1.737027742,2.909849025,2.546174757,3.691176942,1.737027742,2.909849025,first_gps,0.062068549,0.034649841
12.750000000,gps,True,False,True,True,188,1.608040993,3.344381635,1.598644715,3.014843286,2.507667131,3.705750305,1.598644715,3.014843286,first_gps,0.062068549,0.034649841
12.803000000,gps,True,False,True,True,188,1.662113916,3.280449930,1.647887404,2.906720369,2.449864191,3.727635555,1.647887404,2.906720369,first_gps,0.062068549,0.034649841
12.852000000,gps,True,False,True,True,188,1.613231402,3.068190110,1.685860398,3.109581249,2.411347899,3.742261756,1.685860398,3.109581249,first_gps,0.062068549,0.034649841
12.901000000,gps,True,False,True,True,188,1.595838232,3.277766011,1.585492160,2.984427612,2.353605124,3.764295082,1.585492160,2.984427612,first_gps,0.062068549,0.034649841
12.950000000,gps,True,False,True,True,188,1.578338364,3.260456881,1.627386022,3.073076463,2.315065397,3.778962617,1.627386022,3.073076463,first_gps,0.062068549,0.034649841
13.000000000,gps,True,False,True,True,188,1.506274659,3.052882636,1.625320295,2.860019430,2.276316117,3.793027355,1.625320295,2.860019430,first_gps,0.062068549,0.034649841
13.050000000,gps,True,False,True,True,188,1.509994840,3.053723707,1.527859592,3.019639578,2.217897160,3.813123806,1.527859592,3.019639578,first_gps,0.062068549,0.034649841
13.100000000,gps,True,False,True,True,188,1.402429779,3.320497332,1.426367641,3.025999229,2.159199887,3.832477893,1.426367641,3.025999229,first_gps,0.062068549,0.034649841
13.150000000,gps,True,False,True,True,188,1.393401301,3.033997369,1.382797009,3.106825137,2.119416676,3.843213818,1.382797009,3.106825137,first_gps,0.062068549,0.034649841
13.200000000,gps,True,False,True,True,188,1.341682896,3.042242589,1.235530623,2.939540862,2.059737500,3.859372366,1.235530623,2.939540862,first_gps,0.062068549,0.034649841
13.250000000,gps,True,False,True,True,188,1.418715133,3.064007776,1.315317826,2.802170147,2.020000051,3.870275642,1.315317826,2.802170147,first_gps,0.062068549,0.034649841
13.300000000,gps,True,False,True,True,188,1.345848993,3.052263744,1.119234795,3.303005570,1.960378447,3.886595102,1.119234795,3.303005570,first_gps,0.062068549,0.034649841
13.350000000,gps,True,False,True,True,188,1.294632034,3.129814481,1.236696114,2.968687308,1.920667808,3.897434291,1.236696114,2.968687308,first_gps,0.062068549,0.034649841
13.400000000,gps,True,False,True,True,188,1.300733897,3.046938665,1.238640017,3.080828584,1.880900066,3.908307263,1.238640017,3.080828584,first_gps,0.062068549,0.034649841
13.451000000,gps,True,False,True,True,188,1.081771641,2.992837106,1.020799451,3.187445283,1.821293971,3.924762372,1.020799451,3.187445283,first_gps,0.062068549,0.034649841
13.500000000,gps,True,False,True,True,188,1.195717658,3.048211354,0.953380142,3.047503662,1.781545271,3.935694075,0.953380142,3.047503662,first_gps,0.062068549,0.034649841
13.550000000,gps,True,False,True,True,188,1.189148279,3.013085834,1.157582365,2.991075054,1.722001296,3.952107028,1.157582365,2.991075054,first_gps,0.062068549,0.034649841
13.601000000,gps,True,False,True,True,188,0.981019654,2.960932306,0.955283935,2.992803924,1.682232063,3.962976777,0.955283935,2.992803924,first_gps,0.062068549,0.034649841
13.651000000,gps,True,False,True,True,188,2.052206325,2.809194680,0.993362629,3.121980587,1.642476018,3.973790284,0.993362629,3.121980587,first_gps,0.062068549,0.034649841
13.700000000,gps,True,False,True,True,188,1.262040049,2.876336816,0.863242308,2.956061164,1.642455507,3.973795777,0.863242308,2.956061164,first_gps,0.062068549,0.034649841
13.750000000,gps,True,False,True,True,188,1.250995177,2.883751687,1.003519240,2.980371475,1.642461590,3.973794154,1.003519240,2.980371475,first_gps,0.062068549,0.034649841
13.800000000,gps,True,False,True,True,188,1.263897284,2.885046652,0.887243523,3.017542866,1.642469330,3.973792074,0.887243523,3.017542866,first_gps,0.062068549,0.034649841
13.852000000,gps,True,False,True,True,188,1.091028941,3.137338484,0.892752269,3.011618709,1.642490366,3.973786402,0.892752269,3.011618709,first_gps,0.062068549,0.034649841
13.900000000,gps,True,False,True,True,188,1.262367121,2.882204190,1.008353309,3.189452345,1.642461871,3.973794146,1.008353309,3.189452345,first_gps,0.062068549,0.034649841
13.952000000,gps,True,False,True,True,188,1.255609574,2.888856952,0.894824023,2.915347856,1.642467830,3.973792528,0.894824023,2.915347856,first_gps,0.062068549,0.034649841
14.000000000,gps,True,False,True,True,188,1.247863540,2.875782466,0.968914875,3.078358077,1.642472028,3.973791373,0.968914875,3.078358077,first_gps,0.062068549,0.034649841
14.050000000,gps,True,False,True,True,188,-0.143165742,2.935893591,0.931555874,3.041296622,1.622407210,3.978501135,0.931555874,3.041296622,first_gps,0.062068549,0.034649841
14.100000000,gps,True,False,True,True,188,1.049188463,3.005851359,1.048154645,2.982891582,1.581896626,3.985939077,1.048154645,2.982891582,first_gps,0.062068549,0.034649841
14.150000000,gps,True,False,True,True,188,1.010422140,2.996487301,0.720709979,3.099265870,1.520927251,3.996154329,0.720709979,3.099265870,first_gps,0.062068549,0.034649841
14.201000000,gps,True,False,True,True,188,0.741783626,2.951565699,0.915620308,3.072684134,1.459958554,4.006281526,0.915620308,3.072684134,first_gps,0.062068549,0.034649841
14.250000000,gps,True,False,True,True,188,0.952637366,2.945556915,0.798866487,3.169842242,1.419322334,4.013055539,0.798866487,3.169842242,first_gps,0.062068549,0.034649841
14.300000000,gps,True,False,True,True,188,0.752020788,2.941569466,0.688901625,2.922657050,1.378649866,4.019898779,0.688901625,2.922657050,first_gps,0.062068549,0.034649841
14.350000000,gps,True,False,True,True,188,0.857495762,2.942622413,0.663237589,2.792373823,1.317759325,4.030189364,0.663237589,2.792373823,first_gps,0.062068549,0.034649841
14.400000000,gps,True,False,True,True,188,0.816610298,2.952322168,0.688592535,2.967224865,1.277100189,4.037095863,0.688592535,2.967224865,first_gps,0.062068549,0.034649841
14.451000000,gps,True,False,True,True,188,0.739222145,2.902925741,0.609527907,3.134964820,1.216164441,4.047445204,0.609527907,3.134964820,first_gps,0.062068549,0.034649841
14.504000000,gps,True,False,True,True,188,0.630602933,2.853143880,0.560183548,2.930285743,1.155216997,4.057728612,0.560183548,2.930285743,first_gps,0.062068549,0.034649841
14.550000000,gps,True,False,True,True,188,0.553769732,2.813338853,0.535753132,3.049206917,1.114561742,4.064619000,0.535753132,3.049206917,first_gps,0.062068549,0.034649841
14.601000000,gps,True,False,True,True,188,0.639379504,2.901745627,0.328360809,2.879929390,1.053357973,4.072882897,0.328360809,2.879929390,first_gps,0.062068549,0.034649841
14.650000000,gps,True,False,True,True,188,0.484465605,2.842246349,0.448368583,2.842993370,1.012215808,4.075024277,0.448368583,2.842993370,first_gps,0.062068549,0.034649841
14.700000000,gps,True,False,True,True,188,0.403407287,2.840989500,0.398968999,2.994737071,0.950432477,4.073167049,0.398968999,2.994737071,first_gps,0.062068549,0.034649841
14.750000000,gps,True,False,True,True,188,0.434139697,2.921745594,0.295934414,2.974441690,0.909484105,4.068584050,0.295934414,2.974441690,first_gps,0.062068549,0.034649841
14.802000000,gps,True,False,True,True,188,0.321852613,2.891839986,0.204115564,3.026798793,0.848903032,4.056604491,0.204115564,3.026798793,first_gps,0.062068549,0.034649841
14.851000000,gps,True,False,True,True,188,0.208836632,2.860467845,0.219064973,2.767703188,0.809265427,4.045273319,0.219064973,2.767703188,first_gps,0.062068549,0.034649841
14.900000000,gps,True,False,True,True,188,0.131088500,2.849084940,0.148108998,2.972739367,0.770479566,4.031356684,0.148108998,2.972739367,first_gps,0.062068549,0.034649841
14.950000000,gps,True,False,True,True,188,0.195206649,2.889804572,0.224383440,2.750564939,0.714221682,4.005843936,0.224383440,2.750564939,first_gps,0.062068549,0.034649841
15.000000000,gps,True,False,True,True,188,0.182262225,2.850537470,0.038778373,2.817652975,0.678236280,3.985743239,0.038778373,2.817652975,first_gps,0.062068549,0.034649841
15.050000000,gps,True,False,True,True,188,0.114530011,2.817509103,0.202760456,3.011110184,0.626965339,3.951258394,0.202760456,3.011110184,first_gps,0.062068549,0.034649841
15.100000000,gps,True,False,True,True,188,-0.097058774,2.744906790,-0.024293190,2.893848657,0.579308138,3.911921801,-0.024293190,2.893848657,first_gps,0.062068549,0.034649841
15.150000000,gps,True,False,True,True,188,-0.136127826,2.724636594,0.059190138,2.520707416,0.535750149,3.868128015,0.059190138,2.520707416,first_gps,0.062068549,0.034649841
15.205000000,gps,True,False,True,True,188,-0.142716840,2.708908156,-0.067474017,2.818723539,0.509140866,3.836662953,-0.067474017,2.818723539,first_gps,0.062068549,0.034649841
15.250000000,gps,True,False,True,True,188,0.044147253,2.699592566,-0.003000960,2.554985384,0.484657125,3.803529939,-0.003000960,2.554985384,first_gps,0.062068549,0.034649841
15.307000000,gps,True,False,True,True,188,0.044728287,2.587022833,-0.055507257,2.616581143,0.452035626,3.751030694,-0.055507257,2.616581143,first_gps,0.062068549,0.034649841
15.356000000,gps,True,False,True,True,188,0.004192758,2.632203842,-0.151760013,2.573147320,0.433214459,3.714388689,-0.151760013,2.573147320,first_gps,0.062068549,0.034649841
15.403000000,gps,True,False,True,True,188,0.063969614,2.502874684,-0.152085584,2.568716860,0.407708486,3.658098033,-0.152085584,2.568716860,first_gps,0.062068549,0.034649841
15.453000000,gps,True,False,True,True,188,0.022797548,2.525007570,0.019423128,2.464440753,0.390720923,3.620520271,0.019423128,2.464440753,first_gps,0.062068549,0.034649841
15.500000000,gps,True,False,True,True,188,-0.121088240,2.489508662,0.078433750,2.464485282,0.373734305,3.583001694,0.078433750,2.464485282,first_gps,0.062068549,0.034649841
15.568000000,gps,True,False,True,True,188,-0.196450102,2.416020859,0.190869675,2.452342706,0.343668395,3.506325412,0.190869675,2.452342706,first_gps,0.062068549,0.034649841
15.611000000,gps,True,False,True,True,188,-0.164489182,2.390114541,0.005137139,2.350499641,0.331790940,3.466852058,0.005137139,2.350499641,first_gps,0.062068549,0.034649841
15.650000000,gps,True,False,True,True,188,-0.070565346,2.358599755,-0.055502218,2.278325421,0.319945942,3.427383521,-0.055502218,2.278325421,first_gps,0.062068549,0.034649841
15.700000000,gps,True,False,True,True,188,-0.013297425,2.337756316,0.102001198,2.188787705,0.308113266,3.387918158,0.102001198,2.188787705,first_gps,0.062068549,0.034649841
15.751000000,gps,True,False,True,True,188,0.039909831,2.248855330,-0.077089539,2.193872616,0.290316333,3.328730133,-0.077089539,2.193872616,first_gps,0.062068549,0.034649841
15.800000000,gps,True,False,True,True,188,-0.042115367,2.239785815,-0.100125347,2.265966302,0.278451071,3.289277940,-0.100125347,2.265966302,first_gps,0.062068549,0.034649841
15.850000000,gps,True,False,True,True,188,0.027602520,2.183615177,0.049588183,2.248627951,0.260624500,3.230065906,0.049588183,2.248627951,first_gps,0.062068549,0.034649841
15.900000000,gps,True,False,True,True,188,0.014832080,2.165716237,0.073784253,1.793772763,0.248821599,3.190624101,0.073784253,1.793772763,first_gps,0.062068549,0.034649841
15.950000000,gps,True,False,True,True,188,-0.123380684,2.098735436,0.067973799,2.035208829,0.231103540,3.131380359,0.067973799,2.035208829,first_gps,0.062068549,0.034649841
16.000000000,gps,True,False,True,True,188,-0.020059757,2.067783152,0.061534085,2.030869938,0.219268277,3.091917189,0.061534085,2.030869938,first_gps,0.062068549,0.034649841
16.053000000,gps,True,False,True,True,188,0.118475700,1.939625105,0.122731322,1.866087697,0.201444034,3.032731622,0.122731322,1.866087697,first_gps,0.062068549,0.034649841
16.100000000,gps,True,False,True,True,188,0.023814476,1.973404849,0.078229645,1.881983480,0.183636090,2.973555863,0.078229645,1.881983480,first_gps,0.062068549,0.034649841
16.150000000,gps,True,False,True,True,188,-0.048806196,1.923305316,-0.006764098,1.739977820,0.171754004,2.934107767,-0.006764098,1.739977820,first_gps,0.062068549,0.034649841
16.201000000,gps,True,False,True,True,188,0.000735255,1.877197216,0.106897500,1.645747195,0.153873087,2.874912073,0.106897500,1.645747195,first_gps,0.062068549,0.034649841
16.250000000,gps,True,False,True,True,188,0.068836458,1.828016990,0.062845221,1.656627284,0.141916798,2.835471002,0.062845221,1.656627284,first_gps,0.062068549,0.034649841
16.301000000,gps,True,False,True,True,188,-0.022788717,1.805503568,-0.090794534,1.725193553,0.129963837,2.796015727,-0.090794534,1.725193553,first_gps,0.062068549,0.034649841
16.351000000,gps,True,False,True,True,188,0.026511011,1.761452446,-0.020265182,1.605789239,0.112011995,2.736883828,-0.020265182,1.605789239,first_gps,0.062068549,0.034649841
16.400000000,gps,True,False,True,True,188,-0.012353367,1.721535589,0.036492447,1.690844002,0.100048637,2.697433592,0.036492447,1.690844002,first_gps,0.062068549,0.034649841
16.450000000,gps,True,False,True,True,188,0.014606321,1.673577185,0.112745639,1.645335350,0.082045633,2.638319208,0.112745639,1.645335350,first_gps,0.062068549,0.034649841
16.500000000,gps,True,False,True,True,188,0.058446384,1.646429881,-0.062963686,1.645753936,0.070060876,2.598901729,-0.062963686,1.645753936,first_gps,0.062068549,0.034649841
16.550000000,gps,True,False,True,True,188,-0.019485560,1.586871540,-0.044719591,1.439457522,0.052076281,2.539776130,-0.044719591,1.439457522,first_gps,0.062068549,0.034649841
16.600000000,gps,True,False,True,True,188,-0.027568469,1.556880122,0.130250002,1.624591349,0.040079592,2.500348940,0.130250002,1.624591349,first_gps,0.062068549,0.034649841
16.650000000,gps,True,False,True,True,188,0.046759205,1.503067732,-0.020127077,1.368483455,0.022060710,2.441210190,-0.020127077,1.368483455,first_gps,0.062068549,0.034649841
16.702000000,gps,True,False,True,True,188,0.091338978,1.465181331,0.159273582,1.236813980,0.010002766,2.401827516,0.159273582,1.236813980,first_gps,0.062068549,0.034649841
16.750000000,gps,True,False,True,True,188,0.034075494,1.414063192,-0.139689616,1.263760127,-0.008113047,2.342727706,-0.139689616,1.263760127,first_gps,0.062068549,0.034649841
16.800000000,gps,True,False,True,True,188,0.107229938,1.362301827,-0.131560141,1.047215219,-0.020231648,2.303348715,-0.131560141,1.047215219,first_gps,0.062068549,0.034649841
16.851000000,gps,True,False,True,True,188,0.021327989,1.332444555,0.169647210,1.319983769,-0.038340774,2.244231759,0.169647210,1.319983769,first_gps,0.062068549,0.034649841
16.901000000,gps,True,False,True,True,188,0.141732331,1.257855484,0.064339899,1.116099554,-0.056381349,2.185108535,0.064339899,1.116099554,first_gps,0.062068549,0.034649841
16.950000000,gps,True,False,True,True,188,0.131897853,1.225481319,-0.025043295,0.964016075,-0.068449487,2.145688194,-0.025043295,0.964016075,first_gps,0.062068549,0.034649841
17.003000000,gps,True,False,True,True,188,0.164821149,1.162872842,0.067240194,1.088577125,-0.086602603,2.086627598,0.067240194,1.088577125,first_gps,0.062068549,0.034649841
17.055000000,gps,True,False,True,True,188,0.077094474,1.138522894,0.070990322,0.975446073,-0.110914497,2.007863564,0.070990322,0.975446073,first_gps,0.062068549,0.034649841
17.108000000,gps,True,False,True,True,188,0.079980535,1.113544291,0.070990322,0.975446073,-0.117005490,1.988197606,0.070990322,0.975446073,first_gps,0.062068549,0.034649841
17.151000000,gps,True,False,True,True,188,0.035784334,1.104988250,0.098652702,1.019608257,-0.129204763,1.948821463,0.098652702,1.019608257,first_gps,0.062068549,0.034649841
17.203000000,gps,True,False,True,True,188,0.136390784,1.021405740,0.060535237,0.771258376,-0.147519078,1.889770453,0.060535237,0.771258376,first_gps,0.062068549,0.034649841
17.250000000,gps,True,False,True,True,188,0.119948116,0.995784271,0.117630010,0.790362923,-0.159706225,1.850439729,0.117630010,0.790362923,first_gps,0.062068549,0.034649841
17.300000000,gps,True,False,True,True,188,0.183369455,0.899639560,0.160948820,0.921264328,-0.178043593,1.791409402,0.160948820,0.921264328,first_gps,0.062068549,0.034649841
17.350000000,gps,True,False,True,True,188,0.148546575,0.906808547,-0.013641868,0.734299657,-0.190302456,1.752082848,-0.013641868,0.734299657,first_gps,0.062068549,0.034649841
17.400000000,gps,True,False,True,True,188,0.113120097,0.867958448,-0.003019857,0.707375317,-0.208715933,1.693078531,-0.003019857,0.707375317,first_gps,0.062068549,0.034649841
17.450000000,gps,True,False,True,True,188,0.216361087,0.779701384,0.262036580,0.736070486,-0.220976403,1.653684330,0.262036580,0.736070486,first_gps,0.062068549,0.034649841
17.500000000,gps,True,False,True,True,188,0.129807400,0.799536969,0.130599639,0.653100738,-0.233207968,1.614340464,0.130599639,0.653100738,first_gps,0.062068549,0.034649841
17.550000000,gps,True,False,True,True,188,0.208541838,0.712577861,0.191013591,0.601857281,-0.251659857,1.555372245,0.191013591,0.601857281,first_gps,0.062068549,0.034649841
17.601000000,gps,True,False,True,True,188,0.135623754,0.704234491,0.190587179,0.474620641,-0.270086028,1.496375944,0.190587179,0.474620641,first_gps,0.062068549,0.034649841
17.650000000,gps,True,False,True,True,188,0.129289770,0.661327576,0.170253278,0.569826602,-0.282342755,1.457012934,0.170253278,0.569826602,first_gps,0.062068549,0.034649841
17.700000000,gps,True,False,True,True,188,0.143054833,0.634710117,0.164391608,0.412607517,-0.294582817,1.417684072,0.164391608,0.412607517,first_gps,0.062068549,0.034649841
17.750000000,gps,True,False,True,True,188,0.170439811,0.557421849,0.153219882,0.520151420,-0.312933222,1.358649361,0.153219882,0.520151420,first_gps,0.062068549,0.034649841
17.800000000,gps,True,False,True,True,188,0.216902878,0.500475837,-0.031743454,0.354823766,-0.331260288,1.299617865,-0.031743454,0.354823766,first_gps,0.062068549,0.034649841
17.850000000,gps,True,False,True,True,188,0.309500161,0.425414478,0.130505419,0.257446165,-0.343475160,1.260271294,0.130505419,0.257446165,first_gps,0.062068549,0.034649841
17.900000000,gps,True,False,True,True,188,0.169578253,0.459651909,0.127199587,0.200826422,-0.355713838,1.220923241,0.127199587,0.200826422,first_gps,0.062068549,0.034649841
17.950000000,gps,True,False,True,True,188,1.388878251,0.015047851,0.110869478,0.242003240,-0.367897198,1.181570630,0.110869478,0.242003240,first_gps,0.062068549,0.034649841
18.000000000,gps,True,False,True,True,188,0.620242227,-0.028993873,0.053931453,0.084325821,-0.367899854,1.181562079,0.053931453,0.084325821,first_gps,0.062068549,0.034649841
18.050000000,gps,True,False,True,True,188,0.616513212,-0.029607283,0.072568201,0.212493304,-0.367904800,1.181546279,0.072568201,0.212493304,first_gps,0.062068549,0.034649841
18.101000000,gps,True,False,True,True,188,0.626216882,-0.029196978,0.077838740,0.211918221,-0.367897846,1.181568556,0.077838740,0.211918221,first_gps,0.062068549,0.034649841
18.150000000,gps,True,False,True,True,188,0.622061236,-0.029861506,0.338164467,0.295270040,-0.367891250,1.181589622,0.338164467,0.295270040,first_gps,0.062068549,0.034649841
18.202000000,gps,True,False,True,True,188,0.620966187,-0.029263027,0.027169081,0.300467013,-0.367905065,1.181545420,0.027169081,0.300467013,first_gps,0.062068549,0.034649841
18.250000000,gps,True,False,True,True,188,0.617634956,-0.028975569,0.180396998,0.346975659,-0.367897069,1.181570902,0.180396998,0.346975659,first_gps,0.062068549,0.034649841
18.302000000,gps,True,False,True,True,188,0.613851295,-0.029150843,0.121268288,0.346700232,-0.367901371,1.181557245,0.121268288,0.346700232,first_gps,0.062068549,0.034649841
18.350000000,gps,True,False,True,True,188,0.631310821,-0.030244656,0.163483319,0.276305048,-0.367907148,1.181539003,0.163483319,0.276305048,first_gps,0.062068549,0.034649841
18.402000000,gps,True,False,True,True,188,0.631023909,-0.032030751,0.202532469,0.273633998,-0.367900202,1.181560909,0.202532469,0.273633998,first_gps,0.062068549,0.034649841
18.453000000,gps,True,False,True,True,188,0.621130508,-0.027721360,0.248302942,0.371689504,-0.367902932,1.181552272,0.248302942,0.371689504,first_gps,0.062068549,0.034649841
18.500000000,gps,True,False,True,True,188,0.628859093,-0.029498918,0.194593814,0.285964966,-0.367901049,1.181558240,0.194593814,0.285964966,first_gps,0.062068549,0.034649841
18.550000000,ann,False,True,True,True,188,0.614264813,-0.031491283,0.614264813,-0.031491283,-0.367898560,1.181566203,0.115899753,0.185693440,first_gps,0.062068549,0.034649841
18.603000000,ann,False,True,True,True,188,0.618545533,-0.029732511,0.618545533,-0.029732511,-0.367902703,1.181552919,0.158165732,0.188097613,first_gps,0.062068549,0.034649841
18.650000000,ann,False,True,True,True,188,0.639323717,-0.028281069,0.639323717,-0.028281069,-0.367903105,1.181551725,0.309412113,0.131894928,first_gps,0.062068549,0.034649841
18.700000000,ann,False,True,True,True,188,0.630999269,-0.029520541,0.630999269,-0.029520541,-0.367896224,1.181573681,0.140908679,0.188733532,first_gps,0.062068549,0.034649841
18.750000000,ann,False,True,True,True,188,0.631136584,-0.029843775,0.631136584,-0.029843775,-0.367894090,1.181580522,-0.036354864,0.418112484,first_gps,0.062068549,0.034649841
18.800000000,ann,False,True,True,True,188,0.640709417,-0.029274779,0.640709417,-0.029274779,-0.367898487,1.181566461,0.083382433,0.072106084,first_gps,0.062068549,0.034649841
18.850000000,ann,False,True,True,True,188,-0.590665935,0.177549237,-0.590665935,0.177549237,-0.373426068,1.161705298,0.144913886,0.387268452,first_gps,0.062068549,0.034649841
18.900000000,ann,False,True,True,True,188,0.154788331,0.385587463,0.154788331,0.385587463,-0.382533646,1.121536577,0.214950723,0.051225789,first_gps,0.062068549,0.034649841
18.950000000,ann,False,True,True,True,188,0.166481539,0.321783013,0.166481539,0.321783013,-0.391244317,1.060360911,0.246270800,0.266197840,first_gps,0.062068549,0.034649841
19.002000000,ann,False,True,True,True,188,0.183241325,0.320194096,0.183241325,0.320194096,-0.393938474,0.998633865,0.148257476,0.129475027,first_gps,0.062068549,0.034649841
19.051000000,ann,False,True,True,True,188,0.213049590,0.199335282,0.213049590,0.199335282,-0.390425971,0.936920835,0.209396109,-0.014832105,first_gps,0.062068549,0.034649841
19.107000000,ann,False,True,True,True,188,0.238214215,0.178690998,0.238214215,0.178690998,-0.384630765,0.896116637,0.444122237,0.115274543,first_gps,0.062068549,0.034649841
19.153000000,ann,False,True,True,True,188,0.252098071,0.188523212,0.252098071,0.188523212,-0.376170673,0.855809260,0.072720412,0.117872703,first_gps,0.062068549,0.034649841
19.204000000,ann,False,True,True,True,188,0.297424937,0.063283037,0.297424937,0.063283037,-0.365153291,0.816124280,0.168673679,0.103953832,first_gps,0.062068549,0.034649841
19.258000000,ann,False,True,True,True,188,0.336938747,-0.006892908,0.336938747,-0.006892908,-0.343871119,0.758109944,0.328669402,0.219705594,first_gps,0.062068549,0.034649841
19.309000000,ann,False,True,True,True,188,0.365358462,0.011121174,0.365358462,0.011121174,-0.317024669,0.702458350,0.141129485,0.117785904,first_gps,0.062068549,0.034649841
19.350000000,ann,False,True,True,True,188,0.386702180,-0.009958222,0.386702180,-0.009958222,-0.296214181,0.666899696,0.447802545,-0.052936040,first_gps,0.062068549,0.034649841
19.402000000,ann,False,True,True,True,188,0.468301478,-0.144132318,0.468301478,-0.144132318,-0.260635185,0.616369738,0.387878469,0.104783818,first_gps,0.062068549,0.034649841
19.461000000,ann,False,True,True,True,188,0.480153267,-0.164625295,0.480153267,-0.164625295,-0.234246661,0.584725524,0.379901341,-0.098220416,first_gps,0.062068549,0.034649841
19.500000000,ann,False,True,True,True,188,0.511059347,-0.220008324,0.511059347,-0.220008324,-0.205852845,0.554898117,0.508413291,-0.098601463,first_gps,0.062068549,0.034649841
19.558000000,ann,False,True,True,True,188,0.569133460,-0.227184193,0.569133460,-0.227184193,-0.159758416,0.513737989,0.653155713,-0.175116743,first_gps,0.062068549,0.034649841
19.603000000,ann,False,True,True,True,188,0.651698982,-0.235308099,0.651698982,-0.235308099,-0.109832870,0.477370182,0.673137033,-0.295816612,first_gps,0.062068549,0.034649841
19.651000000,ann,False,True,True,True,188,0.660798876,-0.310514768,0.660798876,-0.310514768,-0.074603119,0.455972293,0.728661344,-0.118839520,first_gps,0.062068549,0.034649841
19.717000000,ann,False,True,True,True,188,0.770535061,-0.285103052,0.770535061,-0.285103052,0.015923137,0.406805800,0.524573997,-0.290804613,first_gps,0.062068549,0.034649841
19.801000000,ann,False,True,True,True,188,0.774326850,-0.324074741,0.774326850,-0.324074741,0.034043763,0.396978042,0.793086752,-0.100454103,first_gps,0.062068549,0.034649841
19.850000000,ann,False,True,True,True,188,0.843232282,-0.306786938,0.843232282,-0.306786938,0.106509826,0.357711872,0.728641184,-0.125924252,first_gps,0.062068549,0.034649841
19.900000000,ann,False,True,True,True,188,1.011209887,-0.341326960,1.011209887,-0.341326960,0.160849550,0.328247739,0.696482713,-0.201634219,first_gps,0.062068549,0.034649841
19.957000000,ann,False,True,True,True,188,1.020070685,-0.307843058,1.020070685,-0.307843058,0.197019120,0.308528946,0.918345512,-0.281929453,first_gps,0.062068549,0.034649841
20.006000000,ann,False,True,True,True,188,0.967071208,-0.290497008,0.967071208,-0.290497008,0.251617786,0.279541859,0.863338114,-0.219243780,first_gps,0.062068549,0.034649841
20.050000000,ann,False,True,True,True,188,0.987034284,-0.302713143,0.987034284,-0.302713143,0.289008122,0.262245548,0.991754791,-0.099413958,first_gps,0.062068549,0.034649841
20.110000000,ann,False,True,True,True,188,1.026029831,-0.302168422,1.026029831,-0.302168422,0.345095807,0.236246306,0.909070990,-0.095498709,first_gps,0.062068549,0.034649841
20.151000000,ann,False,True,True,True,188,1.110565504,-0.292231111,1.110565504,-0.292231111,0.382458383,0.218886452,1.149157770,-0.058817734,first_gps,0.062068549,0.034649841
20.208000000,ann,False,True,True,True,188,1.142791184,-0.212289550,1.142791184,-0.212289550,0.438551945,0.192842030,1.189993147,-0.039636071,first_gps,0.062068549,0.034649841
20.250000000,ann,False,True,True,True,188,1.228113230,-0.291236305,1.228113230,-0.291236305,0.457198844,0.184194488,1.141401789,-0.107687591,first_gps,0.062068549,0.034649841
20.300000000,ann,False,True,True,True,188,1.288615840,-0.230222330,1.288615840,-0.230222330,0.513247165,0.158034462,1.167625748,-0.265504106,first_gps,0.062068549,0.034649841
20.350000000,ann,False,True,True,True,188,1.347617488,-0.229004662,1.347617488,-0.229004662,0.569187752,0.131787961,1.174157255,-0.262563273,first_gps,0.062068549,0.034649841
20.403000000,ann,False,True,True,True,188,1.262461131,-0.180382226,1.262461131,-0.180382226,0.625124474,0.105522853,1.213414415,-0.022451032,first_gps,0.062068549,0.034649841
20.455000000,ann,False,True,True,True,188,1.368377572,-0.226200825,1.368377572,-0.226200825,0.662413315,0.087991723,1.170724919,-0.088000255,first_gps,0.062068549,0.034649841
20.502000000,ann,False,True,True,True,188,1.369814655,-0.201389518,1.369814655,-0.201389518,0.718371282,0.061651881,1.281212758,0.013229546,first_gps,0.062068549,0.034649841
20.550000000,ann,False,True,True,True,188,1.369739688,-0.204693018,1.369739688,-0.204693018,0.755618542,0.044102086,1.315971346,-0.077065617,first_gps,0.062068549,0.034649841
20.600000000,ann,False,True,True,True,188,1.505206650,-0.176021888,1.505206650,-0.176021888,0.811564247,0.017782719,1.603469476,-0.162002630,first_gps,0.062068549,0.034649841
20.653000000,ann,False,True,True,True,188,1.467165717,-0.148507512,1.467165717,-0.148507512,0.848849361,0.000227982,1.332289630,-0.045534118,first_gps,0.062068549,0.034649841
20.703000000,ann,False,True,True,True,188,1.543533846,-0.076432015,1.543533846,-0.076432015,0.904728745,-0.026189516,1.602053362,-0.184182769,first_gps,0.062068549,0.034649841
20.750000000,ann,False,True,True,True,188,1.562993071,-0.167387531,1.562993071,-0.167387531,0.941978875,-0.043774257,1.516703955,-0.201344026,first_gps,0.062068549,0.034649841
20.808000000,ann,False,True,True,True,188,1.740070776,-0.145553316,1.740070776,-0.145553316,1.016540580,-0.078852954,1.786880274,-0.140315991,first_gps,0.062068549,0.034649841
20.853000000,ann,False,True,True,True,188,1.755909133,-0.141462022,1.755909133,-0.141462022,1.035231059,-0.087631951,1.577897935,-0.297557051,first_gps,0.062068549,0.034649841
20.917000000,ann,False,True,True,True,188,1.688773637,-0.094773527,1.688773637,-0.094773527,1.091185289,-0.113873835,1.689313787,-0.148487060,first_gps,0.062068549,0.034649841
20.953000000,ann,False,True,True,True,188,1.771721248,-0.102945470,1.771721248,-0.102945470,1.128466484,-0.131366707,1.715264821,-0.054453237,first_gps,0.062068549,0.034649841
21.001000000,ann,False,True,True,True,188,1.811815912,-0.119518900,1.811815912,-0.119518900,1.184405894,-0.157696023,1.836155691,-0.005331926,first_gps,0.062068549,0.034649841
21.050000000,ann,False,True,True,True,188,1.840543490,-0.119499170,1.840543490,-0.119499170,1.221673557,-0.175328690,1.828622180,-0.165903518,first_gps,0.062068549,0.034649841
21.101000000,ann,False,True,True,True,188,1.828386244,-0.067897504,1.828386244,-0.067897504,1.277458149,-0.201901640,1.935481456,0.076757296,first_gps,0.062068549,0.034649841
21.151000000,ann,False,True,True,True,188,1.882109041,-0.037450698,1.882109041,-0.037450698,1.314620828,-0.219701860,1.871225588,-0.365401476,first_gps,0.062068549,0.034649841
21.200000000,ann,False,True,True,True,188,1.983935651,-0.083152323,1.983935651,-0.083152323,1.351771218,-0.237554902,2.034649488,-0.301691092,first_gps,0.062068549,0.034649841
21.252000000,ann,False,True,True,True,188,1.957980699,-0.037408511,1.957980699,-0.037408511,1.407551213,-0.264177062,1.948685484,-0.151135260,first_gps,0.062068549,0.034649841
21.300000000,ann,False,True,True,True,188,1.995287006,-0.048684964,1.995287006,-0.048684964,1.463382075,-0.290676210,2.256968027,-0.190548487,first_gps,0.062068549,0.034649841
21.351000000,ann,False,True,True,True,188,2.035800270,-0.021281003,2.035800270,-0.021281003,1.500633171,-0.308333320,2.149741732,-0.145269638,first_gps,0.062068549,0.034649841
21.400000000,ann,False,True,True,True,188,2.102334025,-0.036921430,2.102334025,-0.036921430,1.556548422,-0.334698802,2.226769217,-0.210612552,first_gps,0.062068549,0.034649841
21.450000000,ann,False,True,True,True,188,2.214071248,-0.011129258,2.214071248,-0.011129258,1.593824281,-0.352255331,2.192876935,-0.004804925,first_gps,0.062068549,0.034649841
21.500000000,ann,False,True,True,True,188,2.142666016,-0.006258316,2.142666016,-0.006258316,1.631084039,-0.369826457,2.319681257,0.021244190,first_gps,0.062068549,0.034649841
21.550000000,ann,False,True,True,True,188,2.199046830,0.006030150,2.199046830,0.006030150,1.686972236,-0.396204456,2.372098798,-0.016138125,first_gps,0.062068549,0.034649841
21.600000000,ann,False,True,True,True,188,2.311074696,0.005325314,2.311074696,0.005325314,1.724278762,-0.413754584,2.377115580,-0.059323596,first_gps,0.062068549,0.034649841
21.650000000,ann,False,True,True,True,188,2.322409980,0.107257633,2.322409980,0.107257633,1.780214720,-0.440047814,2.242417541,-0.149583677,first_gps,0.062068549,0.034649841
21.700000000,ann,False,True,True,True,188,2.360196896,0.009633289,2.360196896,0.009633289,1.836166045,-0.466313570,2.469692075,-0.031968090,first_gps,0.062068549,0.034649841
21.750000000,ann,False,True,True,True,188,2.385078847,0.076243207,2.385078847,0.076243207,1.873470058,-0.483780229,2.454815065,-0.013029833,first_gps,0.062068549,0.034649841
21.800000000,ann,False,True,True,True,188,2.415630022,0.045819158,2.415630022,0.045819158,1.910778369,-0.501279624,2.419692143,0.139060025,first_gps,0.062068549,0.034649841
21.853000000,ann,False,True,True,True,188,2.465483508,0.085311576,2.465483508,0.085311576,1.966752199,-0.527495970,2.752479537,-0.095747564,first_gps,0.062068549,0.034649841
21.907000000,ann,False,True,True,True,188,2.539426035,0.121872173,2.539426035,0.121872173,2.022745241,-0.553677299,2.580954199,-0.095100626,first_gps,0.062068549,0.034649841
21.950000000,ann,False,True,True,True,188,2.529352511,0.068503541,2.529352511,0.068503541,2.060368463,-0.570494520,2.767964109,-0.073818025,first_gps,0.062068549,0.034649841
22.008000000,ann,False,True,True,True,188,2.617406544,0.063835195,2.617406544,0.063835195,2.118642052,-0.591021026,2.716031065,-0.002866432,first_gps,0.062068549,0.034649841
22.050000000,ann,False,True,True,True,188,2.672235404,0.103296698,2.672235404,0.103296698,2.158499375,-0.601537232,2.656865267,-0.090389579,first_gps,0.062068549,0.034649841
22.100000000,ann,False,True,True,True,188,2.660081994,0.026646999,2.660081994,0.026646999,2.198924572,-0.609464350,2.761938328,-0.154779806,first_gps,0.062068549,0.034649841
22.151000000,ann,False,True,True,True,188,2.724446036,0.056543633,2.724446036,0.056543633,2.260316603,-0.616361796,2.799756063,0.145604647,first_gps,0.062068549,0.034649841
22.200000000,ann,False,True,True,True,188,2.833182094,0.047026084,2.833182094,0.047026084,2.322109747,-0.617204813,2.861054465,0.021915800,first_gps,0.062068549,0.034649841
22.251000000,ann,False,True,True,True,188,2.782767581,0.045200692,2.782767581,0.045200692,2.363230167,-0.614383318,3.031265153,0.147627213,first_gps,0.062068549,0.034649841
22.301000000,ann,False,True,True,True,188,2.847000102,0.058878790,2.847000102,0.058878790,2.424305940,-0.605098725,2.834748481,0.221565413,first_gps,0.062068549,0.034649841
22.365000000,ann,False,True,True,True,188,2.948316536,0.144391443,2.948316536,0.144391443,2.484178028,-0.589803638,3.095488280,-0.005519331,first_gps,0.062068549,0.034649841
22.400000000,ann,False,True,True,True,188,2.890689934,0.112305468,2.890689934,0.112305468,2.523107043,-0.576306413,3.184446024,0.040304854,first_gps,0.062068549,0.034649841
22.452000000,ann,False,True,True,True,188,2.954156216,0.143735202,2.954156216,0.143735202,2.561043659,-0.560238444,2.945377024,0.072706946,first_gps,0.062068549,0.034649841
22.505000000,ann,False,True,True,True,188,3.052179692,0.238958543,3.052179692,0.238958543,2.615764531,-0.531590457,2.962098550,0.173765840,first_gps,0.062068549,0.034649841
22.550000000,ann,False,True,True,True,188,3.068172175,0.279145523,3.068172175,0.279145523,2.650599730,-0.509494825,3.111309487,0.183472886,first_gps,0.062068549,0.034649841
22.601000000,ann,False,True,True,True,188,3.028698484,0.272643961,3.028698484,0.272643961,2.699881932,-0.472278952,3.086698870,0.355110335,first_gps,0.062068549,0.034649841
22.651000000,ann,False,True,True,True,188,3.104206081,0.391136864,3.104206081,0.391136864,2.745308504,-0.430425404,3.113493244,0.423277846,first_gps,0.062068549,0.034649841
22.704000000,ann,False,True,True,True,188,3.059548066,0.399023621,3.059548066,0.399023621,2.773206894,-0.400065269,3.001860058,0.370255539,first_gps,0.062068549,0.034649841
22.758000000,ann,False,True,True,True,188,3.091845545,0.446470989,3.091845545,0.446470989,2.799044001,-0.368003302,3.156510116,0.582603013,first_gps,0.062068549,0.034649841
22.800000000,ann,False,True,True,True,188,3.125612891,0.528873138,3.125612891,0.528873138,2.833798366,-0.316881550,3.162528562,0.617614022,first_gps,0.062068549,0.034649841
22.850000000,ann,False,True,True,True,188,3.114564008,0.533896114,3.114564008,0.533896114,2.854698965,-0.281381584,3.182517490,0.580848852,first_gps,0.062068549,0.034649841
22.900000000,ann,False,True,True,True,188,3.099497853,0.604928493,3.099497853,0.604928493,2.875573021,-0.245859610,3.131748621,0.430379716,first_gps,0.062068549,0.034649841
22.950000000,ann,False,True,True,True,188,3.072926783,0.646866405,3.072926783,0.646866405,2.906868822,-0.192550683,2.916601375,0.557570948,first_gps,0.062068549,0.034649841
23.000000000,ann,False,True,True,True,188,3.088653432,0.685305815,3.088653432,0.685305815,2.927725336,-0.157003599,3.187078643,0.535016653,first_gps,0.062068549,0.034649841
23.050000000,ann,False,True,True,True,188,3.088390432,0.748625371,3.088390432,0.748625371,2.958989353,-0.103661142,3.064334585,0.616831348,first_gps,0.062068549,0.034649841
23.100000000,ann,False,True,True,True,188,3.107221702,0.734615725,3.107221702,0.734615725,2.979817533,-0.068109785,3.039395570,0.726236044,first_gps,0.062068549,0.034649841
23.151000000,ann,False,True,True,True,188,3.087620495,0.747778215,3.087620495,0.747778215,3.011019409,-0.014774297,3.128648538,0.725767101,first_gps,0.062068549,0.034649841
23.200000000,ann,False,True,True,True,188,3.132218954,0.791708919,3.132218954,0.791708919,3.031851857,0.020793235,3.009648885,0.793673419,first_gps,0.062068549,0.034649841
23.250000000,ann,False,True,True,True,188,3.116577111,0.868442964,3.116577111,0.868442964,3.062979383,0.074158347,3.166901278,0.779171497,first_gps,0.062068549,0.034649841
23.300000000,ann,False,True,True,True,188,3.058843940,0.892305411,3.058843940,0.892305411,3.083823031,0.109726453,3.095292078,1.011754956,first_gps,0.062068549,0.034649841
23.350000000,ann,False,True,True,True,188,3.086431153,0.932911919,3.086431153,0.932911919,3.115145452,0.163025675,3.202699061,0.980999650,first_gps,0.062068549,0.034649841
23.401000000,ann,False,True,True,True,188,3.144001207,0.985471261,3.144001207,0.985471261,3.146569833,0.216219451,3.053595988,0.889572573,first_gps,0.062068549,0.034649841
23.451000000,ann,False,True,True,True,188,3.106994823,1.000828409,3.106994823,1.000828409,3.167543446,0.251715746,3.020233400,1.051692111,first_gps,0.062068549,0.034649841
23.500000000,ann,False,True,True,True,188,3.105980332,1.043560246,3.105980332,1.043560246,3.199526097,0.304602333,3.109457515,1.080117670,first_gps,0.062068549,0.034649841
23.550000000,ann,False,True,True,True,188,3.087734493,1.092088585,3.087734493,1.092088585,3.222817489,0.338602912,2.960160721,1.224315668,first_gps,0.062068549,0.034649841
23.600000000,ann,False,True,True,True,188,3.141916961,1.071754882,3.141916961,1.071754882,3.246053909,0.372657859,2.951383724,1.069686480,first_gps,0.062068549,0.034649841
23.650000000,ann,False,True,True,True,188,3.080653051,1.176325363,3.080653051,1.176325363,3.280784694,0.423767328,3.042971433,1.158679850,first_gps,0.062068549,0.034649841
23.700000000,ann,False,True,True,True,188,3.140296304,1.149463856,3.140296304,1.149463856,3.303855553,0.457894661,3.169406425,0.934880279,first_gps,0.062068549,0.034649841
23.750000000,ann,False,True,True,True,188,3.121964119,1.206984744,3.121964119,1.206984744,3.338413649,0.509133804,3.032951751,1.367923429,first_gps,0.062068549,0.034649841
23.801000000,ann,False,True,True,True,188,3.074399379,1.323473615,3.074399379,1.323473615,3.361514336,0.543245729,3.226056415,1.268055675,first_gps,0.062068549,0.034649841
23.850000000,ann,False,True,True,True,188,3.099407407,1.320384844,3.099407407,1.320384844,3.396112406,0.594527030,3.125245811,1.531947950,first_gps,0.062068549,0.034649841
23.900000000,ann,False,True,True,True,188,3.086475617,1.361382530,3.086475617,1.361382530,3.430695021,0.645736940,2.980501276,1.510765669,first_gps,0.062068549,0.034649841
23.950000000,ann,False,True,True,True,188,3.104838160,1.437186638,3.104838160,1.437186638,3.453723753,0.679891417,2.961222523,1.704115514,first_gps,0.062068549,0.034649841
24.000000000,ann,False,True,True,True,188,3.096810605,1.458116023,3.096810605,1.458116023,3.488220901,0.731176616,2.969177248,1.492692074,first_gps,0.062068549,0.034649841
24.050000000,ann,False,True,True,True,188,3.140908042,1.433398382,3.140908042,1.433398382,3.511220522,0.765398207,2.917834731,1.361956506,first_gps,0.062068549,0.034649841
24.101000000,ann,False,True,True,True,188,3.099899444,1.550269249,3.099899444,1.550269249,3.545699725,0.816724428,3.174910826,1.574694254,first_gps,0.062068549,0.034649841
24.150000000,ann,False,True,True,True,188,3.168256731,1.495318524,3.168256731,1.495318524,3.568685606,0.850872032,3.123591239,1.578724265,first_gps,0.062068549,0.034649841
24.204000000,ann,False,True,True,True,188,3.144898670,1.529770021,3.144898670,1.529770021,3.603239173,0.902137860,2.968792346,1.499200905,first_gps,0.062068549,0.034649841
24.253000000,ann,False,True,True,True,188,3.127948486,1.610657894,3.127948486,1.610657894,3.626308291,0.936260884,2.959087614,1.596620149,first_gps,0.062068549,0.034649841
24.306000000,ann,False,True,True,True,188,3.115937908,1.681977705,3.115937908,1.681977705,3.660961766,0.987436640,2.899325796,1.725231840,first_gps,0.062068549,0.034649841
24.355000000,ann,False,True,True,True,188,3.058530293,1.739111077,3.058530293,1.739111077,3.684030230,1.021619642,3.085476931,1.944371435,first_gps,0.062068549,0.034649841
24.401000000,ann,False,True,True,True,188,3.081100266,1.761833887,3.081100266,1.761833887,3.707041027,1.055783516,2.782281817,1.718781768,first_gps,0.062068549,0.034649841
24.451000000,ann,False,True,True,True,188,3.160903448,1.753340558,3.160903448,1.753340558,3.741566955,1.107056839,3.048418788,1.852996615,first_gps,0.062068549,0.034649841
24.500000000,ann,False,True,True,True,188,3.127176654,1.838889244,3.127176654,1.838889244,3.776103182,1.158340172,3.138535843,2.004673672,first_gps,0.062068549,0.034649841
24.552000000,ann,False,True,True,True,188,3.179926655,1.793082788,3.179926655,1.793082788,3.799123306,1.192512462,3.157217575,1.919925455,first_gps,0.062068549,0.034649841
24.601000000,ann,False,True,True,True,188,3.138623925,1.851577318,3.138623925,1.851577318,3.822187221,1.226654952,2.875930622,2.220066009,first_gps,0.062068549,0.034649841
24.650000000,ann,False,True,True,True,188,3.131199737,1.943056996,3.131199737,1.943056996,3.856792742,1.277851628,3.139965042,2.235486696,first_gps,0.062068549,0.034649841
24.700000000,ann,False,True,True,True,188,3.135610123,1.979781980,3.135610123,1.979781980,3.879852139,1.312007448,3.052158098,2.067744707,first_gps,0.062068549,0.034649841
24.750000000,ann,False,True,True,True,188,3.198989496,1.944717625,3.198989496,1.944717625,3.914382718,1.363301496,3.185218436,2.307315563,first_gps,0.062068549,0.034649841
24.800000000,ann,False,True,True,True,188,3.096302047,2.085246729,3.096302047,2.085246729,3.937349158,1.397484575,3.044967689,2.294917730,first_gps,0.062068549,0.034649841
24.850000000,ann,False,True,True,True,188,3.157903016,2.096038669,3.157903016,2.096038669,3.971827221,1.448805442,2.956751360,2.282948629,first_gps,0.062068549,0.034649841
24.900000000,ann,False,True,True,True,188,3.186326515,2.120156317,3.186326515,2.120156317,3.994863901,1.482965478,3.001721615,2.385633693,first_gps,0.062068549,0.034649841
24.954000000,ann,False,True,True,True,188,3.145454050,2.178529543,3.145454050,2.178529543,4.028857169,1.534584425,3.087790483,2.433832590,first_gps,0.062068549,0.034649841
25.001000000,ann,False,True,True,True,188,3.179159475,2.207565037,3.179159475,2.207565037,4.049007048,1.570510007,3.094086219,2.379236424,first_gps,0.062068549,0.034649841
25.050000000,ann,False,True,True,True,188,3.168481337,2.285164018,3.168481337,2.285164018,4.074754310,1.626719676,3.077209373,2.536742591,first_gps,0.062068549,0.034649841
25.102000000,ann,False,True,True,True,188,3.159602815,2.341609730,3.159602815,2.341609730,4.089437718,1.665200461,3.010947688,2.456804855,first_gps,0.062068549,0.034649841
25.150000000,ann,False,True,True,True,188,3.161639039,2.377124529,3.161639039,2.377124529,4.110697855,1.723200960,2.994780449,2.535738524,first_gps,0.062068549,0.034649841
25.201000000,ann,False,True,True,True,188,3.163683284,2.384134101,3.163683284,2.384134101,4.122030726,1.762847844,3.029419147,2.440324053,first_gps,0.062068549,0.034649841
25.250000000,ann,False,True,True,True,188,3.106653798,2.508684993,3.106653798,2.508684993,4.133967118,1.823456433,2.999166984,2.483223495,first_gps,0.062068549,0.034649841
25.300000000,ann,False,True,True,True,188,3.070889317,2.572760691,3.070889317,2.572760691,4.139802303,1.884992004,2.936415331,2.643809491,first_gps,0.062068549,0.034649841
25.350000000,ann,False,True,True,True,188,3.104744484,2.610403841,3.104744484,2.610403841,4.140317385,1.926166491,3.109390241,2.678659213,first_gps,0.062068549,0.034649841
25.401000000,ann,False,True,True,True,188,2.935071287,2.711939381,2.935071287,2.711939381,4.138162539,1.967317221,2.926864157,2.737507776,first_gps,0.062068549,0.034649841
25.450000000,ann,False,True,True,True,188,2.865378132,2.762715827,2.865378132,2.762715827,4.129849378,2.028539180,2.753197723,2.732959661,first_gps,0.062068549,0.034649841
25.500000000,ann,False,True,True,True,188,2.899205758,2.808740294,2.899205758,2.808740294,4.115633281,2.088676636,2.845692052,2.835502145,first_gps,0.062068549,0.034649841
25.550000000,ann,False,True,True,True,188,2.933406756,2.802255346,2.933406756,2.802255346,4.103571166,2.128067925,2.892884037,2.659982627,first_gps,0.062068549,0.034649841
25.601000000,ann,False,True,True,True,188,2.966160854,2.806367932,2.966160854,2.806367932,4.090853150,2.167278645,2.768203880,2.836527729,first_gps,0.062068549,0.034649841
25.650000000,ann,False,True,True,True,188,2.824515391,2.888827512,2.824515391,2.888827512,4.067021515,2.224261211,2.776423814,2.782835166,first_gps,0.062068549,0.034649841
25.700000000,ann,False,True,True,True,188,2.610767166,2.993438004,2.610767166,2.993438004,4.037567426,2.278591770,2.739957824,2.807809764,first_gps,0.062068549,0.034649841
25.770000000,ann,False,True,True,True,188,2.535875019,3.022005355,2.535875019,3.022005355,4.002929914,2.329740624,2.662232239,3.132347380,first_gps,0.062068549,0.034649841
25.800000000,ann,False,True,True,True,188,2.668272423,2.979923033,2.668272423,2.979923033,3.990283606,2.346031317,2.543298268,2.913322488,first_gps,0.062068549,0.034649841
25.850000000,ann,False,True,True,True,188,2.662759720,2.980478042,2.662759720,2.980478042,3.950807952,2.393581762,2.521074200,2.844970217,first_gps,0.062068549,0.034649841
25.900000000,ann,False,True,True,True,188,2.642587494,2.996280347,2.642587494,2.996280347,3.924469924,2.425293734,2.552235967,2.885689322,first_gps,0.062068549,0.034649841
25.963000000,ann,False,True,True,True,188,2.621220359,3.058348637,2.621220359,3.058348637,3.884426116,2.472368081,2.402838131,2.969985732,first_gps,0.062068549,0.034649841
26.008000000,ann,False,True,True,True,188,2.536702212,3.017723518,2.536702212,3.017723518,3.840445735,2.515745836,2.312485239,3.018154637,first_gps,0.062068549,0.034649841
26.053000000,ann,False,True,True,True,188,2.307330761,3.121697828,2.307330761,3.121697828,3.808824969,2.542200541,2.407377430,2.962984923,first_gps,0.062068549,0.034649841
26.100000000,ann,False,True,True,True,188,2.413119802,3.084761169,2.413119802,3.084761169,3.758713974,2.578359383,2.492323104,2.707435065,first_gps,0.062068549,0.034649841
26.150000000,ann,False,True,True,True,188,2.371686706,3.077073224,2.371686706,3.077073224,3.725016561,2.602067149,2.237754489,3.071045723,first_gps,0.062068549,0.034649841
26.200000000,ann,False,True,True,True,188,2.354756745,3.131553635,2.354756745,3.131553635,3.691335005,2.625754500,2.229615798,3.045467132,first_gps,0.062068549,0.034649841
26.250000000,ann,False,True,True,True,188,2.271878341,3.127037336,2.271878341,3.127037336,3.641066744,2.661785635,2.163213060,2.886519254,first_gps,0.062068549,0.034649841
26.300000000,ann,False,True,True,True,188,2.325970663,3.071724601,2.325970663,3.071724601,3.609391395,2.688097293,2.159961344,2.971488057,first_gps,0.062068549,0.034649841
26.350000000,ann,False,True,True,True,188,2.287173679,3.108414751,2.287173679,3.108414751,3.562462753,2.728331297,1.941733125,2.988626626,first_gps,0.062068549,0.034649841
26.400000000,ann,False,True,True,True,188,2.164264480,3.048530138,2.164264480,3.048530138,3.531242805,2.755219718,1.993098913,2.835411889,first_gps,0.062068549,0.034649841
26.450000000,ann,False,True,True,True,188,2.180798628,3.063354977,2.180798628,3.063354977,3.484410994,2.795579733,1.939338981,2.987718228,first_gps,0.062068549,0.034649841
26.503000000,ann,False,True,True,True,188,2.124079443,3.041714320,2.124079443,3.041714320,3.437590391,2.835928140,1.876963360,2.851409111,first_gps,0.062068549,0.034649841
26.551000000,ann,False,True,True,True,188,2.184710129,3.105434169,2.184710129,3.105434169,3.406324997,2.862747961,1.888420051,2.901766968,first_gps,0.062068549,0.034649841
26.600000000,ann,False,True,True,True,188,2.118214947,3.083763303,2.118214947,3.083763303,3.375021972,2.889548410,1.889446659,2.907980022,first_gps,0.062068549,0.034649841
26.650000000,ann,False,True,True,True,188,2.070982513,3.060210978,2.070982513,3.060210978,3.328003947,2.929734877,1.983712254,2.916964298,first_gps,0.062068549,0.034649841
26.700000000,ann,False,True,True,True,188,1.794524133,3.060156869,1.794524133,3.060156869,3.296732564,2.956504774,1.781930016,2.870314220,first_gps,0.062068549,0.034649841
26.750000000,ann,False,True,True,True,188,1.953422559,3.029200336,1.953422559,3.029200336,3.249754227,2.996726947,1.604052926,2.817100833,first_gps,0.062068549,0.034649841
26.800000000,ann,False,True,True,True,188,1.920326171,3.041342527,1.920326171,3.041342527,3.218464701,3.023532875,1.695498776,2.778916017,first_gps,0.062068549,0.034649841
26.850000000,ann,False,True,True,True,188,1.746642812,3.032861549,1.746642812,3.032861549,3.171514666,3.063711111,1.818176108,2.901066434,first_gps,0.062068549,0.034649841
26.901000000,ann,False,True,True,True,188,1.845147914,3.056493107,1.845147914,3.056493107,3.124468666,3.103830779,1.663460875,2.855112878,first_gps,0.062068549,0.034649841
26.951000000,ann,False,True,True,True,188,1.618160293,3.036488015,1.618160293,3.036488015,3.093125925,3.130577904,1.607904623,2.780388027,first_gps,0.062068549,0.034649841
27.001000000,ann,False,True,True,True,188,1.504305506,3.035527131,1.504305506,3.035527131,3.046098109,3.170711913,1.375351603,2.730909659,first_gps,0.062068549,0.034649841
27.050000000,ann,False,True,True,True,188,1.689729370,3.021544905,1.689729370,3.021544905,3.014784963,3.197468817,1.366729339,3.042181455,first_gps,0.062068549,0.034649841
27.101000000,ann,False,True,True,True,188,1.715487169,3.041010947,1.715487169,3.041010947,2.967750002,3.237590167,1.417513735,2.846291581,first_gps,0.062068549,0.034649841
27.151000000,ann,False,True,True,True,188,1.677962267,3.030516705,1.677962267,3.030516705,2.936420263,3.264338573,1.515430815,2.818763597,first_gps,0.062068549,0.034649841
27.200000000,ann,False,True,True,True,188,1.622963474,3.018326529,1.622963474,3.018326529,2.905068484,3.291092548,1.578904538,3.037374798,first_gps,0.062068549,0.034649841
27.250000000,ann,False,True,True,True,188,1.618894725,3.038787236,1.618894725,3.038787236,2.858002834,3.331158860,1.248668531,3.060081446,first_gps,0.062068549,0.034649841
27.300000000,ann,False,True,True,True,188,1.431345917,2.995010510,1.431345917,2.995010510,2.810832181,3.371121078,1.212642240,2.957259956,first_gps,0.062068549,0.034649841
27.350000000,ann,False,True,True,True,188,1.481971104,3.015186192,1.481971104,3.015186192,2.779377461,3.397737727,1.122612233,2.966913482,first_gps,0.062068549,0.034649841
27.400000000,ann,False,True,True,True,188,1.504655045,3.019352481,1.504655045,3.019352481,2.747923454,3.424320094,1.079905276,2.872456666,first_gps,0.062068549,0.034649841
27.452000000,ann,False,True,True,True,188,1.299977240,2.994455754,1.299977240,2.994455754,2.700568177,3.464063964,1.170526863,3.009562286,first_gps,0.062068549,0.034649841
27.500000000,ann,False,True,True,True,188,1.395086157,2.998438632,1.395086157,2.998438632,2.653226020,3.503788750,1.169190003,2.989276386,first_gps,0.062068549,0.034649841
27.550000000,ann,False,True,True,True,188,1.432286861,2.999966345,1.432286861,2.999966345,2.621661584,3.530271272,0.951243944,2.891785782,first_gps,0.062068549,0.034649841
27.601000000,ann,False,True,True,True,188,1.321820594,2.988636976,1.321820594,2.988636976,2.574375039,3.570070980,0.940361569,2.920728806,first_gps,0.062068549,0.034649841
27.669000000,ann,False,True,True,True,188,1.289240163,3.014849830,1.289240163,3.014849830,2.527078606,3.609893566,0.881140723,2.895111100,first_gps,0.062068549,0.034649841
27.700000000,ann,False,True,True,True,188,1.306406796,3.011991537,1.306406796,3.011991537,2.511283159,3.623188983,0.967598033,2.950684820,first_gps,0.062068549,0.034649841
27.753000000,ann,False,True,True,True,188,1.206057128,3.006233664,1.206057128,3.006233664,2.464012065,3.662982388,0.886513661,2.850974208,first_gps,0.062068549,0.034649841
27.800000000,ann,False,True,True,True,188,1.177135503,2.978860616,1.177135503,2.978860616,2.416685510,3.702753942,0.845920481,2.882592164,first_gps,0.062068549,0.034649841
27.850000000,ann,False,True,True,True,188,1.138352007,2.970601025,1.138352007,2.970601025,2.385150185,3.729264509,0.809863373,2.980640161,first_gps,0.062068549,0.034649841
27.900000000,ann,False,True,True,True,188,0.955613870,2.970621660,0.955613870,2.970621660,2.353592334,3.755738346,0.790882878,2.964680838,first_gps,0.062068549,0.034649841
27.950000000,ann,False,True,True,True,188,0.908985860,2.947220770,0.908985860,2.947220770,2.306191025,3.795410736,0.754678385,2.726407888,first_gps,0.062068549,0.034649841
28.000000000,ann,False,True,True,True,188,0.931838544,2.951722774,0.931838544,2.951722774,2.274606760,3.821883278,0.830853829,2.883437212,first_gps,0.062068549,0.034649841
28.053000000,ann,False,True,True,True,188,1.041723171,2.981736057,1.041723171,2.981736057,2.227235880,3.861623978,0.541793889,3.103374434,first_gps,0.062068549,0.034649841
28.100000000,ann,False,True,True,True,188,0.920200653,2.971695639,0.920200653,2.971695639,2.179920048,3.901391829,0.594919908,2.776863610,first_gps,0.062068549,0.034649841
28.166000000,ann,False,True,True,True,188,0.942655907,2.986777461,0.942655907,2.986777461,2.132662246,3.941189291,0.486072798,2.907587084,first_gps,0.062068549,0.034649841
28.200000000,ann,False,True,True,True,188,0.972138096,2.980456242,0.972138096,2.980456242,2.101146545,3.967725852,0.362778546,2.879487371,first_gps,0.062068549,0.034649841
28.251000000,ann,False,True,True,True,188,0.631144000,2.919286197,0.631144000,2.919286197,2.069611898,3.994297457,0.638220291,3.003580523,first_gps,0.062068549,0.034649841
28.300000000,ann,False,True,True,True,188,0.616029439,2.919216466,0.616029439,2.919216466,2.038047995,4.020779691,0.430169832,2.851154980,first_gps,0.062068549,0.034649841
28.350000000,ann,False,True,True,True,188,0.449717690,2.940391698,0.449717690,2.940391698,1.988257757,4.057333233,0.313547975,2.887433045,first_gps,0.062068549,0.034649841
28.400000000,ann,False,True,True,True,188,0.740772167,2.989064697,0.740772167,2.989064697,1.953139242,4.078952463,0.182791991,2.933772794,first_gps,0.062068549,0.034649841
28.450000000,ann,False,True,True,True,188,0.359131979,2.936827755,0.359131979,2.936827755,1.898074981,4.106944635,0.274685225,2.794007125,first_gps,0.062068549,0.034649841
28.501000000,ann,False,True,True,True,188,0.626804486,2.989212236,0.626804486,2.989212236,1.840546188,4.129420034,0.354122891,2.814740416,first_gps,0.062068549,0.034649841
28.550000000,ann,False,True,True,True,188,0.230469014,2.932658890,0.230469014,2.932658890,1.801045836,4.141244628,0.209592740,2.927722473,first_gps,0.062068549,0.034649841
28.600000000,ann,False,True,True,True,188,0.348372514,2.951826853,0.348372514,2.951826853,1.760900426,4.150465407,0.023011564,2.876393983,first_gps,0.062068549,0.034649841
28.650000000,ann,False,True,True,True,188,0.237072792,2.930030408,0.237072792,2.930030408,1.699755248,4.159308920,0.205055855,2.917989819,first_gps,0.062068549,0.034649841
28.700000000,ann,False,True,True,True,188,0.220542150,2.925586844,0.220542150,2.925586844,1.658603380,4.161859542,0.127783541,2.809345683,first_gps,0.062068549,0.034649841
28.750000000,ann,False,True,True,True,188,0.368341738,2.928584010,0.368341738,2.928584010,1.596841661,4.160575202,0.039432734,2.664600544,first_gps,0.062068549,0.034649841
28.801000000,ann,False,True,True,True,188,0.112692441,2.868032094,0.112692441,2.868032094,1.535511819,4.153264005,0.145913236,2.572880683,first_gps,0.062068549,0.034649841
28.851000000,ann,False,True,True,True,188,0.010730457,2.847309281,0.010730457,2.847309281,1.495116568,4.145029259,-0.053858205,2.689526490,first_gps,0.062068549,0.034649841
28.901000000,ann,False,True,True,True,188,0.060228172,2.829345872,0.060228172,2.829345872,1.455382371,4.134175192,0.088362381,2.471483785,first_gps,0.062068549,0.034649841
28.950000000,ann,False,True,True,True,188,0.059630502,2.797414555,0.059630502,2.797414555,1.397306176,4.113101804,-0.055542672,2.612328327,first_gps,0.062068549,0.034649841
29.000000000,ann,False,True,True,True,188,-0.021177612,2.741949066,-0.021177612,2.741949066,1.341578388,4.086431819,0.020925254,2.490030197,first_gps,0.062068549,0.034649841
29.050000000,ann,False,True,True,True,188,-0.010612498,2.724113428,-0.010612498,2.724113428,1.305986861,4.065649760,-0.140674682,2.420693563,first_gps,0.062068549,0.034649841
29.101000000,ann,False,True,True,True,188,0.245124268,2.684257793,0.245124268,2.684257793,1.255452171,4.030114893,-0.012322530,2.447548988,first_gps,0.062068549,0.034649841
29.153000000,ann,False,True,True,True,188,0.151693386,2.656602636,0.151693386,2.656602636,1.223752206,4.003753680,-0.160263857,2.485918424,first_gps,0.062068549,0.034649841
29.200000000,ann,False,True,True,True,188,0.196238671,2.608794430,0.196238671,2.608794430,1.179050169,3.961048999,-0.120159900,2.376733200,first_gps,0.062068549,0.034649841
29.250000000,ann,False,True,True,True,188,0.232100738,2.567758715,0.232100738,2.567758715,1.149505645,3.932346827,-0.007872656,2.412737573,first_gps,0.062068549,0.034649841
29.300000000,ann,False,True,True,True,188,0.306789125,2.478780549,0.306789125,2.478780549,1.119943656,3.903635116,-0.080798415,2.318723341,first_gps,0.062068549,0.034649841
29.350000000,ann,False,True,True,True,188,0.271002142,2.418599889,0.271002142,2.418599889,1.075628300,3.860573338,-0.128041672,2.185420866,first_gps,0.062068549,0.034649841
29.400000000,ann,False,True,True,True,188,0.208288825,2.453710576,0.208288825,2.453710576,1.046059245,3.831869134,0.120686769,2.448938007,first_gps,0.062068549,0.034649841
29.450000000,ann,False,True,True,True,188,0.243303602,2.385176366,0.243303602,2.385176366,1.001678857,3.788842739,0.047856376,2.061272537,first_gps,0.062068549,0.034649841
29.500000000,ann,False,True,True,True,188,0.271861832,2.306044579,0.271861832,2.306044579,0.972094675,3.760141095,0.024500257,2.077132686,first_gps,0.062068549,0.034649841
29.550000000,ann,False,True,True,True,188,0.083786388,2.301310686,0.083786388,2.301310686,0.927679507,3.717158559,-0.041134963,1.894991452,first_gps,0.062068549,0.034649841
29.600000000,ann,False,True,True,True,188,0.007769319,2.246304553,0.007769319,2.246304553,0.883214762,3.674229773,-0.106411756,1.882532692,first_gps,0.062068549,0.034649841
29.650000000,ann,False,True,True,True,188,0.089801641,2.207998436,0.089801641,2.207998436,0.853582319,3.645573614,-0.033974563,1.989667819,first_gps,0.062068549,0.034649841
29.700000000,ann,False,True,True,True,188,0.285630461,2.119230096,0.285630461,2.119230096,0.823953005,3.616960307,-0.107863618,1.874676434,first_gps,0.062068549,0.034649841
29.757000000,ann,False,True,True,True,188,0.273509365,2.076411641,0.273509365,2.076411641,0.779409568,3.574096794,-0.108374485,1.876735493,first_gps,0.062068549,0.034649841
29.800000000,ann,False,True,True,True,188,0.180847392,2.076260454,0.180847392,2.076260454,0.734690389,3.531377466,0.072900388,1.743648755,first_gps,0.062068549,0.034649841
29.850000000,ann,False,True,True,True,188,0.114953601,2.032017717,0.114953601,2.032017717,0.704913255,3.502939575,-0.028821004,1.869847840,first_gps,0.062068549,0.034649841
29.900000000,ann,False,True,True,True,188,0.198898308,1.994628694,0.198898308,1.994628694,0.675128587,3.474483372,0.020349787,1.806003587,first_gps,0.062068549,0.034649841
29.951000000,ann,False,True,True,True,188,0.267980715,1.918147932,0.267980715,1.918147932,0.630426129,3.431747584,-0.066644165,1.751564063,first_gps,0.062068549,0.034649841
30.000000000,ann,False,True,True,True,188,-0.018335015,1.924440450,-0.018335015,1.924440450,0.600684842,3.403236055,-0.079772456,1.704217709,first_gps,0.062068549,0.034649841
30.054000000,ann,False,True,True,True,188,0.302618186,1.796826106,0.302618186,1.796826106,0.556060443,3.360487271,-0.020592737,1.541206703,first_gps,0.062068549,0.034649841
30.102000000,ann,False,True,True,True,188,0.235059366,1.765082448,0.235059366,1.765082448,0.511436872,3.317656193,-0.021851091,1.467801552,first_gps,0.062068549,0.034649841
30.153000000,ann,False,True,True,True,188,0.001975559,1.788997474,0.001975559,1.788997474,0.481698791,3.289171166,-0.141076023,1.492804102,first_gps,0.062068549,0.034649841
30.200000000,ann,False,True,True,True,188,0.233969979,1.705980251,0.233969979,1.705980251,0.451951939,3.260686562,-0.134879403,1.359899940,first_gps,0.062068549,0.034649841
30.250000000,ann,False,True,True,True,188,0.249480501,1.649291077,0.249480501,1.649291077,0.407374437,3.217876672,0.027832564,1.470273688,first_gps,0.062068549,0.034649841
30.300000000,ann,False,True,True,True,188,0.106281942,1.613509650,0.106281942,1.613509650,0.362755668,3.175092305,-0.176824657,1.431297502,first_gps,0.062068549,0.034649841
30.350000000,ann,False,True,True,True,188,0.217775369,1.567348463,0.217775369,1.567348463,0.333011719,3.146559639,-0.007759697,1.461324453,first_gps,0.062068549,0.034649841
30.400000000,ann,False,True,True,True,188,0.227195069,1.492186682,0.227195069,1.492186682,0.288483581,3.103711726,-0.239680093,1.265599540,first_gps,0.062068549,0.034649841
30.451000000,ann,False,True,True,True,188,0.237265715,1.453941363,0.237265715,1.453941363,0.258799695,3.075106913,0.112263321,1.252360465,first_gps,0.062068549,0.034649841
30.500000000,ann,False,True,True,True,188,0.137577232,1.444041996,0.137577232,1.444041996,0.214297883,3.032190372,-0.137896725,1.195604694,first_gps,0.062068549,0.034649841
30.558000000,ann,False,True,True,True,188,0.159606013,1.405680632,0.159606013,1.405680632,0.184651662,3.003584889,-0.060286784,1.206983707,first_gps,0.062068549,0.034649841
30.600000000,ann,False,True,True,True,188,0.304914040,1.307503775,0.304914040,1.307503775,0.155019765,2.974949347,-0.045660091,1.161871116,first_gps,0.062068549,0.034649841
30.650000000,ann,False,True,True,True,188,0.301479306,1.250865166,0.301479306,1.250865166,0.110551500,2.931995955,-0.111128233,1.173614337,first_gps,0.062068549,0.034649841
30.700000000,ann,False,True,True,True,188,0.017964506,1.291418911,0.017964506,1.291418911,0.080953585,2.903317092,-0.069474206,0.919401232,first_gps,0.062068549,0.034649841
30.751000000,ann,False,True,True,True,188,-0.023829585,1.242622800,-0.023829585,1.242622800,0.036627481,2.860271376,-0.126087039,1.026970881,first_gps,0.062068549,0.034649841
30.806000000,ann,False,True,True,True,188,0.276556985,1.105737355,0.276556985,1.105737355,-0.007794249,2.817319921,-0.164279652,0.794007810,first_gps,0.062068549,0.034649841
30.858000000,ann,False,True,True,True,188,0.063751968,1.131282057,0.063751968,1.131282057,-0.037515612,2.788719229,-0.062886778,0.928851984,first_gps,0.062068549,0.034649841
30.905000000,ann,False,True,True,True,188,0.277318390,1.016874662,0.277318390,1.016874662,-0.082126658,2.745980526,-0.015726006,0.773336979,first_gps,0.062068549,0.034649841
30.950000000,ann,False,True,True,True,188,0.138509069,1.041929141,0.138509069,1.041929141,-0.111862109,2.717473083,-0.021418896,0.679269366,first_gps,0.062068549,0.034649841
31.000000000,ann,False,True,True,True,188,0.030903645,1.002458980,0.030903645,1.002458980,-0.141650587,2.688948840,-0.056280765,0.758685067,first_gps,0.062068549,0.034649841
31.058000000,ann,False,True,True,True,188,0.088076862,0.937746908,0.088076862,0.937746908,-0.201230543,2.632007377,-0.091408140,0.716698380,first_gps,0.062068549,0.034649841
31.101000000,ann,False,True,True,True,188,0.089369107,0.904186492,0.089369107,0.904186492,-0.231033627,2.603581423,-0.111845497,0.379302326,first_gps,0.062068549,0.034649841
31.155000000,ann,False,True,True,True,188,0.075578282,0.863430696,0.075578282,0.863430696,-0.260830914,2.575069015,-0.034071729,0.485781949,first_gps,0.062068549,0.034649841
31.201000000,ann,False,True,True,True,188,0.134311856,0.804362854,0.134311856,0.804362854,-0.305433483,2.532302508,-0.066875104,0.691336376,first_gps,0.062068549,0.034649841
31.250000000,ann,False,True,True,True,188,0.072478358,0.775320488,0.072478358,0.775320488,-0.335178287,2.503780083,-0.122956979,0.392407339,first_gps,0.062068549,0.034649841
31.301000000,ann,False,True,True,True,188,-0.016410338,0.769035493,-0.016410338,0.769035493,-0.364945676,2.475269138,-0.059372226,0.566891478,first_gps,0.062068549,0.034649841
31.354000000,ann,False,True,True,True,188,0.238160191,0.598114558,0.238160191,0.598114558,-0.424463576,2.418295555,0.198314003,0.461270342,first_gps,0.062068549,0.034649841
31.404000000,ann,False,True,True,True,188,0.021096650,0.660715903,0.021096650,0.660715903,-0.439335643,2.404025318,-0.150233208,0.449410391,first_gps,0.062068549,0.034649841
31.450000000,ann,False,True,True,True,188,-0.021081479,0.628255056,-0.021081479,0.628255056,-0.483931993,2.361218125,-0.101228469,0.339981083,first_gps,0.062068549,0.034649841
31.506000000,ann,False,True,True,True,188,0.258500817,0.480671001,0.258500817,0.480671001,-0.525478327,2.315482866,-0.157488475,0.233871659,first_gps,0.062068549,0.034649841
31.551000000,ann,False,True,True,True,188,0.064942708,0.484789487,0.064942708,0.484789487,-0.562312187,2.265839435,-0.063932431,0.236984857,first_gps,0.062068549,0.034649841
31.603000000,ann,False,True,True,True,188,0.084355683,0.469665654,0.084355683,0.469665654,-0.573445668,2.248536096,-0.200587862,0.204381180,first_gps,0.062068549,0.034649841
31.652000000,ann,False,True,True,True,188,0.092908791,0.394227640,0.092908791,0.394227640,-0.603370938,2.194483447,0.058162803,0.139358276,first_gps,0.062068549,0.034649841
31.703000000,ann,False,True,True,True,188,0.069519792,0.397716591,0.069519792,0.397716591,-0.627844887,2.137752517,-0.040796088,0.207699189,first_gps,0.062068549,0.034649841
31.753000000,ann,False,True,True,True,188,0.142822973,0.298628899,0.142822973,0.298628899,-0.641010073,2.098719880,0.031276362,0.095721747,first_gps,0.062068549,0.034649841
31.805000000,ann,False,True,True,True,188,0.165217336,0.251880313,0.165217336,0.251880313,-0.655916641,2.038727381,-0.137613680,-0.022397067,first_gps,0.062068549,0.034649841
31.851000000,ann,False,True,True,True,188,0.138014034,0.263883865,0.138014034,0.263883865,-0.662528902,1.998060595,0.186742567,-0.181960326,first_gps,0.062068549,0.034649841
31.900000000,ann,False,True,True,True,188,0.185914257,0.237873730,0.185914257,0.237873730,-0.666427717,1.957044081,0.202505040,-0.101651205,first_gps,0.062068549,0.034649841
31.950000000,ann,False,True,True,True,188,0.267290200,0.148762000,0.267290200,0.148762000,-0.667182159,1.895246434,0.158898821,-0.037564481,first_gps,0.062068549,0.034649841
32.000000000,ann,False,True,True,True,188,0.272765556,0.153868773,0.272765556,0.153868773,-0.664344169,1.854166075,0.146543470,0.004058499,first_gps,0.062068549,0.034649841
32.050000000,ann,False,True,True,True,188,0.388961696,-0.005198613,0.388961696,-0.005198613,-0.655083524,1.793067785,0.248498810,-0.274584069,first_gps,0.062068549,0.034649841
32.100000000,ann,False,True,True,True,188,0.368223084,0.003138231,0.368223084,0.003138231,-0.639792258,1.733179446,0.262221851,-0.274533142,first_gps,0.062068549,0.034649841
32.150000000,ann,False,True,True,True,188,0.458719658,-0.064525769,0.458719658,-0.064525769,-0.626406134,1.694237376,0.159649221,-0.123993762,first_gps,0.062068549,0.034649841
32.200000000,ann,False,True,True,True,188,0.488213974,-0.018687939,0.488213974,-0.018687939,-0.601529571,1.637677964,0.201151250,-0.201237801,first_gps,0.062068549,0.034649841
32.250000000,ann,False,True,True,True,188,0.506615097,-0.135672881,0.506615097,-0.135672881,-0.581943116,1.601413922,0.475234605,-0.110722480,first_gps,0.062068549,0.034649841
32.300000000,ann,False,True,True,True,188,0.591725671,-0.165040228,0.591725671,-0.165040228,-0.560007413,1.566553437,0.423344719,-0.164507516,first_gps,0.062068549,0.034649841
32.350000000,ann,False,True,True,True,188,0.607567507,-0.093377926,0.607567507,-0.093377926,-0.523463656,1.516705607,0.627616459,0.009215651,first_gps,0.062068549,0.034649841
32.400000000,ann,False,True,True,True,188,0.619329111,-0.171699240,0.619329111,-0.171699240,-0.498729409,1.483752267,0.530230922,-0.083566816,first_gps,0.062068549,0.034649841
32.450000000,ann,False,True,True,True,188,0.690294688,-0.170039791,0.690294688,-0.170039791,-0.461609336,1.434315980,0.459525913,-0.218743909,first_gps,0.062068549,0.034649841
32.501000000,ann,False,True,True,True,188,0.678499471,-0.200075836,0.678499471,-0.200075836,-0.424580014,1.384845010,0.696262952,-0.034015016,first_gps,0.062068549,0.034649841
32.550000000,ann,False,True,True,True,188,0.720471777,-0.169559759,0.720471777,-0.169559759,-0.399889762,1.351859910,0.592624312,-0.197146019,first_gps,0.062068549,0.034649841
32.600000000,ann,False,True,True,True,188,0.762203360,-0.193541185,0.762203360,-0.193541185,-0.375168598,1.318854673,0.850190940,-0.109057730,first_gps,0.062068549,0.034649841
32.652000000,ann,False,True,True,True,188,0.924091104,-0.131396851,0.924091104,-0.131396851,-0.338091942,1.269414338,0.702634010,-0.145817732,first_gps,0.062068549,0.034649841
32.700000000,ann,False,True,True,True,188,0.827463923,-0.178317969,0.827463923,-0.178317969,-0.313355508,1.236449056,0.728874965,-0.180133255,first_gps,0.062068549,0.034649841
32.750000000,ann,False,True,True,True,188,0.932288895,-0.160498436,0.932288895,-0.160498436,-0.276329802,1.186963288,0.955755647,-0.082396511,first_gps,0.062068549,0.034649841
32.802000000,ann,False,True,True,True,188,0.904461819,-0.192350944,0.904461819,-0.192350944,-0.239317892,1.137454378,0.920035904,-0.356378120,first_gps,0.062068549,0.034649841
32.850000000,ann,False,True,True,True,188,0.965389172,-0.166973049,0.965389172,-0.166973049,-0.214709704,1.104435889,1.022204317,-0.084451215,first_gps,0.062068549,0.034649841
32.900000000,ann,False,True,True,True,188,0.926507919,-0.166518695,0.926507919,-0.166518695,-0.190096892,1.071345125,0.857561829,-0.063291167,first_gps,0.062068549,0.034649841
32.950000000,ann,False,True,True,True,188,1.036024231,-0.062703653,1.036024231,-0.062703653,-0.153202462,1.021782227,0.907669872,-0.308555956,first_gps,0.062068549,0.034649841
33.000000000,ann,False,True,True,True,188,1.001735046,-0.179431339,1.001735046,-0.179431339,-0.128600497,0.988725913,0.991259616,-0.208110072,first_gps,0.062068549,0.034649841
33.050000000,ann,False,True,True,True,188,1.113950506,-0.167047980,1.113950506,-0.167047980,-0.091751797,0.939079192,1.105200983,-0.257793322,first_gps,0.062068549,0.034649841
33.102000000,ann,False,True,True,True,188,1.102200052,-0.076471092,1.102200052,-0.076471092,-0.054977028,0.889420265,0.992822674,-0.045285600,first_gps,0.062068549,0.034649841
33.151000000,ann,False,True,True,True,188,1.101795398,-0.167652728,1.101795398,-0.167652728,-0.030452269,0.856296427,1.150153841,-0.185911569,first_gps,0.062068549,0.034649841
33.201000000,ann,False,True,True,True,188,1.215246187,-0.089988926,1.215246187,-0.089988926,0.006282756,0.806578991,1.206931752,-0.007226948,first_gps,0.062068549,0.034649841
33.250000000,ann,False,True,True,True,188,1.227892100,-0.175547729,1.227892100,-0.175547729,0.030724094,0.773404050,1.142753492,0.044897687,first_gps,0.062068549,0.034649841
33.300000000,ann,False,True,True,True,188,1.283908542,-0.038087484,1.283908542,-0.038087484,0.055201309,0.740218480,1.300096108,-0.127768845,first_gps,0.062068549,0.034649841
33.350000000,ann,False,True,True,True,188,1.383502526,-0.114244839,1.383502526,-0.114244839,0.091860496,0.690482367,1.501806703,0.027302193,first_gps,0.062068549,0.034649841
33.400000000,ann,False,True,True,True,188,1.332954525,-0.102456690,1.332954525,-0.102456690,0.128524249,0.640710404,1.280131935,-0.136194320,first_gps,0.062068549,0.034649841
33.450000000,ann,False,True,True,True,188,1.393089908,-0.126423964,1.393089908,-0.126423964,0.152932488,0.607505588,1.430523030,-0.010072645,first_gps,0.062068549,0.034649841
33.500000000,ann,False,True,True,True,188,1.378781385,-0.140821017,1.378781385,-0.140821017,0.177304342,0.574274428,1.628230103,-0.076555283,first_gps,0.062068549,0.034649841
33.551000000,ann,False,True,True,True,188,1.493490254,-0.128730518,1.493490254,-0.128730518,0.213816747,0.524387963,1.331673247,0.015434964,first_gps,0.062068549,0.034649841
33.601000000,ann,False,True,True,True,188,1.490364214,-0.049119335,1.490364214,-0.049119335,0.238106187,0.491120775,1.807722274,-0.088528454,first_gps,0.062068549,0.034649841
33.650000000,ann,False,True,True,True,188,1.489788305,-0.140422415,1.489788305,-0.140422415,0.274540177,0.441162646,1.733256109,0.001976833,first_gps,0.062068549,0.034649841
33.700000000,ann,False,True,True,True,188,1.460583193,-0.149504627,1.460583193,-0.149504627,0.298759948,0.407845120,1.679100385,-0.170160527,first_gps,0.062068549,0.034649841
33.750000000,ann,False,True,True,True,188,1.502036412,-0.146408836,1.502036412,-0.146408836,0.335139734,0.357865722,1.622406511,-0.034176791,first_gps,0.062068549,0.034649841
33.803000000,ann,False,True,True,True,188,1.597603049,-0.101956048,1.597603049,-0.101956048,0.371458700,0.307874828,1.685770131,0.119439072,first_gps,0.062068549,0.034649841
33.850000000,ann,False,True,True,True,188,1.676728099,-0.134760261,1.676728099,-0.134760261,0.395660585,0.274480037,1.927689909,-0.120447799,first_gps,0.062068549,0.034649841
33.901000000,ann,False,True,True,True,188,1.650780628,-0.111935048,1.650780628,-0.111935048,0.419745270,0.241083439,1.727763147,0.050709042,first_gps,0.062068549,0.034649841
33.950000000,ann,False,True,True,True,188,1.680998851,-0.135879822,1.680998851,-0.135879822,0.455845943,0.190889974,1.985559388,-0.190487314,first_gps,0.062068549,0.034649841
34.000000000,ann,False,True,True,True,188,1.728522682,-0.131929030,1.728522682,-0.131929030,0.479887550,0.157438188,1.953946819,-0.126972052,first_gps,0.062068549,0.034649841
34.051000000,ann,False,True,True,True,188,1.758098774,-0.119177262,1.758098774,-0.119177262,0.516068560,0.107296962,2.051162563,-0.060693335,first_gps,0.062068549,0.034649841
34.100000000,ann,False,True,True,True,188,1.970884390,-0.035709760,1.970884390,-0.035709760,0.540178713,0.073916108,2.001413746,0.074437253,first_gps,0.062068549,0.034649841
34.150000000,ann,False,True,True,True,188,1.835914130,-0.116652448,1.835914130,-0.116652448,0.576377809,0.023793069,2.192487351,-0.045451052,first_gps,0.062068549,0.034649841
34.201000000,ann,False,True,True,True,188,1.943179274,0.017892664,1.943179274,0.017892664,0.612603493,-0.026289714,2.042271111,-0.020953807,first_gps,0.062068549,0.034649841
34.250000000,ann,False,True,True,True,188,1.886614408,-0.119813540,1.886614408,-0.119813540,0.636692495,-0.059722949,2.103550813,-0.047180733,first_gps,0.062068549,0.034649841
34.300000000,ann,False,True,True,True,188,2.014565227,0.057533043,2.014565227,0.057533043,0.660786968,-0.093169716,2.344234290,-0.135699956,first_gps,0.062068549,0.034649841
34.350000000,ann,False,True,True,True,188,2.010062981,-0.051387376,2.010062981,-0.051387376,0.696965684,-0.143274440,2.125455391,-0.037921035,first_gps,0.062068549,0.034649841
34.400000000,ann,False,True,True,True,188,2.037335602,-0.060708600,2.037335602,-0.060708600,0.733130967,-0.193409792,2.327243037,-0.181074948,first_gps,0.062068549,0.034649841
34.450000000,ann,False,True,True,True,188,2.203199459,-0.014551699,2.203199459,-0.014551699,0.757197837,-0.226834514,2.557030123,-0.101836991,first_gps,0.062068549,0.034649841
34.500000000,ann,False,True,True,True,188,2.095317989,-0.080315717,2.095317989,-0.080315717,0.781255203,-0.260309856,2.448106155,-0.103714983,first_gps,0.062068549,0.034649841
34.550000000,ann,False,True,True,True,188,2.214820508,0.023517701,2.214820508,0.023517701,0.817341752,-0.310484940,2.397422322,-0.085678320,first_gps,0.062068549,0.034649841
34.600000000,ann,False,True,True,True,188,2.195133962,-0.093386458,2.195133962,-0.093386458,0.841445394,-0.343934425,2.362466680,-0.133269189,first_gps,0.062068549,0.034649841
34.650000000,ann,False,True,True,True,188,2.230132427,-0.071728826,2.230132427,-0.071728826,0.878152226,-0.393615893,2.487862363,-0.128737632,first_gps,0.062068549,0.034649841
34.702000000,ann,False,True,True,True,188,2.301398516,-0.078137959,2.301398516,-0.078137959,0.918954992,-0.440026753,2.488821252,-0.000838093,first_gps,0.062068549,0.034649841
34.750000000,ann,False,True,True,True,188,2.329542866,-0.063729766,2.329542866,-0.063729766,0.948558148,-0.468685282,2.680591446,-0.086374869,first_gps,0.062068549,0.034649841
34.802000000,ann,False,True,True,True,188,2.433083143,-0.048792104,2.433083143,-0.048792104,0.996405915,-0.507805988,2.792480252,-0.057186300,first_gps,0.062068549,0.034649841
34.850000000,ann,False,True,True,True,188,2.489074025,-0.049234161,2.489074025,-0.049234161,1.030328276,-0.531166999,2.717724434,0.055854931,first_gps,0.062068549,0.034649841
34.900000000,ann,False,True,True,True,188,2.479868665,-0.034220207,2.479868665,-0.034220207,1.065745085,-0.552231551,2.603955482,-0.142161364,first_gps,0.062068549,0.034649841
34.951000000,ann,False,True,True,True,188,2.573268350,0.040858274,2.573268350,0.040858274,1.121260868,-0.579387266,2.755806422,0.091882316,first_gps,0.062068549,0.034649841
35.000000000,ann,False,True,True,True,188,2.556292208,-0.029755396,2.556292208,-0.029755396,1.179154445,-0.600979276,2.958141298,-0.121767108,first_gps,0.062068549,0.034649841
35.050000000,ann,False,True,True,True,188,2.664541185,0.073702808,2.664541185,0.073702808,1.218784737,-0.612171108,2.898333590,0.010689176,first_gps,0.062068549,0.034649841
35.100000000,ann,False,True,True,True,188,2.644633921,0.022482372,2.644633921,0.022482372,1.259069134,-0.620759113,3.091923315,0.176969642,first_gps,0.062068549,0.034649841
35.150000000,ann,False,True,True,True,188,2.707951342,0.094169754,2.707951342,0.094169754,1.320375085,-0.628593040,2.910710206,0.103069061,first_gps,0.062068549,0.034649841
35.201000000,ann,False,True,True,True,188,2.817682942,0.204113786,2.817682942,0.204113786,1.382150523,-0.630344143,3.067668867,0.191261813,first_gps,0.062068549,0.034649841
35.251000000,ann,False,True,True,True,188,2.850210031,0.216257626,2.850210031,0.216257626,1.423263674,-0.628178454,2.959646694,0.224392901,first_gps,0.062068549,0.034649841
35.307000000,ann,False,True,True,True,188,2.767728824,0.211876970,2.767728824,0.211876970,1.484529200,-0.619992417,2.755823564,0.239546686,first_gps,0.062068549,0.034649841
35.351000000,ann,False,True,True,True,188,2.793594282,0.250571583,2.793594282,0.250571583,1.524790784,-0.611216001,2.911420349,0.160893337,first_gps,0.062068549,0.034649841
35.402000000,ann,False,True,True,True,188,2.847819153,0.325119625,2.847819153,0.325119625,1.583878516,-0.593182894,3.036079153,0.529944876,first_gps,0.062068549,0.034649841
35.450000000,ann,False,True,True,True,188,2.811522758,0.364452489,2.811522758,0.364452489,1.622131691,-0.577868155,2.841380046,0.472918069,first_gps,0.062068549,0.034649841
35.500000000,ann,False,True,True,True,188,2.925871724,0.458308249,2.925871724,0.458308249,1.659598530,-0.560657882,3.189711357,0.412951028,first_gps,0.062068549,0.034649841
35.550000000,ann,False,True,True,True,188,2.873507410,0.507994807,2.873507410,0.507994807,1.715697070,-0.534788490,3.093244925,0.459011140,first_gps,0.062068549,0.034649841
35.603000000,ann,False,True,True,True,188,2.879875535,0.547931545,2.879875535,0.547931545,1.769962485,-0.505200445,2.860006125,0.661575789,first_gps,0.062068549,0.034649841
35.650000000,ann,False,True,True,True,188,2.898211750,0.592381746,2.898211750,0.592381746,1.805474596,-0.484317718,2.964951902,0.675861600,first_gps,0.062068549,0.034649841
35.712000000,ann,False,True,True,True,188,2.907172616,0.623112924,2.907172616,0.623112924,1.858820577,-0.453035985,2.917123618,0.496772308,first_gps,0.062068549,0.034649841
35.761000000,ann,False,True,True,True,188,2.877793718,0.658222705,2.877793718,0.658222705,1.894350931,-0.432236482,3.125845656,0.609231979,first_gps,0.062068549,0.034649841
35.809000000,ann,False,True,True,True,188,2.892541465,0.717499757,2.892541465,0.717499757,1.947743359,-0.401066067,2.904760041,0.719184674,first_gps,0.062068549,0.034649841
35.850000000,ann,False,True,True,True,188,3.013088299,0.859650781,3.013088299,0.859650781,1.983325940,-0.380294912,2.858969162,0.795743898,first_gps,0.062068549,0.034649841
35.907000000,ann,False,True,True,True,188,2.987172537,0.857160062,2.987172537,0.857160062,2.036663599,-0.349095848,2.879221409,0.801921986,first_gps,0.062068549,0.034649841
35.955000000,ann,False,True,True,True,188,2.919339300,0.812497352,2.919339300,0.812497352,2.072273044,-0.328295022,3.065163800,0.631868942,first_gps,0.062068549,0.034649841
36.000000000,ann,False,True,True,True,188,3.029852004,0.976381217,3.029852004,0.976381217,2.107872443,-0.307564270,2.852133970,0.780771638,first_gps,0.062068549,0.034649841
36.055000000,ann,False,True,True,True,188,2.967951689,0.929885856,2.967951689,0.929885856,2.161273620,-0.276407587,3.075412068,0.790573563,first_gps,0.062068549,0.034649841
36.100000000,ann,False,True,True,True,188,2.942653360,0.967195866,2.942653360,0.967195866,2.214685538,-0.245281492,3.041366972,0.732294323,first_gps,0.062068549,0.034649841
36.154000000,ann,False,True,True,True,188,2.945420425,0.983562014,2.945420425,0.983562014,2.232492922,-0.234952192,2.922879329,1.051087908,first_gps,0.062068549,0.034649841
36.209000000,ann,False,True,True,True,188,2.914916054,1.017250640,2.914916054,1.017250640,2.303802934,-0.193637950,3.024497664,1.000256259,first_gps,0.062068549,0.034649841
36.255000000,ann,False,True,True,True,188,2.946835435,1.088445589,2.946835435,1.088445589,2.357260957,-0.162630391,2.947408365,0.950160641,first_gps,0.062068549,0.034649841
36.300000000,ann,False,True,True,True,188,2.983224253,1.107568412,2.983224253,1.107568412,2.375067281,-0.152288341,2.988976822,0.975601744,first_gps,0.062068549,0.034649841
36.351000000,ann,False,True,True,True,188,3.061417615,1.180369651,3.061417615,1.180369651,2.410727149,-0.131571879,2.975867961,1.248441496,first_gps,0.062068549,0.034649841
36.401000000,ann,False,True,True,True,188,3.083200451,1.302021155,3.083200451,1.302021155,2.464143948,-0.100514672,3.079669900,1.107925867,first_gps,0.062068549,0.034649841
36.452000000,ann,False,True,True,True,188,2.988600952,1.211030955,2.988600952,1.211030955,2.517553502,-0.069352441,2.833383253,1.312751020,first_gps,0.062068549,0.034649841
36.501000000,ann,False,True,True,True,188,3.088411210,1.375491195,3.088411210,1.375491195,2.553142509,-0.048584300,2.893088099,1.264524445,first_gps,0.062068549,0.034649841
36.552000000,ann,False,True,True,True,188,3.019550233,1.297302024,3.019550233,1.297302024,2.606532070,-0.017425240,2.961703427,1.396405732,first_gps,0.062068549,0.034649841
36.601000000,ann,False,True,True,True,188,3.089241404,1.395885296,3.089241404,1.395885296,2.642125675,0.003313979,3.076637659,1.451365791,first_gps,0.062068549,0.034649841
36.650000000,ann,False,True,True,True,188,3.021930306,1.400523251,3.021930306,1.400523251,2.713345839,0.044790042,2.940417177,1.287594068,first_gps,0.062068549,0.034649841
36.700000000,ann,False,True,True,True,188,3.025032631,1.425869264,3.025032631,1.425869264,2.731150965,0.055149311,2.951599154,1.391483142,first_gps,0.062068549,0.034649841
36.750000000,ann,False,True,True,True,188,3.003108808,1.485388556,3.003108808,1.485388556,2.784532751,0.086287217,2.962624814,1.591595584,first_gps,0.062068549,0.034649841
36.800000000,ann,False,True,True,True,188,3.016976658,1.492958243,3.016976658,1.492958243,2.820165481,0.107065680,3.098681286,1.380698445,first_gps,0.062068549,0.034649841
36.850000000,ann,False,True,True,True,188,3.066325695,1.547388905,3.066325695,1.547388905,2.873574695,0.138116456,3.027338991,1.526675254,first_gps,0.062068549,0.034649841
36.901000000,ann,False,True,True,True,188,3.060412948,1.603547587,3.060412948,1.603547587,2.909190677,0.158818203,2.947535339,1.534128620,first_gps,0.062068549,0.034649841
36.951000000,ann,False,True,True,True,188,3.069785812,1.658412137,3.069785812,1.658412137,2.962659664,0.189838890,3.136924011,1.659113950,first_gps,0.062068549,0.034649841
37.000000000,ann,False,True,True,True,188,3.055992885,1.662055339,3.055992885,1.662055339,2.998286754,0.210516150,2.941109515,1.810004142,first_gps,0.062068549,0.034649841
37.050000000,ann,False,True,True,True,188,3.041495015,1.722965442,3.041495015,1.722965442,3.051846178,0.241476757,2.892460279,1.909391615,first_gps,0.062068549,0.034649841
37.100000000,ann,False,True,True,True,188,3.072649126,1.745985328,3.072649126,1.745985328,3.105293388,0.272460250,2.952096461,1.818424257,first_gps,0.062068549,0.034649841
37.150000000,ann,False,True,True,True,188,3.113013010,1.771070228,3.113013010,1.771070228,3.140948918,0.293119989,2.938310852,1.977469267,first_gps,0.062068549,0.034649841
37.200000000,ann,False,True,True,True,188,3.065758824,1.818865056,3.065758824,1.818865056,3.194365530,0.324221398,2.998418226,1.972335685,first_gps,0.062068549,0.034649841
37.250000000,ann,False,True,True,True,188,3.113666415,1.854788337,3.113666415,1.854788337,3.230010806,0.344937980,3.087383299,1.910547920,first_gps,0.062068549,0.034649841
37.302000000,ann,False,True,True,True,188,3.116841220,1.933934723,3.116841220,1.933934723,3.283416773,0.376041804,3.000429239,2.016190572,first_gps,0.062068549,0.034649841
37.350000000,ann,False,True,True,True,188,3.113851396,1.933792767,3.113851396,1.933792767,3.319034349,0.396765038,2.998041601,1.950696831,first_gps,0.062068549,0.034649841
37.407000000,ann,False,True,True,True,188,3.102781006,1.998817668,3.102781006,1.998817668,3.372473101,0.427859216,2.882816312,2.008718237,first_gps,0.062068549,0.034649841
37.462000000,ann,False,True,True,True,188,3.150688068,2.072937900,3.150688068,2.072937900,3.408038434,0.448658920,2.966023795,2.275443361,first_gps,0.062068549,0.034649841
37.510000000,ann,False,True,True,True,188,3.170870617,2.120832182,3.170870617,2.120832182,3.461344551,0.479875801,2.961588009,2.183037599,first_gps,0.062068549,0.034649841
37.550000000,ann,False,True,True,True,188,3.179642834,2.102288466,3.179642834,2.102288466,3.496935102,0.500684735,2.834853167,2.198332743,first_gps,0.062068549,0.034649841
37.600000000,ann,False,True,True,True,188,3.145805944,2.093101417,3.145805944,2.093101417,3.532495330,0.521500564,3.056461280,2.397834685,first_gps,0.062068549,0.034649841
37.651000000,ann,False,True,True,True,188,3.154405247,2.187960476,3.154405247,2.187960476,3.585856271,0.552714792,2.883391982,2.311154895,first_gps,0.062068549,0.034649841
37.700000000,ann,False,True,True,True,188,3.161874762,2.189241376,3.161874762,2.189241376,3.621425702,0.573525678,2.995714601,2.452874523,first_gps,0.062068549,0.034649841
37.750000000,ann,False,True,True,True,188,3.194744966,2.260666733,3.194744966,2.260666733,3.674337643,0.605413694,3.023894500,2.356366875,first_gps,0.062068549,0.034649841
37.800000000,ann,False,True,True,True,188,3.172209800,2.296944701,3.172209800,2.296944701,3.708021317,0.629184037,3.034300598,2.442573996,first_gps,0.062068549,0.034649841
37.850000000,ann,False,True,True,True,188,3.165336025,2.374866208,3.165336025,2.374866208,3.755416249,0.668842144,2.816051584,2.582630276,first_gps,0.062068549,0.034649841
37.900000000,ann,False,True,True,True,188,3.195689703,2.408298151,3.195689703,2.408298151,3.784729293,0.697787401,2.852208143,2.728338798,first_gps,0.062068549,0.034649841
37.950000000,ann,False,True,True,True,188,3.128294954,2.484813519,3.128294954,2.484813519,3.824968237,0.744628276,2.775825381,2.466885261,first_gps,0.062068549,0.034649841
38.000000000,ann,False,True,True,True,188,3.096242013,2.509948533,3.096242013,2.509948533,3.849233849,0.777971740,3.024140708,2.465223796,first_gps,0.062068549,0.034649841
38.050000000,ann,False,True,True,True,188,3.090164976,2.561945107,3.090164976,2.561945107,3.881302560,0.830777371,2.777803955,2.638619890,first_gps,0.062068549,0.034649841
38.100000000,ann,False,True,True,True,188,3.061154797,2.598120292,3.061154797,2.598120292,3.899715794,0.867625108,2.830096581,2.694947790,first_gps,0.062068549,0.034649841
38.151000000,ann,False,True,True,True,188,3.002446755,2.669394478,3.002446755,2.669394478,3.922685544,0.925007329,2.628026251,2.682143475,first_gps,0.062068549,0.034649841
38.200000000,ann,False,True,True,True,188,3.046795076,2.682311861,3.046795076,2.682311861,3.939917741,0.984352795,2.695678045,2.869735058,first_gps,0.062068549,0.034649841
38.250000000,ann,False,True,True,True,188,3.097287073,2.801382171,3.097287073,2.801382171,3.948170117,1.024701030,2.886783116,2.850139354,first_gps,0.062068549,0.034649841
38.300000000,ann,False,True,True,True,188,3.112356805,2.819227720,3.112356805,2.819227720,3.953760578,1.065528366,2.508049220,2.796375483,first_gps,0.062068549,0.034649841
38.352000000,ann,False,True,True,True,188,2.853078697,2.803349993,2.853078697,2.803349993,3.957008303,1.127216810,2.660460924,2.927209994,first_gps,0.062068549,0.034649841
38.401000000,ann,False,True,True,True,188,2.995977795,2.846378182,2.995977795,2.846378182,3.954088080,1.188950650,2.623483388,2.933795339,first_gps,0.062068549,0.034649841
38.450000000,ann,False,True,True,True,188,2.770928993,2.828795502,2.770928993,2.828795502,3.948764646,1.229815836,2.455060365,2.900978287,first_gps,0.062068549,0.034649841
38.502000000,ann,False,True,True,True,188,2.727690030,2.827149537,2.727690030,2.827149537,3.939711373,1.290964805,2.398397833,2.771946948,first_gps,0.062068549,0.034649841
38.550000000,ann,False,True,True,True,188,2.815858909,2.870808405,2.815858909,2.870808405,3.933640551,1.331701961,2.372113168,2.924377716,first_gps,0.062068549,0.034649841
38.602000000,ann,False,True,True,True,188,2.607016341,2.873470865,2.607016341,2.873470865,3.927588191,1.372453663,2.552822933,2.920502739,first_gps,0.062068549,0.034649841
38.650000000,ann,False,True,True,True,188,2.759842979,2.880918054,2.759842979,2.880918054,3.918508813,1.433633958,2.571008140,2.793862648,first_gps,0.062068549,0.034649841
38.700000000,ann,False,True,True,True,188,2.591112040,2.879000194,2.591112040,2.879000194,3.912532462,1.474392478,2.522725470,2.810359269,first_gps,0.062068549,0.034649841
38.752000000,ann,False,True,True,True,188,2.618287104,2.878093169,2.618287104,2.878093169,3.903679149,1.535525156,2.297821187,2.931508616,first_gps,0.062068549,0.034649841
38.800000000,ann,False,True,True,True,188,2.651442354,2.929690065,2.651442354,2.929690065,3.894713672,1.596692589,2.527978675,2.925855033,first_gps,0.062068549,0.034649841
38.851000000,ann,False,True,True,True,188,2.412418629,2.924197261,2.412418629,2.924197261,3.888748956,1.637468894,2.204339089,3.065850382,first_gps,0.062068549,0.034649841
38.900000000,ann,False,True,True,True,188,2.411169623,2.939761506,2.411169623,2.939761506,3.882136861,1.678144050,2.409073923,3.024829540,first_gps,0.062068549,0.034649841
38.950000000,ann,False,True,True,True,188,2.433800941,3.137409428,2.433800941,3.137409428,3.867253095,1.738139916,1.904136092,2.848286738,first_gps,0.062068549,0.034649841
39.000000000,ann,False,True,True,True,188,2.361718904,3.134097710,2.361718904,3.134097710,3.854732394,1.777373119,2.051031390,2.899200256,first_gps,0.062068549,0.034649841
39.051000000,ann,False,True,True,True,188,2.274854195,3.161915762,2.274854195,3.161915762,3.835896455,1.836244401,1.893849743,2.955215545,first_gps,0.062068549,0.034649841
39.108000000,ann,False,True,True,True,188,2.177082408,3.148587099,2.177082408,3.148587099,3.823360298,1.875514473,1.848915525,2.960390739,first_gps,0.062068549,0.034649841
39.161000000,ann,False,True,True,True,188,2.382272679,3.290292873,2.382272679,3.290292873,3.804547093,1.934388108,1.708190375,2.953090232,first_gps,0.062068549,0.034649841
39.200000000,ann,False,True,True,True,188,2.269901019,3.184773044,2.269901019,3.184773044,3.785792560,1.993302742,1.876002195,2.957712199,first_gps,0.062068549,0.034649841
39.250000000,ann,False,True,True,True,188,1.998084984,3.174360105,1.998084984,3.174360105,3.773322074,2.032541903,1.896627867,2.967094053,first_gps,0.062068549,0.034649841
39.301000000,ann,False,True,True,True,188,2.080367221,3.134243148,2.080367221,3.134243148,3.754639724,2.091483480,1.920617615,2.868777693,first_gps,0.062068549,0.034649841
39.354000000,ann,False,True,True,True,188,1.946119308,3.144917579,1.946119308,3.144917579,3.742137532,2.130739650,1.848788514,3.041616073,first_gps,0.062068549,0.034649841
39.402000000,ann,False,True,True,True,188,2.097633578,3.193106560,2.097633578,3.193106560,3.721505819,2.188995679,1.571236255,2.837742322,first_gps,0.062068549,0.034649841
39.450000000,ann,False,True,True,True,188,2.020298095,3.204442920,2.020298095,3.204442920,3.704632787,2.226585055,1.589146506,2.975085445,first_gps,0.062068549,0.034649841
39.500000000,ann,False,True,True,True,188,1.718524615,3.170597503,1.718524615,3.170597503,3.685386140,2.263002615,1.674945515,2.954533393,first_gps,0.062068549,0.034649841
39.550000000,ann,False,True,True,True,188,1.690329279,3.130392128,1.690329279,3.130392128,3.652144173,2.315073466,1.645331960,2.917380259,first_gps,0.062068549,0.034649841
39.606000000,ann,False,True,True,True,188,1.873132991,3.172791047,1.873132991,3.172791047,3.628817209,2.349067048,1.514509934,2.862962576,first_gps,0.062068549,0.034649841
39.650000000,ann,False,True,True,True,188,1.680156143,3.093909204,1.680156143,3.093909204,3.593904042,2.400074267,1.602887895,2.921719845,first_gps,0.062068549,0.034649841
39.700000000,ann,False,True,True,True,188,1.656004263,3.077635814,1.656004263,3.077635814,3.558989435,2.451050330,1.604158802,2.886672946,first_gps,0.062068549,0.034649841
39.761000000,ann,False,True,True,True,188,1.561153355,3.090533768,1.561153355,3.090533768,3.535664300,2.485026405,1.357989406,2.996954011,first_gps,0.062068549,0.034649841
39.805000000,ann,False,True,True,True,188,1.498745877,3.087841459,1.498745877,3.087841459,3.500585690,2.535955009,1.404620610,2.968170166,first_gps,0.062068549,0.034649841
39.851000000,ann,False,True,True,True,188,1.449515798,3.057649595,1.449515798,3.057649595,3.477215162,2.569882085,1.293326495,3.049475986,first_gps,0.062068549,0.034649841
39.900000000,ann,False,True,True,True,188,1.439468683,3.060607369,1.439468683,3.060607369,3.453813311,2.603801159,1.316575821,2.801188247,first_gps,0.062068549,0.034649841
39.950000000,ann,False,True,True,True,188,1.246191251,3.064406914,1.246191251,3.064406914,3.418813072,2.654760242,1.454695691,2.940218541,first_gps,0.062068549,0.034649841
40.001000000,ann,False,True,True,True,188,1.494621600,3.085499225,1.494621600,3.085499225,3.383857824,2.705698791,1.279194180,2.925791909,first_gps,0.062068549,0.034649841
40.050000000,ann,False,True,True,True,188,1.485206662,3.086305401,1.485206662,3.086305401,3.360523982,2.739669299,1.176634393,3.008978730,first_gps,0.062068549,0.034649841
40.100000000,ann,False,True,True,True,188,1.398550728,3.035051956,1.398550728,3.035051956,3.337212610,2.773682881,1.050187674,2.840286850,first_gps,0.062068549,0.034649841
40.150000000,ann,False,True,True,True,188,1.477331378,3.121711790,1.477331378,3.121711790,3.305073049,2.826434182,1.118859718,2.907206085,first_gps,0.062068549,0.034649841
40.200000000,ann,False,True,True,True,188,1.167309507,3.005808446,1.167309507,3.005808446,3.283998110,2.861813775,1.114938505,2.960786953,first_gps,0.062068549,0.034649841
40.250000000,ann,False,True,True,True,188,1.265742561,2.994958134,1.265742561,2.994958134,3.252319051,2.914944939,0.991080538,2.632502859,first_gps,0.062068549,0.034649841
40.300000000,ann,False,True,True,True,188,1.291213597,3.059315613,1.291213597,3.059315613,3.231219557,2.950327272,0.910140079,2.809223868,first_gps,0.062068549,0.034649841
40.350000000,ann,False,True,True,True,188,1.261233941,3.053379993,1.261233941,3.053379993,3.199540405,3.003413209,0.676919305,2.704055653,first_gps,0.062068549,0.034649841
40.400000000,ann,False,True,True,True,188,1.051087445,2.981147591,1.051087445,2.981147591,3.178445194,3.038776521,1.013266958,2.761808481,first_gps,0.062068549,0.034649841
40.450000000,ann,False,True,True,True,188,1.071616452,2.969797344,1.071616452,2.969797344,3.146773398,3.091911638,0.692413459,3.031080322,first_gps,0.062068549,0.034649841
40.503000000,ann,False,True,True,True,188,1.125918520,3.012287021,1.125918520,3.012287021,3.115063883,3.144950948,0.714532474,2.980599726,first_gps,0.062068549,0.034649841
40.550000000,ann,False,True,True,True,188,0.866218292,2.969498254,0.866218292,2.969498254,3.093907322,3.180301181,0.872462701,2.795291830,first_gps,0.062068549,0.034649841
40.600000000,ann,False,True,True,True,188,0.967877833,2.957529722,0.967877833,2.957529722,3.062085258,3.233302877,0.625887628,2.788725474,first_gps,0.062068549,0.034649841
40.650000000,ann,False,True,True,True,188,0.968456412,2.982088480,0.968456412,2.982088480,3.040895054,3.268598536,0.707465207,2.908360935,first_gps,0.062068549,0.034649841
40.700000000,ann,False,True,True,True,188,0.904038545,2.956914309,0.904038545,2.956914309,3.009091058,3.321635853,0.713145301,2.789093328,first_gps,0.062068549,0.034649841
40.753000000,ann,False,True,True,True,188,0.701209833,2.945584685,0.701209833,2.945584685,2.987950375,3.357005105,0.555928289,2.824831138,first_gps,0.062068549,0.034649841
40.800000000,ann,False,True,True,True,188,0.933450045,3.025668679,0.933450045,3.025668679,2.966782261,3.392391174,0.516181259,2.734446636,first_gps,0.062068549,0.034649841
40.850000000,ann,False,True,True,True,188,1.171755771,2.874443875,1.171755771,2.874443875,2.956187143,3.410043370,0.453899955,2.789669076,first_gps,0.062068549,0.034649841
40.902000000,ann,False,True,True,True,188,1.126316669,2.866226950,1.126316669,2.866226950,2.956189309,3.410039777,0.547011743,2.573868781,first_gps,0.062068549,0.034649841
40.951000000,ann,False,True,True,True,188,1.144972204,2.868924308,1.144972204,2.868924308,2.956195895,3.410028872,0.430028674,2.814688491,first_gps,0.062068549,0.034649841
41.003000000,ann,False,True,True,True,188,-1.527582448,2.634299316,-1.527582448,2.634299316,2.944934222,3.427302095,0.604999304,2.794492132,first_gps,0.062068549,0.034649841
41.050000000,ann,False,True,True,True,188,0.807217098,3.004284025,0.807217098,3.004284025,2.920745636,3.460681804,0.294520302,2.757231419,first_gps,0.062068549,0.034649841
41.100000000,ann,False,True,True,True,188,0.719356048,2.928437009,0.719356048,2.928437009,2.894472888,3.492390167,0.413739546,2.669086705,first_gps,0.062068549,0.034649841
41.150000000,ann,False,True,True,True,188,0.650109395,2.935756450,0.650109395,2.935756450,2.851308347,3.536570956,0.444689238,2.814613714,first_gps,0.062068549,0.034649841
41.200000000,ann,False,True,True,True,188,0.500243390,2.911736758,0.500243390,2.911736758,2.820168466,3.563588658,0.383915221,2.857397243,first_gps,0.062068549,0.034649841
41.250000000,ann,False,True,True,True,188,0.519963553,2.874508801,0.519963553,2.874508801,2.770302423,3.600100096,0.286122091,2.535708418,first_gps,0.062068549,0.034649841
41.300000000,ann,False,True,True,True,188,0.233004247,2.876338123,0.233004247,2.876338123,2.717098120,3.631521325,0.122590587,2.540922151,first_gps,0.062068549,0.034649841
41.350000000,ann,False,True,True,True,188,0.345616459,2.833044524,0.345616459,2.833044524,2.680065999,3.649536226,0.245792240,2.685694994,first_gps,0.062068549,0.034649841
41.400000000,ann,False,True,True,True,188,0.423789863,2.809985866,0.423789863,2.809985866,2.641879330,3.665069840,0.353198515,2.626623253,first_gps,0.062068549,0.034649841
41.450000000,ann,False,True,True,True,188,0.404719545,2.771961184,0.404719545,2.771961184,2.582940339,3.683495819,0.213711606,2.436184624,first_gps,0.062068549,0.034649841
41.500000000,ann,False,True,True,True,188,0.414311712,2.738450465,0.414311712,2.738450465,2.522401110,3.696032623,0.186556688,2.366769168,first_gps,0.062068549,0.034649841
41.553000000,ann,False,True,True,True,188,0.191120185,2.722824838,0.191120185,2.722824838,2.481524721,3.701027870,0.115490854,2.390344150,first_gps,0.062068549,0.034649841
41.601000000,ann,False,True,True,True,188,0.448173321,2.686140049,0.448173321,2.686140049,2.440378929,3.703269606,-0.098203878,2.468626744,first_gps,0.062068549,0.034649841
41.663000000,ann,False,True,True,True,188,0.420150038,2.609989755,0.420150038,2.609989755,2.358072475,3.699763926,0.278344576,2.300008219,first_gps,0.062068549,0.034649841
41.700000000,ann,False,True,True,True,188,0.273015011,2.619680074,0.273015011,2.619680074,2.337656632,3.697230168,0.163363279,2.345522395,first_gps,0.062068549,0.034649841
41.777000000,ann,False,True,True,True,188,0.569278258,2.554544209,0.569278258,2.554544209,2.256573021,3.682423011,0.174770065,2.346841244,first_gps,0.062068549,0.034649841
41.800000000,ann,False,True,True,True,188,0.366997905,2.517184159,0.366997905,2.517184159,2.236334591,3.678554876,-0.036623673,2.419990976,first_gps,0.062068549,0.034649841
41.863000000,ann,False,True,True,True,188,0.387238909,2.453006483,0.387238909,2.453006483,2.155387652,3.663099328,-0.034891294,2.183014895,first_gps,0.062068549,0.034649841
41.905000000,ann,False,True,True,True,188,0.390732128,2.422547009,0.390732128,2.422547009,2.114896092,3.655301175,0.104019849,2.109823814,first_gps,0.062068549,0.034649841
41.953000000,ann,False,True,True,True,188,0.488111922,2.389079237,0.488111922,2.389079237,2.074450315,3.647421633,0.293885173,2.190778456,first_gps,0.062068549,0.034649841
42.000000000,ann,False,True,True,True,188,0.425817561,2.359491633,0.425817561,2.359491633,2.034009730,3.639591331,0.179014218,2.068569534,first_gps,0.062068549,0.034649841
42.052000000,ann,False,True,True,True,188,0.231912567,2.313585615,0.231912567,2.313585615,1.973334703,3.627809020,0.015023503,2.117990133,first_gps,0.062068549,0.034649841
42.100000000,ann,False,True,True,True,188,0.163816637,2.314334554,0.163816637,2.314334554,1.932881781,3.619966628,0.183092011,1.901643669,first_gps,0.062068549,0.034649841
42.151000000,ann,False,True,True,True,188,0.109499907,2.277430736,0.109499907,2.277430736,1.872654630,3.606121820,-0.029015364,2.046700564,first_gps,0.062068549,0.034649841
42.200000000,ann,False,True,True,True,188,0.332226343,2.170998585,0.332226343,2.170998585,1.812902158,3.590278989,-0.102618274,1.952641656,first_gps,0.062068549,0.034649841
42.250000000,ann,False,True,True,True,188,0.371207567,2.140479783,0.371207567,2.140479783,1.773069028,3.579774114,0.087103755,1.723605693,first_gps,0.062068549,0.034649841
42.301000000,ann,False,True,True,True,188,0.096692335,2.148115386,0.096692335,2.148115386,1.713323290,3.564014868,0.024546163,1.830636791,first_gps,0.062068549,0.034649841
42.350000000,ann,False,True,True,True,188,0.295430013,2.060116511,0.295430013,2.060116511,1.673470752,3.553446729,0.029375367,1.770711922,first_gps,0.062068549,0.034649841
42.400000000,ann,False,True,True,True,188,0.380691067,2.009280940,0.380691067,2.009280940,1.633625495,3.542933671,-0.018035447,1.613404122,first_gps,0.062068549,0.034649841
42.450000000,ann,False,True,True,True,188,0.477531341,1.958373091,0.477531341,1.958373091,1.573844142,3.527230499,-0.009328454,1.719905855,first_gps,0.062068549,0.034649841
42.500000000,ann,False,True,True,True,188,0.420064457,1.920517712,0.420064457,1.920517712,1.533979192,3.516755225,0.033394296,1.617465604,first_gps,0.062068549,0.034649841
42.550000000,ann,False,True,True,True,188,0.174438435,1.910356907,0.174438435,1.910356907,1.474190496,3.501079558,0.036216620,1.672749739,first_gps,0.062068549,0.034649841
42.601000000,ann,False,True,True,True,188,0.277296892,1.841972795,0.277296892,1.841972795,1.434352940,3.490597759,-0.023583391,1.550189069,first_gps,0.062068549,0.034649841
42.651000000,ann,False,True,True,True,188,0.275508593,1.792255336,0.275508593,1.792255336,1.374577738,3.474935716,0.165295406,1.609065331,first_gps,0.062068549,0.034649841
42.701000000,ann,False,True,True,True,188,0.317845370,1.733754512,0.317845370,1.733754512,1.314776923,3.459272324,0.037007436,1.592680645,first_gps,0.062068549,0.034649841
42.752000000,ann,False,True,True,True,188,0.435559935,1.688274351,0.435559935,1.688274351,1.274895060,3.448867763,0.076217516,1.374749074,first_gps,0.062068549,0.034649841
42.801000000,ann,False,True,True,True,188,0.144990561,1.674656952,0.144990561,1.674656952,1.215133682,3.433190135,0.072011306,1.425252271,first_gps,0.062068549,0.034649841
42.850000000,ann,False,True,True,True,188,0.205903741,1.609091751,0.205903741,1.609091751,1.175239679,3.422676589,0.151139278,1.468946998,first_gps,0.062068549,0.034649841
42.900000000,ann,False,True,True,True,188,0.077389678,1.639766095,0.077389678,1.639766095,1.115480357,3.406974872,0.088105067,1.218720350,first_gps,0.062068549,0.034649841
42.950000000,ann,False,True,True,True,188,0.424146618,1.510994357,0.424146618,1.510994357,1.075629255,3.396482015,0.164745321,1.197804066,first_gps,0.062068549,0.034649841
43.000000000,ann,False,True,True,True,188,0.257661956,1.502066958,0.257661956,1.502066958,1.035781952,3.386018145,-0.016726389,1.138198062,first_gps,0.062068549,0.034649841
43.050000000,ann,False,True,True,True,188,0.309123743,1.437753514,0.309123743,1.437753514,0.975973829,3.370392500,-0.129883996,1.235171984,first_gps,0.062068549,0.034649841
43.100000000,ann,False,True,True,True,188,0.316722604,1.396479018,0.316722604,1.396479018,0.936082356,3.360022527,-0.062600195,1.190953494,first_gps,0.062068549,0.034649841
43.150000000,ann,False,True,True,True,188,0.327763513,1.360365436,0.327763513,1.360365436,0.876238679,3.344459149,0.034252867,0.992968210,first_gps,0.062068549,0.034649841
43.200000000,ann,False,True,True,True,188,0.198137366,1.322327491,0.198137366,1.322327491,0.836413735,3.334002732,0.041197931,0.956541066,first_gps,0.062068549,0.034649841
43.250000000,ann,False,True,True,True,188,0.347718032,1.250164807,0.347718032,1.250164807,0.776649239,3.318223101,0.042629679,1.063263449,first_gps,0.062068549,0.034649841
43.301000000,ann,False,True,True,True,188,0.323541873,1.217490160,0.323541873,1.217490160,0.736808549,3.307659705,0.052711442,1.105778701,first_gps,0.062068549,0.034649841
43.350000000,ann,False,True,True,True,188,0.365830071,1.153227939,0.365830071,1.153227939,0.677069633,3.291802516,0.003968447,0.911874410,first_gps,0.062068549,0.034649841
43.400000000,ann,False,True,True,True,188,0.208651414,1.117921890,0.208651414,1.117921890,0.617338881,3.275896022,0.031564065,0.706967827,first_gps,0.062068549,0.034649841
43.450000000,ann,False,True,True,True,188,0.164585362,1.087383157,0.164585362,1.087383157,0.577537541,3.265276370,-0.058584622,0.895595874,first_gps,0.062068549,0.034649841
43.500000000,ann,False,True,True,True,188,0.398998023,1.026756350,0.398998023,1.026756350,0.537708139,3.254631471,0.210820604,0.889468702,first_gps,0.062068549,0.034649841
43.550000000,ann,False,True,True,True,188,0.171046736,0.991883828,0.171046736,0.991883828,0.477980701,3.238691058,-0.045912018,0.528612094,first_gps,0.062068549,0.034649841
43.600000000,ann,False,True,True,True,188,0.165266430,0.935545314,0.165266430,0.935545314,0.418239005,3.222771316,0.093371275,0.583167891,first_gps,0.062068549,0.034649841
43.652000000,ann,False,True,True,True,188,0.105721642,0.909934386,0.105721642,0.909934386,0.378482982,3.212156621,0.110073837,0.472235197,first_gps,0.062068549,0.034649841
43.700000000,ann,False,True,True,True,188,0.241354964,0.859849075,0.241354964,0.859849075,0.338618807,3.201570151,-0.098425481,0.453330254,first_gps,0.062068549,0.034649841
43.753000000,ann,False,True,True,True,188,0.177802865,0.812857145,0.177802865,0.812857145,0.278858759,3.185742777,0.085734925,0.397503887,first_gps,0.062068549,0.034649841
43.800000000,ann,False,True,True,True,188,0.134049714,0.785603492,0.134049714,0.785603492,0.239036553,3.175153220,0.110793090,0.495610637,first_gps,0.062068549,0.034649841
43.854000000,ann,False,True,True,True,188,0.306803157,0.703402582,0.306803157,0.703402582,0.179274713,3.159387335,-0.005966909,0.549557510,first_gps,0.062068549,0.034649841
43.900000000,ann,False,True,True,True,188,0.191140102,0.659428030,0.191140102,0.659428030,0.119497198,3.143749265,-0.047145073,0.413794867,first_gps,0.062068549,0.034649841
43.950000000,ann,False,True,True,True,188,0.346537488,0.610005793,0.346537488,0.610005793,0.079628027,3.133365059,-0.027503789,0.253735873,first_gps,0.062068549,0.034649841
44.006000000,ann,False,True,True,True,188,0.343767266,0.557371929,0.343767266,0.557371929,0.019799868,3.117762553,-0.140232899,0.234831868,first_gps,0.062068549,0.034649841
44.050000000,ann,False,True,True,True,188,0.326145701,0.516309211,0.326145701,0.516309211,-0.020059191,3.107351665,0.015420490,0.299460471,first_gps,0.062068549,0.034649841
44.100000000,ann,False,True,True,True,188,0.180088480,0.473053193,0.180088480,0.473053193,-0.079871973,3.091716353,0.247981711,0.079265187,first_gps,0.062068549,0.034649841
44.150000000,ann,False,True,True,True,188,0.251596523,0.446495533,0.251596523,0.446495533,-0.119737328,3.081298876,0.016696071,0.278818376,first_gps,0.062068549,0.034649841
44.200000000,ann,False,True,True,True,188,0.179331955,0.403501786,0.179331955,0.403501786,-0.159599509,3.070911217,-0.043387453,0.253822858,first_gps,0.062068549,0.034649841
44.250000000,ann,False,True,True,True,188,0.090953324,0.361536893,0.090953324,0.361536893,-0.219419597,3.055279901,-0.023554208,0.072498491,first_gps,0.062068549,0.034649841
44.300000000,ann,False,True,True,True,188,-0.065321418,0.392178078,-0.065321418,0.392178078,-0.259297037,3.044878082,-0.091334331,0.032268867,first_gps,0.062068549,0.034649841
44.350000000,ann,False,True,True,True,188,0.462642359,0.027319616,0.462642359,0.027319616,-0.279241928,3.039703923,-0.136918079,0.127056364,first_gps,0.062068549,0.034649841
44.401000000,ann,False,True,True,True,188,0.523145373,0.045114121,0.523145373,0.045114121,-0.279236977,3.039705234,0.069626879,-0.045473525,first_gps,0.062068549,0.034649841
44.450000000,ann,False,True,True,True,188,0.499042495,0.038912793,0.499042495,0.038912793,-0.279242507,3.039703791,-0.038352928,-0.103137088,first_gps,0.062068549,0.034649841
44.501000000,ann,False,True,True,True,188,0.491610790,0.033859378,0.491610790,0.033859378,-0.279259916,3.039699251,-0.032730449,-0.051126765,first_gps,0.062068549,0.034649841
44.550000000,ann,False,True,True,True,188,0.513008845,0.042330835,0.513008845,0.042330835,-0.279246317,3.039702811,0.009111242,-0.142666946,first_gps,0.062068549,0.034649841
44.601000000,ann,False,True,True,True,188,0.500330878,0.036162141,0.500330878,0.036162141,-0.279219000,3.039709897,0.040416014,-0.053426193,first_gps,0.062068549,0.034649841
