stamp,sample_index,input_0,input_1,input_2,input_3,input_4,input_5,input_6,input_7,input_8,input_9,input_10,input_11,input_12,input_13,input_14,target_x_m,target_y_m,target_x_norm,target_y_norm,odom_x_m,odom_y_m,target_norm_m,odom_error_m,training_target_x_m,training_target_y_m,training_target_x_norm,training_target_y_norm,prediction_x_m,prediction_y_m,prediction_error_m,target_mode
4.100000000,1,-0.004044635,-0.000933612,0.004150988,0.000024247,0.000012859,0.000027445,0.000048493,0.000025718,0.000054891,0.007458009,-0.000342141,0.000026568,0.000000353,0.000000623,-0.000000001,0.000000000,0.000000000,0.000000000,0.000000000,0.000003535,-0.000000006,0.000000000,0.000003535,0.000000000,0.000000000,0.000000000,0.000000000,0.215197999,0.399490713,0.453765367,absolute
4.300000000,2,-0.003469618,0.005198577,0.006250076,-0.000014805,0.000050389,0.000052519,-0.000029609,0.000100778,0.000105038,-0.003966314,-0.000701046,0.295183790,0.001771063,-0.003678341,-0.000001036,0.078742845,-0.020026559,0.007874284,-0.002002656,0.017710630,-0.000010360,0.081249607,0.064230674,0.078742845,-0.020026559,0.007874284,-0.002002656,0.215154137,0.399469409,0.441117794,absolute
4.501000000,3,0.004998543,-0.471187887,0.471214400,0.008831835,-0.000086960,0.008832263,0.017663671,-0.000173921,0.017664527,-0.009737009,-0.000882338,0.295052166,0.019487513,-0.009028378,-0.000015703,0.049489814,-0.121399636,0.004948981,-0.012139964,0.194875135,-0.000157034,0.131099632,0.189305732,0.049489814,-0.121399636,0.004948981,-0.012139964,0.215471083,0.399456422,0.546663347,absolute
4.702000000,4,0.007033261,1.000000000,1.000000000,0.008792349,0.001015502,0.008850799,0.017584698,0.002031004,0.017701598,0.030807228,0.000391397,0.293763173,0.038974096,0.028520612,-0.000034391,0.320062590,-0.089226254,0.032006259,-0.008922625,0.389740962,-0.000343913,0.332267040,0.112938683,0.320062590,-0.089226254,0.032006259,-0.008922625,0.214524205,0.399634456,0.500123130,absolute
5.000000000,5,0.005902932,0.008005868,0.009946785,0.008835995,0.000474183,0.008848709,0.017671989,0.000948367,0.017697418,0.012241642,-0.000191858,0.294996162,0.063776317,0.011350634,-0.000082839,0.658289638,0.048642956,0.065828964,0.004864296,0.637763174,-0.000828389,0.660084377,0.053560710,0.658289638,0.048642956,0.065828964,0.004864296,0.215174449,0.399457283,0.565174099,absolute
5.200000000,6,-0.000882598,0.299222257,0.299223559,0.008809519,0.001093859,0.008877170,0.017619038,0.002187718,0.017754341,0.034034886,0.000492797,0.293713942,0.081492473,0.031525226,-0.000130547,0.775399443,-0.093619381,0.077539944,-0.009361938,0.814924728,-0.001305469,0.781030655,0.100419652,0.775399443,-0.093619381,0.077539944,-0.009361938,0.214993140,0.399502374,0.746474574,absolute
5.400000000,7,0.004047830,-0.243972913,0.244006490,0.008806154,0.000439204,0.008817100,0.017612308,0.000878408,0.017634200,0.010296501,-0.000252967,0.295250609,0.099207193,0.009553925,-0.000186198,0.922442217,-0.060461533,0.092244222,-0.006046153,0.992071935,-0.001861975,0.924421570,0.091006625,0.922442217,-0.060461533,0.092244222,-0.006046153,0.215349443,0.399446616,0.843502042,absolute
5.700000000,8,-0.002594781,-0.073529395,0.073575164,0.008847054,0.000348225,0.008853905,0.017694108,0.000696450,0.017707809,0.006683614,-0.000366469,0.295250676,0.125781138,0.006200346,-0.000271837,1.109635796,-0.041995004,0.110963580,-0.004199500,1.257811380,-0.002718368,1.110430178,0.153292720,1.109635796,-0.041995004,0.110963580,-0.004199500,0.215243850,0.399449251,0.997401616,absolute
5.900000000,9,0.002864794,-0.096366697,0.096409270,0.008875157,-0.000123857,0.008876021,0.017750315,-0.000247715,0.017752043,-0.009680457,-0.000880561,0.295226575,0.141724747,-0.008981215,-0.000323156,1.370570271,-0.115155990,0.137057027,-0.011515599,1.417247465,-0.003231559,1.375399495,0.121267632,1.370570271,-0.115155990,0.137057027,-0.011515599,0.215261011,0.399451091,1.264737100,absolute
6.102000000,10,-0.002308304,-0.171237357,0.171252914,0.008897111,-0.000066991,0.008897363,0.017794222,-0.000133982,0.017794727,-0.007608208,-0.000815460,0.295109926,0.161211484,-0.007055029,-0.000375953,1.540965344,-0.133826922,0.154096534,-0.013382692,1.612114842,-0.003759529,1.546765605,0.148255785,1.540965344,-0.133826922,0.154096534,-0.013382692,0.215315545,0.399447028,1.428890652,absolute
6.402000000,11,-0.000288507,0.068015587,0.068016199,0.008986679,0.000010828,0.008986685,0.017973358,0.000021655,0.017973371,-0.001869414,-0.000635170,0.295387126,0.187785838,-0.001734810,-0.000431849,1.807604475,0.018933476,0.180760448,0.001893348,1.877858383,-0.004318495,1.807703631,0.074001795,1.807604475,0.018933476,0.180760448,0.001893348,0.215168014,0.399458346,1.637270002,absolute
6.700000000,12,0.003264583,-0.530792450,0.530802490,0.008954599,0.000216727,0.008957222,0.017909199,0.000433455,0.017914443,0.006512871,-0.000371833,0.295240700,0.214359118,0.006041700,-0.000512576,2.094958093,0.051198538,0.209495809,0.005119854,2.143591180,-0.005125755,2.095583618,0.074415074,2.094958093,0.051198538,0.209495809,0.005119854,0.215570418,0.399427713,1.911376883,absolute
6.900000000,13,-0.005273188,0.039412160,0.039763361,0.008942521,0.000408395,0.008951841,0.017885041,0.000816790,0.017903682,0.013323094,-0.000157884,0.294637960,0.232072521,0.012339495,-0.000580899,2.329544746,0.012328637,0.232954475,0.001232864,2.320725210,-0.005808986,2.329577369,0.020168232,2.329544746,0.012328637,0.232954475,0.001232864,0.215202175,0.399444140,2.149488990,absolute
7.107000000,14,0.000207645,0.123460295,0.123460470,0.008941689,0.000134441,0.008942699,0.017883377,0.000268883,0.017885399,0.003493716,-0.000466683,0.295104309,0.249789179,0.003239145,-0.000651319,2.439158654,-0.017208310,0.243915865,-0.001720831,2.497891788,-0.006513186,2.439219356,0.059698967,2.439158654,-0.017208310,0.243915865,-0.001720831,0.215151264,0.399459571,2.262702145,absolute
7.400000000,15,0.009178609,0.118666657,0.119021101,0.008974263,0.004053465,0.009847232,0.017948526,0.008106929,0.019694464,0.143961116,0.003946231,0.265598073,0.275264027,0.129041979,0.005732647,2.720739714,-0.059530718,0.272073971,-0.005953072,2.752640266,0.057326467,2.721390912,0.121133179,2.720739714,-0.059530718,0.272073971,-0.005953072,0.215194924,0.399417195,2.547231415,absolute
7.601000000,16,-0.000421667,-0.647522391,0.647522528,0.009004974,0.007130814,0.011486430,0.018009948,0.014261628,0.022972859,0.252881661,0.007368071,0.206885844,0.288873898,0.210666047,0.016930572,2.784946850,0.103116371,0.278494685,0.010311637,2.888738978,0.169305716,2.786855207,0.123100915,2.784946850,0.103116371,0.278494685,0.010311637,0.215729250,0.399357240,2.586240076,absolute
7.900000000,17,0.007773987,-0.085493073,0.085845794,0.009052679,0.011645280,0.014750035,0.018105358,0.023290560,0.029500071,0.416237886,0.012500058,0.076812678,0.299721119,0.285131907,0.038952097,2.986673562,0.319619921,0.298667356,0.031961992,2.997211190,0.389520971,3.003726995,0.070690865,2.986673562,0.319619921,0.298667356,0.031961992,0.215417128,0.399346778,2.772403036,absolute
8.201000000,18,0.009079650,-0.347151992,0.347270709,0.009167584,0.013800765,0.016568214,0.018335167,0.027601530,0.033136427,0.494656080,0.014963638,0.004953247,0.301068271,0.295011726,0.067220069,3.112600432,0.511087968,0.311260043,0.051108797,3.010682712,0.672200692,3.154281592,0.190642418,3.112600432,0.511087968,0.311260043,0.051108797,0.215614812,0.399337131,2.899140206,absolute
8.500000000,19,-0.002199103,-0.367056097,0.367062685,0.009182167,0.013781551,0.016560294,0.018364335,0.027563101,0.033120588,0.493080631,0.014914144,0.006412931,0.301487046,0.294965886,0.093789975,3.037618629,0.881951571,0.303761863,0.088195157,3.014870463,0.937899747,3.163062679,0.060396005,3.037618629,0.881951571,0.303761863,0.088195157,0.215622847,0.399339919,2.862965979,absolute
8.800000000,20,-0.004384619,-0.018040861,0.018566032,0.009212216,0.013644093,0.016462873,0.018424431,0.027288185,0.032925745,0.487287382,0.014732144,0.011782453,0.301905642,0.294862703,0.120359757,2.949933842,1.055469564,0.294993384,0.105546956,3.019056415,1.203597574,3.133069688,0.163462037,2.949933842,1.055469564,0.294993384,0.105546956,0.215388663,0.399350510,2.812157455,absolute
9.100000000,21,-0.008533339,-0.075758537,0.076237614,0.009178795,0.013475594,0.016304659,0.018357589,0.026951189,0.032609319,0.481619555,0.014554084,0.017044387,0.302311064,0.294844073,0.146930955,2.996144651,1.414080966,0.299614465,0.141408097,3.023110639,1.469309548,3.313081307,0.061460238,2.996144651,1.414080966,0.299614465,0.141408097,0.215420949,0.399351849,2.960084371,absolute
9.300000000,22,0.005618648,-0.165823654,0.165918816,0.009149192,0.013793561,0.016552040,0.018298383,0.027587122,0.033104080,0.493948150,0.014941398,0.005611503,0.302569275,0.295113319,0.164644283,3.040883450,1.467602936,0.304088345,0.146760294,3.025692751,1.646442829,3.376511592,0.179483884,3.040883450,1.467602936,0.304088345,0.146760294,0.215484696,0.399348937,3.020603371,absolute
9.502000000,23,0.006659973,0.435804051,0.435854937,0.009131687,0.014685095,0.017292765,0.018263374,0.029370189,0.034585529,0.526065617,0.015950398,-0.024154146,0.302805184,0.294307655,0.182358321,3.138880402,1.820291993,0.313888040,0.182029199,3.028051838,1.823583213,3.628502876,0.110877422,3.138880402,1.820291993,0.313888040,0.182029199,0.215101722,0.399431776,3.250742305,absolute
9.800000000,24,-0.000089993,0.138297879,0.138297908,0.009181222,0.013714562,0.016504061,0.018362444,0.027429124,0.033008122,0.492872897,0.014907618,0.006611813,0.303165116,0.295246715,0.208930250,3.061083823,2.034330612,0.306108382,0.203433061,3.031651159,2.089302504,3.675423133,0.062355358,3.061083823,2.034330612,0.306108382,0.203433061,0.215279599,0.399381808,3.282020608,absolute
10.001000000,25,-0.001888403,-0.244949573,0.244956852,0.009187526,0.013779115,0.016561240,0.018375053,0.027558231,0.033122479,0.495901600,0.015002767,0.003799442,0.303389049,0.295074473,0.226644011,3.046761172,2.254519931,0.304676117,0.225451993,3.033890490,2.266440113,3.790199699,0.017542668,3.046761172,2.254519931,0.304676117,0.225451993,0.215529478,0.399352454,3.384895755,absolute
10.225000000,26,0.003607794,-0.236386213,0.236413742,0.009136632,0.013800717,0.016551067,0.018273265,0.027601434,0.033102135,0.492928553,0.014909366,0.006561453,0.303636558,0.295304755,0.246129331,3.004126051,2.419515370,0.300412605,0.241951537,3.036365580,2.461293314,3.857308382,0.052771051,3.004126051,2.419515370,0.300412605,0.241951537,0.215521521,0.399353592,3.443453038,absolute
10.500000000,27,0.000033860,0.282839566,0.282839568,0.009154850,0.017609292,0.019846875,0.018309701,0.035218583,0.039693750,0.625872853,0.019085935,-0.113695664,0.299072431,0.272370707,0.268496943,3.084206704,2.541078275,0.308420670,0.254107828,2.990724309,2.684969429,3.996174395,0.171591440,3.084206704,2.541078275,0.308420670,0.254107828,0.215228159,0.399411093,3.580192203,absolute
10.800000000,28,0.004258604,0.610602807,0.610617658,0.009098918,0.023255518,0.024972173,0.018197837,0.046511035,0.049944346,0.828407299,0.025448742,-0.253358154,0.280741235,0.151551778,0.289619883,2.842680810,2.795703706,0.284268081,0.279570371,2.807412345,2.896198828,3.987078303,0.106504150,2.842680810,2.795703706,0.284268081,0.279570371,0.215082917,0.399483533,3.556141421,absolute
11.001000000,29,0.010537168,0.106592431,0.107111989,0.009091044,0.025706346,0.027266523,0.018182089,0.051412691,0.054533047,0.915951439,0.028199022,-0.284972520,0.264477855,0.077044864,0.296411447,2.775761693,2.970388683,0.277576169,0.297038868,2.644778547,2.964114468,4.065471916,0.131133330,2.775761693,2.970388683,0.277576169,0.297038868,0.215437440,0.399399973,3.628394028,absolute
11.300000000,30,-0.006066228,-0.147057453,0.147182518,0.009125895,0.027765431,0.029226719,0.018251789,0.055530862,0.058453438,0.989464070,0.030508490,-0.295091976,0.237991855,0.009770995,0.297444301,2.419098417,2.966595605,0.241909842,0.296659561,2.379918555,2.974443014,3.827888012,0.039958020,2.419098417,2.966595605,0.241909842,0.296659561,0.215616631,0.399386786,3.383177959,absolute
11.600000000,31,0.001844780,0.406554200,0.406558385,0.009175401,0.028391279,0.029837103,0.018350802,0.056782558,0.059674206,-0.988037016,0.031215314,-0.295343136,0.211419424,-0.011105058,0.297186933,2.045127794,2.871542930,0.204512779,0.287154293,2.114194238,2.971869335,3.525380333,0.121801319,2.045127794,2.871542930,0.204512779,0.287154293,0.214747119,0.399696125,3.075763327,absolute
11.800000000,32,-0.001708772,0.051185428,0.051213942,0.009148480,0.028436217,0.029871611,0.018296961,0.056872434,0.059743222,-0.987430538,0.031234367,-0.294738742,0.193705997,-0.011644735,0.297008244,1.947282509,2.861544325,0.194728251,0.286154432,1.937059973,2.970082441,3.461263511,0.109018452,1.947282509,2.861544325,0.194728251,0.286154432,0.214973257,0.399634133,3.010298513,absolute
12.100000000,33,-0.000513737,0.042661589,0.042664683,0.009147494,0.028155700,0.029604393,0.018294988,0.056311401,0.059208787,-0.997666125,0.030912806,-0.295285137,0.167132690,-0.002165094,0.296740744,1.746102286,2.827508107,0.174610229,0.282750811,1.671326898,2.967407437,3.323202565,0.158629068,1.746102286,2.827508107,0.174610229,0.282750811,0.214968166,0.399635015,2.870355281,absolute
12.300000000,34,-0.002318081,1.000000000,1.000000000,0.009152941,0.029312524,0.030708311,0.018305883,0.058625048,0.061416623,-0.957463091,0.032175822,-0.292404786,0.149419846,-0.039309390,0.296565227,1.599939219,2.868064140,0.159993922,0.286806414,1.494198459,2.965652274,3.284143331,0.143890764,1.599939219,2.868064140,0.159993922,0.286806414,0.214351240,0.399812322,2.830569039,absolute
12.600000000,35,-0.009785204,0.089267240,0.089801950,0.009109691,0.028119884,0.029558660,0.018219382,0.056239769,0.059117319,-0.999281464,0.030862059,-0.295203808,0.124618577,-0.000666379,0.296299973,1.308553748,2.942053152,0.130855375,0.294205315,1.246185772,2.962999731,3.219936282,0.065791516,1.308553748,2.942053152,0.130855375,0.294205315,0.214923484,0.399649318,2.767642392,absolute
12.801000000,36,0.005570880,0.055050188,0.055331347,0.009158764,0.027758517,0.029230433,0.018317527,0.055517034,0.058460866,0.986386474,0.030411804,-0.294896190,0.105132291,0.012619861,0.296101245,1.178292056,2.914864246,0.117829206,0.291486425,1.051322908,2.961012448,3.144011091,0.135095599,1.178292056,2.914864246,0.117829206,0.291486425,0.215446030,0.399414106,2.693429390,absolute
13.002000000,37,-0.000441903,-0.359937875,0.359938146,0.009161609,0.027409840,0.028900422,0.018323218,0.054819680,0.057800844,0.974496727,0.030038277,-0.294633351,0.087416109,0.023656931,0.295921859,0.909410329,3.035198826,0.090941033,0.303519883,0.874161086,2.959218594,3.168510543,0.083758610,0.909410329,3.035198826,0.090941033,0.303519883,0.215708249,0.399397716,2.725558670,absolute
13.203000000,38,-0.004760530,0.265387246,0.265429940,0.009135025,0.028396304,0.029829495,0.018270051,0.056792608,0.059658990,-0.989411551,0.031172132,-0.295096133,0.069702766,-0.009819875,0.295735286,0.824285369,2.894981913,0.082428537,0.289498191,0.697027659,2.957352865,3.010044293,0.141720360,0.824285369,2.894981913,0.082428537,0.289498191,0.214796164,0.399687543,2.568651609,absolute
13.407000000,39,0.000750339,0.497172366,0.497172933,0.009152133,0.028892294,0.030307197,0.018304265,0.057784589,0.060614394,-0.971872718,0.031723130,-0.294222327,0.051994957,-0.026066679,0.295371048,0.533944342,2.865653929,0.053394434,0.286565393,0.519949569,2.953710479,2.914973242,0.089161705,0.533944342,2.865653929,0.053394434,0.286565393,0.214645897,0.399731839,2.486508246,absolute
13.700000000,40,0.000986875,0.824584256,0.824584847,0.009236022,0.033204913,0.034465495,0.018472044,0.066409826,0.068930991,-0.782955478,0.037658140,-0.229182346,0.027451736,-0.186039094,0.286022858,0.353440530,2.840697355,0.035344053,0.284069735,0.274517357,2.860228581,2.862600508,0.081303973,0.353440530,2.840697355,0.035344053,0.284069735,0.214473497,0.399795518,2.444854518,absolute
13.902000000,41,-0.011365063,0.003993174,0.012046165,0.009186057,0.035636542,0.036801451,0.018372115,0.071273085,0.073602902,-0.696477103,0.040374939,-0.170814414,0.015254186,-0.240662630,0.273302160,0.247066384,2.686605025,0.024706638,0.268660502,0.152541858,2.733021601,2.697941504,0.105306147,0.247066384,2.686605025,0.024706638,0.268660502,0.215021703,0.399644539,2.287184978,absolute
14.200000000,42,0.001997879,-0.204161084,0.204170859,0.009170367,0.039601338,0.040649251,0.018340734,0.079202676,0.081298502,-0.556309930,0.044778420,-0.051976419,0.006784449,-0.290741991,0.248400038,0.048634388,2.511265178,0.004863439,0.251126518,0.067844494,2.484000379,2.511736073,0.033352623,0.048634388,2.511265178,0.004863439,0.251126518,0.215183475,0.399619124,2.118203875,absolute
14.400000000,43,0.000226425,0.240702506,0.240702613,0.009152739,0.040158322,0.041188147,0.018305479,0.080316644,0.082376294,-0.538194959,0.045347519,-0.035370640,0.004256714,-0.293356412,0.230865726,0.041619372,2.341561700,0.004161937,0.234156170,0.042567141,2.308657265,2.341931546,0.032918082,0.041619372,2.341561700,0.004161937,0.234156170,0.214896154,0.399663657,1.949613513,absolute
14.603000000,44,-0.000506407,0.051558277,0.051560764,0.009185320,0.039990796,0.041032107,0.018370641,0.079981591,0.082064215,-0.545066592,0.045131640,-0.041653590,0.001725194,-0.292235090,0.213331451,0.064213656,2.070986275,0.006421366,0.207098628,0.017251938,2.133314511,2.071981550,0.078039810,0.064213656,2.070986275,0.006421366,0.207098628,0.215019712,0.399629491,1.678146586,absolute
14.900000000,45,-0.001255456,0.338399254,0.338401583,0.009255427,0.041260590,0.042285922,0.018510855,0.082521180,0.084571844,-0.499451609,0.046564677,0.000508742,0.000546924,-0.295295417,0.186789284,0.083497471,1.811940112,0.008349747,0.181194011,0.005469243,1.867892837,1.813862949,0.096016206,0.083497471,1.811940112,0.008349747,0.181194011,0.214841414,0.399671443,1.418363150,absolute
15.200000000,46,0.001597947,-0.229814703,0.229820258,0.009306933,0.040457599,0.041514291,0.018613866,0.080915199,0.083028582,-0.528074219,0.045665471,-0.026013489,-0.000210564,-0.294179842,0.160229812,0.073706293,1.467595276,0.007370629,0.146759528,-0.002105644,1.602298120,1.469444967,0.154571362,0.073706293,1.467595276,0.007370629,0.146759528,0.215212122,0.399607838,1.077321247,absolute
15.402000000,47,0.002134913,0.459436829,0.459441789,0.009273351,0.041396015,0.042421989,0.018546702,0.082792030,0.084843977,-0.492699989,0.046776786,0.006774048,-0.000260459,-0.295324011,0.142514284,0.050191576,1.521182856,0.005019158,0.152118286,-0.002604591,1.425142840,1.522010668,0.109595255,0.050191576,1.521182856,0.005019158,0.152118286,0.214768541,0.399688449,1.133505748,absolute
15.720000000,48,-0.002798316,-0.403073184,0.403082898,0.009306335,0.040846173,0.041892932,0.018612669,0.081692346,0.083785863,-0.512224878,0.046163393,-0.011337889,-0.000337379,-0.295069409,0.114169783,0.097785279,1.237353526,0.009778528,0.123735353,-0.003373794,1.141697829,1.241211387,0.139223454,0.097785279,1.237353526,0.009778528,0.123735353,0.215332363,0.399597882,0.845962077,absolute
16.002000000,49,0.005370963,0.305383847,0.305431074,0.009336865,0.041263041,0.042306213,0.018673730,0.082526083,0.084612425,-0.497850757,0.046614969,0.001993654,-0.000412109,-0.295262165,0.089368139,-0.017152702,0.998492728,-0.001715270,0.099849273,-0.004121088,0.893681391,0.998640047,0.105618367,-0.017152702,0.998492728,-0.001715270,0.099849273,0.214874660,0.399657140,0.642215508,absolute
16.202000000,50,-0.000330094,-0.108172875,0.108173379,0.009362234,0.041383131,0.042428940,0.018724467,0.082766262,0.084857880,-0.492009285,0.046798485,0.007411149,-0.000460566,-0.295160866,0.071652577,0.008803122,0.680911534,0.000880312,0.068091153,-0.004605660,0.716525769,0.680968437,0.038054818,0.008803122,0.680911534,0.000880312,0.068091153,0.215146789,0.399597325,0.348877332,absolute
16.501000000,51,-0.004712184,0.207914326,0.207967718,0.009301359,0.041813207,0.042835260,0.018602717,0.083626414,0.085670521,-0.478191044,0.047232597,0.020205551,0.000119673,-0.294445981,0.045111544,-0.084071352,0.496117191,-0.008407135,0.049611719,0.001196731,0.451115436,0.503190083,0.096414749,-0.084071352,0.496117191,-0.008407135,0.049611719,0.214944585,0.399633125,0.314196921,absolute
16.800000000,52,0.000516705,0.814425773,0.814425937,0.009317842,0.047154567,0.048066364,0.018635685,0.094309134,0.096132728,-0.286234586,0.053263087,0.183764889,0.010935610,-0.231208165,0.021180094,0.123142831,0.190660540,0.012314283,0.019066054,0.109356104,0.211800939,0.226970479,0.025238666,0.123142831,0.190660540,0.012314283,0.019066054,0.214580541,0.399691296,0.228155017,absolute
17.101000000,53,0.005141645,0.066523912,0.066722316,0.009314871,0.051057192,0.051899939,0.018629743,0.102114383,0.103799878,-0.147628813,0.057617516,0.264058776,0.030732543,-0.132076257,0.006659108,0.270454770,0.077018729,0.027045477,0.007701873,0.307325430,0.066591078,0.281207517,0.038316856,0.270454770,0.077018729,0.027045477,0.007701873,0.215096547,0.399509964,0.327208083,absolute
17.401000000,54,0.001828683,-0.373183483,0.373187964,0.009269536,0.054213904,0.055000652,0.018539071,0.108427809,0.110001304,-0.034248392,0.061179467,0.293496254,0.058459259,-0.031701006,0.001195509,0.537229381,-0.044171269,0.053722938,-0.004417127,0.584592595,0.011955086,0.539042215,0.073440055,0.537229381,-0.044171269,0.053722938,-0.004417127,0.215413172,0.399450989,0.548056913,absolute
17.602000000,55,0.007562031,0.262011840,0.262120943,0.009225616,0.054699312,0.055471855,0.018451233,0.109398624,0.110943711,-0.016790289,0.061727930,0.295080955,0.076155080,-0.015579456,0.000348309,0.676228315,-0.022369875,0.067622832,-0.002236988,0.761550803,0.003483086,0.676598216,0.089153253,0.676228315,-0.022369875,0.067622832,-0.002236988,0.215006997,0.399499257,0.625058932,absolute
17.804000000,56,-0.006847434,0.602247197,0.602286123,0.009219823,0.055355452,0.056118012,0.018439647,0.110710905,0.112236024,0.005455594,0.062426805,0.295142697,0.093850138,0.005059021,-0.000499020,0.848936811,-0.012644431,0.084893681,-0.001264443,0.938501384,-0.004990203,0.849030972,0.089891045,0.848936811,-0.012644431,0.084893681,-0.001264443,0.214792930,0.399553838,0.756337144,absolute
18.100000000,57,0.006677582,0.404668853,0.404723944,0.009219221,0.054834493,0.055604097,0.018438443,0.109668985,0.111208194,-0.012580039,0.061860199,0.294846600,0.120391059,-0.011658809,-0.001788564,1.201780899,-0.127715577,0.120178090,-0.012771558,1.203910589,-0.017885635,1.208548136,0.109850588,1.201780899,-0.127715577,0.120178090,-0.012771558,0.214927956,0.399518701,1.118863135,absolute
18.402000000,58,0.003771051,-0.152712410,0.152758963,0.009229358,0.054357339,0.055135300,0.018458715,0.108714677,0.110270600,-0.030463684,0.061298367,0.293899164,0.146934998,-0.028213660,-0.003081890,1.341860466,-0.159256884,0.134186047,-0.015925688,1.469349982,-0.030818902,1.351278012,0.180969312,1.341860466,-0.159256884,0.134186047,-0.015925688,0.215296223,0.399444129,1.257495056,absolute
18.700000000,59,0.003828448,-0.135427274,0.135481377,0.009265617,0.054745782,0.055524340,0.018531233,0.109491564,0.111048679,-0.015066579,0.061782082,0.294793350,0.173476117,-0.013963900,-0.004373163,1.666010331,-0.075396343,0.166601033,-0.007539634,1.734761172,-0.043731629,1.667715513,0.075692353,1.666010331,-0.075396343,0.166601033,-0.007539634,0.215295912,0.399436737,1.526446454,absolute
19.000000000,60,-0.002920946,0.166479700,0.166505322,0.009246551,0.055136128,0.055906094,0.018493101,0.110272257,0.111812188,-0.000292106,0.062246235,0.295222321,0.200017531,-0.000270920,-0.005677017,1.930002298,-0.190139977,0.193000230,-0.019013998,2.000175311,-0.056770170,1.939345787,0.150704204,1.930002298,-0.190139977,0.193000230,-0.019013998,0.215108438,0.399463264,1.813420231,absolute
19.301000000,61,-0.008168269,-0.353652280,0.353746598,0.009239315,0.054247977,0.055029156,0.018478630,0.108495955,0.110058312,-0.031397407,0.061269034,0.294026720,0.224791205,-0.029096593,-0.006879726,2.191900969,-0.178580817,0.219190097,-0.017858082,2.247912045,-0.068797257,2.199163697,0.123246383,2.191900969,-0.178580817,0.219190097,-0.017858082,0.215449291,0.399431661,2.059237640,absolute
19.600000000,62,-0.009157914,0.145378014,0.145666174,0.009212847,0.055393060,0.056153963,0.018425693,0.110786119,0.112307927,0.009444966,0.062552135,0.295035384,0.251332220,0.008756930,-0.008174486,2.458417773,-0.190434253,0.245841777,-0.019043425,2.513322201,-0.081744864,2.465782462,0.121769781,2.458417773,-0.190434253,0.245841777,-0.019043425,0.215138780,0.399451099,2.319539904,absolute
19.802000000,63,0.006120007,0.595935912,0.595967336,0.009237141,0.057787739,0.058521342,0.018474281,0.115575478,0.117042685,0.096036795,0.065272497,0.282068604,0.270617158,0.087782348,-0.006306247,2.635137274,-0.190768627,0.263513727,-0.019076863,2.706171585,-0.063062470,2.642033521,0.146132596,2.635137274,-0.190768627,0.263513727,-0.019076863,0.214872166,0.399504885,2.491205735,absolute
20.004000000,64,0.007814269,0.018041123,0.019660746,0.009214680,0.060343369,0.061042875,0.018429359,0.120686739,0.122085749,0.187573770,0.068148216,0.245431704,0.286368683,0.164074509,0.001598587,2.804628252,-0.131011550,0.280462825,-0.013101155,2.863686834,0.015985866,2.807686531,0.158417664,2.804628252,-0.131011550,0.280462825,-0.013101155,0.215277754,0.399376299,2.643113177,absolute
20.301000000,65,0.004822470,0.778874184,0.778889113,0.009254770,0.065847567,0.066494758,0.018509540,0.131695134,0.132989516,0.386301585,0.074391434,0.103212309,0.301816453,0.276558246,0.020679021,3.000476840,0.052169632,0.300047684,0.005216963,3.018164529,0.206790209,3.000930346,0.155628973,3.000476840,0.052169632,0.300047684,0.005216963,0.214846673,0.399480659,2.807197959,absolute
20.600000000,66,-0.001956377,-0.332042399,0.332048163,0.009244386,0.069477778,0.070090087,0.018488773,0.138955556,0.140180175,0.513664845,0.078392669,-0.012678848,0.306352851,0.295160552,0.048357043,3.072395807,0.297382288,0.307239581,0.029738229,3.063528511,0.483570426,3.086754318,0.186399173,3.072395807,0.297382288,0.307239581,0.029738229,0.215616824,0.399324580,2.858597277,absolute
20.801000000,67,-0.005427492,-0.242975406,0.243036017,0.009237018,0.068921229,0.069537460,0.018474035,0.137842458,0.139074920,0.492073267,0.077714350,0.007354269,0.306167697,0.295260712,0.066070939,3.078872653,0.487806738,0.307887265,0.048780674,3.061676970,0.660709389,3.117276411,0.173755627,3.078872653,0.487806738,0.307887265,0.048780674,0.215547821,0.399329324,2.864691492,absolute
21.001000000,68,-0.002868345,0.036455289,0.036567957,0.009276604,0.069087341,0.069707360,0.018553208,0.138174682,0.139414720,0.498286226,0.077909536,0.001589643,0.305976650,0.295251371,0.083785723,3.084970952,0.665545762,0.308497095,0.066554576,3.059766498,0.837857226,3.155946282,0.174145069,3.084970952,0.665545762,0.308497095,0.066554576,0.215365316,0.399342370,2.881926570,absolute
21.307000000,69,0.001899391,-0.603187642,0.603190633,0.009279345,0.069106094,0.069726311,0.018558689,0.138212187,0.139452621,0.499031069,0.077932936,0.000899099,0.305682268,0.295368128,0.110357989,3.086581781,0.922613635,0.308658178,0.092261364,3.056822677,1.103579887,3.221521847,0.183396806,3.086581781,0.922613635,0.308658178,0.092261364,0.215782496,0.399323303,2.918102347,absolute
21.609000000,70,-0.002084433,0.107850093,0.107870235,0.009336739,0.070008925,0.070628778,0.018673478,0.140017850,0.141257556,0.531706836,0.078959475,-0.029357633,0.305380861,0.293750457,0.136929185,3.092263232,1.201046111,0.309226323,0.120104611,3.053808606,1.369291847,3.317318745,0.172584432,3.092263232,1.201046111,0.309226323,0.120104611,0.215325291,0.399358133,2.986549100,absolute
21.901000000,71,0.003019185,-0.377531675,0.377543748,0.009294014,0.068289659,0.068919201,0.018588028,0.136579318,0.137838401,0.486444148,0.077537506,0.012573802,0.305067147,0.295071495,0.163500156,3.097470565,1.472219936,0.309747056,0.147221994,3.050671471,1.635001564,3.429541579,0.169375363,3.097470565,1.472219936,0.309747056,0.147221994,0.215623395,0.399333198,3.075081961,absolute
22.200000000,72,0.012568395,0.366691092,0.366906421,0.009369403,0.069481717,0.070110589,0.018738806,0.138963434,0.140221178,0.528598263,0.078861816,-0.026499057,0.304759135,0.294150869,0.190072558,3.099453652,1.725157790,0.309945365,0.172515779,3.047591345,1.900725585,3.547221778,0.183067609,3.099453652,1.725157790,0.309945365,0.172515779,0.215150588,0.399407801,3.174400290,absolute
22.405000000,73,0.009143686,0.395444447,0.395550146,0.009380970,0.069309311,0.069941284,0.018761941,0.138618623,0.139882569,0.521834544,0.078649328,-0.020227188,0.304553819,0.294414772,0.207786289,3.099849808,1.912708171,0.309984981,0.191270817,3.045538187,2.077862893,3.642460896,0.173855786,3.099849808,1.912708171,0.309984981,0.191270817,0.215126745,0.399415001,3.257557884,absolute
22.700000000,74,-0.004665793,-0.114935802,0.115030467,0.009359410,0.070187585,0.070808867,0.018718820,0.140375170,0.141617734,0.554106049,0.079663167,-0.049952100,0.303641379,0.291036158,0.232546533,3.102707523,2.178880915,0.310270752,0.217888091,3.036413793,2.325465325,3.791347519,0.160878363,3.102707523,2.178880915,0.310270752,0.217888091,0.215467551,0.399343212,3.391593886,absolute
22.901000000,75,-0.006848027,-0.389311201,0.389371425,0.009327166,0.073163341,0.073755478,0.018654331,0.146326683,0.147510956,0.661015255,0.083021819,-0.143041433,0.296713397,0.258236945,0.250628930,3.065993639,2.353478381,0.306599364,0.235347838,2.967133968,2.506289300,3.865123217,0.182001130,3.065993639,2.353478381,0.306599364,0.235347838,0.215684146,0.399340155,3.455853065,absolute
23.200000000,76,-0.003632308,0.239059921,0.239087514,0.009327565,0.077954646,0.078510702,0.018655130,0.155909291,0.157021403,0.834538806,0.088473222,-0.256400655,0.277386636,0.146741117,0.268414301,2.910517381,2.558318137,0.291051738,0.255831814,2.773866362,2.684143006,3.875061692,0.185756288,2.910517381,2.558318137,0.291051738,0.255831814,0.215330212,0.399405117,3.453250541,absolute
23.401000000,77,0.001702458,-0.060362733,0.060386736,0.009335716,0.079764714,0.080309185,0.018671432,0.159529428,0.160618370,0.898486541,0.090482199,-0.280216303,0.260702012,0.092523082,0.274260593,2.744695460,2.651207184,0.274469546,0.265120718,2.607020119,2.742605935,3.816051978,0.165252023,2.744695460,2.651207184,0.274469546,0.265120718,0.215543214,0.399366606,3.386354540,absolute
23.700000000,78,-0.005358242,-0.110944213,0.111073530,0.009344852,0.079626871,0.080173342,0.018689705,0.159253741,0.160346684,0.892656657,0.090299048,-0.278550403,0.235199569,0.097665970,0.281727972,2.488793626,2.742395547,0.248879363,0.274239555,2.351995692,2.817279723,3.703353487,0.155952924,2.488793626,2.742395547,0.248879363,0.274239555,0.215565086,0.399369327,3.264558142,absolute
24.000000000,79,-0.007481000,-0.009236608,0.011886139,0.009266817,0.081701005,0.082224863,0.018533633,0.163402010,0.164449726,0.968234646,0.092673401,-0.293782241,0.209008819,0.029415359,0.285858210,2.232328173,2.806696042,0.223232817,0.280669604,2.090088190,2.858582098,3.586200182,0.151407977,2.232328173,2.806696042,0.223232817,0.280669604,0.215514654,0.399380472,3.140494392,absolute
24.206000000,80,0.003807275,-0.093721652,0.093798952,0.009310630,0.082114317,0.082640479,0.018621260,0.164228633,0.165280959,0.982372238,0.093117546,-0.294718541,0.191399435,0.016337997,0.287799078,2.055885739,2.834533958,0.205588574,0.283453396,1.913994352,2.877990783,3.501606621,0.148396972,2.055885739,2.834533958,0.205588574,0.283453396,0.215570646,0.399380135,3.052332515,absolute
24.504000000,81,0.001228873,0.116359130,0.116365619,0.009279934,0.081412713,0.081939899,0.018559869,0.162825426,0.163879797,0.959153798,0.092388117,-0.293029158,0.164984178,0.037809886,0.290698704,1.791561624,2.876000032,0.179156162,0.287600003,1.649841779,2.906987039,3.388372653,0.145067946,1.791561624,2.876000032,0.179156162,0.287600003,0.215417489,0.399405597,2.935600505,absolute
24.801000000,82,-0.003411671,-0.435077972,0.435091348,0.009288330,0.080600959,0.081134380,0.018576660,0.161201918,0.162268760,0.928020440,0.091410034,-0.287612088,0.138567319,0.066169577,0.293564482,1.528146075,2.918144385,0.152814608,0.291814438,1.385673189,2.935644822,3.294054808,0.143543682,1.528146075,2.918144385,0.152814608,0.291814438,0.215759901,0.399376102,2.840167449,absolute
25.005000000,83,0.013456985,0.551743090,0.551907173,0.009280018,0.082294262,0.082815846,0.018560036,0.164588525,0.165631692,0.990576014,0.093375275,-0.295226229,0.120953641,0.008743118,0.295468083,1.354928177,2.949091630,0.135492818,0.294909163,1.209536411,2.954680825,3.245454021,0.145499158,1.354928177,2.949091630,0.135492818,0.294909163,0.215131335,0.399490629,2.792776773,absolute
25.300000000,84,-0.002962694,-0.233213330,0.233232148,0.009242261,0.081899404,0.082419244,0.018484522,0.163798809,0.164838488,0.976059625,0.092919230,-0.294441940,0.096297173,0.022187096,0.298149293,1.089199549,2.991004293,0.108919955,0.299100429,0.962971729,2.981492932,3.183152893,0.126585657,1.089199549,2.991004293,0.108919955,0.299100429,0.215629998,0.399389087,2.734884483,absolute
25.600000000,85,0.006270726,-0.381866621,0.381918104,0.009246542,0.081054269,0.081579980,0.018493084,0.162108538,0.163159959,0.944875316,0.091939546,-0.291006797,0.068120050,0.050906286,0.301230102,0.826732708,3.033544407,0.082673271,0.303354441,0.681200504,3.012301018,3.144181712,0.147074484,0.826732708,3.033544407,0.082673271,0.303354441,0.215710273,0.399386194,2.704096505,absolute
25.901000000,86,-0.002001630,0.940364712,0.940366842,0.009201195,0.084349187,0.084849557,0.018402391,0.168698374,0.169699115,-0.938025219,0.095618334,-0.289630994,0.041685526,-0.057114542,0.301874197,0.564096483,3.071156021,0.056409648,0.307115602,0.416855261,3.018741970,3.122531688,0.156292067,0.564096483,3.071156021,0.056409648,0.307115602,0.214365588,0.399804155,2.694147822,absolute
26.200000000,87,0.003879856,0.019725245,0.020103199,0.009264045,0.088311157,0.088795737,0.018528091,0.176622314,0.177591475,-0.793974146,0.100143832,-0.235671449,0.018127938,-0.178137709,0.290264400,0.306142195,3.007702640,0.030614219,0.300770264,0.181279376,2.902644005,3.023242996,0.163181005,0.306142195,3.007702640,0.030614219,0.300770264,0.214996240,0.399640035,2.609654793,absolute
26.500000000,88,-0.001483847,0.138127495,0.138135465,0.009327626,0.093260396,0.093725696,0.018655252,0.186520792,0.187451392,-0.618628912,0.105652465,-0.107531089,0.003722383,-0.275048046,0.268305713,0.111033911,2.821330092,0.011103391,0.282133009,0.037223833,2.683057129,2.823514126,0.156739720,0.111033911,2.821330092,0.011103391,0.282133009,0.214949686,0.399648936,2.423909675,absolute
26.800000000,89,-0.009132919,0.457689673,0.457780784,0.009263917,0.095847914,0.096294562,0.018527833,0.191695827,0.192589124,-0.523507456,0.108640793,-0.021792897,-0.000388458,-0.294556706,0.242097255,0.028069252,2.563138916,0.002806925,0.256313892,-0.003884575,2.420972550,2.563292606,0.145713152,0.028069252,2.563138916,0.002806925,0.256313892,0.214756084,0.399691550,2.171487159,absolute
27.001000000,90,-0.011832299,-0.275213735,0.275467971,0.009227800,0.095287781,0.095733554,0.018455601,0.190575561,0.191467109,-0.543111181,0.108024924,-0.039860129,-0.002524867,-0.292504132,0.224510517,-0.004375118,2.396051613,-0.000437512,0.239605161,-0.025248671,2.245105172,2.396055607,0.152382851,-0.004375118,2.396051613,-0.000437512,0.239605161,0.215233326,0.399604779,2.008488942,absolute
27.303000000,91,-0.001835759,-0.191173020,0.191181834,0.009249355,0.095552561,0.095999180,0.018498709,0.191105123,0.191998360,-0.532528714,0.108357382,-0.030118692,-0.005724041,-0.293699921,0.198130774,-0.056890843,2.121246641,-0.005689084,0.212124664,-0.057240407,1.981307740,2.122009397,0.139939338,-0.056890843,2.121246641,-0.005689084,0.212124664,0.215183123,0.399602179,1.743010011,absolute
27.600000000,92,0.004260892,-0.363179782,0.363204776,0.009269720,0.095433584,0.095882723,0.018539440,0.190867167,0.191765446,-0.538294824,0.108176235,-0.035444236,-0.008227593,-0.293192791,0.173458802,-0.101628467,1.859147595,-0.010162847,0.185914760,-0.082275933,1.734588018,1.861923233,0.126053992,-0.101628467,1.859147595,-0.010162847,0.185914760,0.215298007,0.399596971,1.493562993,absolute
27.900000000,93,-0.000614023,0.807261492,0.807261726,0.009240709,0.096763548,0.097203781,0.018481417,0.193527097,0.194407561,-0.490925514,0.109664385,0.008424073,-0.010501340,-0.295415001,0.146982187,-0.144060731,1.593727954,-0.014406073,0.159372795,-0.105013400,1.469821865,1.600225698,0.129913097,-0.144060731,1.593727954,-0.014406073,0.159372795,0.214541737,0.399741668,1.246675171,absolute
28.100000000,94,0.005691471,-0.146673127,0.146783511,0.009208022,0.095443144,0.095886294,0.018416045,0.190886287,0.191772588,-0.536145448,0.108243759,-0.033473552,-0.012149535,-0.293512087,0.127564948,-0.172622859,1.419271985,-0.017262286,0.141927198,-0.121495350,1.275649476,1.429731310,0.152451459,-0.172622859,1.419271985,-0.017262286,0.141927198,0.215160522,0.399598460,1.090921651,absolute
28.302000000,95,-0.007515639,0.041299165,0.041977444,0.009173000,0.095692756,0.096131408,0.018346000,0.191385513,0.192262815,-0.527663644,0.108510223,-0.025614403,-0.013650048,-0.293988018,0.109914517,-0.201214022,1.242682989,-0.020121402,0.124268299,-0.136500481,1.099145173,1.258867782,0.157451411,-0.201214022,1.242682989,-0.020121402,0.124268299,0.215038255,0.399608083,0.940234681,absolute
28.600000000,96,0.001987665,0.181138400,0.181149305,0.009196888,0.096006475,0.096445974,0.018393777,0.192012949,0.192891948,-0.516461949,0.108862135,-0.015264211,-0.015907417,-0.294887112,0.083436464,-0.246344764,0.980151221,-0.024634476,0.098015122,-0.159074174,0.834364638,1.010634533,0.169911400,-0.246344764,0.980151221,-0.024634476,0.098015122,0.214952203,0.399628630,0.741485921,absolute
28.900000000,97,-0.005288586,-0.115479224,0.115600261,0.009197696,0.095853651,0.096293925,0.018395392,0.191707302,0.192587851,-0.521143078,0.108715073,-0.019595924,-0.017621085,-0.294583419,0.058706489,-0.288739093,0.715416404,-0.028873909,0.071541640,-0.176210852,0.587064894,0.771486160,0.170694801,-0.288739093,0.715416404,-0.028873909,0.071541640,0.215146708,0.399593039,0.594680837,absolute
29.100000000,98,-0.005336475,0.633797533,0.633819999,0.009171753,0.100437678,0.100855581,0.018343505,0.200875357,0.201711162,-0.357398326,0.113859266,0.127912222,-0.013819012,-0.266158700,0.041497104,-0.285357328,0.538149312,-0.028535733,0.053814931,-0.138190120,0.414971037,0.609125181,0.191914237,-0.285357328,0.538149312,-0.028535733,0.053814931,0.214682024,0.399672018,0.518859629,absolute
29.301000000,99,-0.005139891,-0.161896974,0.161978544,0.009219827,0.101983297,0.102399209,0.018439653,0.203966594,0.204798418,-0.301308611,0.115621376,0.172512144,-0.003061375,-0.239507071,0.025396052,-0.219474891,0.370860826,-0.021947489,0.037086083,-0.030613751,0.253960517,0.430937327,0.222113062,-0.219474891,0.370860826,-0.021947489,0.037086083,0.215213886,0.399535429,0.435633522,absolute
29.600000000,100,-0.001209992,0.310865685,0.310868040,0.009154329,0.107040536,0.107431272,0.018308657,0.214081072,0.214862543,-0.119605750,0.121329740,0.274644661,0.019597060,-0.108346215,0.011975199,-0.032253813,0.192076653,-0.003225381,0.019207665,0.195970602,0.119751990,0.194765883,0.239410193,-0.032253813,0.192076653,-0.003225381,0.019207665,0.214940275,0.399536772,0.322714453,absolute
29.900000000,101,-0.002281949,0.396036002,0.396042576,0.009214034,0.108682119,0.109072001,0.018428069,0.217364237,0.218144001,-0.059450845,0.123219562,0.290134719,0.044676258,-0.054827567,0.003399067,0.219622927,0.064188018,0.021962293,0.006418802,0.446762582,0.033990671,0.228810689,0.229138174,0.219622927,0.064188018,0.021962293,0.006418802,0.214903528,0.399530223,0.335375413,absolute
30.100000000,102,-0.008174937,0.135629321,0.135875466,0.009206643,0.110472329,0.110855301,0.018413286,0.220944658,0.221710602,0.005346389,0.125255227,0.295312999,0.062342537,0.004960596,0.002132921,0.387573238,0.029010160,0.038757324,0.002901016,0.623425374,0.021329208,0.388657438,0.235977175,0.387573238,0.029010160,0.038757324,0.002901016,0.215090925,0.399461977,0.408637611,absolute
30.301000000,103,0.002617739,0.274534112,0.274546592,0.009222832,0.109684674,0.110071742,0.018445664,0.219369349,0.220143484,-0.023741654,0.124341399,0.294372164,0.080024070,-0.021997026,0.001040984,0.566853492,0.003680732,0.056685349,0.000368073,0.800240704,0.010409842,0.566865442,0.233484200,0.566853492,0.003680732,0.056685349,0.000368073,0.215001147,0.399492530,0.529591401,absolute
30.600000000,104,0.000323880,0.116774145,0.116774595,0.009195917,0.110400939,0.110783267,0.018391834,0.220801878,0.221566534,0.004797469,0.125237982,0.295302279,0.106545902,0.004451043,-0.000610556,0.832717929,-0.035213909,0.083271793,-0.003521391,1.065459018,-0.006105555,0.833462158,0.234554281,0.832717929,-0.035213909,0.083271793,-0.003521391,0.215117599,0.399452435,0.755225131,absolute
30.900000000,105,-0.013236643,0.556989220,0.557146480,0.009160972,0.111030775,0.111408063,0.018321944,0.222061551,0.222816126,0.026257459,0.125912168,0.294090822,0.133068624,0.024314798,-0.002242003,1.099005462,-0.069018166,0.109900546,-0.006901817,1.330686238,-0.022420026,1.101170520,0.236320479,1.099005462,-0.069018166,0.109900546,-0.006901817,0.214841036,0.399524365,1.000639214,absolute
31.100000000,106,0.004916287,-0.021929581,0.022473905,0.009176827,0.109622458,0.110005897,0.018353654,0.219244915,0.220011794,-0.023033957,0.124363632,0.294376509,0.150751731,-0.021339319,-0.003314906,1.277908789,-0.093318360,0.127790879,-0.009331836,1.507517306,-0.033149057,1.281311511,0.237361362,1.277908789,-0.093318360,0.127790879,-0.009331836,0.215216492,0.399433188,1.171374835,absolute
31.305000000,107,0.002073033,0.472064547,0.472069099,0.009141222,0.110095032,0.110473879,0.018282444,0.220190063,0.220947758,-0.007604385,0.124848366,0.295068807,0.168435738,-0.007050499,-0.004390678,1.445364243,-0.115441785,0.144536424,-0.011544178,1.684357379,-0.043906776,1.449967103,0.249469390,1.445364243,-0.115441785,0.144536424,-0.011544178,0.214902068,0.399512920,1.333872375,absolute
31.600000000,108,0.002671608,0.205926230,0.205943559,0.009132161,0.110139127,0.110517075,0.018264322,0.220278255,0.221034149,-0.006480724,0.124883667,0.295278325,0.194960746,-0.006012637,-0.005986904,1.709702395,-0.152441380,0.170970240,-0.015244138,1.949607459,-0.059869045,1.716484971,0.257146022,1.709702395,-0.152441380,0.170970240,-0.015244138,0.215084082,0.399460986,1.593260846,absolute
31.929000000,109,0.000020092,-1.000000000,1.000000000,0.009213856,0.109564854,0.109951591,0.018427711,0.219129708,0.219903182,-0.024189517,0.124327329,0.294395257,0.223257573,-0.022415324,-0.007634529,2.021092174,-0.198462861,0.202109217,-0.019846286,2.232575728,-0.076345288,2.030812911,0.244208918,2.021092174,-0.198462861,0.202109217,-0.019846286,0.215878086,0.399402472,1.901641622,absolute
32.201000000,110,-0.002047326,0.097817269,0.097838692,0.009237491,0.110663063,0.111047939,0.018474983,0.221326125,0.222095877,0.016703821,0.125612031,0.294706411,0.248017725,0.015479403,-0.009066636,2.256074924,-0.222177460,0.225607492,-0.022217746,2.480177249,-0.090666360,2.266988506,0.259840377,2.256074924,-0.222177460,0.225607492,-0.022217746,0.215174729,0.399428680,2.133463803,absolute
32.506000000,111,0.010575209,1.000000000,1.000000000,0.009241147,0.113729600,0.114104429,0.018482294,0.227459200,0.228208858,0.128409480,0.129121368,0.271593943,0.275745730,0.115921433,-0.005080895,2.526117442,-0.238081873,0.252611744,-0.023808187,2.757457296,-0.050808948,2.537312024,0.297639507,2.526117442,-0.238081873,0.252611744,-0.023808187,0.214622194,0.399557528,2.397831163,absolute
32.801000000,112,0.005710302,-0.377886176,0.377929318,0.009260068,0.117512662,0.117876947,0.018520137,0.235025325,0.235753895,0.265736008,0.133435608,0.198154861,0.295032698,0.218783486,0.010104297,2.775510257,-0.134961114,0.277551026,-0.013496111,2.950326975,0.101042974,2.778789608,0.293698509,2.775510257,-0.134961114,0.277551026,-0.013496111,0.215565079,0.399336979,2.615108748,absolute
33.100000000,113,-0.001853507,-0.661436206,0.661438803,0.009252618,0.122337227,0.122686626,0.018505235,0.244674454,0.245373251,0.441451297,0.138955867,0.054035912,0.304997183,0.290454790,0.034404442,2.933466995,0.081199299,0.293346699,0.008119930,3.049971832,0.344044424,2.934590591,0.287508151,2.933466995,0.081199299,0.293346699,0.008119930,0.215810039,0.399309049,2.736211458,absolute
33.400000000,114,0.009835539,0.233456445,0.233663539,0.009267913,0.124642002,0.124986090,0.018535826,0.249284003,0.249972181,0.523272491,0.141526355,-0.021563479,0.305417403,0.294409135,0.060948684,2.982668675,0.347591088,0.298266867,0.034759109,3.054174032,0.609486840,3.002853974,0.271481862,2.982668675,0.347591088,0.298266867,0.034759109,0.215253355,0.399362967,2.767899543,absolute
33.600000000,115,0.003044172,-0.600893807,0.600901518,0.009245752,0.123704065,0.124049101,0.018491503,0.247408129,0.248098203,0.488613741,0.140437519,0.010557472,0.304786749,0.295014740,0.078653308,2.996154645,0.527932402,0.299615465,0.052793240,3.047867489,0.786533083,3.042310845,0.263720554,2.996154645,0.527932402,0.299615465,0.052793240,0.215783584,0.399310307,2.783344550,absolute
33.900000000,116,0.010430810,0.153753973,0.154107385,0.009271076,0.125598902,0.125940609,0.018542152,0.251197803,0.251881217,0.555418257,0.142536244,-0.051126444,0.303848601,0.290685611,0.105209982,3.010462725,0.800128441,0.301046272,0.080012844,3.038486015,1.052099818,3.114978545,0.253524910,3.010462725,0.800128441,0.301046272,0.080012844,0.215312362,0.399351223,2.823736519,absolute
34.100000000,117,0.001783744,-0.086730722,0.086749063,0.009261358,0.124679032,0.125022533,0.018522716,0.249358064,0.250045066,0.521603968,0.141473937,-0.020023705,0.303225403,0.294573366,0.122914565,3.018994554,0.977052713,0.301899455,0.097705271,3.032254031,1.229145647,3.173162480,0.252441401,3.018994554,0.977052713,0.301899455,0.097705271,0.215453374,0.399324437,2.862448796,absolute
34.403000000,118,-0.002111088,0.035297512,0.035360586,0.009253566,0.124247585,0.124591696,0.018507133,0.248495170,0.249183393,0.506390366,0.140995988,-0.005929206,0.302253826,0.295299366,0.149470553,3.035426320,1.246149653,0.303542632,0.124614965,3.022538259,1.494705531,3.281265290,0.248889788,3.035426320,1.246149653,0.303542632,0.124614965,0.215363885,0.399335947,2.944460153,absolute
34.700000000,119,0.000028988,0.089466427,0.089466432,0.009267655,0.124364933,0.124709767,0.018535310,0.248729866,0.249419534,0.510078122,0.141111842,-0.009343811,0.301344525,0.295018615,0.174255124,3.053110226,1.514687841,0.305311023,0.151468784,3.013445254,1.742551245,3.408190328,0.231289950,3.053110226,1.514687841,0.305311023,0.151468784,0.215327194,0.399347424,3.049097700,absolute
34.901000000,120,0.002241704,-0.467600862,0.467606235,0.009302594,0.123795225,0.124144255,0.018605189,0.247590450,0.248288509,0.491876450,0.140540020,0.007535027,0.300686005,0.295185349,0.191959673,3.063478860,1.693402779,0.306347886,0.169340278,3.006860050,1.919596734,3.500359367,0.233172457,3.063478860,1.693402779,0.306347886,0.169340278,0.215683416,0.399322382,3.128031804,absolute
35.200000000,121,-0.004597373,-0.052130745,0.052333072,0.009217382,0.124209139,0.124550673,0.018434764,0.248418277,0.249101347,0.507148406,0.141019802,-0.006631375,0.299632558,0.295237471,0.220284124,3.082761876,1.961130749,0.308276188,0.196113075,2.996325576,2.202841242,3.653690545,0.256700597,3.082761876,1.961130749,0.308276188,0.196113075,0.215412302,0.399334290,3.265103636,absolute
35.501000000,122,-0.005538155,-0.701566996,0.701588855,0.009171982,0.124303282,0.124641209,0.018343964,0.248606563,0.249282419,0.511042722,0.141142146,-0.010234109,0.298457043,0.294883008,0.246826548,3.102740795,2.228869599,0.310274079,0.222886960,2.984570426,2.468265485,3.820321993,0.266973081,3.102740795,2.228869599,0.310274079,0.222886960,0.215836108,0.399321418,3.417815855,absolute
35.800000000,123,0.004216192,0.358175663,0.358200477,0.009193229,0.129771062,0.130096288,0.018386457,0.259542124,0.260192575,0.707648358,0.147318694,-0.179251012,0.289478511,0.234648255,0.269675767,3.065648798,2.492679679,0.306564880,0.249267968,2.894785106,2.696757667,3.951158631,0.266162030,3.065648798,2.492679679,0.306564880,0.249267968,0.215213705,0.399405789,3.536492018,absolute
36.000000000,124,-0.000421957,0.108217290,0.108218113,0.009148894,0.133103219,0.133417275,0.018297787,0.266206438,0.266834549,0.825426241,0.151018795,-0.251999495,0.275371052,0.153961704,0.282942194,2.966888954,2.646078529,0.296688895,0.264607853,2.753710520,2.829421938,3.975444837,0.281175835,2.966888954,2.646078529,0.296688895,0.264607853,0.215414273,0.399370496,3.552226050,absolute
36.204000000,125,0.001056977,0.659057090,0.659057937,0.009187945,0.137179481,0.137486829,0.018375890,0.274358961,0.274973659,0.972286859,0.155632558,-0.294252257,0.259024365,0.025683528,0.289528500,2.827587860,2.746871966,0.282758786,0.274687197,2.590243651,2.895285005,3.942151532,0.279926246,2.827587860,2.746871966,0.282758786,0.274687197,0.215098895,0.399482579,3.512169633,absolute
36.504000000,126,0.004737020,0.239332391,0.239379265,0.009270031,0.137271972,0.137584620,0.018540062,0.274543943,0.275169240,-0.977780034,0.157201253,-0.294676350,0.230751316,-0.020603679,0.290764611,2.561550598,2.809837666,0.256155060,0.280983767,2.307513161,2.907646113,3.802200570,0.272215929,2.561550598,2.809837666,0.256155060,0.280983767,0.214870734,0.399641093,3.363919425,absolute
36.800000000,127,-0.006746860,0.297033277,0.297109892,0.009256095,0.137192746,0.137504636,0.018512190,0.274385492,0.275009271,-0.982102182,0.157065468,-0.294717771,0.207722705,-0.016588775,0.290989461,2.295519468,2.833731373,0.229551947,0.283373137,2.077227052,2.909894606,3.646840156,0.231197788,2.295519468,2.833731373,0.229551947,0.283373137,0.214823425,0.399655236,3.202190292,absolute
37.000000000,128,-0.005834659,0.002140781,0.006214997,0.009253786,0.136771362,0.137084055,0.018507571,0.273542725,0.274168110,-0.997487463,0.156582125,-0.295347093,0.190007298,-0.002331332,0.291171478,2.115883805,2.851851109,0.211588380,0.285185111,1.900072977,2.911714777,3.551058859,0.223959756,2.115883805,2.851851109,0.211588380,0.285185111,0.215006048,0.399603297,3.102717451,absolute
37.202000000,129,-0.003688319,0.297138044,0.297160934,0.009266324,0.137030434,0.137343382,0.018532648,0.274060868,0.274686764,-0.988518326,0.156863899,-0.295004388,0.170522491,-0.010645645,0.291380465,1.934146699,2.871966871,0.193414670,0.287196687,1.705224913,2.913804653,3.462530457,0.232713524,1.934146699,2.871966871,0.193414670,0.287196687,0.214810887,0.399658954,3.011382086,absolute
37.500000000,130,-0.010776140,-0.543827081,0.543933838,0.009215947,0.136560913,0.136871533,0.018431894,0.273121826,0.273743067,0.993405477,0.156296019,-0.295182910,0.145721067,0.006116270,0.291641689,1.664585602,2.900730656,0.166458560,0.290073066,1.457210670,2.916416894,3.344410794,0.207967354,1.664585602,2.900730656,0.166458560,0.290073066,0.215855570,0.399366369,2.890612737,absolute
37.700000000,131,-0.002691289,0.652524228,0.652529778,0.009209337,0.138027218,0.138334106,0.018418673,0.276054437,0.276668212,-0.953768076,0.157955611,-0.292138178,0.128005793,-0.042731597,0.291828875,1.483752216,2.919954452,0.148375222,0.291995445,1.280057926,2.918288749,3.275309854,0.203701100,1.483752216,2.919954452,0.148375222,0.291995445,0.214577146,0.399729758,2.821761482,absolute
38.001000000,132,-0.003120451,-0.301278049,0.301294208,0.009206185,0.136821625,0.137130999,0.018412371,0.273643251,0.274261999,-0.996361436,0.156617501,-0.295259872,0.099662903,-0.003375229,0.292117720,1.213265801,2.948761214,0.121326580,0.294876121,0.996629025,2.921177203,3.188605746,0.218385829,1.213265801,2.948761214,0.121326580,0.294876121,0.215178967,0.399605946,2.737584685,absolute
38.300000000,133,-0.003174369,0.314646776,0.314662788,0.009211043,0.137630386,0.137938271,0.018422086,0.275260772,0.275876541,-0.966504149,0.157555495,-0.293682319,0.073091157,-0.031018864,0.292402132,0.944280465,2.977723236,0.094428047,0.297772324,0.730911571,2.924021317,3.123859995,0.220023138,0.944280465,2.977723236,0.094428047,0.297772324,0.214777180,0.399674574,2.679274146,absolute
38.501000000,134,-0.001734455,-0.347556964,0.347561292,0.009208417,0.136405121,0.136715588,0.018416834,0.272810242,0.273431176,0.990782661,0.156213621,-0.295228484,0.055375988,0.008551359,0.292591954,0.764650278,2.998116058,0.076465028,0.299811606,0.553759879,2.925919543,3.094089518,0.222906028,0.764650278,2.998116058,0.076465028,0.299811606,0.215700559,0.399380416,2.656082215,absolute
38.702000000,135,-0.002390814,-0.578556917,0.578561857,0.009177094,0.138813596,0.139116618,0.018354189,0.277627191,0.278233236,-0.922301765,0.158944154,-0.286565943,0.038051646,-0.071372857,0.289358271,0.585200082,3.001682405,0.058520008,0.300168241,0.380516456,2.893582708,3.058194957,0.231475553,0.585200082,3.001682405,0.058520008,0.300168241,0.215364166,0.399609637,2.628223981,absolute
39.003000000,136,0.005486089,0.529786187,0.529814592,0.009205847,0.145434802,0.145725870,0.018411695,0.290869604,0.291451741,-0.683828524,0.166436012,-0.161048318,0.016795715,-0.247150061,0.273936617,0.337120679,2.905037657,0.033712068,0.290503766,0.167957153,2.739366166,2.924533150,0.236776988,0.337120679,2.905037657,0.033712068,0.290503766,0.214689569,0.399713876,2.508313503,absolute
39.302000000,137,-0.000635141,-0.183709970,0.183711068,0.009202796,0.148202062,0.148487517,0.018405592,0.296404124,0.296975034,-0.581302153,0.169656973,-0.074644582,0.006283780,-0.285861507,0.249868264,0.176123308,2.698251847,0.017612331,0.269825185,0.062837805,2.498682640,2.703993796,0.229480879,0.176123308,2.698251847,0.017612331,0.269825185,0.215171222,0.399601655,2.298981828,absolute
39.502000000,138,0.003132956,-0.231499150,0.231520349,0.009202603,0.151545516,0.151824673,0.018405207,0.303091033,0.303649347,-0.459677901,0.173477911,0.037310878,0.006833041,-0.292961624,0.232252208,0.131246618,2.503124737,0.013124662,0.250312474,0.068330415,2.322522076,2.506563210,0.191247928,0.131246618,2.503124737,0.013124662,0.250312474,0.215222214,0.399576439,2.105223823,absolute
39.812000000,139,0.000072625,0.600084589,0.600084593,0.009159120,0.151291822,0.151568812,0.018318239,0.302583643,0.303137624,-0.468616890,0.173197085,0.029081934,0.009929344,-0.294013342,0.204215788,0.130479379,2.189832028,0.013047938,0.218983203,0.099293438,2.042157880,2.193715838,0.150931166,0.130479379,2.189832028,0.013047938,0.218983203,0.214681434,0.399690410,1.792120810,absolute
40.102000000,140,0.000528491,-0.290707561,0.290708041,0.009155716,0.150860567,0.151138142,0.018311433,0.301721135,0.302276284,-0.485622543,0.172662836,0.013326990,0.007071564,-0.294852390,0.179592243,0.090015622,1.965283786,0.009001562,0.196528379,0.070715641,1.795922433,1.967344192,0.170457493,0.090015622,1.965283786,0.009001562,0.196528379,0.215263231,0.399576707,1.570708637,absolute
40.400000000,141,-0.002263901,0.322788503,0.322796441,0.009075302,0.151132224,0.151404459,0.018150603,0.302264448,0.302808918,-0.475449406,0.172982435,0.022754666,0.007897966,-0.294439594,0.153060548,0.056826074,1.683834472,0.005682607,0.168383447,0.078979661,1.530605477,1.684793083,0.154822176,0.056826074,1.683834472,0.005682607,0.168383447,0.214866184,0.399638155,1.293884406,absolute
40.602000000,142,-0.001874281,-0.004664499,0.005026975,0.009097955,0.150534181,0.150808861,0.018195911,0.301068362,0.301617722,-0.496576345,0.172318712,0.003178119,0.007423322,-0.295470038,0.135350359,0.033559473,1.504644911,0.003355947,0.150464491,0.074233219,1.353503588,1.505019118,0.156518540,0.033559473,1.504644911,0.003355947,0.150464491,0.215078946,0.399582482,1.119871551,absolute
40.900000000,143,0.003371540,0.216122068,0.216148365,0.009044941,0.150934017,0.151204790,0.018089882,0.301868035,0.302409580,-0.485022112,0.172681699,0.013890847,0.006686323,-0.294990197,0.108787348,0.000577117,1.235227823,0.000057712,0.123522782,0.066863232,1.087873485,1.235227958,0.161577072,0.000577117,1.235227823,0.000057712,0.123522782,0.214939984,0.399616934,0.862668533,absolute
41.100000000,144,0.002831374,0.029215832,0.029352709,0.009054892,0.150947620,0.151218964,0.018109784,0.301895240,0.302437928,-0.484713365,0.172691399,0.014175068,0.006238324,-0.294937036,0.092850245,-0.022460712,1.055587954,-0.002246071,0.105558795,0.062383240,0.928502454,1.055826886,0.152804518,-0.022460712,1.055587954,-0.002246071,0.105558795,0.215063585,0.399581851,0.697683166,absolute
41.400000000,145,-0.000122481,0.283218201,0.283218227,0.009087455,0.151495222,0.151767534,0.018174909,0.302990445,0.303535067,-0.464097869,0.173339054,0.033233469,0.005462229,-0.293398887,0.064515236,-0.057756199,0.785889378,-0.005775620,0.078588938,0.054622285,0.645152358,0.788008816,0.180099507,-0.057756199,0.785889378,-0.005775620,0.078588938,0.214903041,0.399621888,0.472806129,absolute
41.600000000,146,-0.002188300,1.000000000,1.000000000,0.009130896,0.152256547,0.152530093,0.018261792,0.304513093,0.305060186,-0.437123701,0.174186472,0.057923217,0.005019448,-0.289411165,0.048578086,-0.082386624,0.607175767,-0.008238662,0.060717577,0.050194477,0.485780863,0.612739723,0.179762263,-0.082386624,0.607175767,-0.008238662,0.060717577,0.214441006,0.399744710,0.362124683,absolute
41.801000000,147,-0.001765380,0.059402819,0.059429046,0.007416303,0.153433132,0.153612263,0.014832606,0.306866263,0.307224526,-0.384052410,0.175853756,0.085224850,0.006443260,-0.223526310,0.030250002,-0.098340721,0.428068238,-0.009834072,0.042806824,0.064432603,0.302500017,0.439218981,0.205578532,-0.098340721,0.428068238,-0.009834072,0.042806824,0.215063597,0.399551712,0.314698997,absolute
42.100000000,148,0.006538504,-0.138094349,0.138249055,0.006727921,0.155643381,0.155788726,0.013455843,0.311286763,0.311577452,-0.275325864,0.179269501,0.139547974,0.014655518,-0.163728796,0.012837873,-0.052581869,0.195115986,-0.005258187,0.019511599,0.146555178,0.128378734,0.202076968,0.210022438,-0.052581869,0.195115986,-0.005258187,0.019511599,0.215215694,0.399505911,0.336883920,absolute
42.318000000,149,0.003152995,0.480940167,0.480950502,0.006741641,0.157584145,0.157728287,0.013483281,0.315168290,0.315456573,-0.179209839,0.182289075,0.182019530,0.024575016,-0.114880289,0.002734715,0.046174888,0.026575713,0.004617489,0.002657571,0.245750160,0.027347152,0.053276531,0.199576763,0.046174888,0.026575713,0.004617489,0.002657571,0.214830714,0.399570770,0.409353271,absolute
42.605000000,150,-0.005143562,0.058251482,0.058478127,0.006725719,0.160194804,0.160335930,0.013451438,0.320389608,0.320671860,-0.051087978,0.186314142,0.212558278,0.041826019,-0.034411076,-0.005813641,0.200873611,-0.094720508,0.020087361,-0.009472051,0.418260185,-0.058136413,0.222085979,0.220443459,0.200873611,-0.094720508,0.020087361,-0.009472051,0.215135265,0.399459397,0.494385652,absolute
42.904000000,151,0.002283388,-0.049749270,0.049801644,0.006730220,0.162251253,0.162390779,0.013460439,0.324502506,0.324781558,0.050208783,0.189496474,0.212561845,0.059741866,0.033809423,-0.007362002,0.485811115,-0.192147472,0.048581112,-0.019214747,0.597418657,-0.073620024,0.522429987,0.162803561,0.485811115,-0.192147472,0.048581112,-0.019214747,0.215234131,0.399419726,0.650510303,absolute
43.200000000,152,0.001652543,0.466306746,0.466309674,0.006701797,0.162987513,0.163125239,0.013403595,0.325975026,0.326250477,0.087006954,0.190652522,0.207309756,0.077719348,0.058120896,-0.005429821,0.675999572,-0.195392288,0.067599957,-0.019539229,0.777193482,-0.054298212,0.703671492,0.173631062,0.675999572,-0.195392288,0.067599957,-0.019539229,0.214910678,0.399495126,0.752657959,absolute
43.412000000,153,0.003287774,0.009823506,0.010359089,0.006644653,0.162580197,0.162715924,0.013289307,0.325160394,0.325431848,0.066920317,0.190021482,0.210427238,0.091844324,0.044902978,-0.003918387,0.833737540,-0.200233223,0.083373754,-0.020023322,0.918443239,-0.039183865,0.857444826,0.181966895,0.833737540,-0.200233223,0.083373754,-0.020023322,0.215208197,0.399415209,0.861485223,absolute
43.701000000,154,-0.002609955,0.479911126,0.479918223,0.006571003,0.163258273,0.163390458,0.013142006,0.326516546,0.326780916,0.102178191,0.191129141,0.204249613,0.111106797,0.067913425,-0.001856915,1.070119749,-0.204673213,0.107011975,-0.020467321,1.111067974,-0.018569151,1.089517049,0.190555712,1.070119749,-0.204673213,0.107011975,-0.020467321,0.214914308,0.399491027,1.047086804,absolute
43.903000000,155,0.010746007,0.062112479,0.063035202,0.006565804,0.162618230,0.162750725,0.013131608,0.325236460,0.325501450,0.071048842,0.190151184,0.209858188,0.123947797,0.047635440,-0.000483392,1.227647741,-0.206275652,0.122764774,-0.020627565,1.239477971,-0.004833918,1.244856867,0.201788817,1.227647741,-0.206275652,0.122764774,-0.020627565,0.215185132,0.399419501,1.179808100,absolute
44.201000000,156,-0.003257861,0.177298864,0.177328793,0.006522473,0.162803947,0.162934551,0.013044946,0.325607894,0.325869101,0.078310520,0.190379316,0.208687881,0.143208767,0.052402872,0.001592853,1.465516004,-0.209030409,0.146551600,-0.020903041,1.432087666,0.015928534,1.480348226,0.227429066,1.465516004,-0.209030409,0.146551600,-0.020903041,0.215115151,0.399438089,1.390588438,absolute
44.500000000,157,-0.000037326,-0.012668952,0.012669007,0.006529587,0.162290219,0.162421522,0.013059175,0.324580438,0.324843043,0.051788868,0.189546114,0.212295510,0.162466780,0.034848416,0.003684164,1.702372245,-0.212878657,0.170237224,-0.021287866,1.624667803,0.036841638,1.715630666,0.261530507,1.702372245,-0.212878657,0.170237224,-0.021287866,0.215238969,0.399409334,1.608248104,absolute
44.700000000,158,0.002818019,-0.234089113,0.234106074,0.006502768,0.162251420,0.162381678,0.013005536,0.324502840,0.324763355,0.048121781,0.189430909,0.212927995,0.175305755,0.032437749,0.005090819,1.860206062,-0.212800476,0.186020606,-0.021280048,1.753057554,0.050908193,1.872338281,0.284645508,1.860206062,-0.212800476,0.186020606,-0.021280048,0.215387340,0.399403332,1.755056162,absolute
45.001000000,159,-0.009433077,0.369106816,0.369227334,0.006489027,0.163033482,0.163162568,0.012978053,0.326066963,0.326325136,0.088519253,0.190700033,0.207039061,0.194560031,0.059107390,0.007222015,2.097804962,-0.220058718,0.209780496,-0.022005872,1.945600314,0.072220154,2.109315410,0.329534814,2.097804962,-0.220058718,0.209780496,-0.022005872,0.215005996,0.399465679,1.982105554,absolute
45.301000000,160,-0.006207940,-0.165374022,0.165490501,0.006441428,0.162541598,0.162669183,0.012882855,0.325083196,0.325338365,0.065698295,0.189983091,0.210731676,0.213813501,0.044122773,0.009360395,2.334953247,-0.221452413,0.233495325,-0.022145241,2.138135011,0.093603953,2.345431269,0.371480729,2.334953247,-0.221452413,0.233495325,-0.022145241,0.215355885,0.399397631,2.208652928,absolute
45.600000000,161,-0.001259495,-0.112629844,0.112636886,0.006443982,0.162664269,0.162791859,0.012887963,0.325328538,0.325583718,0.070587552,0.190136692,0.210016174,0.233069068,0.047351372,0.011482487,2.563651526,-0.222287228,0.256365153,-0.022228723,2.330690677,0.114824870,2.573270440,0.409774723,2.563651526,-0.222287228,0.256365153,-0.022228723,0.215328608,0.399395101,2.429219926,absolute
45.900000000,162,0.003559281,-0.084767524,0.084842216,0.006484073,0.162839039,0.162968082,0.012968145,0.325678078,0.325936164,0.080762568,0.190456349,0.208445296,0.251042580,0.054052272,0.013442925,2.811747698,-0.221950840,0.281174770,-0.022195084,2.510425797,0.134429250,2.820494158,0.466692250,2.811747698,-0.221950840,0.281174770,-0.022195084,0.215318440,0.399390954,2.669739785,absolute
46.100000000,163,0.005099110,-0.041524772,0.041836677,0.006527965,0.162591970,0.162722964,0.013055930,0.325183940,0.325445928,0.069628935,0.190106576,0.210237080,0.265165633,0.046736296,0.014979472,2.969491745,-0.223313093,0.296949174,-0.022331309,2.651656328,0.149794717,2.977876753,0.490131400,2.969491745,-0.223313093,0.296949174,-0.022331309,0.215291628,0.399392849,2.823717580,absolute
46.400000000,164,-0.000085245,0.113827063,0.113827095,0.006568709,0.164833797,0.164964628,0.013137418,0.329667593,0.329929256,0.178368262,0.193522723,0.182370276,0.282333896,0.114428547,0.020327845,3.205614382,-0.202136611,0.320561438,-0.020213661,2.823338958,0.203278445,3.211981129,0.557221561,3.205614382,-0.202136611,0.320561438,-0.020213661,0.215221015,0.399389979,3.050292892,absolute
46.600000000,165,0.001326280,-0.182723304,0.182728118,0.006591795,0.166694060,0.166824343,0.013183589,0.333388120,0.333648685,0.267902383,0.196335520,0.143450973,0.293820067,0.160567637,0.028607767,3.352457634,-0.140544484,0.335245763,-0.014054448,2.938200672,0.286077672,3.355402351,0.594655610,3.352457634,-0.140544484,0.335245763,-0.014054448,0.215442764,0.399348017,3.183134651,absolute
46.900000000,166,-0.003246733,0.298477022,0.298494680,0.006607934,0.169919853,0.170048291,0.013215867,0.339839705,0.340096581,0.426637638,0.201322335,0.049191071,0.304856635,0.209641202,0.044381111,3.522645950,0.008181321,0.352264595,0.000818132,3.048566350,0.443811109,3.522655451,0.643835988,3.522645950,0.008181321,0.352264595,0.000818132,0.215178042,0.399386339,3.330523281,absolute
47.100000000,167,0.004421861,0.228048230,0.228091096,0.006623611,0.170777937,0.170906337,0.013247223,0.341555874,0.341812674,0.468947282,0.202651532,0.020945426,0.308510485,0.214022239,0.056731354,3.610162993,0.150827801,0.361016299,0.015082780,3.085104848,0.567313544,3.613312312,0.670183878,3.610162993,0.150827801,0.361016299,0.015082780,0.215238735,0.399369674,3.404009956,absolute
47.400000000,168,0.000577775,0.226224627,0.226225365,0.006654641,0.172125736,0.172254327,0.013309281,0.344251471,0.344508654,0.537367971,0.204801031,-0.025212167,0.309315463,0.213776152,0.076069087,3.665105856,0.380103196,0.366510586,0.038010320,3.093154626,0.760690867,3.684763137,0.687004501,3.665105856,0.380103196,0.366510586,0.038010320,0.215260364,0.399366774,3.449899275,absolute
47.600000000,169,-0.004798802,0.009380144,0.010536395,0.006659864,0.172005238,0.172134121,0.013319727,0.344010476,0.344268242,0.530591658,0.204588147,-0.020675228,0.309516047,0.214465484,0.088983013,3.687769335,0.538034470,0.368776933,0.053803447,3.095160465,0.889830132,3.726811474,0.689162868,3.687769335,0.538034470,0.368776933,0.053803447,0.215397494,0.399329338,3.475141049,absolute
47.901000000,170,-0.002021157,0.020861096,0.020958779,0.006703404,0.171859410,0.171990094,0.013406808,0.343718819,0.343980187,0.526685557,0.204465433,-0.018030079,0.309838861,0.214561776,0.108352365,3.728171330,0.776945828,0.372817133,0.077694583,3.098388613,1.083523651,3.808268148,0.700440027,3.728171330,0.776945828,0.372817133,0.077694583,0.215386917,0.399332721,3.533022218,absolute
48.202000000,171,0.000528661,0.114169224,0.114170448,0.006695041,0.171793207,0.171923615,0.013390082,0.343586414,0.343847231,0.523076652,0.204352056,-0.015598590,0.310151248,0.214783479,0.126429952,3.763097323,1.013084596,0.376309732,0.101308460,3.101512485,1.264299521,3.897081198,0.707674669,3.763097323,1.013084596,0.376309732,0.101308460,0.215323224,0.399350911,3.600468038,absolute
48.500000000,172,-0.006461078,0.113269300,0.113453426,0.006712447,0.171839188,0.171970240,0.013424894,0.343678377,0.343940481,0.525499383,0.204428168,-0.017224311,0.310541116,0.214551674,0.147090308,3.803322766,1.249035916,0.380332277,0.124903592,3.105411162,1.470903079,4.003168093,0.732328919,3.803322766,1.249035916,0.380332277,0.124903592,0.215321437,0.399352926,3.687236733,absolute
48.700000000,173,-0.003634463,0.194180680,0.194214690,0.006699987,0.172044351,0.172174762,0.013399975,0.344088702,0.344349523,0.534064225,0.204697241,-0.022992533,0.310765066,0.214030711,0.158710597,3.830962747,1.406856273,0.383096275,0.140685627,3.107650657,1.587105974,4.081117512,0.745432985,3.830962747,1.406856273,0.383096275,0.140685627,0.215270715,0.399367700,3.753433375,absolute
49.000000000,174,0.001533550,0.231680316,0.231685392,0.006703873,0.172321250,0.172451602,0.013407745,0.344642499,0.344903204,0.546704255,0.205094339,-0.031479842,0.311168370,0.213007018,0.179370674,3.871726830,1.642680623,0.387172683,0.164268062,3.111683701,1.793706738,4.205789852,0.774902862,3.871726830,1.642680623,0.387172683,0.164268062,0.215249078,0.399374849,3.862077006,absolute
49.200000000,175,0.014004546,-0.303921716,0.304244206,0.006780177,0.171987062,0.172120656,0.013560354,0.343974124,0.344241312,0.528183436,0.204512490,-0.019028772,0.311395680,0.214353206,0.190991086,3.897632252,1.790227345,0.389763225,0.179022734,3.113956801,1.909910863,4.289108429,0.792761853,3.897632252,1.790227345,0.389763225,0.179022734,0.215593888,0.399326268,3.935989369,absolute
49.501000000,176,-0.004037363,0.231916611,0.231951751,0.006815099,0.172294843,0.172429575,0.013630197,0.344589685,0.344859150,0.542999601,0.204977954,-0.028991064,0.311797510,0.213302920,0.211651007,3.940399856,2.035884568,0.394039986,0.203588457,3.117975097,2.116510068,4.435265155,0.826367325,3.940399856,2.035884568,0.394039986,0.203588457,0.215243458,0.399378058,4.068776689,absolute
49.800000000,177,0.003759590,0.214599123,0.214632053,0.006869527,0.172272980,0.172409890,0.013739054,0.344545960,0.344819780,0.543354641,0.204989108,-0.029219546,0.312161923,0.213201744,0.231019395,3.981042732,2.271301860,0.398104273,0.227130186,3.121619227,2.310193953,4.583395398,0.860303060,3.981042732,2.271301860,0.398104273,0.227130186,0.215253881,0.399375513,4.205386299,absolute
50.000000000,178,-0.000366942,0.047240941,0.047242366,0.006912548,0.173228170,0.173366035,0.013825095,0.346456340,0.346732071,0.593410689,0.206561665,-0.062213794,0.310595849,0.205881189,0.243802099,4.001970569,2.428858840,0.400197057,0.242885884,3.105958487,2.438020989,4.681359172,0.896058925,4.001970569,2.428858840,0.400197057,0.242885884,0.215377636,0.399344824,4.296185887,absolute
50.204000000,179,-0.004269173,0.089022964,0.089125272,0.006872540,0.174929692,0.175064642,0.013745079,0.349859384,0.350129284,0.678702645,0.209241191,-0.114534972,0.305822057,0.182114673,0.255764641,3.987256209,2.585960373,0.398725621,0.258596037,3.058220565,2.557646413,4.752410244,0.929467002,3.987256209,2.585960373,0.398725621,0.258596037,0.215376179,0.399352862,4.359854512,absolute
50.405000000,180,0.003563050,-0.059647298,0.059753624,0.006899833,0.176704473,0.176839132,0.013799667,0.353408946,0.353678263,0.767571258,0.212033081,-0.160281539,0.298145869,0.143495467,0.266106023,3.909969844,2.758839517,0.390996984,0.275883952,2.981458689,2.661060226,4.785296194,0.933645412,3.909969844,2.758839517,0.390996984,0.275883952,0.215500968,0.399336570,4.383646249,absolute
50.700000000,181,0.004160464,0.036365003,0.036602225,0.006976905,0.179335603,0.179471267,0.013953810,0.358671206,0.358942535,0.895621209,0.216055888,-0.203776838,0.282351215,0.069324396,0.277111215,3.773918565,2.969264683,0.377391857,0.296926468,2.823512147,2.771112149,4.801978144,0.970843338,3.773918565,2.969264683,0.377391857,0.296926468,0.215473461,0.399349413,4.389418646,absolute
51.000000000,182,-0.004600906,0.055115949,0.055307650,0.006976375,0.181285025,0.181419211,0.013952751,0.362570050,0.362838422,0.991673154,0.219073449,-0.215173564,0.263601755,0.005630129,0.281661798,3.555799294,3.135590963,0.355579929,0.313559096,2.636017554,2.816617979,4.740847953,0.973520526,3.555799294,3.135590963,0.355579929,0.313559096,0.215482476,0.399357764,4.317949579,absolute
51.200000000,183,-0.001854465,-0.183357004,0.183366382,0.006970428,0.180852603,0.180986880,0.013940857,0.361705205,0.361973760,0.970455501,0.218406877,-0.214319481,0.250820700,0.019949766,0.283512534,3.393559103,3.200597945,0.339355910,0.320059794,2.508206997,2.835125342,4.664769082,0.957819699,3.393559103,3.200597945,0.339355910,0.320059794,0.215629006,0.399344604,4.236302631,absolute
51.501000000,184,0.000355572,-0.181159727,0.181160076,0.007014000,0.181091758,0.181227539,0.014027999,0.362183516,0.362455079,0.980702015,0.218728781,-0.214799037,0.231647389,0.013038472,0.286282559,3.157382083,3.282341886,0.315738208,0.328234189,2.316473886,2.862825586,4.554429698,0.939744924,3.157382083,3.282341886,0.315738208,0.328234189,0.215624886,0.399346974,4.118931302,absolute
51.709000000,185,-0.003311974,0.003985496,0.005182022,0.007031348,0.181201632,0.181338003,0.014062697,0.362403263,0.362676005,0.981191746,0.218744166,-0.214771647,0.218864728,0.012705189,0.288120879,3.000988601,3.334927551,0.300098860,0.333492755,2.188647284,2.881208793,4.486387673,0.930461781,3.000988601,3.334927551,0.300098860,0.333492755,0.215499217,0.399353984,4.046794197,absolute
52.000000000,186,-0.001179396,-0.077752065,0.077761010,0.007039721,0.181464051,0.181600549,0.014079442,0.362928102,0.363201098,0.991781848,0.219076864,-0.215172162,0.199689957,0.005556568,0.290880648,2.787140508,3.399803802,0.278714051,0.339980380,1.996899567,2.908806479,4.396227712,0.930354295,2.787140508,3.399803802,0.278714051,0.339980380,0.215550237,0.399353694,3.951680322,absolute
52.200000000,187,-0.003761910,0.021565146,0.021890809,0.007047380,0.181808542,0.181945078,0.014094760,0.363617084,0.363890157,-0.989363725,0.219669193,-0.215167152,0.188186095,-0.007192454,0.292542796,2.621953588,3.452009899,0.262195359,0.345200990,1.881860945,2.925427956,4.334860201,0.908309233,2.621953588,3.452009899,0.262195359,0.345200990,0.214978469,0.399590082,3.887260728,absolute
52.409000000,188,-0.007388902,-0.047300045,0.047873690,0.007038525,0.181185128,0.181321790,0.014077050,0.362370256,0.362643580,0.977535762,0.218629310,-0.214414049,0.174127086,0.015157119,0.294577048,2.473369825,3.496950117,0.247336982,0.349695012,1.741270857,2.945770475,4.283248582,0.916388507,2.473369825,3.496950117,0.247336982,0.349695012,0.215517329,0.399358184,3.833141489,absolute
52.700000000,189,-0.002403572,-0.170784175,0.170801087,0.007085584,0.181835775,0.181973774,0.014171168,0.363671550,0.363947549,-0.990925141,0.219620140,-0.215026109,0.154954327,-0.006131950,0.297349547,2.247417370,3.570039375,0.224741737,0.357003938,1.549543268,2.973495468,4.218538369,0.918091987,2.247417370,3.570039375,0.224741737,0.357003938,0.215093929,0.399586232,3.765914457,absolute
53.002000000,190,0.004180628,-0.315328388,0.315356100,0.007078790,0.181231002,0.181369196,0.014157579,0.362462004,0.362738393,0.983203098,0.218807355,-0.214726006,0.135782431,0.011341410,0.300127327,2.009113537,3.645296525,0.200911354,0.364529653,1.357824312,3.001273268,4.162297918,0.915938650,2.009113537,3.645296525,0.200911354,0.364529653,0.215684365,0.399355650,3.708439073,absolute
53.301000000,191,0.004291727,-0.123469339,0.123543905,0.007052394,0.181989164,0.182125759,0.014104787,0.363978329,0.364251519,-0.976769462,0.220064854,-0.214439258,0.116562583,-0.015677811,0.302409964,1.776482680,3.720951008,0.177648268,0.372095101,1.165625829,3.024099641,4.123271410,0.926686527,1.776482680,3.720951008,0.177648268,0.372095101,0.215055767,0.399591555,3.670079376,absolute
53.502000000,192,0.006078320,0.147852927,0.147977816,0.007120457,0.182970079,0.183108577,0.014240915,0.365940159,0.366217153,-0.929034798,0.221564482,-0.209844840,0.103654520,-0.047574433,0.301980975,1.618257836,3.750696789,0.161825784,0.375069679,1.036545196,3.019809745,4.084909403,0.934122833,1.618257836,3.750696789,0.161825784,0.375069679,0.214887715,0.399622470,3.633063005,absolute
53.800000000,193,-0.003169362,-0.033259539,0.033410205,0.007159895,0.182738596,0.182878808,0.014319791,0.365477192,0.365757617,-0.941236311,0.221181161,-0.211658886,0.085585359,-0.039524724,0.301348677,1.379479926,3.782817268,0.137947993,0.378281727,0.855853589,3.013486770,4.026496163,0.930620200,1.379479926,3.782817268,0.137947993,0.378281727,0.214996194,0.399598022,3.578015487,absolute
54.001000000,194,0.005787592,-0.108050976,0.108205867,0.007188936,0.181878277,0.182020297,0.014377871,0.363756555,0.364040594,-0.984848239,0.219811051,-0.215057035,0.071388035,-0.010244595,0.300859305,1.219812179,3.804634308,0.121981218,0.380463431,0.713880352,3.008593048,3.995395345,0.943211906,1.219812179,3.804634308,0.121981218,0.380463431,0.215030534,0.399596889,3.550192386,absolute
54.206000000,195,-0.007554345,0.394764493,0.394836768,0.007212474,0.183094638,0.183236640,0.014424949,0.366189276,0.366473280,-0.924737586,0.221699483,-0.209222263,0.058481012,-0.050412281,0.300417293,1.063858844,3.828546348,0.106385884,0.382854635,0.584810124,3.004172928,3.973608282,0.953456455,1.063858844,3.828546348,0.106385884,0.382854635,0.214712806,0.399673766,3.532451865,absolute
54.501000000,196,-0.002481514,-0.100800077,0.100830617,0.007265298,0.184911733,0.185054407,0.014530597,0.369823466,0.370108814,-0.834377392,0.224538233,-0.186902887,0.038380354,-0.107092584,0.296267717,0.824263262,3.848740869,0.082426326,0.384874087,0.383803537,2.962677173,3.936015269,0.989501714,0.824263262,3.848740869,0.082426326,0.384874087,0.215053882,0.399599494,3.502529413,absolute
54.701000000,197,0.000556081,0.097222880,0.097224471,0.007324047,0.186256105,0.186400050,0.014648095,0.372512211,0.372800099,-0.765665168,0.226696891,-0.159376048,0.028343755,-0.144413401,0.290460246,0.664153468,3.816354480,0.066415347,0.381635448,0.283437553,2.904602465,3.873714154,0.988046732,0.664153468,3.816354480,0.066415347,0.381635448,0.214937770,0.399616506,3.446141774,absolute
54.911000000,198,-0.003052032,-0.456969025,0.456979217,0.007291569,0.187084875,0.187226914,0.014583138,0.374169750,0.374453828,-0.723483625,0.228022063,-0.138992398,0.019090555,-0.164317858,0.281500295,0.527560467,3.751579263,0.052756047,0.375157926,0.190905552,2.815002946,3.788491391,0.995244558,0.527560467,3.751579263,0.052756047,0.375157926,0.215307358,0.399586138,3.366505595,absolute
55.200000000,199,0.007472922,-0.470713891,0.470773207,0.007315753,0.189001110,0.189142644,0.014631506,0.378002220,0.378285288,-0.625997624,0.231084676,-0.083006588,0.010205903,-0.198632528,0.264421198,0.344813272,3.582319600,0.034481327,0.358231960,0.102059027,2.644211984,3.598876201,0.969007494,0.344813272,3.582319600,0.034481327,0.358231960,0.215335757,0.399574772,3.185377382,absolute
55.500000000,200,0.000718100,0.224080156,0.224081306,0.007363012,0.192269180,0.192410113,0.014726024,0.384538361,0.384820226,-0.464124290,0.236170077,0.024206697,0.007485719,-0.213865515,0.245279417,0.241491712,3.363365834,0.024149171,0.336336583,0.074857188,2.452794174,3.372024315,0.925693153,0.241491712,3.363365834,0.024149171,0.336336583,0.214908357,0.399600890,2.963884161,absolute
55.700000000,201,-0.001863071,0.293622036,0.293627947,0.007387032,0.191451044,0.191593503,0.014774065,0.382902087,0.383187006,-0.505610192,0.234866759,-0.003794207,0.006279649,-0.215252654,0.232420594,0.192763259,3.206709888,0.019276326,0.320670989,0.062796490,2.324205943,3.212498402,0.892022744,0.192763259,3.206709888,0.019276326,0.320670989,0.214857120,0.399620399,2.807176435,absolute
56.000000000,202,0.000276653,0.329490110,0.329490227,0.007479866,0.192123477,0.192269027,0.014959732,0.384246955,0.384538055,-0.472426193,0.235909265,0.018616061,0.004472107,-0.214364546,0.213133121,0.118861163,2.972488743,0.011886116,0.297248874,0.044721068,2.131331210,2.974864249,0.844418586,0.118861163,2.972488743,0.011886116,0.297248874,0.214840900,0.399619499,2.574658861,absolute
56.204000000,203,-0.000786660,-0.262521383,0.262522562,0.007475303,0.191784374,0.191930004,0.014950607,0.383568748,0.383860007,-0.487258476,0.235443295,0.008612956,0.003387896,-0.215054705,0.201560327,0.077294972,2.829226160,0.007729497,0.282922616,0.033878959,2.015603271,2.830281820,0.814780434,0.077294972,2.829226160,0.007729497,0.282922616,0.215226462,0.399555679,2.433582491,absolute
56.500000000,204,0.002906275,1.000000000,1.000000000,0.007435054,0.191512746,0.191657017,0.014870108,0.383025493,0.383314034,-0.499324410,0.235064232,0.000456938,0.001457140,-0.215289780,0.180987266,0.005538747,2.594682332,0.000553875,0.259468233,0.014571395,1.809872661,2.594688244,0.784861649,0.005538747,2.594682332,0.000553875,0.259468233,0.214402998,0.399743271,2.204854135,absolute
56.700000000,205,-0.004824864,-0.038270306,0.038573250,0.007361662,0.191369225,0.191510768,0.014723323,0.382738449,0.383021535,-0.506463959,0.234839937,-0.004370270,0.000243959,-0.215179110,0.168130208,-0.047111814,2.447467691,-0.004711181,0.244746769,0.002439590,1.681302082,2.447921082,0.767766294,-0.047111814,2.447467691,-0.004711181,0.244746769,0.215078620,0.399562528,2.064620881,absolute
57.000000000,206,-0.003466213,0.568030637,0.568041213,0.007376402,0.191868398,0.192010139,0.014752805,0.383736796,0.384020278,-0.481338063,0.235629290,0.012619563,-0.001577920,-0.215000636,0.148844079,-0.133662080,2.189673974,-0.013366208,0.218967397,-0.015779197,1.488440795,2.193749681,0.711072673,-0.133662080,2.189673974,-0.013366208,0.218967397,0.214688815,0.399660611,1.823594305,absolute
57.200000000,207,-0.001104893,-0.096890939,0.096897239,0.007359097,0.191636669,0.191777917,0.014718195,0.383273338,0.383555833,-0.491724837,0.235302980,0.005594602,-0.002788211,-0.215151746,0.135986448,-0.179771481,2.052169788,-0.017977148,0.205216979,-0.027882107,1.359864477,2.060028792,0.708771491,-0.179771481,2.052169788,-0.017977148,0.205216979,0.215122622,0.399556089,1.699139014,absolute
57.401000000,208,0.005068043,-0.191310613,0.191377730,0.007329387,0.191275318,0.191415692,0.014658774,0.382550636,0.382831385,-0.508481876,0.234776542,-0.005728965,-0.003994089,-0.214947089,0.123128697,-0.229780499,1.896681406,-0.022978050,0.189668141,-0.039940894,1.231286973,1.910549511,0.691945682,-0.229780499,1.896681406,-0.022978050,0.189668141,0.215183769,0.399555273,1.561851420,absolute
57.702000000,209,-0.001599726,-0.069302365,0.069320826,0.007311093,0.191436742,0.191576299,0.014622185,0.382873484,0.383152598,-0.500379586,0.235031083,-0.000256949,-0.005794199,-0.215469881,0.103838834,-0.303624398,1.665133953,-0.030362440,0.166513395,-0.057941989,1.038388337,1.692589394,0.673178961,-0.303624398,1.665133953,-0.030362440,0.166513395,0.215105795,0.399556253,1.367760186,absolute
57.916000000,210,0.006265332,-1.000000000,1.000000000,0.007300542,0.191883721,0.192022551,0.014601083,0.383767442,0.384045103,-0.477793117,0.235740658,0.015005126,-0.005378847,-0.214732008,0.088380136,-0.348311464,1.455686087,-0.034831146,0.145568609,-0.053788468,0.883801361,1.496777492,0.643269721,-0.348311464,1.455686087,-0.034831146,0.145568609,0.215722194,0.399528456,1.197331578,absolute
58.200000000,211,0.002569322,0.760425738,0.760430078,0.007346931,0.192530309,0.192670437,0.014693862,0.385060618,0.385340874,-0.444716882,0.236779779,0.037194378,-0.003908908,-0.212000678,0.071655154,-0.377940302,1.264044986,-0.037794030,0.126404499,-0.039089079,0.716551538,1.319336424,0.643870505,-0.377940302,1.264044986,-0.037794030,0.126404499,0.214577972,0.399682294,1.047950747,absolute
58.500000000,212,0.010224019,0.018023492,0.020721409,0.007351075,0.192055094,0.192195727,0.014702150,0.384110188,0.384391454,-0.470471584,0.235970671,0.019952862,-0.003221107,-0.214470162,0.053597664,-0.426946678,1.021243971,-0.042694668,0.102124397,-0.032211066,0.535976639,1.106897788,0.625540236,-0.426946678,1.021243971,-0.042694668,0.102124397,0.215061411,0.399550581,0.893687337,absolute
58.702000000,213,-0.004639747,0.080725186,0.080858412,0.007357970,0.192223207,0.192363980,0.014715940,0.384446414,0.384727961,-0.462670641,0.236215745,0.025168041,-0.003083057,-0.213624776,0.039392953,-0.465047572,0.854004938,-0.046504757,0.085400494,-0.030830574,0.393929527,0.972416412,0.632624522,-0.465047572,0.854004938,-0.046504757,0.085400494,0.215021231,0.399560745,0.817932211,absolute
58.902000000,214,-0.011558724,0.075356795,0.076238118,0.007219380,0.192227664,0.192363183,0.014438759,0.384455328,0.384726367,-0.460151672,0.236294880,0.026874453,-0.002958174,-0.213551486,0.026478881,-0.502829350,0.700861189,-0.050282935,0.070086119,-0.029581739,0.264788815,0.862579713,0.643523439,-0.502829350,0.700861189,-0.050282935,0.070086119,0.215025645,0.399559121,0.778523429,absolute
59.204000000,215,-0.001856366,-0.000766459,0.002008371,0.000775849,0.192467754,0.192469318,0.001551699,0.384935509,0.384938636,-0.453340492,0.236508860,0.000018841,-0.002817712,-0.000127613,0.010981566,-0.559564881,0.463557183,-0.055956488,0.046355718,-0.028177116,0.109815664,0.726634790,0.638361981,-0.559564881,0.463557183,-0.055956488,0.046355718,0.215075564,0.399504008,0.777284136,absolute
59.501000000,216,0.007592828,0.001430558,0.007726418,0.000798253,0.192465231,0.192466887,0.001596507,0.384930463,0.384933773,-0.484277219,0.235536954,-0.000004668,-0.002817716,0.000094420,0.010982025,-0.614866009,0.318409321,-0.061486601,0.031840932,-0.028177160,0.109820254,0.692419457,0.622666206,-0.614866009,0.318409321,-0.061486601,0.031840932,0.215068436,0.399507240,0.833887316,absolute
59.800000000,217,0.001093094,-0.001035266,0.001505533,0.000823335,0.192431117,0.192432878,0.001646669,0.384862233,0.384865756,-0.528975653,0.234132711,0.000015343,-0.002817716,0.000168082,0.010982066,-0.667933920,0.183481499,-0.066793392,0.018348150,-0.028177161,0.109820657,0.692676824,0.643983409,-0.667933920,0.183481499,-0.066793392,0.018348150,0.215058926,0.399512389,0.909035594,absolute
60.008000000,218,-0.003010662,0.006648269,0.007298189,0.000789832,0.192415710,0.192417331,0.001579663,0.384831419,0.384834661,-0.493066138,0.235260842,-0.000001321,-0.002817701,0.000060653,0.010981842,-0.704980691,0.090249955,-0.070498069,0.009024996,-0.028177014,0.109818424,0.710734007,0.677086510,-0.704980691,0.090249955,-0.070498069,0.009024996,0.215061478,0.399509912,0.970628309,absolute
60.211000000,219,0.002600328,-0.004548696,0.005239498,0.000758418,0.192421035,0.192422529,0.001516836,0.384842069,0.384845058,-0.609242295,0.231611060,0.000028406,-0.002817433,0.000079494,0.010982465,-0.745178255,0.000660196,-0.074517825,0.000066020,-0.028174325,0.109824654,0.745178547,0.725266513,-0.745178255,0.000660196,-0.074517825,0.000066020,0.215043255,0.399521526,1.039767142,absolute
60.514000000,220,0.000704448,-0.003142685,0.003220670,0.000712974,0.192432372,0.192433693,0.001425949,0.384864744,0.384867385,-0.769598913,0.226573308,-0.000139827,-0.002818008,-0.000123588,0.010981581,-0.878314590,-0.111141289,-0.087831459,-0.011114129,-0.028180082,0.109815811,0.885318534,0.878379600,-0.878314590,-0.111141289,-0.087831459,-0.011114129,0.215005762,0.399540431,1.206708420,absolute
60.816000000,221,0.004626233,0.004679598,0.006580324,0.000745449,0.192420585,0.192422028,0.001490899,0.384841169,0.384844057,-0.895848888,0.222607049,0.000035479,-0.002817760,0.000012041,0.010981908,-1.032368669,-0.128866063,-0.103236867,-0.012886606,-0.028177596,0.109819083,1.040380474,1.032167772,-1.032368669,-0.128866063,-0.103236867,-0.012886606,0.214972534,0.399555727,1.354654814,absolute
61.103000000,222,-0.001862548,0.001435157,0.002351332,0.000787627,0.192386252,0.192387865,0.001575254,0.384772505,0.384775729,0.921488630,0.216868537,-0.000046024,-0.002817524,0.000011588,0.010981987,-1.134046860,-0.093529296,-0.113404686,-0.009352930,-0.028175238,0.109819869,1.137897188,1.124412259,-1.134046860,-0.093529296,-0.113404686,-0.009352930,0.215440337,0.399348192,1.436678083,absolute
61.329000000,223,0.002518505,0.005385449,0.005945244,0.000816099,0.192428631,0.192430361,0.001632198,0.384857261,0.384860722,0.796620551,0.212945691,0.000035834,-0.002817656,-0.000026621,0.010982015,-1.208883785,-0.027810445,-0.120888378,-0.002781045,-0.028176565,0.109820147,1.209203633,1.188701695,-1.208883785,-0.027810445,-0.120888378,-0.002781045,0.215410053,0.399362913,1.486973441,absolute
61.607000000,224,0.000430854,-0.002690184,0.002724468,0.000849761,0.192406556,0.192408433,0.001699523,0.384813112,0.384816865,0.666412128,0.208855073,-0.000079144,-0.002818099,0.000137334,0.010983038,-1.271308120,0.098967010,-0.127130812,0.009896701,-0.028180992,0.109830384,1.275154424,1.243174593,-1.271308120,0.098967010,-0.127130812,0.009896701,0.215385439,0.399377177,1.516741246,absolute
61.816000000,225,-0.000433090,1.000000000,1.000000000,0.009395128,0.191165926,0.191396655,0.018790256,0.382331851,0.382793310,0.648900879,0.208304941,-0.127808600,-0.008247080,0.252994342,0.025302325,-1.296752592,0.229871267,-0.129675259,0.022987127,-0.082470800,0.253023254,1.316969280,1.214502484,-1.296752592,0.229871267,-0.129675259,0.022987127,0.214722818,0.399525831,1.520966991,absolute
62.104000000,226,0.007025565,0.443112031,0.443167722,0.009436943,0.188993127,0.189228587,0.018873886,0.377986254,0.378457173,0.566500449,0.205716255,-0.058830925,-0.014176806,0.277490172,0.050003279,-1.308082177,0.513323662,-0.130808218,0.051332366,-0.141768058,0.500032794,1.405197553,1.166389845,-1.308082177,0.513323662,-0.130808218,0.051332366,0.215051523,0.399426412,1.527386281,absolute
62.321000000,227,0.004957280,-0.021846948,0.022402316,0.009462179,0.189026265,0.189262943,0.018924358,0.378052530,0.378525886,0.566949261,0.205730355,-0.059233417,-0.016702681,0.277459848,0.070267434,-1.277875417,0.773355485,-0.127787542,0.077335548,-0.167026807,0.702674336,1.493668065,1.113094991,-1.277875417,0.773355485,-0.127787542,0.077335548,0.215351992,0.399347544,1.539353772,absolute
62.602000000,228,-0.001984447,-0.237587710,0.237595997,0.009467434,0.186381948,0.186622246,0.018934869,0.372763895,0.373244492,0.471849311,0.202742702,0.025054393,-0.016817197,0.282559993,0.092261845,-1.262872242,0.997726496,-0.126287224,0.099772650,-0.168171974,0.922618447,1.609442283,1.097273847,-1.262872242,0.997726496,-0.126287224,0.099772650,0.215454512,0.399348584,1.594837332,absolute
62.802000000,229,0.002222810,-0.166759319,0.166774132,0.009506825,0.187342186,0.187583247,0.019013650,0.374684372,0.375166493,0.507282320,0.203855862,-0.006487045,-0.014287376,0.283498966,0.109070285,-1.193941852,1.181063208,-0.119394185,0.118106321,-0.142873762,1.090702848,1.679406873,1.054945080,-1.193941852,1.181063208,-0.119394185,0.118106321,0.215420577,0.399348883,1.611638837,absolute
63.101000000,230,0.004596748,0.451538471,0.451561868,0.009529227,0.186360785,0.186604256,0.019058453,0.372721570,0.373208512,0.467029388,0.202591279,0.029319981,-0.011000619,0.282052361,0.134286310,-1.093439089,1.459479531,-0.109343909,0.145947953,-0.110006192,1.342863100,1.823647319,0.990323005,-1.093439089,1.459479531,-0.109343909,0.145947953,0.215000203,0.399438189,1.683953986,absolute
63.400000000,231,0.001396403,0.157131950,0.157138155,0.009523168,0.187057319,0.187299577,0.019046337,0.374114639,0.374599153,0.493091702,0.203410051,0.006154773,-0.006694500,0.283545631,0.157695259,-0.975913960,1.714758839,-0.097591396,0.171475884,-0.066945001,1.576952590,1.973019497,0.919355824,-0.975913960,1.714758839,-0.097591396,0.171475884,0.215200157,0.399384832,1.774531380,absolute
63.603000000,232,-0.002215208,-0.706701526,0.706704998,0.009495757,0.186260324,0.186502219,0.018991515,0.372520647,0.373004437,0.463100786,0.202467859,0.032799346,-0.004508336,0.281673977,0.176285678,-0.912832772,1.889062642,-0.091283277,0.188906264,-0.045083355,1.762856778,2.098051796,0.876879108,-0.912832772,1.889062642,-0.091283277,0.188906264,0.215753193,0.399343267,1.868948929,absolute
63.905000000,233,-0.015545243,-0.390830670,0.391139703,0.009473135,0.187376144,0.187615457,0.018946271,0.374752288,0.375230914,0.505953553,0.203814118,-0.005307645,-0.001533762,0.283742982,0.201639094,-0.822147456,2.148025059,-0.082214746,0.214802506,-0.015337615,2.016390941,2.299986542,0.817477620,-0.822147456,2.148025059,-0.082214746,0.214802506,0.215557977,0.399351192,2.033394418,absolute
64.201000000,234,0.008338265,0.342644445,0.342745886,0.009542660,0.186966819,0.187210186,0.019085319,0.373933638,0.374420372,0.492734891,0.203398841,0.006471034,0.001458972,0.283469431,0.226988000,-0.729429525,2.407601605,-0.072942952,0.240760161,0.014589715,2.269879998,2.515673453,0.756658358,-0.729429525,2.407601605,-0.072942952,0.240760161,0.215074459,0.399422144,2.219205381,absolute
64.510000000,235,0.000790260,-0.401343665,0.401344443,0.009607767,0.184319792,0.184570027,0.019215533,0.368639585,0.369140055,0.396019146,0.200360427,0.090989638,0.006028281,0.268561783,0.252014388,-0.605921637,2.696689954,-0.060592164,0.269668995,0.060282812,2.520143879,2.763924337,0.689200177,-0.605921637,2.696689954,-0.060592164,0.269668995,0.215523907,0.399360391,2.439773740,absolute
64.804000000,236,-0.001286928,-0.335251699,0.335254169,0.009556186,0.180118023,0.180371347,0.019112372,0.360236045,0.360742694,0.240491414,0.195474379,0.206398016,0.019553136,0.194421142,0.271355497,-0.451933524,2.874898783,-0.045193352,0.287489878,0.195531359,2.713554967,2.910203931,0.667265017,-0.451933524,2.874898783,-0.045193352,0.287489878,0.215431256,0.399385309,2.563892102,absolute
65.014000000,237,-0.002241670,-0.426302329,0.426308223,0.009573203,0.177779920,0.178037485,0.019146407,0.355559839,0.356074970,0.151239264,0.192670440,0.252052137,0.035565172,0.129665509,0.280842501,-0.296027567,2.950709878,-0.029602757,0.295070988,0.355651719,2.808425014,2.965522063,0.667031389,-0.296027567,2.950709878,-0.029602757,0.295070988,0.215469120,0.399401345,2.602076880,absolute
65.307000000,238,0.000557014,0.146520460,0.146521519,0.009510736,0.177312837,0.177567723,0.019021473,0.354625675,0.355135447,0.132725295,0.192088806,0.259434412,0.059427585,0.114914335,0.289906388,0.020929077,3.005178216,0.002092908,0.300517822,0.594275851,2.899063884,3.005251094,0.583083849,0.020929077,3.005178216,0.002092908,0.300517822,0.215095481,0.399439860,2.612962490,absolute
65.517000000,239,-0.004600170,-0.696328587,0.696343782,0.009479964,0.174276087,0.174533734,0.018959929,0.348552174,0.349067468,0.019910600,0.188544628,0.283154304,0.076189993,0.017734719,0.292376036,0.214494274,3.013050726,0.021449427,0.301305073,0.761899933,2.923760363,3.020675831,0.554640176,0.214494274,3.013050726,0.021449427,0.301305073,0.215624569,0.399425743,2.613625228,absolute
65.800000000,240,0.002476130,-0.019202826,0.019361812,0.009442165,0.174589884,0.174845023,0.018884330,0.349179768,0.349690046,0.030684333,0.188883095,0.282084255,0.100007508,0.027276809,0.292942420,0.529201816,2.960980030,0.052920182,0.296098003,1.000075076,2.929424199,3.007899151,0.471929441,0.529201816,2.960980030,0.052920182,0.296098003,0.215191126,0.399435022,2.580719966,absolute
66.000000000,241,0.001964263,-0.326643384,0.326649290,0.009487728,0.174182215,0.174440423,0.018975457,0.348364430,0.348880845,0.015309057,0.188400067,0.283252505,0.117019486,0.013633492,0.293357482,0.717990909,2.922852180,0.071799091,0.292285218,1.170194863,2.933574824,3.009746802,0.452331064,0.717990909,2.922852180,0.071799091,0.292285218,0.215394175,0.399430290,2.572986885,absolute
66.200000000,242,0.000487409,0.489998315,0.489998557,0.009473655,0.174868363,0.175124797,0.018947311,0.349736726,0.350249594,0.041477310,0.189222166,0.281099550,0.135737067,0.036837352,0.293287547,0.905898808,2.879238217,0.090589881,0.287923822,1.357370671,2.932875469,3.018387875,0.454646894,0.905898808,2.879238217,0.090589881,0.287923822,0.214871242,0.399517485,2.574205509,absolute
66.400000000,243,0.000852071,0.210029108,0.210030836,0.009516957,0.174678456,0.174937519,0.019033914,0.349356912,0.349875038,0.034938092,0.189016731,0.282021276,0.152754440,0.031079921,0.293115907,1.088878761,2.834615910,0.108887876,0.283461591,1.527544397,2.931159065,3.036561265,0.449163802,1.088878761,2.834615910,0.108887876,0.283461591,0.215057540,0.399466431,2.587183123,absolute
66.601000000,244,-0.001431818,-0.018061007,0.018117673,0.009522484,0.174633822,0.174893252,0.019044968,0.349267644,0.349786503,0.034335599,0.188997803,0.282016494,0.169771624,0.030539226,0.292959427,1.271001828,2.790501382,0.127100183,0.279050138,1.697716244,2.929594271,3.066324120,0.448811792,1.271001828,2.790501382,0.127100183,0.279050138,0.215211056,0.399426299,2.613796894,absolute
66.801000000,245,0.007139428,-0.244630654,0.244734813,0.009520633,0.174229363,0.174489293,0.019041266,0.348458726,0.348978586,0.017669030,0.188474207,0.283110306,0.186787600,0.015731301,0.292813587,1.450022169,2.744103017,0.145002217,0.274410302,1.867876002,2.928135870,3.103653599,0.456585060,1.450022169,2.744103017,0.145002217,0.274410302,0.215362228,0.399422822,2.649888750,absolute
67.010000000,246,-0.000053225,0.105544864,0.105544877,0.009517894,0.174020579,0.174280671,0.019035788,0.348041158,0.348561342,0.011380412,0.188276645,0.283396057,0.205506585,0.010136470,0.292645989,1.631668771,2.698262213,0.163166877,0.269826221,2.055065847,2.926459893,3.153246256,0.480977406,1.631668771,2.698262213,0.163166877,0.269826221,0.215136056,0.399448036,2.700205836,absolute
67.300000000,247,-0.010600819,-0.721735719,0.721813567,0.009434876,0.174139753,0.174395156,0.018869753,0.348279506,0.348790312,0.016799472,0.188446889,0.283132455,0.229330263,0.014956798,0.292439012,1.870648113,2.644616456,0.187064811,0.264461646,2.293302625,2.924390116,3.239339526,0.506863036,1.870648113,2.644616456,0.187064811,0.264461646,0.215684649,0.399408884,2.789240239,absolute
67.500000000,248,0.006706058,0.125024404,0.125204125,0.009428138,0.174031971,0.174287167,0.018856275,0.348063941,0.348574334,0.013839879,0.188353911,0.283501244,0.244646087,0.012334199,0.292294994,2.072460293,2.580462345,0.207246029,0.258046234,2.446460872,2.922949945,3.309664269,0.507123446,2.072460293,2.580462345,0.207246029,0.258046234,0.215136340,0.399445563,2.864696574,absolute
67.700000000,249,-0.000722837,-0.144797433,0.144799238,0.009459559,0.171478018,0.171738737,0.018919119,0.342956035,0.343477474,-0.081081877,0.185371856,0.274439238,0.261440520,-0.071459152,0.290054468,2.245954865,2.517180696,0.224595486,0.251718070,2.614405196,2.900544681,3.373501432,0.531717586,2.245954865,2.517180696,0.224595486,0.251718070,0.215298180,0.399446045,2.934001811,absolute
67.900000000,250,-0.004105833,-0.094267396,0.094356769,0.009464953,0.169183865,0.169448415,0.018929905,0.338367729,0.338896830,-0.166973769,0.182673483,0.245539716,0.277886224,-0.142078456,0.281342217,2.396859123,2.409869855,0.239685912,0.240986985,2.778862240,2.813422167,3.398883107,0.555680529,2.396859123,2.409869855,0.239685912,0.240986985,0.215255781,0.399470950,2.966664271,absolute
68.201000000,251,0.000802715,0.050817214,0.050823554,0.009548599,0.164896246,0.165172478,0.019097198,0.329792491,0.330344956,-0.325052530,0.177707292,0.148168868,0.292975216,-0.241879208,0.261094857,2.536990767,2.169349880,0.253699077,0.216934988,2.929752162,2.610948573,3.338023525,0.590991471,2.536990767,2.169349880,0.253699077,0.216934988,0.215145436,0.399524190,2.919460347,absolute
68.501000000,252,0.000485050,0.023367122,0.023372156,0.009594972,0.160957483,0.161243216,0.019189945,0.321914965,0.322486432,-0.471989954,0.173091117,0.024947848,0.296824614,-0.282778519,0.236043151,2.537622615,1.892097591,0.253762262,0.189209759,2.968246141,2.360431510,3.165369146,0.636217950,2.537622615,1.892097591,0.253762262,0.189209759,0.215147762,0.399552173,2.760721151,absolute
68.800000000,253,-0.002699001,-0.561819881,0.561826364,0.009576407,0.160617797,0.160903028,0.019152814,0.321235595,0.321806056,-0.485699786,0.172660410,0.012748493,0.297479640,-0.283579044,0.212227183,2.472304139,1.608027991,0.247230414,0.160802799,2.974796400,2.122271834,2.949244272,0.718989014,2.472304139,1.608027991,0.247230414,0.160802799,0.215531668,0.399536075,2.559975527,absolute
69.000000000,254,-0.000148417,-0.294633776,0.294633813,0.009580432,0.160862549,0.161147586,0.019160864,0.321725099,0.322295172,-0.477953368,0.172903770,0.019622958,0.297949264,-0.282863627,0.195217467,2.426140558,1.432524164,0.242614056,0.143252416,2.979492635,1.952174669,2.817495961,0.759101553,2.426140558,1.432524164,0.242614056,0.143252416,0.215360145,0.399539052,2.440206606,absolute
69.201000000,255,0.004654009,0.308523274,0.308558375,0.009589546,0.161057680,0.161342913,0.019179092,0.322115359,0.322685826,-0.469061579,0.173183114,0.027511129,0.298463416,-0.282156317,0.176505695,2.381497835,1.249410661,0.238149784,0.124941066,2.984634164,1.765056953,2.689341730,0.793514038,2.381497835,1.249410661,0.238149784,0.124941066,0.214969805,0.399598081,2.327235512,absolute
69.500000000,256,-0.002051595,0.376754600,0.376760186,0.009581955,0.161178104,0.161462674,0.019163911,0.322356208,0.322925348,-0.466526002,0.173262772,0.029754376,0.299159288,-0.281895597,0.150988670,2.312659387,0.981037619,0.231265939,0.098103762,2.991592879,1.509886702,2.512136193,0.860599813,2.312659387,0.981037619,0.231265939,0.098103762,0.214927802,0.399608609,2.176818205,absolute
69.716000000,257,0.003030662,0.018298865,0.018548137,0.009581084,0.161360163,0.161644361,0.019162168,0.322720327,0.323288722,-0.459148489,0.173494543,0.036267844,0.299617727,-0.281041294,0.133977990,2.244844851,0.752545015,0.224484485,0.075254501,2.996177268,1.339779903,2.367625900,0.953595939,2.244844851,0.752545015,0.224484485,0.075254501,0.215165465,0.399540123,2.060148262,absolute
70.002000000,258,0.001001632,0.017011947,0.017041408,0.009570009,0.160688534,0.160973259,0.019140018,0.321377068,0.321946517,-0.485178179,0.172676796,0.013196249,0.300317829,-0.283194643,0.108460279,2.200501670,0.528693480,0.220050167,0.052869348,3.003178295,1.084602794,2.263122709,0.976383597,2.200501670,0.528693480,0.220050167,0.052869348,0.215165568,0.399543455,1.989532399,absolute
70.300000000,259,0.003648111,0.453189980,0.453204664,0.009602374,0.161765004,0.162049752,0.019204747,0.323530008,0.324099503,-0.447629107,0.173856435,0.046464439,0.300994541,-0.279857655,0.084645038,2.128194814,0.260253989,0.212819481,0.026025399,3.009945414,0.846450383,2.144048812,1.058824978,2.128194814,0.260253989,0.212819481,0.026025399,0.214889346,0.399612593,1.918373957,absolute
70.502000000,260,0.001006189,-0.574157481,0.574158363,0.009590268,0.160463555,0.160749885,0.019180536,0.320927110,0.321499771,-0.497053215,0.172303731,0.002625848,0.301543780,-0.283634347,0.065933970,2.081520764,0.081671682,0.208152076,0.008167168,3.015437796,0.659339699,2.083122405,1.098135401,2.081520764,0.081671682,0.208152076,0.008167168,0.215556381,0.399525966,1.892842948,absolute
70.803000000,261,0.008132749,0.540587007,0.540648180,0.009644687,0.159766133,0.160056982,0.019289373,0.319532267,0.320113963,-0.524059244,0.171455312,-0.021420219,0.300693579,-0.282855027,0.040508283,2.005398438,-0.188294255,0.200539844,-0.018829426,3.006935786,0.405082829,2.014218861,1.164119162,2.005398438,-0.188294255,0.200539844,-0.018829426,0.214827387,0.399639821,1.884624940,absolute
71.100000000,262,0.004458071,0.036031051,0.036305799,0.009666672,0.155109051,0.155409981,0.019333343,0.310218101,0.310819961,-0.699516049,0.165943174,-0.166379713,0.289015694,-0.229735739,0.018121160,1.844215833,-0.410884557,0.184421583,-0.041088456,2.890156940,0.181211602,1.889433290,1.201902933,1.844215833,-0.410884557,0.184421583,-0.041088456,0.215126478,0.399571123,1.819552290,absolute
71.300000000,263,-0.001648560,-0.184265829,0.184273204,0.009676843,0.151906064,0.152213973,0.019353686,0.303812127,0.304427945,-0.818319132,0.162210865,-0.238712518,0.275670044,-0.153265752,0.007695989,1.673093563,-0.512308289,0.167309356,-0.051230829,2.756700439,0.076959891,1.749771943,1.233467004,1.673093563,-0.512308289,0.167309356,-0.051230829,0.215242339,0.399567375,1.719548608,absolute
71.500000000,264,-0.000961366,0.334488306,0.334489687,0.009688523,0.149649147,0.149962445,0.019377046,0.299298295,0.299924889,-0.903994530,0.159519293,-0.270991166,0.259605666,-0.084305697,0.002327717,1.490069747,-0.544740646,0.149006975,-0.054474065,2.596056657,0.023277175,1.586521422,1.243322680,1.490069747,-0.544740646,0.149006975,-0.054474065,0.214878326,0.399633570,1.586806800,absolute
71.700000000,265,-0.004750766,-0.539780167,0.539801073,0.009635243,0.147971133,0.148284504,0.019270487,0.295942265,0.296569007,-0.966931127,0.157542081,-0.282132754,0.242743631,-0.029416376,0.000035829,1.291299628,-0.533285968,0.129129963,-0.053328597,2.427436306,0.000358288,1.397085771,1.255222189,1.291299628,-0.533285968,0.129129963,-0.053328597,0.215427607,0.399560700,1.423974547,absolute
71.900000000,266,0.002357405,-0.084219804,0.084252790,0.009614363,0.148461865,0.148772852,0.019228726,0.296923731,0.297545704,-0.949244742,0.158097715,-0.280017140,0.225771239,-0.045031682,-0.001181431,1.101641252,-0.497854029,0.110164125,-0.049785403,2.257712392,-0.011814313,1.208913596,1.254087352,1.101641252,-0.497854029,0.110164125,-0.049785403,0.215130268,0.399573048,1.261458316,absolute
72.200000000,267,0.007143115,0.085303046,0.085601599,0.009600048,0.148638963,0.148948656,0.019200096,0.297277925,0.297897312,-0.941534673,0.158339934,-0.278920724,0.200303738,-0.051814543,-0.002922412,0.824181608,-0.439539410,0.082418161,-0.043953941,2.003037385,-0.029224117,0.934061142,1.248222569,0.824181608,-0.439539410,0.082418161,-0.043953941,0.215014922,0.399593085,1.036931722,absolute
72.414000000,268,0.004525297,-0.451790795,0.451813458,0.009572767,0.147053284,0.147364535,0.019145533,0.294106567,0.294729070,0.998307324,0.156450015,-0.283706751,0.181617779,0.001508681,-0.002004745,0.647074365,-0.396398276,0.064707437,-0.039639828,1.816177792,-0.020047452,0.758839132,1.228186779,0.647074365,-0.396398276,0.064707437,-0.039639828,0.215851540,0.399338441,0.905069085,absolute
72.700000000,269,-0.001864580,-0.110372846,0.110388594,0.009592414,0.146866144,0.147179070,0.019184829,0.293732288,0.294358140,0.994475710,0.156329641,-0.283524912,0.157847808,0.004921088,-0.000395883,0.377689201,-0.300055901,0.037768920,-0.030005590,1.578478084,-0.003958826,0.482371928,1.236756815,0.377689201,-0.300055901,0.037768920,-0.030005590,0.215618320,0.399349734,0.717938168,absolute
72.900000000,270,0.006222975,0.401435827,0.401484058,0.009649753,0.147448415,0.147763841,0.019299506,0.294896830,0.295527682,-0.986110644,0.156939539,-0.283314951,0.140868925,-0.012370215,0.000760052,0.210109873,-0.240035357,0.021010987,-0.024003536,1.408689249,0.007600519,0.319003341,1.223893806,0.210109873,-0.240035357,0.021010987,-0.024003536,0.214777991,0.399655905,0.639708295,absolute
73.201000000,271,0.006262164,-0.207276716,0.207371290,0.009646058,0.147165462,0.147481252,0.019292115,0.294330924,0.294962504,-0.996052160,0.156627217,-0.283443587,0.115404963,-0.003515591,0.002534754,-0.063511770,-0.138487082,-0.006351177,-0.013848708,1.154049633,0.025347542,0.152356217,1.228534718,-0.063511770,-0.138487082,-0.006351177,-0.013848708,0.215164920,0.399580978,0.605952090,absolute
73.401000000,272,-0.000838328,-0.228145563,0.228147104,0.009633600,0.146589260,0.146905471,0.019267201,0.293178519,0.293810941,0.983185886,0.155974961,-0.283187466,0.098428612,0.014972767,0.003718417,-0.239509027,-0.073506479,-0.023950903,-0.007350648,0.984286116,0.037184169,0.250534980,1.228790857,-0.239509027,-0.073506479,-0.023950903,-0.007350648,0.215674303,0.399353550,0.656344780,absolute
73.602000000,273,-0.009956834,-0.301512489,0.301676846,0.009630530,0.146762226,0.147077864,0.019261061,0.293524452,0.294155728,0.989315346,0.156167523,-0.283552674,0.081450975,0.009521541,0.004891057,-0.406500533,-0.015301038,-0.040650053,-0.001530104,0.814509752,0.048910567,0.406788403,1.222697529,-0.406500533,-0.015301038,-0.040650053,-0.001530104,0.215717878,0.399355220,0.747726931,absolute
73.906000000,274,-0.001166684,0.210840042,0.210843270,0.009664890,0.147178846,0.147495840,0.019329780,0.294357692,0.294991680,-0.993487231,0.156707796,-0.283511485,0.055984985,-0.005801587,0.006640910,-0.681698781,0.084952698,-0.068169878,0.008495270,0.559849846,0.066409101,0.686971752,1.241687102,-0.681698781,0.084952698,-0.068169878,0.008495270,0.214873203,0.399632170,0.950191819,absolute
74.108000000,275,0.002500276,0.307751645,0.307761802,0.009636193,0.147580910,0.147895170,0.019272386,0.295161820,0.295790339,-0.979035003,0.157161827,-0.282995205,0.039007090,-0.018666048,0.007798715,-0.847715789,0.143610501,-0.084771579,0.014361050,0.390070899,0.077987153,0.859794181,1.239525033,-0.847715789,0.143610501,-0.084771579,0.014361050,0.214809694,0.399652042,1.092939921,absolute
74.402000000,276,-0.001026430,-0.678381907,0.678382684,0.009693013,0.145055281,0.145378778,0.019386026,0.290110563,0.290757556,0.924159182,0.154120582,-0.275756042,0.013880026,0.066974054,0.011586578,-1.119146834,0.256989727,-0.111914683,0.025698973,0.138800261,0.115865777,1.148274077,1.265838403,-1.119146834,0.256989727,-0.111914683,0.025698973,0.215925046,0.399350194,1.342640468,absolute
74.701000000,277,0.008651695,-0.251652976,0.251801653,0.009699019,0.140428076,0.140762621,0.019398038,0.280856153,0.281525243,0.750534536,0.148666003,-0.200936989,-0.006763719,0.200263256,0.026126277,-1.330441928,0.449591498,-0.133044193,0.044959150,-0.067637195,0.261262773,1.404353317,1.276770733,-1.330441928,0.449591498,-0.133044193,0.044959150,0.215578324,0.399352295,1.546836319,absolute
74.901000000,278,0.007841756,-0.263033362,0.263150229,0.009721457,0.137258005,0.137601841,0.019442915,0.274516009,0.275203682,0.633450437,0.144987698,-0.115435325,-0.015298951,0.259015493,0.040755039,-1.405162534,0.615754877,-0.140516253,0.061575488,-0.152989511,0.407550386,1.534156385,1.269364561,-1.405162534,0.615754877,-0.140516253,0.061575488,0.215537624,0.399350291,1.635084079,absolute
75.200000000,279,0.003970121,0.204236896,0.204275479,0.009763841,0.134159342,0.134514169,0.019527683,0.268318684,0.269028338,0.518403270,0.141373384,-0.016389972,-0.018547257,0.283171198,0.065890615,-1.396641776,0.926842768,-0.139664178,0.092684277,-0.185472566,0.658906151,1.676199799,1.240451888,-1.396641776,0.926842768,-0.139664178,0.092684277,0.215184095,0.399397394,1.695930795,absolute
75.400000000,280,0.001556959,0.076720924,0.076736721,0.009781966,0.133575439,0.133933136,0.019563932,0.267150879,0.267866272,0.497678134,0.140722285,0.002070186,-0.018200168,0.283801472,0.082897168,-1.341474332,1.120677424,-0.134147433,0.112067742,-0.182001684,0.828971677,1.747990638,1.195604058,-1.341474332,1.120677424,-0.134147433,0.112067742,0.215257464,0.399376630,1.715718135,absolute
75.700000000,281,-0.004849101,-0.186815075,0.186877998,0.009747648,0.133750999,0.134105729,0.019495295,0.267501999,0.268211457,0.503691319,0.140911195,-0.003290222,-0.016559772,0.283709842,0.108370125,-1.243510610,1.388921026,-0.124351061,0.138892103,-0.165597719,1.083701249,1.864247906,1.120292513,-1.243510610,1.388921026,-0.124351061,0.138892103,0.215429050,0.399360543,1.762876877,absolute
75.900000000,282,-0.000249789,-0.271829735,0.271829850,0.009782005,0.133039221,0.133398359,0.019564010,0.266078443,0.266796717,0.476023811,0.140041994,0.021340689,-0.015573700,0.282784758,0.123654729,-1.178152515,1.567373715,-0.117815252,0.156737371,-0.155737002,1.236547287,1.960791603,1.074606722,-1.178152515,1.567373715,-0.117815252,0.156737371,0.215473866,0.399360623,1.818364395,absolute
76.206000000,283,0.000205129,0.142089430,0.142089578,0.009856656,0.134212139,0.134573593,0.019713313,0.268424278,0.269147186,0.520570655,0.141441475,-0.018324347,-0.013836107,0.283155719,0.150827402,-1.075364023,1.830257319,-0.107536402,0.183025732,-0.138361073,1.508274025,2.122792886,0.990781394,-1.075364023,1.830257319,-0.107536402,0.183025732,0.215216778,0.399392331,1.926907735,absolute
76.500000000,284,-0.005435213,0.202007027,0.202080133,0.009832231,0.133581638,0.133942998,0.019664461,0.267163276,0.267885996,0.497922133,0.140729950,0.001851051,-0.012221087,0.283559793,0.176301624,-0.971222387,2.089081107,-0.097122239,0.208908111,-0.122210872,1.763016235,2.303808325,0.909471744,-0.971222387,2.089081107,-0.097122239,0.208908111,0.215166070,0.399406581,2.064586539,absolute
76.702000000,285,-0.008846385,-0.060613124,0.061255280,0.009828699,0.133769069,0.134129665,0.019657398,0.267538138,0.268259331,0.504410168,0.140933778,-0.003927829,-0.011139076,0.283478247,0.193284429,-0.902884127,2.265346313,-0.090288413,0.226534631,-0.111390761,1.932844295,2.438645867,0.858498305,-0.902884127,2.265346313,-0.090288413,0.226534631,0.215338052,0.399369779,2.175382556,absolute
77.000000000,286,-0.008542973,0.053024754,0.053708537,0.009858636,0.133590594,0.133953871,0.019717273,0.267181188,0.267907742,0.495640071,0.140658257,0.003884646,-0.009547365,0.283592643,0.218761644,-0.799594157,2.528888759,-0.079959416,0.252888876,-0.095473654,2.187616439,2.652287535,0.782465641,-0.799594157,2.528888759,-0.079959416,0.252888876,0.215258144,0.399382926,2.358965935,absolute
77.204000000,287,0.000229735,0.372888337,0.372888407,0.009807880,0.134127856,0.134485971,0.019615760,0.268255712,0.268971941,0.517006802,0.141329513,-0.015156275,-0.008497626,0.283404283,0.235747803,-0.738775411,2.694963139,-0.073877541,0.269496314,-0.084976257,2.357478031,2.794389992,0.735764590,-0.738775411,2.694963139,-0.073877541,0.269496314,0.215056870,0.399440187,2.485804024,absolute
77.504000000,288,0.001387132,0.060728190,0.060744030,0.009764276,0.129690776,0.130057828,0.019528551,0.259381553,0.260115655,0.352813949,0.136171242,0.126384288,-0.001033137,0.253559818,0.259870111,-0.600494648,2.955780134,-0.060049465,0.295578013,-0.010331370,2.598701113,3.016161472,0.689781213,-0.600494648,2.955780134,-0.060049465,0.295578013,0.215201676,0.399398227,2.683365229,absolute
77.814000000,289,0.004482168,0.055636584,0.055816838,0.009775346,0.125181874,0.125562968,0.019550691,0.250363748,0.251125937,0.185588730,0.130917707,0.236853303,0.018759043,0.156211398,0.278082906,-0.316293981,3.114017084,-0.031629398,0.311401708,0.187590430,2.780829059,3.130039023,0.604080922,-0.316293981,3.114017084,-0.031629398,0.311401708,0.215157210,0.399425526,2.766125033,absolute
78.100000000,290,-0.002926283,-0.301201497,0.301215712,0.009715207,0.123190476,0.123572969,0.019430414,0.246380953,0.247145939,0.111091142,0.128577296,0.266759993,0.040806489,0.097073745,0.287037954,-0.079241946,3.156085687,-0.007924195,0.315608569,0.408064885,2.870379536,3.157080320,0.564885787,-0.079241946,3.156085687,-0.007924195,0.315608569,0.215375640,0.399424967,2.772359617,absolute
78.300000000,291,-0.000758960,0.054149098,0.054154417,0.009685210,0.122818979,0.123200263,0.019370420,0.245637957,0.246400526,0.095010689,0.128072114,0.271222216,0.055680619,0.083448819,0.290585118,0.107895993,3.149629571,0.010789599,0.314962957,0.556806192,2.905851175,3.151477111,0.510830963,0.107895993,3.149629571,0.010789599,0.314962957,0.215143152,0.399444231,2.752275669,absolute
78.500000000,292,-0.003490479,-0.310125718,0.310145361,0.009671776,0.122119374,0.122501775,0.019343553,0.244238749,0.245003550,0.070256595,0.127294441,0.276662482,0.074161039,0.062075599,0.293551605,0.297437625,3.124087248,0.029743763,0.312408725,0.741610391,2.935516052,3.138214505,0.482543824,0.297437625,3.124087248,0.029743763,0.312408725,0.215380614,0.399432112,2.725890490,absolute
78.700000000,293,-0.003983808,0.548751572,0.548766033,0.009698957,0.122443165,0.122826701,0.019397914,0.244886331,0.245653402,0.084991313,0.127757346,0.273612102,0.091032787,0.074843775,0.295691334,0.477204305,3.098077922,0.047720430,0.309807792,0.910327865,2.956913336,3.134614930,0.455547428,0.477204305,3.098077922,0.047720430,0.309807792,0.214827130,0.399533280,2.711269992,absolute
78.900000000,294,-0.007155618,0.079055478,0.079378659,0.009765697,0.121207802,0.121600576,0.019531395,0.242415604,0.243201152,0.040926558,0.126373011,0.281129643,0.108033635,0.036346632,0.296437982,0.670617410,3.048619738,0.067061741,0.304861974,1.080336351,2.964379818,3.121507652,0.418289344,0.670617410,3.048619738,0.067061741,0.304861974,0.215127855,0.399458396,2.688033957,absolute
79.200000000,295,-0.005534268,0.633805243,0.633829405,0.009775006,0.121184443,0.121578041,0.019550013,0.242368887,0.243156082,0.040906967,0.126372396,0.281322655,0.133536217,0.036353982,0.297551092,0.944917855,2.969798626,0.094491786,0.296979863,1.335362165,2.975510919,3.116500221,0.390486094,0.944917855,2.969798626,0.094491786,0.296979863,0.214773336,0.399555986,2.671939042,absolute
79.401000000,296,0.001780252,-0.273140657,0.273146458,0.009802685,0.120428648,0.120826950,0.019605370,0.240857296,0.241653900,0.013373157,0.125507395,0.283419268,0.150537510,0.011914308,0.298304258,1.130334288,2.920813435,0.113033429,0.292081344,1.505375097,2.983042582,3.131901455,0.380168483,1.130334288,2.920813435,0.113033429,0.292081344,0.215365986,0.399439624,2.682255187,absolute
79.601000000,297,0.005381561,0.695619107,0.695639924,0.009867694,0.121264220,0.121665042,0.019735388,0.242528439,0.243330083,0.044830707,0.126495663,0.280834508,0.167544897,0.039816294,0.298423593,1.311837631,2.865635545,0.131183763,0.286563555,1.675448970,2.984235927,3.151632125,0.382464712,1.311837631,2.865635545,0.131183763,0.286563555,0.214745313,0.399561052,2.699098917,absolute
79.900000000,298,0.002904252,-0.256059645,0.256076115,0.009886919,0.120678980,0.121083308,0.019773837,0.241357961,0.242166616,0.024017221,0.125841789,0.282675808,0.191363167,0.021369115,0.297872639,1.582828254,2.774071129,0.158282825,0.277407113,1.913631666,2.978726387,3.193871618,0.388991867,1.582828254,2.774071129,0.158282825,0.277407113,0.215369280,0.399432127,2.740228902,absolute
80.101000000,299,-0.000328034,-0.173299832,0.173300143,0.009914249,0.120493231,0.120900418,0.019828499,0.240986462,0.241800836,0.015154687,0.125563364,0.283363985,0.210078427,0.013501120,0.297454433,1.754106978,2.719027365,0.175410698,0.271902737,2.100784271,2.974544327,3.235738108,0.430666998,1.754106978,2.719027365,0.175410698,0.271902737,0.215318212,0.399434668,2.783591412,absolute
80.401000000,300,0.002641871,0.353988569,0.353998427,0.009925096,0.121110473,0.121516477,0.019850192,0.242220947,0.243032955,0.038826813,0.126307046,0.281420763,0.235596968,0.034498417,0.296858684,2.033574998,2.618927189,0.203357500,0.261892719,2.355969678,2.968586842,3.315751332,0.475605091,2.033574998,2.618927189,0.203357500,0.261892719,0.214986685,0.399493010,2.869346882,absolute
80.700000000,301,-0.009504766,-0.370358066,0.370480010,0.009908004,0.118178399,0.118593012,0.019816009,0.236356798,0.237186024,-0.071212786,0.122850050,0.276760980,0.260866315,-0.062971525,0.294173761,2.302820796,2.518182523,0.230282080,0.251818252,2.608663151,2.941737610,3.412363819,0.522435123,2.302820796,2.518182523,0.230282080,0.251818252,0.215444051,0.399450201,2.974250885,absolute
80.900000000,302,-0.006891690,-0.046407896,0.046916822,0.009904232,0.116035529,0.116457450,0.019808464,0.232071057,0.232914901,-0.149325599,0.120396063,0.252974931,0.275866641,-0.128222768,0.286310588,2.458117892,2.401513563,0.245811789,0.240151356,2.758666406,2.863105884,3.436511453,0.550814742,2.458117892,2.401513563,0.245811789,0.240151356,0.215223765,0.399478735,3.006445994,absolute
81.200000000,303,-0.006378201,0.232541456,0.232628911,0.009930104,0.111441170,0.111882712,0.019860208,0.222882339,0.223765424,-0.325236345,0.114869664,0.147966131,0.291406091,-0.241861697,0.266409379,2.599633340,2.146279402,0.259963334,0.214627940,2.914060906,2.664093787,3.371143541,0.605802303,2.599633340,2.146279402,0.259963334,0.214627940,0.215022955,0.399569610,2.955902871,absolute
81.400000000,304,-0.009073993,-0.275704712,0.275853993,0.009915159,0.108026759,0.108480832,0.019830318,0.216053518,0.216961665,-0.453137532,0.110851530,0.041613584,0.295391455,-0.280612115,0.249947761,2.614969866,1.948882389,0.261496987,0.194888239,2.953914551,2.499477611,3.261320280,0.646559045,2.614969866,1.948882389,0.261496987,0.194888239,0.215341204,0.399550776,2.856334393,absolute
81.601000000,305,-0.002601267,-0.279126830,0.279138951,0.009941738,0.106882088,0.107343462,0.019883475,0.213764176,0.214686925,-0.497015018,0.109473078,0.002659615,0.295255171,-0.283605329,0.232935475,2.570186676,1.757640054,0.257018668,0.175764005,2.952551711,2.329354749,3.113704884,0.687794092,2.570186676,1.757640054,0.257018668,0.175764005,0.215340252,0.399557686,2.718398315,absolute
81.900000000,306,-0.004154994,0.337612751,0.337638318,0.009935793,0.107806497,0.108263386,0.019871585,0.215612995,0.216526773,-0.461795918,0.110579519,0.033942821,0.294811176,-0.281446518,0.209115973,2.475529717,1.476642278,0.247552972,0.147664228,2.948111758,2.091159732,2.882485004,0.775219638,2.475529717,1.476642278,0.247552972,0.147664228,0.214944092,0.399616707,2.504043021,absolute
82.101000000,307,0.003700027,0.336560440,0.336580777,0.009944447,0.107569549,0.108028237,0.019888895,0.215139099,0.216056474,-0.470588169,0.110303302,0.026182407,0.294445105,-0.282552534,0.190398402,2.411305170,1.293912014,0.241130517,0.129391201,2.944451048,1.903984019,2.736530819,0.810205146,2.411305170,1.293912014,0.241130517,0.129391201,0.214946696,0.399616182,2.371445884,absolute
82.400000000,308,-0.001398835,-0.166532969,0.166538844,0.009970179,0.107717963,0.108178390,0.019940358,0.215435927,0.216356780,-0.462904083,0.110544705,0.032972114,0.293986914,-0.281642648,0.166579146,2.316109326,1.025075780,0.231610933,0.102507578,2.939869138,1.665791455,2.532813212,0.894199574,2.316109326,1.025075780,0.231610933,0.102507578,0.215278272,0.399548378,2.191979847,absolute
82.606000000,309,0.008437175,-0.041218331,0.042072993,0.009995867,0.107366928,0.107831232,0.019991735,0.214733856,0.215662464,-0.474796989,0.110171078,0.022444455,0.293650358,-0.282877162,0.147862866,2.254332467,0.840454071,0.225433247,0.084045407,2.936503580,1.478628663,2.405904802,0.934143585,2.254332467,0.840454071,0.225433247,0.084045407,0.215197879,0.399551440,2.086256216,absolute
82.900000000,310,-0.003371417,-0.081299352,0.081369227,0.009998601,0.107349582,0.107814214,0.019997202,0.214699164,0.215628428,-0.476347502,0.110122367,0.021042705,0.293223508,-0.282666494,0.124042552,2.160594040,0.569022750,0.216059404,0.056902275,2.932235078,1.240425518,2.234268000,1.022844841,2.160594040,0.569022750,0.216059404,0.056902275,0.215224812,0.399550204,1.952737150,absolute
83.200000000,311,-0.009528182,-0.342242318,0.342374927,0.009948207,0.107047044,0.107508308,0.019896414,0.214094087,0.215016617,-0.488456324,0.109741957,0.010291782,0.292729923,-0.283665245,0.096818135,2.064176885,0.297638221,0.206417688,0.029763822,2.927299228,0.968181349,2.085525047,1.092981366,2.064176885,0.297638221,0.206417688,0.029763822,0.215396234,0.399545285,1.851587142,absolute
83.409000000,312,0.000732368,-0.458888995,0.458889579,0.009982768,0.106670022,0.107136125,0.019965536,0.213340044,0.214272249,-0.501368201,0.109336319,-0.001219016,0.292420648,-0.283600441,0.079804044,1.970191997,0.067091130,0.197019200,0.006709113,2.924206479,0.798040444,1.971333996,1.201844638,1.970191997,0.067091130,0.197019200,0.006709113,0.215474068,0.399542677,1.785933661,absolute
83.700000000,313,0.001146858,0.291982250,0.291984502,0.009982339,0.107641999,0.108103872,0.019964678,0.215283998,0.216207743,-0.463040361,0.110540423,0.032862975,0.291953142,-0.281754845,0.054281186,1.902697558,-0.155855281,0.190269756,-0.015585528,2.919531424,0.542811860,1.909070157,1.233728854,1.902697558,-0.155855281,0.190269756,-0.015585528,0.214990786,0.399596731,1.776761403,absolute
83.908000000,314,-0.000176087,-0.076137741,0.076137945,0.010029776,0.104981247,0.105459275,0.020059552,0.209962494,0.210918549,-0.565886370,0.107309421,-0.058287307,0.289022177,-0.277564206,0.035894613,1.790278663,-0.384476276,0.179027866,-0.038447628,2.890221772,0.358946129,1.831097948,1.327611282,1.790278663,-0.384476276,0.179027866,-0.038447628,0.215217710,0.399559944,1.759411776,absolute
84.201000000,315,0.013295532,0.213411298,0.213825053,0.010065945,0.100831633,0.101332825,0.020131889,0.201663266,0.202665650,-0.720855418,0.102440924,-0.181445294,0.276072627,-0.218133468,0.016162605,1.630832457,-0.553911345,0.163083246,-0.055391134,2.760726267,0.161626048,1.722333382,1.337405616,1.630832457,-0.553911345,0.163083246,-0.055391134,0.215002290,0.399616358,1.706982759,absolute
84.500000000,316,0.001351095,-0.181723235,0.181728257,0.010072471,0.096509122,0.097033321,0.020144941,0.193018245,0.194066642,-0.883562300,0.097329337,-0.264918927,0.253879787,-0.101474268,0.004114845,1.345823303,-0.644120032,0.134582330,-0.064412003,2.538797870,0.041148451,1.492022446,1.375783853,1.345823303,-0.644120032,0.134582330,-0.064412003,0.215217271,0.399580610,1.538694586,absolute
84.700000000,317,-0.000169616,0.373974437,0.373974475,0.010063741,0.094794671,0.095327376,0.020127481,0.189589342,0.190654751,-0.948085358,0.095302285,-0.279859781,0.238689032,-0.046052693,0.002408582,1.152683013,-0.629136261,0.115268301,-0.062913626,2.386890320,0.024085816,1.313198600,1.396412102,1.152683013,-0.629136261,0.115268301,-0.062913626,0.214832510,0.399652920,1.392110177,absolute
84.900000000,318,0.002597193,-0.136452630,0.136477345,0.010090777,0.094976493,0.095511036,0.020181554,0.189952985,0.191022071,-0.941868418,0.095497596,-0.278895004,0.219999437,-0.051507313,0.001359549,0.944796780,-0.573572719,0.094479678,-0.057357272,2.199994366,0.013595495,1.105272192,1.385744382,0.944796780,-0.573572719,0.094479678,-0.057357272,0.215162564,0.399583970,1.216305895,absolute
85.201000000,319,-0.001523738,0.404245062,0.404247934,0.010039017,0.095461991,0.095988403,0.020078034,0.190923981,0.191976806,-0.927322222,0.095954578,-0.276103074,0.194515300,-0.064159767,-0.000106562,0.662853612,-0.495061955,0.066285361,-0.049506196,1.945152999,-0.001065620,0.827321733,1.374163054,0.662853612,-0.495061955,0.066285361,-0.049506196,0.214805679,0.399664099,1.000640626,absolute
85.401000000,320,0.008065767,0.178052467,0.178235063,0.010041457,0.094984734,0.095514033,0.020082914,0.189969468,0.191028067,-0.945004072,0.095399087,-0.279370041,0.177527419,-0.048754195,-0.001104518,0.476248737,-0.442175933,0.047624874,-0.044217593,1.775274190,-0.011045177,0.649871076,1.368700426,0.476248737,-0.442175933,0.047624874,-0.044217593,0.214944735,0.399623489,0.881422741,absolute
85.705000000,321,0.001737786,0.146944333,0.146954608,0.010008294,0.094771292,0.095298288,0.020016588,0.189542584,0.190596576,-0.950605470,0.095223114,-0.280371641,0.152043513,-0.043859985,-0.002593839,0.211365134,-0.366738680,0.021136513,-0.036673868,1.520435128,-0.025938389,0.423287703,1.352704360,0.211365134,-0.366738680,0.021136513,-0.036673868,0.214955181,0.399621204,0.766368293,absolute
86.000000000,322,-0.002743599,-0.060827860,0.060889703,0.010053705,0.094626430,0.095159016,0.020107410,0.189252860,0.190318031,-0.957468361,0.095007510,-0.281123036,0.128261052,-0.037787992,-0.003999573,-0.076275328,-0.275996795,-0.007627533,-0.027599679,1.282610525,-0.039995726,0.286342726,1.379227053,-0.076275328,-0.275996795,-0.007627533,-0.027599679,0.215081494,0.399596028,0.735740756,absolute
86.200000000,323,-0.007541558,0.147710343,0.147902740,0.010097512,0.095111911,0.095646408,0.020195024,0.190223822,0.191292816,-0.939317602,0.095577732,-0.278457067,0.109573669,-0.053737464,-0.005099030,-0.261085702,-0.219533320,-0.026108570,-0.021953332,1.095736690,-0.050990296,0.341116729,1.367250436,-0.261085702,-0.219533320,-0.026108570,-0.021953332,0.214944252,0.399627455,0.781002294,absolute
86.401000000,324,-0.009024923,-0.050367688,0.051169847,0.010088477,0.094103179,0.094642410,0.020176954,0.188206359,0.189284820,-0.979854942,0.094304214,-0.283247026,0.092585979,-0.017949986,-0.006104068,-0.433798558,-0.171625506,-0.043379856,-0.017162551,0.925859787,-0.061040681,0.466515277,1.364148020,-0.433798558,-0.171625506,-0.043379856,-0.017162551,0.215057103,0.399600106,0.864472307,absolute
86.701000000,325,-0.008054949,-0.363779981,0.363869148,0.010092985,0.094746529,0.095282596,0.020185969,0.189493058,0.190565192,-0.956256545,0.095045580,-0.281156670,0.067104240,-0.038882788,-0.007613908,-0.709308765,-0.082129566,-0.070930877,-0.008212957,0.671042401,-0.076139079,0.714047750,1.380364165,-0.709308765,-0.082129566,-0.070930877,-0.008212957,0.215262186,0.399596473,1.042540848,absolute
87.000000000,326,-0.002409322,-0.593541483,0.593546373,0.010096092,0.094023229,0.094563728,0.020192184,0.188046459,0.189127457,-0.984360055,0.094162682,-0.283143201,0.041618593,-0.013923260,-0.008957660,-0.998241684,0.007216634,-0.099824168,0.000721663,0.416185932,-0.089576597,0.998267769,1.417735663,-0.998241684,0.007216634,-0.099824168,0.000721663,0.215398101,0.399592237,1.275492117,absolute
87.200000000,327,0.004558046,-0.423183304,0.423207850,0.010060030,0.090474743,0.091032320,0.020120060,0.180949487,0.182064641,0.882223681,0.089971287,-0.264052640,0.025005396,0.102417877,-0.005666289,-1.176296870,0.085498622,-0.117629687,0.008549862,0.250053959,-0.056662895,1.179399992,1.433417798,-1.176296870,0.085498622,-0.117629687,0.008549862,0.215748021,0.399361366,1.426989419,absolute
87.401000000,328,0.002084648,0.058492421,0.058529557,0.010074473,0.088667696,0.089238195,0.020148945,0.177335393,0.178476389,0.815462683,0.087873928,-0.237272075,0.010446732,0.155365387,0.002988311,-1.322693078,0.220912266,-0.132269308,0.022091227,0.104467319,0.029883114,1.341014246,1.439888515,-1.322693078,0.220912266,-0.132269308,0.022091227,0.215403573,0.399380288,1.548416011,absolute
87.700000000,329,-0.000268098,0.092751959,0.092752346,0.010006874,0.084441785,0.085032656,0.020013748,0.168883571,0.170065313,0.657781478,0.082920227,-0.134983443,-0.003989989,0.249639720,0.023705580,-1.439776281,0.498679172,-0.143977628,0.049867917,-0.039899888,0.237055799,1.523691785,1.424114008,-1.439776281,0.498679172,-0.143977628,0.049867917,0.215316165,0.399382898,1.658068381,absolute
87.900000000,330,-0.004177867,-0.397376915,0.397398877,0.009990787,0.082325726,0.082929735,0.019981574,0.164651451,0.165859470,0.576525703,0.080367501,-0.067533829,-0.008777849,0.275475079,0.040022230,-1.441505486,0.700585254,-0.144150549,0.070058525,-0.087778491,0.400222298,1.602734464,1.386648723,-1.441505486,0.700585254,-0.144150549,0.070058525,0.215602865,0.399358494,1.684264127,absolute
88.200000000,331,0.000598840,0.013524168,0.013537420,0.009933843,0.081210253,0.081815563,0.019867686,0.162420506,0.163631127,0.533527037,0.079016658,-0.029817458,-0.010755825,0.282043033,0.065440314,-1.380089334,0.989579527,-0.138008933,0.098957953,-0.107558246,0.654403138,1.698209119,1.315932591,-1.380089334,0.989579527,-0.138008933,0.098957953,0.215314579,0.399372665,1.701075479,absolute
88.400000000,332,-0.010324885,-0.133160288,0.133559970,0.009883563,0.080744657,0.081347307,0.019767125,0.161489313,0.162694614,0.514238204,0.078410682,-0.012685367,-0.010692792,0.283405429,0.080755973,-1.312790073,1.177970171,-0.131279007,0.117797017,-0.106927915,0.807559728,1.763811640,1.261470348,-1.312790073,1.177970171,-0.131279007,0.117797017,0.215400371,0.399370149,1.715104670,absolute
88.700000000,333,-0.006712617,0.001381425,0.006853288,0.009901622,0.081246719,0.081847856,0.019803245,0.162493438,0.163695712,0.533051808,0.079001729,-0.029399889,-0.010602357,0.282121274,0.106281748,-1.210067639,1.449951489,-0.121006764,0.144995149,-0.106023565,1.062817483,1.888550505,1.169951304,-1.210067639,1.449951489,-0.121006764,0.144995149,0.215316834,0.399374766,1.770715207,absolute
88.900000000,334,0.003970005,-0.130349076,0.130409519,0.009923908,0.080496567,0.081105987,0.019847816,0.160993133,0.162211975,0.502952712,0.078056138,-0.002630041,-0.010559414,0.283517016,0.123299472,-1.140421621,1.632995559,-0.114042162,0.163299556,-0.105594144,1.232994725,1.991792150,1.109445165,-1.140421621,1.632995559,-0.114042162,0.163299556,0.215391690,0.399372391,1.833045513,absolute
89.206000000,335,0.004620116,-0.523842367,0.523862741,0.009925988,0.080709271,0.081317352,0.019851976,0.161418543,0.162634704,0.511293493,0.078318171,-0.010059263,-0.010523570,0.283403857,0.150527326,-1.037436069,1.905947151,-0.103743607,0.190594715,-0.105235705,1.505273265,2.170001875,1.014661067,-1.037436069,1.905947151,-0.103743607,0.190594715,0.215649860,0.399364867,1.959595499,absolute
89.508000000,336,-0.000158046,0.039500769,0.039501085,0.009926921,0.081213924,0.081818368,0.019853843,0.162427849,0.163636735,0.530451233,0.078920029,-0.027082837,-0.010492775,0.282235539,0.176054268,-0.899885361,2.225748823,-0.089988536,0.222574882,-0.104927752,1.760542681,2.400781432,0.921072394,-0.899885361,2.225748823,-0.089988536,0.222574882,0.215284153,0.399385947,2.139907568,absolute
89.804000000,337,0.003152841,-0.073052331,0.073120336,0.010009049,0.081399926,0.082012980,0.020018098,0.162799851,0.164025961,0.537292038,0.079134939,-0.033136377,-0.010459190,0.281543602,0.199877809,-0.830436236,2.448344901,-0.083043624,0.244834490,-0.104591897,1.998778095,2.585346611,0.853791730,-0.830436236,2.448344901,-0.083043624,0.244834490,0.215358193,0.399378347,2.300423858,absolute
90.100000000,338,0.006329159,-0.413360478,0.413408930,0.009981525,0.080387058,0.081004382,0.019963051,0.160774116,0.162008764,0.501508963,0.078010781,-0.001344602,-0.010409643,0.283636272,0.227107058,-0.729880294,2.719789635,-0.072988029,0.271978964,-0.104096430,2.271070579,2.816022177,0.770035217,-0.729880294,2.719789635,-0.072988029,0.271978964,0.215565403,0.399373500,2.505633374,absolute
90.300000000,339,0.003330542,-0.152930112,0.152966374,0.009996288,0.077812496,0.078451962,0.019992577,0.155624993,0.156903925,0.407141827,0.075046150,0.081502053,-0.007800721,0.271411416,0.242138091,-0.641042959,2.902750034,-0.064104296,0.290275003,-0.078007205,2.421380907,2.972691345,0.740760081,-0.641042959,2.902750034,-0.064104296,0.290275003,0.215359095,0.399387635,2.645798136,absolute
90.502000000,340,0.003768122,-0.358014181,0.358034011,0.010023719,0.074783969,0.075452747,0.020047437,0.149567939,0.150905494,0.292947753,0.071458637,0.171718119,0.001312009,0.225662129,0.258366244,-0.502643367,3.048005954,-0.050264337,0.304800595,0.013120093,2.583662441,3.089173134,0.693993404,-0.502643367,3.048005954,-0.050264337,0.304800595,0.215456093,0.399398002,2.744228656,absolute
90.800000000,341,-0.003238986,0.279350245,0.279369022,0.009975539,0.070672521,0.071373080,0.019951079,0.141345041,0.142746160,0.140987119,0.066684653,0.256119868,0.021907078,0.121492416,0.272978891,-0.234855430,3.165749114,-0.023485543,0.316574911,0.219070784,2.729788907,3.174448697,0.629372950,-0.234855430,3.165749114,-0.023485543,0.316574911,0.214997952,0.399487538,2.802600787,absolute
91.001000000,342,0.004515013,-0.348918292,0.348947503,0.009984502,0.070397753,0.071102278,0.019969004,0.140795506,0.142204556,0.130656355,0.066360103,0.260026673,0.038088083,0.113160740,0.278247720,-0.017948436,3.169026378,-0.001794844,0.316902638,0.380880831,2.782477201,3.169077205,0.555414305,-0.017948436,3.169026378,-0.001794844,0.316902638,0.215411709,0.399428870,2.779411325,absolute
91.301000000,343,-0.004535466,-0.320226247,0.320258364,0.010003130,0.069550294,0.070265966,0.020006260,0.139100588,0.140531933,0.100202428,0.065403364,0.269848194,0.062435379,0.087868759,0.285901990,0.284617525,3.152311131,0.028461752,0.315231113,0.624353785,2.859019899,3.165133900,0.448821205,0.284617525,3.152311131,0.028461752,0.315231113,0.215390129,0.399435881,2.753745554,absolute
91.617000000,344,-0.008390439,0.744467584,0.744514864,0.010032781,0.068658483,0.069387636,0.020065562,0.137316967,0.138775272,0.064941038,0.064295595,0.277967525,0.087748066,0.057510612,0.289028953,0.576804298,3.101212326,0.057680430,0.310121233,0.877480661,2.890289529,3.154397104,0.367280140,0.576804298,3.101212326,0.057680430,0.310121233,0.214692380,0.399585418,2.725786673,absolute
91.900000000,345,-0.003636965,-0.653765715,0.653775831,0.009990745,0.067963292,0.068693697,0.019981489,0.135926584,0.137387394,0.039253546,0.063488599,0.281631643,0.113207548,0.034907566,0.290874753,0.844595842,3.024747945,0.084459584,0.302474794,1.132075484,2.908747535,3.140452557,0.310001031,0.844595842,3.024747945,0.084459584,0.302474794,0.215608935,0.399438778,2.699606036,absolute
92.200000000,346,-0.000138154,-0.351566499,0.351566526,0.009955238,0.068087030,0.068810976,0.019910476,0.136174060,0.137621952,0.044414212,0.063650726,0.281007167,0.136971316,0.039465765,0.292572692,1.126047485,2.939477078,0.112604748,0.293947708,1.369713162,2.925726917,3.147778333,0.244053333,1.126047485,2.939477078,0.112604748,0.293947708,0.215419320,0.399441401,2.698337432,absolute
92.401000000,347,-0.011852741,-0.152309804,0.152770297,0.009901230,0.067966847,0.068684253,0.019802460,0.135933694,0.137368506,0.038566104,0.063467002,0.281740125,0.155642358,0.034303366,0.293917874,1.326110365,2.875745683,0.132611036,0.287574568,1.556423581,2.939178736,3.166777847,0.238888948,1.326110365,2.875745683,0.132611036,0.287574568,0.215291096,0.399446864,2.714033031,absolute
92.602000000,348,-0.001737136,0.139865318,0.139876105,0.009905957,0.068297247,0.069011897,0.019811914,0.136594493,0.138023793,0.052310819,0.063898805,0.279828775,0.172616584,0.046405377,0.295132454,1.512569744,2.815099548,0.151256974,0.281509955,1.726165844,2.951324536,3.195724127,0.253338788,1.512569744,2.815099548,0.151256974,0.281509955,0.215109297,0.399469036,2.742020128,absolute
92.903000000,349,0.002442545,-0.013490099,0.013709441,0.009881235,0.068257764,0.068969277,0.019762471,0.136515528,0.137938554,0.050837160,0.063852509,0.279884296,0.198077805,0.045084200,0.296940725,1.795957183,2.728724144,0.179595718,0.272872414,1.980778054,2.969407250,3.266710526,0.303458583,1.795957183,2.728724144,0.179595718,0.272872414,0.215217050,0.399440480,2.815013634,absolute
93.200000000,350,-0.013289421,-0.120866523,0.121594923,0.009878021,0.068611035,0.069318464,0.019756042,0.137222070,0.138636927,0.064792584,0.064290931,0.277984264,0.223541155,0.057378891,0.298751170,2.076917807,2.640146394,0.207691781,0.264014639,2.235411546,2.987511703,3.359160693,0.381815300,2.076917807,2.640146394,0.207691781,0.264014639,0.215295690,0.399433048,2.913148332,absolute
93.400000000,351,-0.005796565,0.007979827,0.009862951,0.009840305,0.067708479,0.068419805,0.019680609,0.135416957,0.136839609,0.030010639,0.063198224,0.282363331,0.240521571,0.026700715,0.299797984,2.267151905,2.583209156,0.226715191,0.258320916,2.405215710,2.997979843,3.436996844,0.437145671,2.267151905,2.583209156,0.226715191,0.258320916,0.215209329,0.399444286,2.996547570,absolute
93.704000000,352,0.011666527,-0.575153787,0.575272098,0.009842790,0.063252466,0.064013709,0.019685581,0.126504932,0.128027419,-0.137675090,0.057930222,0.257468673,0.264863785,-0.118866450,0.293089008,2.528887611,2.440827296,0.252888761,0.244082730,2.648637852,2.930890077,3.514670744,0.504481566,2.528887611,2.440827296,0.252888761,0.244082730,0.215569728,0.399473615,3.085217088,absolute
94.003000000,353,-0.007290960,-0.304563386,0.304650643,0.009827466,0.059342394,0.060150634,0.019654933,0.118684787,0.120301268,-0.282230442,0.053388881,0.179278959,0.282809036,-0.219829312,0.275323044,2.694093474,2.185033381,0.269409347,0.218503338,2.828090360,2.753230442,3.468790931,0.583783407,2.694093474,2.185033381,0.269409347,0.218503338,0.215375277,0.399521198,3.054848221,absolute
94.303000000,354,0.005883055,-0.196048885,0.196137135,0.009824582,0.054229783,0.055112538,0.019649164,0.108459567,0.110225076,-0.472320813,0.047417016,0.024617107,0.289766996,-0.282382147,0.251051808,2.710206558,1.879138536,0.271020656,0.187913854,2.897669958,2.510518084,3.297935903,0.658621788,2.710206558,1.879138536,0.271020656,0.187913854,0.215285451,0.399566743,2.900648896,absolute
94.503000000,355,-0.001896982,0.080963414,0.080985634,0.009794769,0.055016876,0.055881966,0.019589538,0.110033751,0.111763932,-0.442596599,0.048350830,0.050860415,0.290469299,-0.278964106,0.234048176,2.651724909,1.684532926,0.265172491,0.168453293,2.904692985,2.340481755,3.141543597,0.703037491,2.651724909,1.684532926,0.265172491,0.168453293,0.215109102,0.399579126,2.754669283,absolute
94.800000000,356,-0.001677868,-0.171697520,0.171705718,0.009731389,0.054264405,0.055130079,0.019462778,0.108528810,0.110260157,-0.471152028,0.047453735,0.025668456,0.291507989,-0.282451107,0.208542469,2.556115138,1.402336287,0.255611514,0.140233629,2.915079894,2.085424687,2.915522537,0.771664083,2.556115138,1.402336287,0.255611514,0.140233629,0.215273887,0.399564458,2.546583810,absolute
95.000000000,357,0.004623227,-0.208818645,0.208869817,0.009740608,0.054074781,0.054945076,0.019481216,0.108149562,0.109890152,-0.478956641,0.047208546,0.018733195,0.292123807,-0.282952521,0.193240014,2.487494177,1.214206246,0.248749418,0.121420625,2.921238071,1.932400139,2.768018079,0.839009078,2.487494177,1.214206246,0.248749418,0.121420625,0.215299955,0.399563276,2.413816428,absolute
95.200000000,358,0.007335908,-0.203316702,0.203449003,0.009785843,0.054289099,0.055164019,0.019571686,0.108578198,0.110328038,-0.469908345,0.047492806,0.026772387,0.292796052,-0.282354480,0.176234600,2.420550498,1.025439480,0.242055050,0.102543948,2.927960520,1.762345995,2.628800266,0.894704500,2.420550498,1.025439480,0.242055050,0.102543948,0.215300026,0.399559907,2.292347025,absolute
95.400000000,359,-0.004390991,-0.337435580,0.337464148,0.009768070,0.054612700,0.055479385,0.019536140,0.109225399,0.110958770,-0.458474877,0.047851999,0.036928523,0.293461019,-0.281467088,0.159229656,2.356844711,0.837847119,0.235684471,0.083784712,2.934610188,1.592296558,2.501340598,0.950266753,2.356844711,0.837847119,0.235684471,0.083784712,0.215389936,0.399554300,2.185847467,absolute
95.602000000,360,0.004217249,-0.262206721,0.262240633,0.009756796,0.054540357,0.055406187,0.019513592,0.109080713,0.110812374,-0.460091845,0.047801201,0.035467873,0.294202478,-0.281410108,0.140525864,2.290216144,0.649190985,0.229021614,0.064919099,2.942024783,1.405258638,2.380449311,0.998244858,2.290216144,0.649190985,0.229021614,0.064919099,0.215343916,0.399553925,2.089835741,absolute
95.900000000,361,-0.003443455,0.635298779,0.635308111,0.009723723,0.055486019,0.056331600,0.019447445,0.110972039,0.112663199,-0.423848203,0.048939828,0.067153768,0.295227044,-0.275322884,0.115020807,2.193827946,0.369456060,0.219382795,0.036945606,2.952270442,1.150208074,2.224719945,1.088489195,2.193827946,0.369456060,0.219382795,0.036945606,0.214764490,0.399665977,1.979294015,absolute
96.200000000,362,-0.001613414,-0.234768521,0.234774065,0.009781282,0.054056330,0.054934145,0.019562563,0.108112660,0.109868290,-0.478038289,0.047237396,0.019558788,0.296243246,-0.283032300,0.089513316,2.095410352,0.087345563,0.209541035,0.008734556,2.962432459,0.895133161,2.097230028,1.185009762,2.095410352,0.087345563,0.209541035,0.008734556,0.215328967,0.399554811,1.905828069,absolute
96.402000000,363,0.006614488,-0.013889296,0.015383887,0.009820727,0.054966540,0.055836969,0.019641453,0.109933079,0.111673939,-0.444970252,0.048276259,0.048797627,0.296920124,-0.279443599,0.072509644,2.026893508,-0.098414996,0.202689351,-0.009841500,2.969201237,0.725096435,2.029281352,1.251445138,2.026893508,-0.098414996,0.202689351,-0.009841500,0.215191941,0.399550809,1.878891298,absolute
96.700000000,364,-0.001801621,0.256437913,0.256444241,0.009783503,0.052138904,0.053048867,0.019567006,0.104277809,0.106097734,-0.550685431,0.044955119,-0.044979967,0.294757887,-0.280087488,0.047257714,1.914728257,-0.378146098,0.191472826,-0.037814610,2.947578875,0.472577143,1.951711754,1.338099559,1.914728257,-0.378146098,0.191472826,-0.037814610,0.215001705,0.399617156,1.869220702,absolute
96.900000000,365,0.004692851,-0.234457185,0.234504146,0.009823492,0.048902825,0.049879728,0.019646985,0.097805649,0.099759456,-0.671554365,0.041157910,-0.145631879,0.286806110,-0.243528076,0.032304194,1.793330231,-0.522392551,0.179333023,-0.052239255,2.868061097,0.323041942,1.867867044,1.367408467,1.793330231,-0.522392551,0.179333023,-0.052239255,0.215303363,0.399580001,1.827622002,absolute
97.200000000,366,0.000832028,-0.249286773,0.249288162,0.009858001,0.044149705,0.045236894,0.019716002,0.088299409,0.090473789,-0.849759103,0.035559443,-0.252638827,0.266798421,-0.128966840,0.016898345,1.497101882,-0.653688800,0.149710188,-0.065368880,2.667984208,0.168983449,1.633592083,1.430997922,1.497101882,-0.653688800,0.149710188,-0.065368880,0.215271061,0.399589653,1.659061709,absolute
97.402000000,367,0.007964015,-1.000000000,1.000000000,0.009942548,0.041106047,0.042291387,0.019885096,0.082212094,0.084582773,-0.964127281,0.031966460,-0.281984982,0.250310143,-0.031914220,0.013025208,1.291289731,-0.652665495,0.129128973,-0.065266549,2.503101431,0.130252078,1.446859156,1.442722261,1.291289731,-0.652665495,0.129128973,-0.065266549,0.215729224,0.399570927,1.504670028,absolute
97.704000000,368,0.005410366,0.071603242,0.071807355,0.009991306,0.041055786,0.042254038,0.019982611,0.082111572,0.084508077,-0.967932547,0.031846914,-0.282258900,0.224792933,-0.028532164,0.013467783,1.006284816,-0.545016967,0.100628482,-0.054501697,2.247929333,0.134677830,1.144400552,1.415509139,1.006284816,-0.545016967,0.100628482,-0.054501697,0.215018292,0.399610221,1.232243172,absolute
98.000000000,369,-0.003825082,-0.018913641,0.019296556,0.010048901,0.040723445,0.041944956,0.020097802,0.081446890,0.083889913,-0.982119032,0.031401233,-0.282936761,0.199274463,-0.015910632,0.014072911,0.723833259,-0.424270542,0.072383326,-0.042427054,1.992744627,0.140729108,0.839011371,1.389014278,0.723833259,-0.424270542,0.072383326,-0.042427054,0.215064378,0.399600191,0.968301998,absolute
98.203000000,370,-0.001292337,0.258290160,0.258293393,0.010119483,0.040620457,0.041861981,0.020238966,0.081240915,0.083723963,-0.985359011,0.031299446,-0.283291454,0.182261100,-0.013039477,0.014483506,0.545208735,-0.340780070,0.054520873,-0.034078007,1.822611001,0.144835059,0.642949159,1.366593795,0.545208735,-0.340780070,0.054520873,-0.034078007,0.214877847,0.399649049,0.810773567,absolute
98.500000000,371,0.003240603,-0.152551850,0.152586266,0.010161834,0.041095029,0.042332781,0.020323669,0.082190059,0.084665561,-0.966506753,0.031891707,-0.282023951,0.156742499,-0.029785169,0.015090044,0.281283194,-0.221694876,0.028128319,-0.022169488,1.567424992,0.150900437,0.358146413,1.339025015,0.281283194,-0.221694876,0.028128319,-0.022169488,0.215144820,0.399602010,0.624807255,absolute
98.700000000,372,-0.001358442,-0.002842749,0.003150649,0.010157327,0.040827919,0.042072440,0.020314654,0.081655837,0.084144880,-0.976765056,0.031569433,-0.283050617,0.139728795,-0.020697977,0.015497276,0.097588474,-0.144180398,0.009758847,-0.014418040,1.397287950,0.154972761,0.174101975,1.333683373,0.097588474,-0.144180398,0.009758847,-0.014418040,0.215038015,0.399607610,0.556327055,absolute
98.904000000,373,-0.002719323,-0.435164495,0.435172991,0.010124394,0.040225458,0.041480005,0.020248787,0.080450915,0.082960009,-0.999442773,0.030856991,-0.283625633,0.122716895,-0.000496510,0.015916309,-0.095135131,-0.054492720,-0.009513513,-0.005449272,1.227168946,0.159163085,0.109636443,1.339453947,-0.095135131,-0.054492720,-0.009513513,-0.005449272,0.215309511,0.399598685,0.550068069,absolute
99.200000000,374,-0.007403344,0.333642045,0.333724173,0.010078528,0.041320502,0.042531878,0.020157056,0.082641004,0.085063756,-0.959129996,0.032123455,-0.281361169,0.098899920,-0.036325742,0.016524959,-0.356807609,0.061772056,-0.035680761,0.006177206,0.988999202,0.165249587,0.362115253,1.349779082,-0.356807609,0.061772056,-0.035680761,0.006177206,0.214810648,0.399674301,0.664022107,absolute
99.400000000,375,0.000115042,-0.028954010,0.028954239,0.010031640,0.040666358,0.041885397,0.020063280,0.081332717,0.083770795,-0.985380798,0.031298761,-0.283429252,0.080186904,-0.013026379,0.016999327,-0.548386836,0.152402366,-0.054838684,0.015240237,0.801869038,0.169993266,0.569170101,1.350370455,-0.548386836,0.152402366,-0.054838684,0.015240237,0.215035202,0.399613466,0.802450333,absolute
99.700000000,376,0.446848023,-0.700840102,0.831173871,0.010875068,0.039109099,0.040592964,0.021750136,0.078218199,0.081185929,0.959508911,0.029567421,-0.309486734,0.056280581,0.039582459,0.018510310,-0.822549548,0.279053562,-0.082254955,0.027905356,0.562805809,0.185103097,0.868595792,1.388537415,-0.822549548,0.279053562,-0.082254955,0.027905356,0.216026195,0.399333011,1.045517441,absolute
99.902000000,377,0.003186076,0.058743388,0.058829727,0.012827105,0.033325620,0.035708984,0.025654210,0.066651239,0.071417968,0.793420800,0.024349609,-0.300779712,0.035073601,0.228173986,0.029037206,-0.997057153,0.411778182,-0.099705715,0.041177818,0.350736011,0.290372060,1.078741970,1.353250110,-0.997057153,0.411778182,-0.099705715,0.041177818,0.215403266,0.399384690,1.212523759,absolute
100.106000000,378,0.005721555,-0.199502161,0.199584189,0.012820037,0.029277977,0.031961748,0.025640074,0.058555955,0.063923495,0.679280351,0.020763781,-0.201624728,0.021582436,0.319303104,0.046994132,-1.109300006,0.625454038,-0.110930001,0.062545404,0.215824364,0.469941323,1.273475268,1.334218424,-1.109300006,0.625454038,-0.110930001,0.062545404,0.215519378,0.399360718,1.343973433,absolute
100.400000000,379,0.008121734,0.327714050,0.327814675,0.012824741,0.028543259,0.031292038,0.025649481,0.057086519,0.062584076,0.657763566,0.020087811,-0.179463374,0.009851236,0.331945991,0.078876419,-1.135368995,0.986847231,-0.113536900,0.098684723,0.098512363,0.788764195,1.504303897,1.249679998,-1.135368995,0.986847231,-0.113536900,0.098684723,0.215158794,0.399426776,1.472748486,absolute
100.601000000,380,-0.005621703,0.348781653,0.348826955,0.012839048,0.025280579,0.028353992,0.025678095,0.050561159,0.056707983,0.566075535,0.017207347,-0.077808818,0.005988196,0.369433934,0.101084939,-1.117408468,1.219698074,-0.111740847,0.121969807,0.059881960,1.010849392,1.654165976,1.195671578,-1.117408468,1.219698074,-0.111740847,0.121969807,0.215100324,0.399430030,1.564742580,absolute
100.900000000,381,-0.000034522,-0.286475839,0.286475841,0.012837037,0.024410975,0.027580523,0.025674075,0.048821950,0.055161045,0.542225310,0.016458070,-0.049900559,0.003556986,0.373959616,0.134968082,-1.036036548,1.546342065,-0.103603655,0.154634207,0.035569859,1.349680820,1.861328964,1.089502610,-1.036036548,1.546342065,-0.103603655,0.154634207,0.215502056,0.399362122,1.697619471,absolute
101.200000000,382,0.005147440,-0.502817829,0.502844176,0.012809135,0.024163436,0.027348594,0.025618270,0.048326873,0.054697188,0.535112621,0.016234618,-0.041563924,0.002541159,0.375263982,0.166664014,-0.930168589,1.873343084,-0.093016859,0.187334308,0.025411593,1.666640144,2.091561119,0.977680720,-0.930168589,1.873343084,-0.093016859,0.187334308,0.215637801,0.399358999,1.866949750,absolute
101.400000000,383,-0.000536319,-0.493853137,0.493853428,0.012804326,0.024331571,0.027495020,0.025608651,0.048663142,0.054990039,0.540135101,0.016392404,-0.047472469,0.001738639,0.374504906,0.191566076,-0.852795154,2.101530181,-0.085279515,0.210153018,0.017386385,1.915660764,2.267970166,0.889810851,-0.852795154,2.101530181,-0.085279515,0.210153018,0.215630202,0.399361814,2.009703931,absolute
101.617000000,384,0.005316709,0.562553258,0.562578382,0.012839718,0.024355053,0.027532290,0.025679437,0.048710106,0.055064580,0.542691494,0.016472715,-0.050469926,0.000939768,0.374047215,0.216468392,-0.786139136,2.305497416,-0.078613914,0.230549742,0.009397677,2.164683920,2.435843402,0.807903003,-0.786139136,2.305497416,-0.078613914,0.230549742,0.214937915,0.399476768,2.152921265,absolute
101.905000000,385,-0.004563144,-0.532332939,0.532352497,0.012811269,0.018397131,0.022418364,0.025622539,0.036794262,0.044836728,0.373687497,0.011163298,0.145848483,0.006680494,0.348043332,0.247197102,-0.634170546,2.640795081,-0.063417055,0.264079508,0.066804944,2.471971016,2.715873881,0.721018864,-0.634170546,2.640795081,-0.063417055,0.264079508,0.215582785,0.399374477,2.397091372,absolute
102.202000000,386,0.002865952,-0.470126559,0.470135295,0.012862729,0.015643300,0.020252472,0.025725458,0.031286600,0.040504944,0.294414855,0.008672875,0.227241254,0.029070252,0.301501013,0.272551593,-0.363024184,2.829336569,-0.036302418,0.282933657,0.290702517,2.725515933,2.852530803,0.661919424,-0.363024184,2.829336569,-0.036302418,0.282933657,0.215517955,0.399386206,2.497873050,absolute
102.500000000,387,0.000192878,0.445104352,0.445104394,0.012909648,0.009143971,0.015819962,0.025819296,0.018287942,0.031639925,0.113165245,0.002978750,0.354006774,0.057718749,0.131441188,0.285055592,-0.034286487,2.899094026,-0.003428649,0.289909403,0.577187485,2.850555923,2.899296766,0.613397396,-0.034286487,2.899094026,-0.003428649,0.289909403,0.214870672,0.399519531,2.511961772,absolute
102.700000000,388,0.012514286,0.184385047,0.184809234,0.012968998,0.009090395,0.015837619,0.025937995,0.018180790,0.031675238,0.111491785,0.002926177,0.354514436,0.082149105,0.129513048,0.289943637,0.198729382,2.866529251,0.019872938,0.286652925,0.821491051,2.899436367,2.873409702,0.623630480,0.198729382,2.866529251,0.019872938,0.286652925,0.215048860,0.399468965,2.467114262,absolute
102.900000000,389,0.002389409,0.437825191,0.437831711,0.012986543,0.008207287,0.015362612,0.025973085,0.016414574,0.030725224,0.088027633,0.002189029,0.363194646,0.104503661,0.103081708,0.293467209,0.428254938,2.826510325,0.042825494,0.282651032,1.045036607,2.934672086,2.858769474,0.626193735,0.428254938,2.826510325,0.042825494,0.282651032,0.214882262,0.399520806,2.436350965,absolute
103.200000000,390,0.002126829,-0.068791081,0.068823951,0.013000159,0.006086307,0.014354347,0.026000318,0.012172614,0.028708693,0.027627422,0.000291500,0.375989857,0.138425843,0.032715897,0.293698035,0.752464424,2.720640399,0.075246442,0.272064040,1.384258430,2.936980353,2.822779994,0.667807339,0.752464424,2.720640399,0.075246442,0.272064040,0.215209460,0.399455300,2.382549718,absolute
103.400000000,391,-0.002765978,-0.252046356,0.252061533,0.013002602,0.005343019,0.014057578,0.026005204,0.010686038,0.028115157,0.006636359,-0.000367954,0.377524381,0.161067709,0.007872047,0.293056687,0.969639824,2.633011726,0.096963982,0.263301173,1.610677085,2.930566870,2.805878140,0.706730382,0.969639824,2.633011726,0.096963982,0.263301173,0.215331323,0.399455954,2.357488643,absolute
103.700000000,392,0.001373400,0.382831575,0.382834038,0.012993528,0.005687620,0.014183821,0.025987056,0.011375239,0.028367642,0.015614563,-0.000085895,0.377061033,0.195029618,0.018511427,0.292121019,1.271334790,2.510347084,0.127133479,0.251034708,1.950296182,2.921210186,2.813918021,0.793597543,1.271334790,2.510347084,0.127133479,0.251034708,0.214928664,0.399523818,2.360417074,absolute
103.901000000,393,0.010676559,0.415285672,0.415422891,0.013062189,0.006603670,0.014636572,0.026124378,0.013207339,0.029273143,0.040373135,0.000691919,0.374491534,0.217672018,0.047755348,0.291495516,1.486796205,2.420328482,0.148679620,0.242032848,2.176720181,2.914955161,2.840519832,0.848911447,1.486796205,2.420328482,0.148679620,0.242032848,0.214920794,0.399517752,2.387748535,absolute
104.200000000,394,0.004422662,-0.705058710,0.705072581,0.013104495,0.004900691,0.013990874,0.026208989,0.009801382,0.027981748,-0.006619539,-0.000784400,0.377507669,0.249320069,-0.007851742,0.289985580,1.814027627,2.278847243,0.181402763,0.227884724,2.493200692,2.899855797,2.912703382,0.920286736,1.814027627,2.278847243,0.181402763,0.227884724,0.215652949,0.399438640,2.467180234,absolute
104.403000000,395,0.006335631,-0.162744923,0.162868199,0.013150887,-0.001321418,0.013217110,0.026301775,-0.002642837,0.026434219,-0.180571643,-0.006249266,0.318445933,0.271670122,-0.202895060,0.279565026,1.995295835,2.154313878,0.199529584,0.215431388,2.716701215,2.795650265,2.936370847,0.965265810,1.995295835,2.154313878,0.199529584,0.215431388,0.215278746,0.399510140,2.499559360,absolute
104.609000000,396,-0.004241268,-1.000000000,1.000000000,0.013132596,-0.007403770,0.015075838,0.026265193,-0.014807540,0.030151677,-0.351570411,-0.011621351,0.169750601,0.286303802,-0.337257394,0.259715522,2.115102106,1.935101778,0.211510211,0.193510178,2.863038019,2.597155222,2.866753532,0.998860797,2.115102106,1.935101778,0.211510211,0.193510178,0.215815592,0.399546199,2.442380028,absolute
104.900000000,397,-0.002644774,-0.561629629,0.561635856,0.013118660,-0.013197992,0.018608768,0.026237320,-0.026395984,0.037217536,-0.514573887,-0.016742256,-0.017272532,0.288565098,-0.376987646,0.228586471,2.084556201,1.598608594,0.208455620,0.159860859,2.885650977,2.285864708,2.626960980,1.055496947,2.084556201,1.598608594,0.208455620,0.159860859,0.215519134,0.399595816,2.220570017,absolute
105.200000000,398,-0.000285866,0.151161976,0.151162246,0.013143239,-0.010874494,0.017058703,0.026286478,-0.021748988,0.034117406,-0.448774531,-0.014675109,0.060475804,0.287474250,-0.372540798,0.197034907,1.934721193,1.264948439,0.193472119,0.126494844,2.874742495,1.970349073,2.311545078,1.175257463,1.934721193,1.264948439,0.193472119,0.126494844,0.215061733,0.399618847,1.925103623,absolute
105.400000000,399,-0.005139252,-0.402917450,0.402950224,0.013132772,-0.011221553,0.017274055,0.026265545,-0.022443106,0.034548109,-0.458253056,-0.014972885,0.049364155,0.288603538,-0.374228652,0.172145091,1.860193061,1.046456162,0.186019306,0.104645616,2.886035380,1.721450909,2.134335663,1.227994451,1.860193061,1.046456162,0.186019306,0.104645616,0.215426120,0.399582866,1.767400168,absolute
105.700000000,400,0.000188005,0.520386478,0.520386512,0.013147610,-0.009743839,0.016364659,0.026295220,-0.019487679,0.032729318,-0.419335727,-0.013750261,0.094602480,0.290162788,-0.365285915,0.138205819,1.748248294,0.714440228,0.174824829,0.071444023,2.901627877,1.382058188,1.888596552,1.332665826,1.748248294,0.714440228,0.174824829,0.071444023,0.214830807,0.399673352,1.565390486,absolute
105.900000000,401,-0.004685650,-0.924024732,0.924036612,0.013140421,-0.011470302,0.017442433,0.026280841,-0.022940603,0.034884866,-0.468814565,-0.015304685,0.036941737,0.291213759,-0.375857297,0.115578500,1.675273756,0.496506398,0.167527376,0.049650640,2.912137595,1.155784995,1.747300993,1.401599238,1.675273756,0.496506398,0.167527376,0.049650640,0.215773693,0.399568562,1.462715754,absolute
106.103000000,402,-0.001833502,-0.570493580,0.570496526,0.013108311,-0.011390126,0.017365563,0.026216621,-0.022780253,0.034731127,-0.466648809,-0.015236646,0.039474300,0.292268406,-0.375370301,0.092953616,1.603286475,0.275466503,0.160328648,0.027546650,2.922684057,0.929536159,1.626778816,1.472622523,1.603286475,0.275466503,0.160328648,0.027546650,0.215545651,0.399574154,1.393279334,absolute
106.401000000,403,0.006318114,-0.239952836,0.240036001,0.013092272,-0.014433783,0.019486962,0.026184544,-0.028867566,0.038973924,-0.550867682,-0.017882460,-0.060056694,0.291032860,-0.372606512,0.059204033,1.487768849,-0.053461173,0.148776885,-0.005346117,2.910328598,0.592040333,1.488729070,1.562161462,1.487768849,-0.053461173,0.148776885,-0.005346117,0.215325780,0.399596145,1.350693265,absolute
106.632000000,404,0.007625799,-1.000000000,1.000000000,0.013122166,-0.020601831,0.024425943,0.026244333,-0.041203661,0.048851886,-0.724160166,-0.023326603,-0.244343191,0.278333407,-0.287622321,0.038064907,1.283719309,-0.249534963,0.128371931,-0.024953496,2.783334066,0.380649069,1.307747285,1.626645731,1.283719309,-0.249534963,0.128371931,-0.024953496,0.215799842,0.399597718,1.249730060,absolute
106.901000000,405,-0.009438315,0.322960304,0.323098189,0.013147639,-0.022823938,0.026339942,0.026295279,-0.045647875,0.052679884,-0.787925576,-0.025329853,-0.296937248,0.251872371,-0.233443402,0.020755984,1.024553034,-0.351755867,0.102455303,-0.035175587,2.518723710,0.207559845,1.083254868,1.595424731,1.024553034,-0.351755867,0.102455303,-0.035175587,0.214914360,0.399684783,1.104616600,absolute
107.103000000,406,-0.002798511,-0.408240795,0.408250387,0.013154153,-0.025769454,0.028932620,0.026308306,-0.051538908,0.057865239,-0.871828301,-0.027965735,-0.347407263,0.231433073,-0.147973296,0.011249803,0.773925659,-0.380904739,0.077392566,-0.038090474,2.314330734,0.112498032,0.862582950,1.617496240,0.773925659,-0.380904739,0.077392566,-0.038090474,0.215370565,0.399615670,0.959789508,absolute
107.400000000,407,-0.001912341,-0.299325922,0.299332031,0.013145266,-0.028252460,0.031160865,0.026290532,-0.056504919,0.062321730,-0.940604462,-0.030126402,-0.370892114,0.197638001,-0.070021774,0.008024360,0.434580854,-0.313089079,0.043458085,-0.031308908,1.976380006,0.080243595,0.535616738,1.591180448,0.434580854,-0.313089079,0.043458085,-0.031308908,0.215272171,0.399617202,0.745685283,absolute
107.701000000,408,-0.000042873,0.307873335,0.307873338,0.013065389,-0.028352356,0.031217951,0.026130778,-0.056704712,0.062435903,-0.943536160,-0.030218504,-0.371664822,0.163745539,-0.066628593,0.005739213,0.091716659,-0.213509058,0.009171666,-0.021350906,1.637455393,0.057392131,0.232374834,1.569297833,0.091716659,-0.213509058,0.009171666,-0.021350906,0.214864883,0.399683290,0.625436121,absolute
108.000000000,409,-0.004801376,0.133969411,0.134055423,0.013045103,-0.029754523,0.032488557,0.026090206,-0.059509046,0.064977114,-0.983840726,-0.031484709,-0.376916383,0.129803949,-0.019150937,0.006047082,-0.232704682,-0.094587516,-0.023270468,-0.009458752,1.298039491,0.060470819,0.251193685,1.538577529,-0.232704682,-0.094587516,-0.023270468,-0.009458752,0.214956131,0.399652546,0.666838394,absolute
108.202000000,410,-0.007322433,-0.638761469,0.638803438,0.013030526,-0.030614597,0.033272333,0.026061052,-0.061229194,0.066544666,0.993389831,-0.032200032,-0.377280797,0.107195559,0.007835912,0.007424758,-0.440988903,0.004303934,-0.044098890,0.000430393,1.071955588,0.074247579,0.441009905,1.514560380,-0.440988903,0.004303934,-0.044098890,0.000430393,0.215956372,0.399385192,0.766593957,absolute
108.501000000,411,0.001261149,-0.198457628,0.198461635,0.013063433,-0.030476594,0.033158348,0.026126867,-0.060953187,0.066316696,0.998573261,-0.032037190,-0.377319925,0.073282432,0.001691248,0.009477367,-0.756864240,0.152997672,-0.075686424,0.015299767,0.732824321,0.094773670,0.772173404,1.490825960,-0.756864240,0.152997672,-0.075686424,0.015299767,0.215660287,0.399399245,1.003253553,absolute
108.810000000,412,-0.002363965,0.674074964,0.674079109,0.013068181,-0.029721671,0.032467754,0.026136361,-0.059443341,0.064935508,-0.979380038,-0.031344572,-0.376881572,0.039366990,-0.024448416,0.011505009,-1.054145197,0.289883871,-0.105414520,0.028988387,0.393669901,0.115050094,1.093277072,1.458333092,-1.054145197,0.289883871,-0.105414520,0.028988387,0.214578587,0.399761465,1.273472860,absolute
109.100000000,413,-0.007187815,-0.070469523,0.070835149,0.013020530,-0.030256605,0.032939283,0.026041060,-0.060513210,0.065878565,-0.993079978,-0.031774969,-0.377526981,0.007712055,-0.008208688,0.013386043,-1.375622813,0.426091163,-0.137562281,0.042609116,0.077120553,0.133860431,1.440101317,1.481844151,-1.375622813,0.426091163,-0.137562281,0.042609116,0.215049810,0.399640764,1.590892522,absolute
109.301000000,414,0.003268316,0.306611948,0.306629366,0.012989480,-0.029290676,0.032041697,0.025978961,-0.058581353,0.064083393,-0.972699868,-0.031134708,-0.376009864,-0.017160187,-0.032328128,0.014847878,-1.594759591,0.537682917,-0.159475959,0.053768292,-0.171601873,0.148478782,1.682961994,1.475417822,-1.594759591,0.537682917,-0.159475959,0.053768292,0.214803644,0.399701805,1.814816214,absolute
109.600000000,415,0.001903037,0.005350635,0.005678982,0.001662081,-0.029272942,0.029320089,0.003324162,-0.058545883,0.058640178,-0.991753516,-0.031733297,0.000167393,-0.017159771,0.000004338,0.014847855,-1.782764178,0.676944570,-0.178276418,0.067694457,-0.171597707,0.148478546,1.906961475,1.695621932,-1.782764178,0.676944570,-0.178276418,0.067694457,0.214949171,0.399612538,2.016871756,absolute
109.800000000,416,-0.004173883,-0.006756662,0.007941900,0.001679940,-0.029291913,0.029340047,0.003359880,-0.058583826,0.058680094,-0.965574459,-0.030910857,0.000009183,-0.017160562,0.000000997,0.014847901,-1.881875079,0.778576482,-0.188187508,0.077857648,-0.171605620,0.148479005,2.036574367,1.822647649,-1.881875079,0.778576482,-0.188187508,0.077857648,0.214962179,0.399609106,2.130808006,absolute
