stamp,sample_index,input_0,input_1,input_2,input_3,input_4,input_5,input_6,input_7,input_8,input_9,input_10,input_11,input_12,input_13,input_14,target_x_m,target_y_m,target_x_norm,target_y_norm,odom_x_m,odom_y_m,target_norm_m,odom_error_m,training_target_x_m,training_target_y_m,training_target_x_norm,training_target_y_norm,prediction_x_m,prediction_y_m,prediction_error_m,target_mode
3.306000000,1,0.005834079,-0.004298807,0.007246808,-0.000046653,0.000054591,0.000071810,-0.000093306,0.000109183,0.000143621,-0.006294037,-0.000345251,-0.000225961,-0.000002089,0.000004469,-0.000000020,0.000000000,0.000000000,0.000000000,0.000000000,-0.000020891,-0.000000195,0.000000000,0.000020892,0.000000000,0.000000000,0.000000000,0.000000000,0.215198218,0.399491142,0.453765849,absolute
3.600000000,2,-0.001401050,-0.006012207,0.006173295,-0.000068207,0.000094188,0.000116290,-0.000136413,0.000188375,0.000232581,0.010984567,0.000197573,0.000132895,0.000000430,0.000004588,-0.000000009,0.081558551,-0.008732400,0.008155855,-0.000873240,0.000004303,-0.000000094,0.082024704,0.082020415,0.081558551,-0.008732400,0.008155855,-0.000873240,0.215202243,0.399489605,0.429541432,absolute
3.900000000,3,0.000569087,-0.400902175,0.400902578,0.008845042,0.000306488,0.008850350,0.017690084,0.000612975,0.017700701,-0.026319430,-0.000974367,0.297092286,0.016101602,-0.024621190,0.000029741,0.122457454,0.109559887,0.012245745,0.010955989,0.161016018,0.000297408,0.164314324,0.115866528,0.122457454,0.109559887,0.012245745,0.010955989,0.215420042,0.399463568,0.304444062,absolute
4.203000000,4,0.006302673,0.320229579,0.320291597,0.008845990,0.000640774,0.008869168,0.017691980,0.001281548,0.017738335,-0.011680709,-0.000514478,0.296814936,0.042937758,-0.010896821,0.000052152,0.438568793,-0.072837736,0.043856879,-0.007283774,0.429377585,0.000521518,0.444576115,0.073932797,0.438568793,-0.072837736,0.043856879,-0.007283774,0.214959716,0.399523018,0.522614295,absolute
4.500000000,5,0.004753531,0.419577731,0.419604658,0.008816122,0.001036088,0.008876795,0.017632244,0.002072176,0.017753590,0.001753034,-0.000092444,0.298132053,0.069781576,0.001641925,0.000032592,0.569662280,0.018804165,0.056966228,0.001880417,0.697815756,0.000325917,0.569972552,0.129478798,0.569662280,0.018804165,0.056966228,0.001880417,0.214905112,0.399534010,0.520392028,absolute
4.700000000,6,0.002074740,-0.161781564,0.161794867,0.008861583,0.000829052,0.008900280,0.017723166,0.001658104,0.017800559,-0.006256792,-0.000344080,0.297764267,0.085883051,-0.005853695,0.000028411,0.726644718,-0.113617840,0.072664472,-0.011361784,0.858830510,0.000284111,0.735473697,0.174489936,0.726644718,-0.113617840,0.072664472,-0.011361784,0.215287926,0.399454866,0.724382061,absolute
4.900000000,7,-0.002710306,0.344886973,0.344897623,0.008832275,0.001243948,0.008919444,0.017664550,0.002487897,0.017838889,0.008506529,0.000119723,0.297570156,0.105564538,0.007954173,0.000036869,0.855573919,0.037736509,0.085557392,0.003773651,1.055645375,0.000368688,0.856405731,0.203531180,0.855573919,0.037736509,0.085557392,0.003773651,0.214964783,0.399515129,0.735706352,absolute
5.108000000,8,-0.006680775,-0.501339444,0.501383956,0.008785579,0.000707674,0.008814034,0.017571158,0.001415348,0.017628069,-0.012679082,-0.000545843,0.298284671,0.123461043,-0.011887715,0.000021800,1.199673396,0.139950266,0.119967340,0.013995027,1.234610431,0.000217996,1.207808898,0.144033689,1.199673396,0.139950266,0.119967340,0.013995027,0.215519058,0.399445373,1.017790485,absolute
5.316000000,9,-0.002424314,0.229331010,0.229343824,0.008849045,0.000068917,0.008849313,0.017698090,0.000137835,0.017698627,-0.036711974,-0.001300858,0.296103367,0.141353059,-0.034303040,0.000030939,1.356860157,-0.013274621,0.135686016,-0.001327462,1.413530594,0.000309388,1.356925090,0.058275756,1.356860157,-0.013274621,0.135686016,-0.001327462,0.215041978,0.399503416,1.214139391,absolute
5.600000000,10,0.008671359,0.539734357,0.539804009,0.008949172,0.002373609,0.009258601,0.017898344,0.004747218,0.018517203,0.022684784,0.000565146,0.297632803,0.168193428,0.021247186,0.000087762,1.572701596,0.045808560,0.157270160,0.004580856,1.681934276,0.000877616,1.573368595,0.118112523,1.572701596,0.045808560,0.157270160,0.004580856,0.214861100,0.399537705,1.403158979,absolute
5.800000000,11,0.000565450,-0.081487047,0.081489009,0.008899015,0.001289793,0.008991999,0.017798031,0.002579585,0.017983998,-0.016054182,-0.000651875,0.297516557,0.186083366,-0.015018192,0.000152272,1.771846015,0.057457152,0.177184601,0.005745715,1.860833659,0.001522722,1.772777376,0.105106904,1.771846015,0.057457152,0.177184601,0.005745715,0.215263170,0.399448069,1.593708863,absolute
6.001000000,12,0.007164996,0.642125913,0.642165886,0.008909775,0.002172133,0.009170728,0.017819549,0.004344265,0.018341455,0.015623946,0.000343323,0.297850601,0.203975707,0.014631473,0.000193236,2.082517800,-0.102266179,0.208251780,-0.010226618,2.039757069,0.001932359,2.085027280,0.112631326,2.082517800,-0.102266179,0.208251780,-0.010226618,0.214803174,0.399554343,1.933954953,absolute
6.305000000,13,-0.002667350,0.018960040,0.019146746,0.008880192,0.001081180,0.008945768,0.017760384,0.002162360,0.017891535,-0.023265789,-0.000878434,0.298428322,0.230817916,-0.021851540,0.000187500,2.232919196,0.001415432,0.223291920,0.000141543,2.308179160,0.001875002,2.232919644,0.075261368,2.232919196,0.001415432,0.223291920,0.000141543,0.215208501,0.399450634,2.056596331,absolute
6.602000000,14,-0.002260961,0.675585355,0.675589138,0.008868833,0.003120900,0.009401926,0.017737665,0.006241800,0.018803851,0.048640767,0.001380577,0.294566817,0.257651652,0.045366264,0.000192853,2.460535366,0.034287949,0.246053537,0.003428795,2.576516524,0.001928533,2.460774259,0.120410801,2.460535366,0.034287949,0.246053537,0.003428795,0.214802955,0.399545683,2.275242246,absolute
6.900000000,15,0.010354630,0.311119906,0.311292168,0.008900300,0.006072451,0.010774507,0.017800599,0.012144902,0.021549014,0.155605722,0.004740980,0.263227299,0.282792450,0.140013655,0.008609459,2.718350537,-0.096884915,0.271835054,-0.009688492,2.827924502,0.086094586,2.720076530,0.213279047,2.718350537,-0.096884915,0.271835054,-0.009688492,0.215075135,0.399447849,2.552005868,absolute
7.107000000,16,-0.006192254,0.296377293,0.296441973,0.008909656,0.009891292,0.013312387,0.017819313,0.019782585,0.026624773,0.292986372,0.009056921,0.180356308,0.295520805,0.237073624,0.021049238,2.865332924,0.144875285,0.286533292,0.014487529,2.955208049,0.210492383,2.868993136,0.111279565,2.865332924,0.144875285,0.286533292,0.014487529,0.215125352,0.399418364,2.662403492,absolute
7.400000000,17,-0.002442979,-0.107806913,0.107834589,0.008896864,0.013505823,0.016172862,0.017793729,0.027011646,0.032345724,0.420843540,0.013073672,0.073486178,0.304725793,0.289391413,0.049564384,2.961723609,0.423044062,0.296172361,0.042304406,3.047257926,0.495643839,2.991784253,0.112191117,2.961723609,0.423044062,0.296172361,0.042304406,0.215433353,0.399346222,2.746392499,absolute
7.704000000,18,-0.000808054,0.620006353,0.620006880,0.008866067,0.015300362,0.017683558,0.017732135,0.030600723,0.035367116,0.483510832,0.015042423,0.015439232,0.306065156,0.297775091,0.072783712,2.910709303,0.732458453,0.291070930,0.073245845,3.060651558,0.727837121,3.001453653,0.150013455,2.910709303,0.732458453,0.291070930,0.073245845,0.214979017,0.399458243,2.716219968,absolute
8.001000000,19,-0.000714672,0.156793329,0.156794958,0.008841989,0.014718784,0.017170421,0.017683978,0.029437568,0.034340842,0.464666796,0.014450420,0.033013183,0.307612977,0.296186753,0.099581559,2.987842783,0.966116808,0.298784278,0.096611681,3.076129767,0.995815593,3.140157032,0.093148319,2.987842783,0.966116808,0.298784278,0.096611681,0.215271831,0.399377198,2.829901672,absolute
8.300000000,20,0.000804017,-0.077054851,0.077059045,0.008847365,0.014390148,0.016892372,0.017694731,0.028780296,0.033784744,0.451618605,0.014040499,0.045110137,0.309069132,0.294498666,0.124586048,3.163329393,1.318136167,0.316332939,0.131813617,3.090691322,1.245860479,3.426971812,0.102469822,3.163329393,1.318136167,0.316332939,0.131813617,0.215417811,0.399349425,3.087774567,absolute
8.601000000,21,-0.004553924,0.222124399,0.222171075,0.008828021,0.014899040,0.017318065,0.017656042,0.029798081,0.034636129,0.471620706,0.014668884,0.026587827,0.310668719,0.297425728,0.153174439,3.039050140,1.338949721,0.303905014,0.133894972,3.106687192,1.531744395,3.320935427,0.204314848,3.039050140,1.338949721,0.303905014,0.133894972,0.215226063,0.399392647,2.976029219,absolute
8.900000000,22,-0.001342080,0.343425380,0.343428002,0.008853156,0.014654224,0.017120884,0.017706312,0.029308448,0.034241767,0.462149152,0.014371326,0.035375138,0.312097698,0.296086694,0.179974617,3.058441615,1.753100232,0.305844162,0.175310023,3.120976975,1.799746170,3.525255386,0.078016119,3.058441615,1.753100232,0.305844162,0.175310023,0.215141274,0.399416864,3.149097568,absolute
9.200000000,23,-0.008267039,0.269428697,0.269555498,0.008838492,0.015570453,0.017904132,0.017676985,0.031140905,0.035808264,0.492679418,0.015330463,0.006876076,0.313517357,0.298929407,0.206776831,3.138382205,2.012529702,0.313838221,0.201252970,3.135173566,2.067768306,3.728232647,0.055331715,3.138382205,2.012529702,0.313838221,0.201252970,0.215197413,0.399404159,3.338739785,absolute
9.400000000,24,0.001348438,0.680601855,0.680603191,0.008848675,0.015530173,0.017874152,0.017697350,0.031060345,0.035748304,0.491379673,0.015289630,0.008056633,0.314464042,0.297422479,0.224640917,3.064756379,2.122685042,0.306475638,0.212268504,3.144640424,2.246409175,3.728072350,0.147272271,3.064756379,2.122685042,0.306475638,0.212268504,0.214928257,0.399479286,3.330309056,absolute
9.702000000,25,-0.002169682,0.197746498,0.197758400,0.008772454,0.016237875,0.018456016,0.017544908,0.032475751,0.036912033,0.517215990,0.016101302,-0.016121491,0.314864274,0.297782768,0.251430662,3.241060049,2.412483309,0.324106005,0.241248331,3.148642741,2.514306624,4.040364582,0.137509805,3.241060049,2.412483309,0.324106005,0.241248331,0.215249761,0.399392859,3.634289623,absolute
10.000000000,26,-0.000479185,0.533873289,0.533873504,0.008760443,0.020808675,0.022577562,0.017520885,0.041617350,0.045155125,0.681620876,0.021266234,-0.160931847,0.304034986,0.250756455,0.275630414,3.086405977,2.761300349,0.308640598,0.276130035,3.040349864,2.756304139,4.141338125,0.046326317,3.086405977,2.761300349,0.308640598,0.276130035,0.215087706,0.399457586,3.717898579,absolute
10.205000000,27,-0.006932102,0.615215537,0.615254591,0.008749795,0.024499699,0.026015268,0.017499590,0.048999398,0.052030536,0.815266615,0.025464839,-0.249211344,0.290403211,0.163402613,0.287068026,3.023648308,2.885620417,0.302364831,0.288562042,2.904032114,2.870680261,4.179623701,0.120545602,3.023648308,2.885620417,0.302364831,0.288562042,0.215078346,0.399483010,3.750859160,absolute
10.418000000,28,-0.004343870,-0.248470190,0.248508157,0.008712325,0.026622547,0.028011866,0.017424650,0.053245094,0.056023731,0.891698495,0.027866017,-0.280652952,0.271824183,0.099352841,0.293166116,2.788145603,2.882897087,0.278814560,0.288289709,2.718241832,2.931661165,4.010592415,0.085231875,2.788145603,2.882897087,0.278814560,0.288289709,0.215663853,0.399373437,3.575689036,absolute
10.704000000,29,-0.000838105,0.116580391,0.116583404,0.008802691,0.030154119,0.031412709,0.017605382,0.060308238,0.062825417,-0.978863455,0.031932433,-0.298042445,0.245120473,-0.019819877,0.291344817,2.496425163,2.870856338,0.249642516,0.287085634,2.451204725,2.913448174,3.804465101,0.062120468,2.496425163,2.870856338,0.249642516,0.287085634,0.214950804,0.399640023,3.363336933,absolute
11.003000000,30,0.003610685,-0.427906979,0.427922212,0.008791401,0.029684273,0.030958760,0.017582801,0.059368547,0.061917520,-0.997001775,0.031362601,-0.297932369,0.220256803,-0.002806368,0.288296678,2.237757662,2.942395415,0.223775766,0.294239542,2.202568028,2.882966776,3.696653911,0.069065720,2.237757662,2.942395415,0.223775766,0.294239542,0.215295576,0.399610116,3.249016770,absolute
11.300000000,31,0.002962545,0.689128435,0.689134803,0.008822703,0.030561852,0.031809855,0.017645406,0.061123704,0.063619711,-0.963739278,0.032407573,-0.296744785,0.193620258,-0.033951090,0.285009055,2.098794331,2.869067270,0.209879433,0.286906727,1.936202576,2.850090554,3.554783347,0.163695432,2.098794331,2.869067270,0.209879433,0.286906727,0.214568218,0.399749523,3.106096936,absolute
11.501000000,32,0.001084933,-0.354067495,0.354069158,0.008832334,0.029640778,0.030928722,0.017664667,0.059281556,0.061857444,-0.996581254,0.031375812,-0.297903932,0.174089984,-0.003199703,0.282586287,1.849175675,2.927962492,0.184917568,0.292796249,1.740899843,2.825862869,3.463006647,0.148822005,1.849175675,2.927962492,0.184917568,0.292796249,0.215233908,0.399617067,3.010364810,absolute
11.706000000,33,0.004156043,0.059443205,0.059588315,0.008892941,0.029191872,0.030516386,0.017785883,0.058383745,0.061032772,-0.997600952,0.031343777,-0.297372519,0.158111274,-0.002241289,0.280586085,1.833018801,2.917621709,0.183301880,0.291762171,1.581112742,2.805860855,3.445645711,0.275585107,1.833018801,2.917621709,0.183301880,0.291762171,0.214958092,0.399637391,2.993052870,absolute
12.009000000,34,0.008837702,0.276295071,0.276436379,0.008808528,0.030046686,0.031311236,0.017617057,0.060093372,0.062622472,-0.966518900,0.032320249,-0.296252429,0.131486704,-0.031276438,0.277200447,1.476787022,2.969255818,0.147678702,0.296925582,1.314867035,2.772004471,3.316229790,0.255198307,1.476787022,2.969255818,0.147678702,0.296925582,0.214819127,0.399680684,2.862739831,absolute
12.304000000,35,0.000333119,-0.034454681,0.034456291,0.008803332,0.029140694,0.030441398,0.017606665,0.058281387,0.060882795,-0.996276513,0.031385386,-0.297315363,0.099543778,-0.003478059,0.273103618,1.224597136,2.820799977,0.122459714,0.282079998,0.995437776,2.731036183,3.075150509,0.246112883,1.224597136,2.820799977,0.122459714,0.282079998,0.215002824,0.399632533,2.623229397,absolute
12.513000000,36,0.000231206,0.409396558,0.409396624,0.008852883,0.029577750,0.030874210,0.017705767,0.059155499,0.061748419,-0.978452665,0.031945338,-0.297046433,0.085346566,-0.020138719,0.271273051,0.976464466,2.807553366,0.097646447,0.280755337,0.853465662,2.712730513,2.972513878,0.155306404,0.976464466,2.807553366,0.097646447,0.280755337,0.214714549,0.399710038,2.525464794,absolute
12.802000000,37,-0.008787112,0.673153796,0.673211145,0.008886740,0.029600574,0.030905794,0.017773480,0.059201148,0.061811589,-0.978393097,0.031947210,-0.297239228,0.060496314,-0.020207671,0.268108441,0.595381798,2.823667751,0.059538180,0.282366775,0.604963143,2.681084414,2.885754503,0.142904899,0.595381798,2.823667751,0.059538180,0.282366775,0.214534611,0.399761386,2.453643545,absolute
13.105000000,38,0.001052950,0.105742714,0.105747956,0.008926533,0.030461351,0.031742352,0.017853066,0.060922702,0.063484703,-0.948935021,0.032872663,-0.294682448,0.034041474,-0.047684315,0.263845672,0.383697143,2.850969384,0.038369714,0.285096938,0.340414735,2.638456719,2.876673413,0.216875539,0.383697143,2.850969384,0.038369714,0.285096938,0.214907009,0.399661783,2.457111936,absolute
13.400000000,39,0.007154353,-0.372687132,0.372755796,0.008964735,0.034692020,0.035831588,0.017929469,0.069384040,0.071663177,-0.798021605,0.037613747,-0.240080114,0.012080962,-0.176718621,0.248995255,0.318915808,2.766348648,0.031891581,0.276634865,0.120809621,2.489952551,2.784670920,0.340060088,0.318915808,2.766348648,0.031891581,0.276634865,0.215254494,0.399636547,2.368981181,absolute
13.601000000,40,0.000709971,0.058337416,0.058341736,0.008972974,0.038248435,0.039286856,0.017945948,0.076496870,0.078573712,-0.669203311,0.041660693,-0.151316414,0.003171867,-0.257329865,0.233585555,0.087373956,2.525200358,0.008737396,0.252520036,0.031718671,2.335855549,2.526711510,0.197354928,0.087373956,2.525200358,0.008737396,0.252520036,0.214995735,0.399648868,2.129379359,absolute
13.802000000,41,0.003011782,0.183865204,0.183889870,0.008974375,0.041699618,0.042654397,0.017948749,0.083399236,0.085308793,-0.543198771,0.045619243,-0.040287678,0.000230876,-0.295034755,0.216035855,0.021204353,2.394525817,0.002120435,0.239452582,0.002308762,2.160358553,2.394619701,0.234928396,0.021204353,2.394525817,0.002120435,0.239452582,0.214934980,0.399653446,2.004257302,absolute
14.100000000,42,-0.004253280,0.337399067,0.337425875,0.008904801,0.042437932,0.043362121,0.017809603,0.084875864,0.086724242,-0.515582735,0.046486826,-0.014576737,0.001979792,-0.297522368,0.189254039,0.106310304,2.244348502,0.010631030,0.224434850,0.019797924,1.892540386,2.246864944,0.362289032,0.106310304,2.244348502,0.010631030,0.224434850,0.214841158,0.399674918,1.847863517,absolute
14.300000000,43,0.012617752,0.751976740,0.752082592,0.008939028,0.043371015,0.044282629,0.017878057,0.086742031,0.088565258,-0.480697059,0.047582792,0.018077143,0.003157864,-0.297730692,0.171397440,0.049054402,1.962404796,0.004905440,0.196240480,0.031578638,1.713974396,1.963017809,0.249044305,0.049054402,1.962404796,0.004905440,0.196240480,0.214580384,0.399739957,1.571407092,absolute
14.601000000,44,-0.005262067,0.309197646,0.309242419,0.008930723,0.042879399,0.043799551,0.017861447,0.085758798,0.087599103,-0.498952009,0.047009296,0.000981786,0.004881941,-0.298200025,0.144614214,0.004397033,1.719452890,0.000439703,0.171945289,0.048819408,1.446142137,1.719458512,0.276897301,0.004397033,1.719452890,0.000439703,0.171945289,0.214867511,0.399663061,1.336466615,absolute
14.903000000,45,0.003144694,-0.441840059,0.441851249,0.008950462,0.042096654,0.043037647,0.017900924,0.084193309,0.086075294,-0.529445649,0.046051310,-0.027554243,0.006606624,-0.297013497,0.117832355,-0.068101266,1.424392806,-0.006810127,0.142439281,0.066066242,1.178323551,1.426019862,0.280269510,-0.068101266,1.424392806,-0.006810127,0.142439281,0.215359582,0.399599287,1.063274099,absolute
15.204000000,46,-0.002031608,-0.090838648,0.090861364,0.008913664,0.042123554,0.043056326,0.017827329,0.084247107,0.086112652,-0.515163184,0.046500007,-0.014201536,0.008299987,-0.297897157,0.091047365,0.090090342,1.125357793,0.009009034,0.112535779,0.082999869,0.910473651,1.128958118,0.215001091,0.090090342,1.125357793,0.009009034,0.112535779,0.215133812,0.399603174,0.736447986,absolute
15.503000000,47,-0.000649267,-0.340781348,0.340781967,0.008892126,0.040998466,0.041951688,0.017784253,0.081996932,0.083903376,-0.555791661,0.045223626,-0.052118551,0.009972801,-0.294302304,0.064258201,-0.101508913,0.692026593,-0.010150891,0.069202659,0.099728011,0.642582012,0.699431816,0.207222263,-0.101508913,0.692026593,-0.010150891,0.069202659,0.215295717,0.399602252,0.431134745,absolute
15.800000000,48,-0.006818545,-0.721212643,0.721244875,0.008865075,0.041372200,0.042311328,0.017730150,0.082744400,0.084622656,-0.541957388,0.045658242,-0.039233200,0.011555034,-0.295917011,0.037465379,0.080098602,0.592192769,0.008009860,0.059219277,0.115550338,0.374653790,0.597585192,0.220408786,0.080098602,0.592192769,0.008009860,0.059219277,0.215549600,0.399589441,0.235463405,absolute
16.001000000,49,-0.004244283,-0.658503905,0.658517583,0.008850834,0.042287462,0.043203781,0.017701667,0.084574925,0.086407563,-0.509591401,0.046675050,-0.008985264,0.012997998,-0.298103741,0.019646340,-0.004333845,0.493732857,-0.000433385,0.049373286,0.129979985,0.196463403,0.493751877,0.326204435,-0.004333845,0.493732857,-0.000433385,0.049373286,0.215515795,0.399583181,0.239161087,absolute
16.300000000,50,-0.006156994,0.036556241,0.037071112,0.008827009,0.048315699,0.049115404,0.017654018,0.096631399,0.098230808,-0.294756190,0.053424297,0.179317788,0.024681019,-0.238448268,-0.004158909,0.036884725,0.203298447,0.003688472,0.020329845,0.246810186,-0.041589089,0.206617380,0.322550159,0.036884725,0.203298447,0.003688472,0.020329845,0.215093790,0.399549959,0.265090790,absolute
16.515000000,51,0.000611376,0.748521769,0.748522018,0.008844278,0.051442307,0.052197051,0.017688555,0.102884613,0.104394103,-0.182704956,0.056944490,0.249702823,0.040300793,-0.161458979,-0.015913277,0.199026280,0.106689171,0.019902628,0.010668917,0.403007930,-0.159132771,0.225818598,0.335066886,0.199026280,0.106689171,0.019902628,0.010668917,0.214651916,0.399642011,0.293369267,absolute
16.803000000,52,0.000525997,-0.172959202,0.172960002,0.008852322,0.055585282,0.056285763,0.017704644,0.111170564,0.112571527,-0.032766971,0.061654931,0.296624296,0.064633205,-0.030642961,-0.020654294,0.381052950,-0.025294170,0.038105295,-0.002529417,0.646332049,-0.206542939,0.381891537,0.321285101,0.381052950,-0.025294170,0.038105295,-0.002529417,0.215287056,0.399452551,0.455947485,absolute
17.101000000,53,0.011472577,0.301333303,0.301551620,0.008881038,0.056319038,0.057014971,0.017762075,0.112638076,0.114029941,-0.005463780,0.062512686,0.298406034,0.091390118,-0.005122634,-0.018550550,0.671148184,-0.033092441,0.067114818,-0.003309244,0.913901178,-0.185505501,0.671963536,0.286633489,0.671148184,-0.033092441,0.067114818,-0.003309244,0.214991538,0.399498959,0.628660644,absolute
17.400000000,54,-0.000944852,0.333324734,0.333326073,0.008841053,0.057168594,0.057848184,0.017682106,0.114337188,0.115696368,0.024897672,0.063466519,0.298057599,0.116239815,0.023361233,-0.015504916,0.929208723,-0.058470508,0.092920872,-0.005847051,1.162398149,-0.155049162,0.931046536,0.252397988,0.929208723,-0.058470508,0.092920872,-0.005847051,0.214982273,0.399494429,0.848440514,absolute
17.602000000,55,-0.002776722,0.536532685,0.536539871,0.008843087,0.057401494,0.058078669,0.017686174,0.114802989,0.116157337,0.034149243,0.063757166,0.295859093,0.135699732,0.031862992,-0.012578099,1.100130562,-0.012541184,0.110013056,-0.001254118,1.356997319,-0.125780987,1.100202042,0.280720117,1.100130562,-0.012541184,0.110013056,-0.001254118,0.214857003,0.399526926,0.976478060,absolute
17.904000000,56,0.004909784,-0.608951168,0.608970960,0.008859626,0.056475931,0.057166632,0.017719253,0.112951862,0.114333263,0.000719382,0.062706936,0.297673209,0.162241793,0.000672744,-0.008602572,1.208927426,-0.106687913,0.120892743,-0.010668791,1.622417930,-0.086025719,1.213625903,0.414006429,1.208927426,-0.106687913,0.120892743,-0.010668791,0.215607659,0.399421488,1.114823253,absolute
18.201000000,57,-0.001082807,0.223834182,0.223836801,0.008897033,0.057063470,0.057752895,0.017794065,0.114126941,0.115505789,0.021623112,0.063363646,0.298274219,0.188796117,0.020293294,-0.004655164,1.575096713,-0.125099269,0.157509671,-0.012509927,1.887961170,-0.046551643,1.580056797,0.322573864,1.575096713,-0.125099269,0.157509671,-0.012509927,0.215073138,0.399467896,1.457681321,absolute
18.500000000,58,0.008300809,-0.413376702,0.413460036,0.008880566,0.056379634,0.057074754,0.017761132,0.112759268,0.114149508,-0.003976223,0.062559419,0.299144691,0.215345070,-0.003737012,-0.000713239,1.865914047,-0.103271671,0.186591405,-0.010327167,2.153450704,-0.007132395,1.868769721,0.303183260,1.865914047,-0.103271671,0.186591405,-0.010327167,0.215493570,0.399421373,1.725279122,absolute
18.800000000,59,0.004903581,-0.218066087,0.218121213,0.008893028,0.056445271,0.057141531,0.017786057,0.112890542,0.114283062,-0.001404646,0.062640207,0.298394375,0.241891709,-0.001316771,0.003211533,2.123207784,-0.089107082,0.212320778,-0.008910708,2.418917085,0.032115334,2.125076791,0.319591716,2.123207784,-0.089107082,0.212320778,-0.008910708,0.215373064,0.399422778,1.969389434,absolute
19.003000000,60,0.003388608,0.214174912,0.214201717,0.008895638,0.057518805,0.058202622,0.017791276,0.115037609,0.116405245,0.037568071,0.063864571,0.296025744,0.259586151,0.035101150,0.005859731,2.291330401,-0.077081543,0.229133040,-0.007708154,2.595861514,0.058597307,2.292626566,0.333388586,2.291330401,-0.077081543,0.229133040,-0.007708154,0.215103386,0.399453696,2.130212302,absolute
19.301000000,61,0.001609633,-0.011678292,0.011788699,0.008854395,0.059497473,0.060152719,0.017708790,0.118994945,0.120305437,0.107118736,0.066049570,0.280980786,0.284933208,0.098295531,0.013896106,2.541691684,-0.041846842,0.254169168,-0.004184684,2.849332078,0.138961060,2.542036147,0.356839053,2.541691684,-0.041846842,0.254169168,-0.004184684,0.215273837,0.399393341,2.367892079,absolute
19.501000000,62,-0.005510240,-0.054592160,0.054869543,0.008755448,0.063111547,0.063715973,0.017510896,0.126223093,0.127431946,0.236967421,0.070128887,0.219599686,0.298030032,0.202315530,0.025947525,2.691926842,0.039974659,0.269192684,0.003997466,2.980300318,0.259475253,2.692223634,0.362408295,2.691926842,0.039974659,0.269192684,0.003997466,0.215339457,0.399362301,2.502527632,absolute
19.800000000,63,0.000418130,-0.226863054,0.226863439,0.008755197,0.066722048,0.067294020,0.017510394,0.133444096,0.134588041,0.366612816,0.074201817,0.121434056,0.307748466,0.272621221,0.050615046,2.845444347,0.246930803,0.284544435,0.024693080,3.077484659,0.506150464,2.856138714,0.347904497,2.845444347,0.246930803,0.284544435,0.024693080,0.215495708,0.399337562,2.634360959,absolute
20.106000000,64,0.000267874,0.026371581,0.026372942,0.008716497,0.069226091,0.069772695,0.017432994,0.138452181,0.139545390,0.455008865,0.076978861,0.041953217,0.306793735,0.294837532,0.077407110,2.887045288,0.498794891,0.288704529,0.049879489,3.067937345,0.774071099,2.929816861,0.329391753,2.887045288,0.498794891,0.288704529,0.049879489,0.215358259,0.399341387,2.673537466,absolute
20.401000000,65,0.000759999,-0.136482180,0.136484296,0.008795400,0.069795480,0.070347481,0.017590799,0.139590960,0.140694962,0.475380858,0.077618866,0.023011094,0.305101895,0.296925361,0.104193296,2.900592571,0.750034066,0.290059257,0.075003407,3.051018949,1.041932959,2.995995387,0.328379444,2.900592571,0.750034066,0.290059257,0.075003407,0.215469087,0.399334333,2.707928808,absolute
20.700000000,66,-0.001467345,0.404618151,0.404620812,0.008774044,0.070098862,0.070645838,0.017548089,0.140197725,0.141291675,0.487063467,0.077985886,0.012133876,0.303389856,0.298395704,0.130979156,2.915732524,0.997544774,0.291573252,0.099754477,3.033898559,1.309791559,3.081654058,0.333858153,2.915732524,0.997544774,0.291573252,0.099754477,0.215115902,0.399412603,2.766060779,absolute
21.000000000,67,-0.008284682,-0.063340115,0.063879622,0.008728357,0.069131477,0.069680308,0.017456713,0.138262954,0.139360616,0.452170177,0.076889681,0.044628997,0.301671672,0.294769507,0.157760222,2.935003826,1.243445961,0.293500383,0.124344596,3.016716724,1.577602219,3.187539069,0.344002038,2.935003826,1.243445961,0.293500383,0.124344596,0.215404211,0.399342946,2.847583532,absolute
21.300000000,68,-0.002890460,0.173172081,0.173196202,0.008739847,0.070256198,0.070797728,0.017479694,0.140512396,0.141595456,0.492013575,0.078141398,0.007477810,0.300067282,0.297975799,0.182760187,2.952929913,1.487855815,0.295292991,0.148785581,3.000672821,1.827601869,3.306585852,0.343084197,2.952929913,1.487855815,0.295292991,0.148785581,0.215261957,0.399374935,2.946118881,absolute
21.608000000,69,0.006402046,-0.132402387,0.132557075,0.008793498,0.069320429,0.069875943,0.017586995,0.138640858,0.139751887,0.459067505,0.077106367,0.038323260,0.298277916,0.296374757,0.211334408,2.970284325,1.767654086,0.297028433,0.176765409,2.982779159,2.113344076,3.456470735,0.345915727,2.970284325,1.767654086,0.297028433,0.176765409,0.215447059,0.399343604,3.075939197,absolute
21.904000000,70,0.000903981,0.472996323,0.472997186,0.008795337,0.069714155,0.070266787,0.017590674,0.139428310,0.140533574,0.471968997,0.077511679,0.026262004,0.296572349,0.297450491,0.238118433,2.990758837,1.962486238,0.299075884,0.196248624,2.965723490,2.381184328,3.577148397,0.419445895,2.990758837,1.962486238,0.299075884,0.196248624,0.215051989,0.399434543,3.185542200,absolute
22.205000000,71,0.003125167,0.014486360,0.014819625,0.008843739,0.072472477,0.073010079,0.017687477,0.144944954,0.146020158,0.572374921,0.080666024,-0.067266928,0.291960764,0.290728705,0.264382892,2.997394987,2.217906217,0.299739499,0.221790622,2.919607638,2.643828920,3.728737681,0.432967690,2.997394987,2.217906217,0.299739499,0.221790622,0.215385409,0.399350437,3.323660996,absolute
22.410000000,72,0.003846805,0.081318035,0.081408972,0.008891991,0.075004332,0.075529579,0.017783982,0.150008663,0.151059158,0.662307118,0.083491327,-0.145674563,0.282075549,0.260490776,0.279185629,2.960760154,2.335419315,0.296076015,0.233541931,2.820755485,2.791856294,3.770979192,0.477426458,2.960760154,2.335419315,0.296076015,0.233541931,0.215371999,0.399365987,3.359383665,absolute
22.700000000,73,0.001042997,0.291447627,0.291449493,0.008889001,0.080011527,0.080503781,0.017778001,0.160023054,0.161007562,0.841244530,0.089112812,-0.262220521,0.260924545,0.142824721,0.292105584,2.783011001,2.556825538,0.278301100,0.255682554,2.609245449,2.921055838,3.779220431,0.403556908,2.783011001,2.556825538,0.278301100,0.255682554,0.215293578,0.399417942,3.353741239,absolute
22.901000000,74,0.002686041,0.187716163,0.187735379,0.008937012,0.080414376,0.080909469,0.017874024,0.160828753,0.161818937,0.855849403,0.089571638,-0.268370298,0.242101099,0.130586398,0.297804740,2.638767181,2.637013092,0.263876718,0.263701309,2.421010987,2.978047398,3.730540214,0.404625948,2.638767181,2.637013092,0.263876718,0.263701309,0.215360464,0.399402619,3.298454297,absolute
23.200000000,75,-0.002690750,0.032754059,0.032864396,0.008973641,0.084300224,0.084776495,0.017947282,0.168600448,0.169552989,0.997701507,0.094028053,-0.297923159,0.215393320,0.002151320,0.297215641,2.404535023,2.688500351,0.240453502,0.268850035,2.153933199,2.972156410,3.606913197,0.378499714,2.404535023,2.688500351,0.240453502,0.268850035,0.215499552,0.399387690,3.167319540,absolute
23.501000000,76,0.003525560,0.115810587,0.115864238,0.008971084,0.083918735,0.084396887,0.017942169,0.167837470,0.168793773,0.984895784,0.093625749,-0.297640556,0.188737157,0.014134039,0.294050305,2.162284057,2.704118431,0.216228406,0.270411843,1.887371575,2.940503051,3.462329972,0.362566630,2.162284057,2.704118431,0.216228406,0.270411843,0.215434787,0.399404210,3.016940457,absolute
23.800000000,77,0.003936769,-0.296635290,0.296661412,0.008983682,0.083578339,0.084059773,0.017967365,0.167156679,0.168119545,0.970844295,0.093184309,-0.297312668,0.162083512,0.027308871,0.290892838,1.926116942,2.716618538,0.192611694,0.271661854,1.620835116,2.908928380,3.330156566,0.360804751,1.926116942,2.716618538,0.192611694,0.271661854,0.215693174,0.399378290,2.880130524,absolute
24.001000000,78,-0.002092949,0.403799587,0.403805011,0.008966545,0.084292996,0.084768556,0.017933090,0.168585993,0.169537113,0.997211104,0.094012646,-0.298650385,0.144315564,0.002616715,0.288792128,1.769876074,2.726200541,0.176987607,0.272620054,1.443155641,2.887921277,3.250327785,0.364554301,1.769876074,2.726200541,0.176987607,0.272620054,0.215237417,0.399462585,2.798322868,absolute
24.202000000,79,-0.000621603,0.199539249,0.199540218,0.008993592,0.084442585,0.084920168,0.017987183,0.168885170,0.169840335,-0.995220235,0.094250423,-0.297903215,0.126546129,-0.004473673,0.286715348,1.567604309,2.730196975,0.156760431,0.273019698,1.265461289,2.867153484,3.148231058,0.331734065,1.567604309,2.730196975,0.156760431,0.273019698,0.214860028,0.399656404,2.694686706,absolute
24.500000000,80,0.003560172,-0.305593414,0.305614152,0.008976707,0.084195978,0.084673160,0.017953414,0.168391956,0.169346319,0.996335159,0.093985128,-0.298784568,0.100138187,0.003440190,0.281928186,1.376073284,2.742188260,0.137607328,0.274218826,1.001381867,2.819281858,3.068089656,0.382540300,1.376073284,2.742188260,0.137607328,0.274218826,0.215689558,0.399386196,2.614423819,absolute
24.800000000,81,-0.001211377,0.038625878,0.038644869,0.008970565,0.084592674,0.085066982,0.017941129,0.169185347,0.170133965,-0.990607935,0.094395322,-0.297621314,0.075529526,-0.008784176,0.277271557,1.150214284,2.742289693,0.115021428,0.274228969,0.755295258,2.772715570,2.973742702,0.396089347,1.150214284,2.742289693,0.115021428,0.274228969,0.214952299,0.399632747,2.522450504,absolute
25.105000000,82,-0.001045289,-1.000000000,1.000000000,0.008978363,0.083244881,0.083727661,0.017956725,0.166489763,0.167455322,0.962728651,0.092929348,-0.295790580,0.047405098,0.034793689,0.271926154,0.907430896,2.741617625,0.090743090,0.274161763,0.474050983,2.719261543,2.887888162,0.433956153,0.907430896,2.741617625,0.090743090,0.274161763,0.216119023,0.399373512,2.442134229,absolute
25.400000000,83,0.007105072,0.293153935,0.293240024,0.009013598,0.085169389,0.085645021,0.018027196,0.170338777,0.171290043,-0.968590957,0.095087006,-0.296717202,0.021083151,-0.029373793,0.266700851,0.674694702,2.742956917,0.067469470,0.274295692,0.210831512,2.667008508,2.824716904,0.470039594,0.674694702,2.742956917,0.067469470,0.274295692,0.214779103,0.399684695,2.387979703,absolute
25.601000000,84,-0.001402858,0.332918124,0.332921080,0.008997750,0.088046007,0.088504569,0.017995500,0.176092013,0.177009139,-0.863549274,0.098386988,-0.271095851,0.005127302,-0.123894979,0.258818766,0.528217232,2.728159172,0.052821723,0.272815917,0.051273019,2.588187657,2.778824555,0.497059158,0.528217232,2.728159172,0.052821723,0.272815917,0.214776406,0.399697199,2.349463835,absolute
25.900000000,85,0.000341356,-0.121768293,0.121768771,0.008935497,0.091984910,0.092417892,0.017870995,0.183969820,0.184835784,-0.722782630,0.102809303,-0.192432212,-0.011178117,-0.228513529,0.237899219,0.318434544,2.602782035,0.031843454,0.260278204,-0.111781171,2.378992188,2.622188949,0.484940674,0.318434544,2.602782035,0.031843454,0.260278204,0.215102379,0.399630603,2.205573343,absolute
26.100000000,86,-0.002298010,0.121332739,0.121354498,0.008950481,0.095453111,0.095871828,0.017900962,0.190906222,0.191743657,-0.597163169,0.106755754,-0.089510192,-0.014891059,-0.284073813,0.222302872,0.232472444,2.472004809,0.023247244,0.247200481,-0.148910592,2.223028718,2.482911842,0.455458136,0.232472444,2.472004809,0.023247244,0.247200481,0.214965251,0.399642057,2.072436700,absolute
26.302000000,87,-0.004358229,-0.204808599,0.204854964,0.008947165,0.098001018,0.098408593,0.017894330,0.196002036,0.196817187,-0.503916525,0.109685184,-0.003670574,-0.012789435,-0.298305511,0.202812438,0.199405630,2.319334085,0.019940563,0.231933408,-0.127894348,2.028124379,2.327890290,0.438096300,0.199405630,2.319334085,0.019940563,0.231933408,0.215194709,0.399598351,1.919800662,absolute
26.600000000,88,-0.006924879,1.000000000,1.000000000,0.008928084,0.098900646,0.099302812,0.017856168,0.197801292,0.198605624,-0.471001183,0.110719250,0.027172081,-0.007486548,-0.297432837,0.176503307,0.195554643,2.093671515,0.019555464,0.209367152,-0.074865476,1.765033069,2.102784352,0.425594018,0.195554643,2.093671515,0.019555464,0.209367152,0.214417246,0.399775279,1.694001256,absolute
26.807000000,89,-0.002647934,0.090906207,0.090944764,0.008952139,0.097967205,0.098375373,0.017904278,0.195934410,0.196750746,-0.503648339,0.109693609,-0.003406579,-0.003969639,-0.297203821,0.158963161,0.200846714,1.968199856,0.020084671,0.196819986,-0.039696388,1.589631607,1.978421107,0.448525253,0.200846714,1.968199856,0.020084671,0.196819986,0.215008757,0.399614802,1.568648985,absolute
27.100000000,90,-0.003432324,-0.940071203,0.940077469,0.008888533,0.096839284,0.097246352,0.017777066,0.193678568,0.194492704,-0.545545490,0.108377372,-0.042603756,0.001333696,-0.295715829,0.132646359,0.186505238,1.708653077,0.018650524,0.170865308,0.013336963,1.326463591,1.718801775,0.419590341,0.186505238,1.708653077,0.018650524,0.170865308,0.215682952,0.399581782,1.309396424,absolute
27.301000000,91,-0.011599080,-0.133703035,0.134205216,0.008868436,0.097785494,0.098186822,0.017736871,0.195570988,0.196373644,-0.510426353,0.109480672,-0.009790709,0.004845040,-0.298797165,0.115098559,0.177248166,1.558088365,0.017724817,0.155808837,0.048450397,1.150985588,1.568137834,0.426991261,0.177248166,1.558088365,0.017724817,0.155808837,0.215161217,0.399593453,1.159115120,absolute
27.600000000,92,0.005475521,-0.328025257,0.328070954,0.008860091,0.097516185,0.097917861,0.017720183,0.195032370,0.195835722,-0.519624405,0.109191706,-0.018315436,0.010076817,-0.296701783,0.088781102,0.167425127,1.334741891,0.016742513,0.133474189,0.100768166,0.887811025,1.345201505,0.451874263,0.167425127,1.334741891,0.016742513,0.133474189,0.215294158,0.399585866,0.936380390,absolute
27.801000000,93,0.003699663,0.098342302,0.098411869,0.008850253,0.097766776,0.098166540,0.017700507,0.195533553,0.196333080,-0.509504845,0.109509622,-0.008904054,0.013552730,-0.298101260,0.071230028,0.161355125,1.183524502,0.016135513,0.118352450,0.135527295,0.712300281,1.194472990,0.471931503,0.161355125,1.183524502,0.016135513,0.118352450,0.215019047,0.399608074,0.785751095,absolute
28.012000000,94,0.000356892,0.052117715,0.052118937,0.008827798,0.097713129,0.098111088,0.017655596,0.195426258,0.196222176,-0.512791396,0.109406372,-0.011974033,0.017384380,-0.297809655,0.051923115,0.165002087,1.006446590,0.016500209,0.100644659,0.173843798,0.519231154,1.019882556,0.487295657,0.165002087,1.006446590,0.016500209,0.100644659,0.215051623,0.399598703,0.608908297,absolute
28.302000000,95,0.003708010,0.373542453,0.373560857,0.008803117,0.097912635,0.098307573,0.017606234,0.195825270,0.196615147,-0.505011864,0.109650773,-0.004698477,0.022217113,-0.298381623,0.027341938,0.142935595,0.815330034,0.014293560,0.081533003,0.222171125,0.273419383,0.827764247,0.547672734,0.142935595,0.815330034,0.014293560,0.081533003,0.214847618,0.399652816,0.421851738,absolute
28.600000000,96,-0.012957601,0.011670372,0.017438377,0.008686707,0.097758387,0.098143574,0.017373414,0.195516774,0.196287148,-0.508982924,0.109526018,-0.008425814,0.027572070,-0.298489434,0.001048880,0.138906691,0.606794859,0.013890669,0.060679486,0.275720701,0.010488801,0.622491020,0.611799794,0.138906691,0.606794859,0.013890669,0.060679486,0.215085386,0.399587572,0.220766966,absolute
28.902000000,97,-0.001795540,-0.177350925,0.177360014,0.008702227,0.103048679,0.103415468,0.017404453,0.206097358,0.206830936,-0.318514114,0.115509773,0.160905037,0.041556949,-0.250948742,-0.021474269,0.109717392,0.355039179,0.010971739,0.035503918,0.415569489,-0.214742690,0.371605603,0.646681439,0.109717392,0.355039179,0.010971739,0.035503918,0.215241984,0.399530843,0.114520512,absolute
29.200000000,98,-0.001238007,-0.261557283,0.261560213,0.008700466,0.107473942,0.107825536,0.017400932,0.214947883,0.215651072,-0.159111544,0.120517552,0.261656170,0.063429095,-0.142897099,-0.033138284,0.214996679,0.131818336,0.021499668,0.013181834,0.634290948,-0.331382841,0.252189702,0.624790377,0.214996679,0.131818336,0.021499668,0.013181834,0.215327364,0.399477751,0.267659619,absolute
29.500000000,99,0.005322330,0.217421028,0.217486162,0.008596535,0.111803436,0.112133441,0.017193070,0.223606871,0.224266882,-0.001714173,0.125462336,0.298973054,0.091782924,-0.001610055,-0.032378026,0.411796382,0.019081963,0.041179638,0.001908196,0.917829240,-0.323780255,0.412238259,0.611247702,0.411796382,0.019081963,0.041179638,0.001908196,0.215051477,0.399470846,0.428257236,absolute
29.801000000,100,0.007333543,0.083390533,0.083712376,0.008618943,0.111933115,0.112264458,0.017237885,0.223866230,0.224528915,0.003616402,0.125629801,0.298326717,0.117875609,0.003389514,-0.026152395,0.644573868,-0.005509372,0.064457387,-0.000550937,1.178756089,-0.261523947,0.644597413,0.592363155,0.644573868,-0.005509372,0.064457387,-0.000550937,0.215147429,0.399442218,0.590248132,absolute
30.100000000,101,-0.013987088,-0.340091443,0.340378948,0.008557990,0.111585937,0.111913630,0.017115981,0.223171874,0.223827260,-0.009497815,0.125217806,0.297067011,0.143901391,-0.008866596,-0.019614098,0.862465964,-0.012491929,0.086246596,-0.001249193,1.439013912,-0.196140984,0.862556426,0.605090499,0.862465964,-0.012491929,0.086246596,-0.001249193,0.215426211,0.399422893,0.767029506,absolute
30.415000000,102,-0.002224206,0.503330295,0.503335209,0.008684533,0.112187869,0.112523505,0.017369066,0.224375739,0.225047010,0.008268864,0.125775963,0.297498929,0.169929888,0.007729989,-0.013069870,1.070585364,-0.021053072,0.107058536,-0.002105307,1.699298876,-0.130698700,1.070792349,0.638202823,1.070585364,-0.021053072,0.107058536,-0.002105307,0.214886999,0.399513063,0.953465032,absolute
30.704000000,103,0.012563460,-0.665917893,0.666036396,0.008708420,0.111017003,0.111358033,0.017416841,0.222034006,0.222716067,-0.033091527,0.124476588,0.297031871,0.195949488,-0.030991191,-0.006466432,1.336110654,-0.015839327,0.133611065,-0.001583933,1.959494880,-0.064664315,1.336204537,0.625293349,1.336110654,-0.015839327,0.133611065,-0.001583933,0.215652402,0.399414399,1.194931944,absolute
31.000000000,104,-0.005794194,0.066195485,0.066448589,0.008735216,0.111924852,0.112265206,0.017470432,0.223849703,0.224530411,0.001334827,0.125558123,0.298980952,0.221956243,0.001253779,0.000165653,1.508573779,-0.036097686,0.150857378,-0.003609769,2.219562431,0.001656533,1.509005596,0.711990340,1.508573779,-0.036097686,0.150857378,-0.003609769,0.215183950,0.399430998,1.364749971,absolute
31.203000000,105,-0.004903995,0.527037403,0.527060218,0.008742619,0.112323438,0.112663162,0.017485237,0.224646875,0.225326323,0.016025213,0.126019636,0.297646187,0.239283531,0.014997578,0.004626821,1.677397568,-0.031987424,0.167739757,-0.003198742,2.392835310,0.046268209,1.677702535,0.719704875,1.677397568,-0.031987424,0.167739757,-0.003198742,0.214891077,0.399508622,1.524832474,absolute
31.501000000,106,-0.007271144,0.382998712,0.383067726,0.008714359,0.111225926,0.111566781,0.017428718,0.222451851,0.223133562,-0.022308648,0.124815342,0.296802205,0.263529003,-0.020835414,0.010910296,1.850825289,-0.061078501,0.185082529,-0.006107850,2.635290030,0.109102961,1.851832831,0.802712065,1.850825289,-0.061078501,0.185082529,-0.006107850,0.214983248,0.399491821,1.699442322,absolute
31.801000000,107,-0.009042457,0.165217275,0.165464540,0.008660857,0.111560427,0.111896109,0.017321714,0.223120854,0.223792219,-0.007119820,0.125292513,0.298202504,0.291232684,-0.006671179,0.018151234,2.069236527,-0.071134560,0.206923653,-0.007113456,2.912326843,0.181512340,2.070458869,0.880131659,2.069236527,-0.071134560,0.206923653,-0.007113456,0.215135441,0.399445213,1.912886865,absolute
32.100000000,108,0.001324864,0.505414191,0.505415928,0.008666569,0.114284465,0.114612601,0.017333137,0.228568931,0.229225203,0.091600295,0.128393897,0.285925299,0.316159517,0.084630086,0.027618572,2.272888723,-0.079540929,0.227288872,-0.007954093,3.161595174,0.276185717,2.274280085,0.957256812,2.272888723,-0.079540929,0.227288872,-0.007954093,0.214943358,0.399475601,2.112959054,absolute
32.402000000,109,0.001090207,0.196601183,0.196604206,0.008649688,0.118476682,0.118792009,0.017299375,0.236953365,0.237584018,0.240854601,0.133082859,0.217292659,0.333321845,0.205152010,0.047830310,2.479528379,0.001519114,0.247952838,0.000151911,3.333218448,0.478303102,2.479528845,0.977808624,2.479528379,0.001519114,0.247952838,0.000151911,0.215188795,0.399384045,2.299028112,absolute
32.700000000,110,-0.006493863,0.455815584,0.455861839,0.008650965,0.124183204,0.124484165,0.017301930,0.248366408,0.248968330,0.447436120,0.139572809,0.048976271,0.337753087,0.293883685,0.072212940,2.608106312,0.171221592,0.260810631,0.017122159,3.377530870,0.722129401,2.613720598,0.946315785,2.608106312,0.171221592,0.260810631,0.017122159,0.215087215,0.399405369,2.403873590,absolute
33.000000000,111,-0.002827182,-0.429652478,0.429661780,0.008675213,0.127633064,0.127927551,0.017350426,0.255266127,0.255855101,0.570210178,0.143429870,-0.065322980,0.328105505,0.291334486,0.098837053,2.628582428,0.382597516,0.262858243,0.038259752,3.281055052,0.988370526,2.656280565,0.890326606,2.628582428,0.382597516,0.262858243,0.038259752,0.215707584,0.399310486,2.412932725,absolute
33.200000000,112,0.005480338,0.049696119,0.049997384,0.008747006,0.126394992,0.126697293,0.017494012,0.252789983,0.253394586,0.525929713,0.142038758,-0.024304073,0.320203970,0.297693500,0.114854667,2.614535544,0.520259832,0.261453554,0.052025983,3.202039701,1.148546669,2.665795642,0.860177588,2.614535544,0.520259832,0.261453554,0.052025983,0.215373479,0.399331472,2.402207793,absolute
33.502000000,113,-0.002581304,0.032851323,0.032952580,0.008825277,0.125783102,0.126092324,0.017650553,0.251566204,0.252184649,0.504460220,0.141364274,-0.004174949,0.310204275,0.297931614,0.139758939,2.602564885,0.721892234,0.260256488,0.072189223,3.102042752,1.397589389,2.700828091,0.840264712,2.602564885,0.721892234,0.260256488,0.072189223,0.215369443,0.399333229,2.408889036,absolute
33.731000000,114,-0.005050064,-0.353748401,0.353784447,0.008825612,0.125717013,0.126026421,0.017651224,0.251434025,0.252052841,0.503925356,0.141347471,-0.003678895,0.302920179,0.298309041,0.158045821,2.584160771,0.830683873,0.258416077,0.083068387,3.029201788,1.580458214,2.714391753,0.871907719,2.584160771,0.830683873,0.258416077,0.083068387,0.215618040,0.399321570,2.407502463,absolute
34.002000000,115,0.004015121,0.223882043,0.223918044,0.008828932,0.126538036,0.126845672,0.017657864,0.253076071,0.253691344,0.528215919,0.142110581,-0.026396587,0.293697247,0.297005237,0.181335354,2.590027206,1.052256331,0.259002721,0.105225633,2.936972472,1.813353542,2.795618771,0.836444847,2.590027206,1.052256331,0.259002721,0.105225633,0.215245246,0.399371389,2.462894253,absolute
34.300000000,116,-0.003884548,0.331190297,0.331213077,0.008884111,0.126251618,0.126563812,0.017768222,0.252503236,0.253127624,0.517184847,0.141764030,-0.016111978,0.283193142,0.298147431,0.207968105,2.593103557,1.267611868,0.259310356,0.126761187,2.831931424,2.079681052,2.886351660,0.846460342,2.593103557,1.267611868,0.259310356,0.126761187,0.215163781,0.399395237,2.531481324,absolute
34.500000000,117,-0.006863585,-0.335426190,0.335496405,0.008867812,0.125573996,0.125886721,0.017735624,0.251147991,0.251773441,0.492589593,0.140991347,0.006964467,0.277305250,0.299100729,0.222957355,2.575727724,1.374277393,0.257572772,0.137427739,2.773052500,2.229573555,2.919419747,0.877763403,2.575727724,1.374277393,0.257572772,0.137427739,0.215586805,0.399330431,2.553583117,absolute
34.700000000,118,-0.000663886,0.222151237,0.222152229,0.008795570,0.126033072,0.126339611,0.017591140,0.252066145,0.252679222,0.510678311,0.141559621,-0.010008741,0.270765518,0.298238734,0.239610199,2.595041915,1.531422406,0.259504191,0.153142241,2.707655179,2.396101994,3.013220391,0.871981958,2.595041915,1.531422406,0.259504191,0.153142241,0.215225758,0.399379222,2.635345653,absolute
34.901000000,119,0.003220326,-0.001871182,0.003724490,0.008740332,0.125748970,0.126052357,0.017480664,0.251497939,0.252104715,0.500144118,0.141228679,-0.000135163,0.264216864,0.298530646,0.256262100,2.590716334,1.656845785,0.259071633,0.165684579,2.642168640,2.562620999,3.075215289,0.907235404,2.590716334,1.656845785,0.259071633,0.165684579,0.215364811,0.399341013,2.687678014,absolute
35.105000000,120,0.001614161,0.378299134,0.378302578,0.008737343,0.127596174,0.127894976,0.017474687,0.255192348,0.255789951,0.566924802,0.143326657,-0.062514275,0.256790439,0.292938209,0.272506685,2.571167692,1.821619170,0.257116769,0.182161917,2.567904386,2.725066853,3.151063266,0.903453577,2.571167692,1.821619170,0.257116769,0.182161917,0.215137812,0.399409936,2.752009430,absolute
35.309000000,121,0.000010880,0.016018034,0.016018037,0.008762923,0.129932374,0.130227534,0.017525846,0.259864747,0.260455068,0.650289374,0.145945632,-0.135239191,0.244646217,0.264826408,0.285501055,2.558443991,1.950212104,0.255844399,0.195021210,2.446462167,2.855010553,3.216980402,0.911701795,2.558443991,1.950212104,0.255844399,0.195021210,0.215401212,0.399347917,2.809809458,absolute
35.600000000,122,0.006588590,0.239808694,0.239899186,0.008815755,0.135435885,0.135722498,0.017631510,0.270871771,0.271444997,0.846721192,0.152116719,-0.264345315,0.221676623,0.138138739,0.294819062,2.466743879,2.025462490,0.246674388,0.202546249,2.216766226,2.948190615,3.191758709,0.955989550,2.466743879,2.025462490,0.246674388,0.202546249,0.215321634,0.399401925,2.777224349,absolute
35.901000000,123,0.010431126,0.080769264,0.081440054,0.008924716,0.136977900,0.137268335,0.017849433,0.273955801,0.274536670,0.902465364,0.153867974,-0.283775282,0.193166686,0.089780305,0.293225743,2.262987378,2.126891515,0.226298738,0.212689152,1.931666862,2.932257429,3.105604513,0.870854488,2.262987378,2.126891515,0.226298738,0.212689152,0.215436930,0.399379879,2.678947423,absolute
36.200000000,124,-0.003501348,-0.046230415,0.046362816,0.008856397,0.136958026,0.137244077,0.017712795,0.273916052,0.274488154,0.902755023,0.153877074,-0.284384950,0.166459211,0.089688582,0.290558056,2.061981823,2.190218057,0.206198182,0.219021806,1.664592112,2.905580565,3.008126357,0.818328846,2.061981823,2.190218057,0.206198182,0.219021806,0.215510561,0.399368535,2.572274894,absolute
36.500000000,125,-0.003002963,-0.668756180,0.668762923,0.008834868,0.137383503,0.137667287,0.017669736,0.274767006,0.275334573,0.918992452,0.154387188,-0.288194567,0.139878340,0.074968944,0.287052187,1.876238411,2.250935027,0.187623841,0.225093503,1.398783398,2.870521866,2.930354769,0.782209140,1.876238411,2.250935027,0.187623841,0.225093503,0.215916727,0.399357927,2.486967199,absolute
36.717000000,126,0.002530436,-0.113351428,0.113379669,0.008847539,0.138849201,0.139130800,0.017695079,0.277698402,0.278261600,0.970627814,0.156009361,-0.296239196,0.120723493,0.027413454,0.282572140,1.697083696,2.267693288,0.169708370,0.226769329,1.207234932,2.825721404,2.832406383,0.742527568,1.697083696,2.267693288,0.169708370,0.226769329,0.215564898,0.399375568,2.384430551,absolute
37.000000000,127,0.001922190,0.091887981,0.091908084,0.008876771,0.139597105,0.139879050,0.017753542,0.279194210,0.279758101,0.996300382,0.156815888,-0.297891717,0.096684362,0.003462459,0.275523775,1.550223758,2.307321888,0.155022376,0.230732189,0.966843618,2.755237745,2.779735238,0.735500512,1.550223758,2.307321888,0.155022376,0.230732189,0.215432237,0.399398749,2.328484294,absolute
37.200000000,128,-0.000278124,-0.374340297,0.374340401,0.008865234,0.138661641,0.138944749,0.017730468,0.277323283,0.277889497,0.962142274,0.155742780,-0.296858247,0.079519473,0.035473825,0.270464845,1.424483908,2.324163110,0.142448391,0.232416311,0.795194729,2.704648450,2.725965621,0.735373350,1.424483908,2.324163110,0.142448391,0.232416311,0.215722394,0.399373211,2.272866153,absolute
37.401000000,129,-0.007173830,0.028970862,0.029845849,0.008858622,0.138844896,0.139127209,0.017717244,0.277689792,0.278254418,0.968565652,0.155944576,-0.297588070,0.062365508,0.029483895,0.265368733,1.298062426,2.340461812,0.129806243,0.234046181,0.623655079,2.653687327,2.676327251,0.743596324,1.298062426,2.340461812,0.129806243,0.234046181,0.215454604,0.399389994,2.222565972,absolute
37.700000000,130,-0.000810537,0.066152835,0.066157800,0.008867963,0.138746616,0.139029724,0.017735926,0.277493232,0.278059449,0.965785438,0.155857233,-0.297119485,0.036633994,0.032060411,0.257745058,1.108074871,2.366632171,0.110807487,0.236663217,0.366339936,2.577450582,2.613193019,0.771112908,1.108074871,2.366632171,0.110807487,0.236663217,0.215423583,0.399398217,2.160286035,absolute
37.901000000,131,-0.002101563,0.518487294,0.518491553,0.008844610,0.139912185,0.140191464,0.017689219,0.279824370,0.280382928,-0.991902941,0.157186492,-0.298307241,0.019473189,-0.007589876,0.252680764,0.982271724,2.384009005,0.098227172,0.238400901,0.194731893,2.526807640,2.578440745,0.800381431,0.982271724,2.384009005,0.098227172,0.238400901,0.214628985,0.399713139,2.127605570,absolute
38.102000000,132,-0.000607449,0.084069428,0.084071622,0.008819609,0.141444927,0.141719627,0.017639218,0.282889853,0.283439255,-0.937855844,0.158884431,-0.292591051,0.003183273,-0.057860020,0.245493175,0.856020197,2.393390898,0.085602020,0.239339090,0.031832731,2.454931753,2.541867535,0.826481854,0.856020197,2.393390898,0.085602020,0.239339090,0.214923993,0.399638168,2.094290881,absolute
38.302000000,133,-0.001624934,0.907901868,0.907903322,0.008831192,0.145767070,0.146034341,0.017662384,0.291534140,0.292068682,-0.783014208,0.163748925,-0.231973268,-0.009585053,-0.188233636,0.233092633,0.700474950,2.347214586,0.070047495,0.234721459,-0.095850530,2.330926334,2.449506373,0.796492044,0.700474950,2.347214586,0.070047495,0.234721459,0.214423198,0.399788954,2.007165388,absolute
38.609000000,134,-0.004829792,-0.016241723,0.016944629,0.008790553,0.149031632,0.149290660,0.017581106,0.298063265,0.298581321,-0.663453347,0.167505040,-0.146559030,-0.018672561,-0.259871232,0.208186595,0.588546600,2.219751189,0.058854660,0.221975119,-0.186725614,2.081865953,2.296449965,0.787438471,0.588546600,2.219751189,0.058854660,0.221975119,0.215048123,0.399616091,1.858061595,absolute
38.900000000,135,0.006586412,-0.305311344,0.305382380,0.008809188,0.151069394,0.151326017,0.017618376,0.302138787,0.302652034,-0.589250910,0.169836178,-0.082454406,-0.016024822,-0.286323258,0.183358784,0.481774367,2.089254889,0.048177437,0.208925489,-0.160248225,1.833587842,2.144083145,0.691056183,0.481774367,2.089254889,0.048177437,0.208925489,0.215254845,0.399596823,1.710548753,absolute
39.100000000,136,-0.001317748,0.138289123,0.138295401,0.008804115,0.152254622,0.152508958,0.017608229,0.304509243,0.305017916,-0.545748076,0.171202860,-0.042789283,-0.011606937,-0.295670194,0.164184986,0.453202811,1.970179393,0.045320281,0.197017939,-0.116069374,1.641849864,2.021632911,0.657169004,0.453202811,1.970179393,0.045320281,0.197017939,0.214973197,0.399621210,1.588523325,absolute
39.301000000,137,0.011771619,-0.230507734,0.230808116,0.008810332,0.152007844,0.152262952,0.017620665,0.304015689,0.304525905,-0.552908657,0.170977904,-0.049293877,-0.006976411,-0.293826379,0.146906995,0.430412186,1.851056160,0.043041219,0.185105616,-0.069764114,1.469069949,1.900437728,0.629356653,0.430412186,1.851056160,0.043041219,0.185105616,0.215218607,0.399588576,1.467333099,absolute
39.600000000,138,-0.000899773,-0.481849609,0.481850449,0.008827454,0.151913405,0.152169664,0.017654908,0.303826811,0.304339328,-0.554919492,0.170914732,-0.051244746,0.000760866,-0.294058260,0.121203120,0.396488561,1.669102078,0.039648856,0.166910208,0.007608662,1.212031197,1.715547996,0.600117794,0.396488561,1.669102078,0.039648856,0.166910208,0.215386423,0.399581663,1.282372828,absolute
39.801000000,139,-0.010528615,0.582854029,0.582949115,0.008798318,0.153312675,0.153564927,0.017596636,0.306625351,0.307129854,-0.503582182,0.172527541,-0.003353660,0.006034811,-0.297991068,0.104109935,0.379672316,1.551531550,0.037967232,0.155153155,0.060348109,1.041099355,1.597310620,0.602087182,0.379672316,1.551531550,0.037967232,0.155153155,0.214699575,0.399688387,1.163597300,absolute
40.107000000,140,0.001897246,0.093485494,0.093504744,0.008760160,0.152783118,0.153034054,0.017520320,0.305566236,0.306068107,-0.523794906,0.171892539,-0.022322685,0.013938345,-0.298059212,0.078456676,0.350273354,1.372832748,0.035027335,0.137283275,0.139383448,0.784566765,1.416813741,0.624925131,0.350273354,1.372832748,0.035027335,0.137283275,0.215023048,0.399599415,0.982586264,absolute
40.313000000,141,-0.003608877,0.789907009,0.789915253,0.008780514,0.153183243,0.153434687,0.017561028,0.306366486,0.306869375,-0.510009628,0.172325617,-0.009368967,0.019716467,-0.297838419,0.059645569,0.330474456,1.253713602,0.033047446,0.125371360,0.197164675,0.596455691,1.296538145,0.670641081,0.330474456,1.253713602,0.033047446,0.125371360,0.214573922,0.399721343,0.861821161,absolute
40.516000000,142,0.000360770,0.392427363,0.392427529,0.008699363,0.153024699,0.153271777,0.017398726,0.306049399,0.306543553,-0.516956622,0.172107370,-0.015920802,0.024983304,-0.298582704,0.042543529,0.308561574,1.142164425,0.030856157,0.114216442,0.249833043,0.425435291,1.183110231,0.719131206,0.308561574,1.142164425,0.030856157,0.114216442,0.214836095,0.399648536,0.748407851,absolute
40.800000000,143,0.007944833,0.115294751,0.115568162,0.008734646,0.153051090,0.153300131,0.017469291,0.306102179,0.306600261,-0.517258479,0.172097887,-0.016134115,0.032330934,-0.297280823,0.018598469,0.298488417,0.970338109,0.029848842,0.097033811,0.323309339,0.185984691,1.015210018,0.784746050,0.298488417,0.970338109,0.029848842,0.097033811,0.215022730,0.399594608,0.576814238,absolute
41.001000000,144,-0.010544963,-0.176722936,0.177037262,0.008684228,0.152368817,0.152616094,0.017368456,0.304737633,0.305232187,-0.542533050,0.171303863,-0.039786281,0.037555714,-0.295979337,0.001484645,0.276663766,0.840016191,0.027666377,0.084001619,0.375557142,0.014846449,0.884403777,0.831074608,0.276663766,0.840016191,0.027666377,0.084001619,0.215211241,0.399574341,0.444708259,absolute
41.300000000,145,0.008459728,-0.000659618,0.008485405,-0.000165910,0.153067256,0.153067346,-0.000331821,0.306134512,0.306134692,-0.496684286,0.172744245,0.000002570,0.041722936,-0.000246689,-0.012210549,0.212135392,0.664351121,0.021213539,0.066435112,0.417229358,-0.122105492,0.697397904,0.812759214,0.212135392,0.664351121,0.021213539,0.066435112,0.215095880,0.399510644,0.264857023,absolute
41.500000000,146,0.002652872,0.006599710,0.007112939,-0.000142664,0.153057029,0.153057096,-0.000285328,0.306114058,0.306114191,-0.372189673,0.176655358,0.000106337,0.041724109,-0.000250443,-0.012211294,0.172472784,0.617099731,0.017247278,0.061709973,0.417241092,-0.122112941,0.640748733,0.778682797,0.172472784,0.617099731,0.017247278,0.061709973,0.215118524,0.399497389,0.221741828,absolute
41.700000000,147,-0.009452175,-0.000265496,0.009455903,-0.000174353,0.153002825,0.153002925,-0.000348706,0.306005651,0.306005849,-0.305084178,0.178763540,-0.000197632,0.041720734,0.000281359,-0.012208876,0.141112893,0.569448110,0.014111289,0.056944811,0.417207335,-0.122088762,0.586671969,0.744614926,0.141112893,0.569448110,0.014111289,0.056944811,0.215136502,0.399490276,0.185378424,absolute
42.002000000,148,0.006572162,0.002817408,0.007150601,-0.000194562,0.152999286,0.152999410,-0.000389125,0.305998573,0.305998820,-0.089037945,0.185550832,-0.000698444,0.041720267,0.000200630,-0.012210194,0.130281053,0.484819334,0.013028105,0.048481933,0.417202675,-0.122101941,0.502018864,0.671325146,0.130281053,0.484819334,0.013028105,0.048481933,0.215185871,0.399463563,0.120392839,absolute
42.305000000,149,0.000347820,-0.002561862,0.002585365,-0.000198852,0.152960957,0.152961086,-0.000397704,0.305921914,0.305922173,0.078335195,0.190809014,-0.000694629,0.041719688,-0.000174483,-0.012211656,0.168457951,0.402998761,0.016845795,0.040299876,0.417196882,-0.122116563,0.436790662,0.581048327,0.168457951,0.402998761,0.016845795,0.040299876,0.215226486,0.399443880,0.046903443,absolute
42.600000000,150,0.001273261,0.004971726,0.005132178,-0.000200041,0.153021460,0.153021591,-0.000400082,0.306042921,0.306043182,0.213357329,0.195050860,0.000644308,0.041722793,0.000510751,-0.012208088,0.244099053,0.351823330,0.024409905,0.035182333,0.417227930,-0.122080879,0.428210233,0.504538212,0.244099053,0.351823330,0.024409905,0.035182333,0.215252209,0.399428773,0.055663440,absolute
42.808000000,151,-0.000019009,0.006001868,0.006001898,-0.000218495,0.153057429,0.153057585,-0.000436991,0.306114859,0.306115171,0.323062318,0.198497344,-0.000247764,0.041721829,-0.000398844,-0.012211346,0.302680554,0.343398466,0.030268055,0.034339847,0.417218287,-0.122113464,0.457753235,0.479395712,0.302680554,0.343398466,0.030268055,0.034339847,0.215276472,0.399416541,0.103814730,absolute
43.100000000,152,-0.008620369,-0.003613907,0.009347250,-0.000194885,0.153068559,0.153068683,-0.000389770,0.306137118,0.306137366,0.540506998,0.205328570,0.000055471,0.041722551,-0.000433543,-0.012210937,0.376254831,0.374815131,0.037625483,0.037481513,0.417225515,-0.122109373,0.531087639,0.498610630,0.376254831,0.374815131,0.037625483,0.037481513,0.215330897,0.399391404,0.162789759,absolute
43.402000000,153,-0.005307292,0.004099221,0.006706039,-0.000278840,0.153123431,0.153123685,-0.000557679,0.306246863,0.306247371,0.706734245,0.210550753,-0.000182036,0.041720338,0.000239718,-0.012208812,0.418278885,0.430798729,0.041827889,0.043079873,0.417203375,-0.122088120,0.600453804,0.552887895,0.418278885,0.430798729,0.041827889,0.043079873,0.215364151,0.399372173,0.205333917,absolute
43.605000000,154,-0.001100714,0.002449268,0.002685235,-0.000306457,0.153175066,0.153175373,-0.000612913,0.306350133,0.306350746,0.790393833,0.213178996,0.000504559,0.041724820,-0.000390378,-0.012210123,0.428553774,0.450525616,0.042855377,0.045052562,0.417248202,-0.122101230,0.621797127,0.572738440,0.428553774,0.450525616,0.042855377,0.045052562,0.215384827,0.399361565,0.219223082,absolute
43.805000000,155,0.004520536,0.007225656,0.008523224,-0.000295208,0.153194555,0.153194840,-0.000590415,0.306389110,0.306389679,0.905157399,0.216784400,-0.000434813,0.041720958,0.000133531,-0.012210036,0.394095574,0.488688344,0.039409557,0.048868834,0.417209584,-0.122100357,0.627795842,0.611225894,0.394095574,0.488688344,0.039409557,0.048868834,0.215408675,0.399348560,0.199776387,absolute
44.100000000,156,0.002261045,-0.003758040,0.004385794,-0.000376533,0.153161703,0.153162166,-0.000753065,0.306323406,0.306324332,-0.927930651,0.222028094,-0.000647993,0.041721546,-0.000149273,-0.012210015,0.327149644,0.556000614,0.032714964,0.055600061,0.417215457,-0.122100147,0.645107412,0.684055914,0.327149644,0.556000614,0.032714964,0.055600061,0.214945355,0.399556822,0.192521330,absolute
44.400000000,157,-0.007953008,0.008042379,0.011310623,-0.000428645,0.153154395,0.153154995,-0.000857291,0.306308791,0.306309990,-0.758519158,0.227350313,-0.000241998,0.041722142,-0.000229380,-0.012209537,0.237479900,0.596441168,0.023747990,0.059644117,0.417221421,-0.122095368,0.641980350,0.740676561,0.237479900,0.596441168,0.023747990,0.059644117,0.214974566,0.399539945,0.198183203,absolute
44.600000000,158,0.001309637,0.003039708,0.003309830,-0.000426744,0.153150267,0.153150862,-0.000853488,0.306300534,0.306301723,-0.620258293,0.231693906,0.000066151,0.041722017,0.000166683,-0.012206223,0.175376751,0.602464213,0.017537675,0.060246421,0.417220171,-0.122062227,0.627471220,0.763823803,0.175376751,0.602464213,0.017537675,0.060246421,0.215010425,0.399521612,0.206776516,absolute
44.804000000,159,0.001156587,0.003316309,0.003512207,-0.000436680,0.153153564,0.153154187,-0.000873361,0.306307129,0.306308374,-0.536977594,0.234310246,0.000032649,0.041721395,0.000279783,-0.012208122,0.116689410,0.589250052,0.011668941,0.058925005,0.417213955,-0.122081223,0.600692969,0.772209288,0.116689410,0.589250052,0.011668941,0.058925005,0.215029119,0.399511952,0.213708318,absolute
45.100000000,160,-0.003802890,0.006476916,0.007510820,-0.000414186,0.153193659,0.153194219,-0.000828372,0.306387318,0.306388438,-0.613693812,0.231900135,0.000405551,0.041722352,0.001086725,-0.012206311,0.024311048,0.560496397,0.002431105,0.056049640,0.417223515,-0.122063114,0.561023384,0.787570754,0.024311048,0.560496397,0.002431105,0.056049640,0.215008898,0.399521874,0.249556540,absolute
45.301000000,161,0.011142052,0.000249362,0.011144842,-0.000461226,0.153172585,0.153173279,-0.000922452,0.306345169,0.306346558,-0.755599794,0.227442027,0.000224905,0.041722653,0.000217128,-0.012208290,-0.044256075,0.563583119,-0.004425607,0.056358312,0.417226534,-0.122082903,0.565318080,0.826501113,-0.044256075,0.563583119,-0.004425607,0.056358312,0.214982981,0.399536621,0.306783542,absolute
45.506000000,162,0.006052280,0.001158053,0.006162076,-0.000414318,0.153159457,0.153160018,-0.000828637,0.306318915,0.306320035,-0.862229397,0.224092159,-0.000356773,0.041720037,-0.000164842,-0.012211421,-0.101006162,0.584513053,-0.010100616,0.058451305,0.417200370,-0.122114207,0.593175989,0.876276266,-0.101006162,0.584513053,-0.010100616,0.058451305,0.214957547,0.399549396,0.366121045,absolute
45.800000000,163,-0.009613685,-0.000156131,0.009614953,-0.000443963,0.153143805,0.153144448,-0.000887926,0.306287609,0.306288896,0.985080465,0.219295257,0.000679511,0.041726722,-0.000031873,-0.012207431,-0.167784734,0.661505743,-0.016778473,0.066150574,0.417267224,-0.122074307,0.682452610,0.977897483,-0.167784734,0.661505743,-0.016778473,0.066150574,0.215429523,0.399340068,0.464310249,absolute
46.000000000,164,-0.003126288,-0.004187858,0.005226072,-0.000474137,0.153090854,0.153091588,-0.000948275,0.306181708,0.306183176,0.883937901,0.216117770,-0.000388424,0.041720186,0.000148256,-0.012209239,-0.182846562,0.722358521,-0.018284656,0.072235852,0.417201856,-0.122092394,0.745140724,1.035932166,-0.182846562,0.722358521,-0.018284656,0.072235852,0.215410194,0.399350411,0.512779371,absolute
46.200000000,165,-0.001525281,0.003674573,0.003978564,-0.000404206,0.153066140,0.153066674,-0.000808413,0.306132280,0.306133347,0.719816711,0.210961751,0.000272060,0.041721835,-0.000329250,-0.012209429,-0.169933945,0.781152838,-0.016993394,0.078115284,0.417218347,-0.122094295,0.799423106,1.077312952,-0.169933945,0.781152838,-0.016993394,0.078115284,0.215367894,0.399370058,0.542416443,absolute
46.500000000,166,0.004453706,0.012647936,0.013409168,-0.000368896,0.153069691,0.153070136,-0.000737791,0.306139382,0.306140271,0.548645914,0.205584261,-0.000041760,0.041721138,0.000271123,-0.012208236,-0.117317146,0.855990841,-0.011731715,0.085599084,0.417211384,-0.122082358,0.863992843,1.114606626,-0.117317146,0.855990841,-0.011731715,0.085599084,0.215324012,0.399390909,0.564919143,absolute
46.702000000,167,0.005185599,-0.010489221,0.011701034,-0.000344289,0.152994082,0.152994469,-0.000688577,0.305988163,0.305988938,0.475372503,0.203282309,-0.000030804,0.041721288,-0.000397353,-0.012208458,-0.062804117,0.885715344,-0.006280412,0.088571534,0.417212876,-0.122084577,0.887939202,1.116278189,-0.062804117,0.885715344,-0.006280412,0.088571534,0.215322556,0.399396991,0.560232083,absolute
46.904000000,168,-0.006076907,0.002524977,0.006580601,-0.000332854,0.152985061,0.152985423,-0.000665708,0.305970123,0.305970847,0.349026676,0.199313038,0.000035900,0.041721162,0.000069928,-0.012209300,-0.002763606,0.892115329,-0.000276361,0.089211533,0.417211622,-0.122093001,0.892119609,1.097723886,-0.002763606,0.892115329,-0.000276361,0.089211533,0.215283697,0.399413746,0.538794466,absolute
47.200000000,169,0.003123020,0.000049485,0.003123412,-0.000304528,0.153074439,0.153074742,-0.000609056,0.306148878,0.306149484,0.166871441,0.193590463,0.000256245,0.041721887,0.000148163,-0.012208155,0.084814736,0.863593716,0.008481474,0.086359372,0.417218869,-0.122081548,0.867748608,1.040215475,0.084814736,0.863593716,0.008481474,0.086359372,0.215245299,0.399433415,0.482137861,absolute
47.507000000,170,0.006555700,0.001745006,0.006783970,-0.000334760,0.153051856,0.153052222,-0.000669519,0.306103711,0.306104444,-0.032703135,0.187320642,0.000413807,0.041723059,-0.000042665,-0.012208563,0.122897314,0.792482863,0.012289731,0.079248286,0.417230586,-0.122085632,0.801955633,0.960764074,0.122897314,0.792482863,0.012289731,0.079248286,0.215199342,0.399456799,0.403719149,absolute
47.710000000,171,-0.002514178,0.006058909,0.006559838,-0.000397939,0.152981542,0.152982059,-0.000795879,0.305963084,0.305964119,-0.122068225,0.184513155,0.000728671,0.041725514,-0.000293992,-0.012209017,0.133059800,0.747986965,0.013305980,0.074798697,0.417255141,-0.122090169,0.759729827,0.915314815,0.133059800,0.747986965,0.013305980,0.074798697,0.215174869,0.399468639,0.358061319,absolute
48.000000000,172,-0.004859356,-0.003182989,0.005809024,-0.000361619,0.152987387,0.152987814,-0.000723237,0.305974774,0.305975629,-0.273974766,0.179740871,0.000265124,0.041723377,-0.000308404,-0.012209881,0.109641736,0.656275155,0.010964174,0.065627516,0.417233769,-0.122098806,0.665370866,0.836946164,0.109641736,0.656275155,0.010964174,0.065627516,0.215146149,0.399485635,0.277618514,absolute
48.200000000,173,0.001306230,0.000961485,0.001621940,-0.000376257,0.153006172,0.153006634,-0.000752514,0.306012343,0.306013269,-0.408209488,0.175523762,0.000172897,0.041723643,-0.000582857,-0.012211474,0.071282471,0.610675084,0.007128247,0.061067508,0.417236427,-0.122114735,0.614821315,0.810348727,0.071282471,0.610675084,0.007128247,0.061067508,0.215113890,0.399500769,0.255503559,absolute
48.508000000,174,-0.001527390,-0.005248873,0.005466588,-0.000399674,0.152962378,0.152962900,-0.000799348,0.305924756,0.305925800,-0.570743147,0.170417617,0.000140892,0.041720846,0.000623472,-0.012205292,0.017934190,0.582918163,0.001793419,0.058291816,0.417208457,-0.122052921,0.583193981,0.810187737,0.017934190,0.582918163,0.001793419,0.058291816,0.215080582,0.399519458,0.269261554,absolute
48.802000000,175,0.002430283,-0.002591809,0.003552992,-0.000463211,0.152857736,0.152858438,-0.000926422,0.305715472,0.305716876,-0.734178892,0.165283132,0.000198451,0.041722219,0.000219228,-0.012206208,-0.103118140,0.586047504,-0.010311814,0.058604750,0.417222190,-0.122062083,0.595050441,0.878733889,-0.103118140,0.586047504,-0.010311814,0.058604750,0.215042259,0.399538266,0.368797689,absolute
49.103000000,176,-0.001501468,-0.000558232,0.001601883,-0.000466220,0.152800382,0.152801094,-0.000932441,0.305600765,0.305602187,-0.894388233,0.160250007,0.000190014,0.041721545,0.000065465,-0.012208237,-0.176340314,0.643129690,-0.017634031,0.064312969,0.417215454,-0.122082372,0.666867082,0.968430664,-0.176340314,0.643129690,-0.017634031,0.064312969,0.215003992,0.399557417,0.460953162,absolute
49.400000000,177,0.007295723,-0.004386507,0.008512874,-0.000500867,0.152857389,0.152858209,-0.001001733,0.305714778,0.305716419,0.908209065,0.154048418,-0.000536181,0.041718261,0.000159052,-0.012209118,-0.208488777,0.731774940,-0.020848878,0.073177494,0.417182613,-0.122091177,0.760895612,1.058561303,-0.208488777,0.731774940,-0.020848878,0.073177494,0.215471254,0.399350799,0.538746617,absolute
49.600000000,178,-0.006894112,0.003452721,0.007710387,-0.000522817,0.152915048,0.152915942,-0.001045635,0.305830097,0.305831884,0.830845415,0.151617967,-0.001021135,0.041716346,0.000600243,-0.012207477,-0.202968301,0.795160208,-0.020296830,0.079516021,0.417163460,-0.122074768,0.820655767,1.107196189,-0.202968301,0.795160208,-0.020296830,0.079516021,0.215446658,0.399361990,0.575957730,absolute
49.902000000,179,-0.001379731,0.002760121,0.003085762,-0.000544018,0.152949973,0.152950940,-0.001088037,0.305899946,0.305901881,0.650873739,0.145963990,0.000457661,0.041725365,-0.000892147,-0.012213036,-0.150506898,0.873401063,-0.015050690,0.087340106,0.417253649,-0.122130356,0.886274079,1.146051852,-0.150506898,0.873401063,-0.015050690,0.087340106,0.215406956,0.399382040,0.598821328,absolute
50.200000000,180,-0.007491826,0.043084190,0.043730709,0.008323385,0.153163474,0.153389467,0.016646769,0.306326948,0.306778933,0.569922436,0.143420830,-0.064888345,0.032536082,0.290626402,0.001017026,-0.086748037,0.954425160,-0.008674804,0.095442516,0.325360824,0.010170259,0.958359331,1.030267456,-0.086748037,0.954425160,-0.008674804,0.095442516,0.215347594,0.399352468,0.631955270,absolute
50.501000000,181,0.000122603,0.059451858,0.059451984,0.008339087,0.152000581,0.152229159,0.016678173,0.304001162,0.304458319,0.528701773,0.142125845,-0.026777699,0.020566405,0.296166138,0.026882150,-0.063837936,1.110397609,-0.006383794,0.111039761,0.205664047,0.268821497,1.112231150,0.883675094,-0.063837936,1.110397609,-0.006383794,0.111039761,0.215315786,0.399358761,0.763873710,absolute
50.701000000,182,0.003287360,0.450573665,0.450585657,0.008349028,0.150952791,0.151183502,0.016698057,0.301905582,0.302367004,0.490032276,0.140911007,0.009357458,0.014782725,0.298723937,0.043811251,-0.034553325,1.215264438,-0.003455332,0.121526444,0.147827251,0.438112505,1.215755562,0.798265495,-0.034553325,1.215264438,-0.003455332,0.121526444,0.215042623,0.399432625,0.853158651,absolute
51.001000000,183,0.000354555,-1.000000000,1.000000000,0.008387299,0.150808963,0.151042014,0.016774598,0.301617926,0.302084029,0.484825819,0.140747441,0.014223827,0.006358900,0.298148189,0.069295298,0.020791314,1.376314203,0.002079131,0.137631420,0.063588995,0.692952984,1.376471236,0.684700079,0.020791314,1.376314203,0.002079131,0.137631420,0.215984643,0.399331178,0.996291256,absolute
51.300000000,184,-0.002572272,-0.198585517,0.198602175,0.008396151,0.149149189,0.149385327,0.016792302,0.298298377,0.298770653,0.426514112,0.138915525,0.068275916,0.002112854,0.290469599,0.093891893,0.090699503,1.517021921,0.009069950,0.151702192,0.021128544,0.938918929,1.519730868,0.582274152,0.090699503,1.517021921,0.009069950,0.151702192,0.215433332,0.399356566,1.124604097,absolute
51.500000000,185,0.010264889,-0.083421680,0.084050846,0.008378420,0.149559796,0.149794294,0.016756840,0.299119592,0.299588588,0.442030671,0.139402992,0.054092508,-0.000360191,0.293731256,0.113408766,0.147786903,1.606660294,0.014778690,0.160666029,-0.003601911,1.134087661,1.613442986,0.496229248,0.147786903,1.606660294,0.014778690,0.160666029,0.215362335,0.399358349,1.209191642,absolute
51.706000000,186,-0.001495724,0.046834527,0.046858405,0.008358545,0.149760181,0.149993257,0.016717091,0.299520362,0.299986514,0.450689643,0.139675021,0.045916385,-0.003494326,0.294026186,0.131023365,0.200043946,1.700476142,0.020004395,0.170047614,-0.034943260,1.310233650,1.712202293,0.455530669,0.200043946,1.700476142,0.020004395,0.170047614,0.215275711,0.399371269,1.301194028,absolute
51.909000000,187,-0.007415033,0.048939346,0.049497902,0.008293208,0.149732375,0.149961867,0.016586417,0.299464750,0.299923733,0.449538933,0.139638871,0.047086899,-0.006877780,0.294533160,0.150410381,0.251397657,1.794072318,0.025139766,0.179407232,-0.068777796,1.504103814,1.811600470,0.431965339,0.251397657,1.794072318,0.025139766,0.179407232,0.215269889,0.399374140,1.395166020,absolute
52.201000000,188,0.001723800,-0.528958259,0.528961067,0.008348003,0.149781576,0.150014032,0.016696006,0.299563153,0.300028064,0.449363667,0.139633365,0.047095099,-0.010868078,0.293547498,0.173325869,0.329207623,1.931073775,0.032920762,0.193107378,-0.108680780,1.733258694,1.958934298,0.480496680,0.329207623,1.931073775,0.032920762,0.193107378,0.215646300,0.399354385,1.535923327,absolute
52.500000000,189,0.009159401,-0.327139717,0.327267916,0.008378340,0.146328971,0.146568634,0.016756680,0.292657942,0.293137267,0.326135426,0.135762035,0.154708108,-0.011897742,0.254493927,0.203439557,0.412450134,2.049670090,0.041245013,0.204967009,-0.118977418,2.034395569,2.090756463,0.531647020,0.412450134,2.049670090,0.041245013,0.204967009,0.215467837,0.399374134,1.662010459,absolute
52.701000000,190,0.006764429,0.487669833,0.487716746,0.008375748,0.144475095,0.144717678,0.016751495,0.288950190,0.289435355,0.261119690,0.133719506,0.203500755,-0.005591508,0.218239634,0.218183084,0.490745472,2.117118736,0.049074547,0.211711874,-0.055915078,2.181830845,2.173251680,0.550477442,0.490745472,2.117118736,0.049074547,0.211711874,0.214913640,0.399481592,1.739643802,absolute
53.001000000,191,-0.001044553,0.087691597,0.087697818,0.008372147,0.139306751,0.139558102,0.016744294,0.278613503,0.279116204,0.075011621,0.127872748,0.289946195,0.014136860,0.069621118,0.235894887,0.639197401,2.142343247,0.063919740,0.214234325,0.141368597,2.358948868,2.235667217,0.542910226,0.639197401,2.142343247,0.063919740,0.214234325,0.215126166,0.399452205,1.793740671,absolute
53.300000000,192,0.004447183,0.186906013,0.186958913,0.008400769,0.137973021,0.138228533,0.016801537,0.275946041,0.276457066,0.028127175,0.126399830,0.297147721,0.039355763,0.026325753,0.245039825,0.792433357,2.090387824,0.079243336,0.209038782,0.393557634,2.450398247,2.235547334,0.537316803,0.792433357,2.090387824,0.079243336,0.209038782,0.215057776,0.399480608,1.786765171,absolute
53.503000000,193,0.004336072,0.031946097,0.032239023,0.008412531,0.136932144,0.137190316,0.016825063,0.273864288,0.274380632,-0.010032656,0.125201003,0.298458526,0.056289058,-0.009410087,0.250824767,0.936067961,2.062004378,0.093606796,0.206200438,0.562890581,2.508247668,2.264527607,0.581716796,0.936067961,2.062004378,0.093606796,0.206200438,0.215155152,0.399462168,1.812115306,absolute
53.802000000,194,0.002614560,-0.440960210,0.440967961,0.008430041,0.137285022,0.137543603,0.016860083,0.274570044,0.275087207,0.003313663,0.125620290,0.297929458,0.081720154,0.003101611,0.259393026,1.041702899,1.983826289,0.104170290,0.198382629,0.817201545,2.593930255,2.240694463,0.650098229,1.041702899,1.983826289,0.104170290,0.198382629,0.215474224,0.399440042,1.786878172,absolute
54.101000000,195,-0.003496219,0.482049972,0.482062651,0.008457428,0.138202742,0.138461280,0.016914857,0.276405485,0.276922560,0.037577890,0.126696733,0.296698608,0.107163851,0.035190215,0.267954776,1.187850820,1.923016973,0.118785082,0.192301697,1.071638511,2.679547763,2.260306140,0.765404558,1.187850820,1.923016973,0.118785082,0.192301697,0.214883375,0.399526117,1.807675313,absolute
54.400000000,196,0.002473203,0.047541544,0.047605831,0.008395740,0.137120968,0.137377758,0.016791481,0.274241936,0.274755515,-0.002288788,0.125444284,0.298016164,0.132620684,-0.002142904,0.276432706,1.329648854,1.862976642,0.132964885,0.186297664,1.326206836,2.764327063,2.288809307,0.901356993,1.329648854,1.862976642,0.132964885,0.186297664,0.215165977,0.399455977,1.839555603,absolute
54.600000000,197,0.008502644,0.251761952,0.251905490,0.008371384,0.138070469,0.138324020,0.016742769,0.276140938,0.276648039,0.031029405,0.126491006,0.296302477,0.149602454,0.028975925,0.282071935,1.425042134,1.821296752,0.142504213,0.182129675,1.496024539,2.820719348,2.312545554,1.001940132,1.425042134,1.821296752,0.142504213,0.182129675,0.215045086,0.399481150,1.866990215,absolute
54.801000000,198,0.005367304,-0.335445781,0.335488718,0.008378437,0.137191299,0.137446902,0.016756873,0.274382598,0.274893803,-0.001481360,0.125469650,0.297752072,0.166583359,-0.001385698,0.287704422,1.520842842,1.780139410,0.152084284,0.178013941,1.665833593,2.877044218,2.341337068,1.106445875,1.520842842,1.780139410,0.152084284,0.178013941,0.215426340,0.399435905,1.900119579,absolute
55.100000000,199,-0.002632087,0.528911485,0.528918034,0.008294222,0.138340713,0.138589130,0.016588445,0.276681426,0.277178260,0.040563322,0.126790523,0.295593067,0.190377804,0.037873676,0.295551326,1.662670351,1.716478802,0.166267035,0.171647880,1.903778042,2.955513264,2.389722196,1.262275453,1.662670351,1.716478802,0.166267035,0.171647880,0.214875226,0.399526140,1.957159942,absolute
55.301000000,200,0.003732502,-0.296959635,0.296983091,0.008358925,0.137158391,0.137412866,0.016717850,0.274316781,0.274825732,-0.002135601,0.125449097,0.297916250,0.209081881,-0.001998806,0.301670053,1.749355449,1.671130377,0.174935545,0.167113038,2.090818809,3.016700532,2.419281138,1.388220540,1.749355449,1.671130377,0.174935545,0.167113038,0.215411658,0.399433268,1.992535343,absolute
55.536000000,201,-0.001288773,0.963626716,0.963627578,0.008346192,0.136443269,0.136698298,0.016692383,0.272886538,0.273396595,-0.078518134,0.123049469,0.288749621,0.228282727,-0.072707134,0.305513319,1.837842420,1.669972253,0.183784242,0.166997225,2.282827266,3.055133187,2.483238226,1.454882238,1.837842420,1.669972253,0.183784242,0.166997225,0.214579549,0.399636562,2.061246011,absolute
55.800000000,202,-0.005686626,-0.397765769,0.397806416,0.008417180,0.131633823,0.131902662,0.016834360,0.263267646,0.263805325,-0.252340130,0.117588690,0.209759279,0.252316587,-0.212866368,0.299458555,1.945410583,1.510934444,0.194541058,0.151093444,2.523165866,2.994585554,2.463238768,1.592175173,1.945410583,1.510934444,0.194541058,0.151093444,0.215448712,0.399503419,2.056221534,absolute
56.001000000,203,-0.000261227,-0.901817988,0.901818026,0.008411669,0.128641291,0.128916011,0.016823337,0.257282582,0.257832022,-0.359699692,0.114215890,0.127170429,0.266154022,-0.269590431,0.288271494,1.962218564,1.411765560,0.196221856,0.141176556,2.661540219,2.882714939,2.417309184,1.628724302,1.962218564,1.411765560,0.196221856,0.141176556,0.215770889,0.399518830,2.018594294,absolute
56.201000000,204,-0.000072486,-0.766290368,0.766290371,0.008425304,0.125242184,0.125525258,0.016850609,0.250484369,0.251050517,-0.481049387,0.110403576,0.017784581,0.275741918,-0.298371236,0.271226479,1.955249194,1.296262427,0.195524919,0.129626243,2.757419181,2.712264786,2.345910418,1.627433370,1.955249194,1.296262427,0.195524919,0.129626243,0.215671424,0.399548432,1.957096524,absolute
56.406000000,205,0.001855233,0.017828295,0.017924564,0.008428359,0.122987968,0.123276427,0.016856718,0.245975936,0.246552854,-0.562879951,0.107832793,-0.058503770,0.278195840,-0.292294454,0.255381256,1.955298687,1.217748748,0.195529869,0.121774875,2.781958399,2.553812561,2.303498419,1.571124691,1.955298687,1.217748748,0.195529869,0.121774875,0.215149163,0.399582676,1.922892635,absolute
56.612000000,206,0.002491784,-1.000000000,1.000000000,0.008464677,0.122659956,0.122951680,0.016929355,0.245319913,0.245903360,-0.576960182,0.107390450,-0.071418360,0.278427877,-0.289610386,0.237490398,1.847621308,1.124206599,0.184762131,0.112420660,2.784278771,2.374903982,2.162763273,1.562552766,1.847621308,1.124206599,0.184762131,0.112420660,0.215815925,0.399556892,1.785470808,absolute
56.900000000,207,0.003955605,0.015268415,0.015772486,0.008488079,0.124753285,0.125041712,0.016976157,0.249506570,0.250083423,-0.502888184,0.109717490,-0.002708620,0.282359065,-0.298511800,0.210944517,1.716044709,0.983420990,0.171604471,0.098342099,2.823590655,2.109445171,1.977859016,1.579426630,1.716044709,0.983420990,0.171604471,0.098342099,0.215165869,0.399567608,1.610441574,absolute
57.101000000,208,-0.011090114,-0.588414629,0.588519130,0.008470505,0.124325031,0.124613252,0.016941009,0.248650061,0.249226505,-0.519066250,0.109209241,-0.017818313,0.285529915,-0.297119801,0.193348352,1.656019709,0.897320554,0.165601971,0.089732055,2.855299145,1.933483519,1.883503505,1.584899006,1.656019709,0.897320554,0.165601971,0.089732055,0.215559908,0.399553908,1.524039393,absolute
57.400000000,209,0.000420022,0.243377476,0.243377838,0.008462050,0.125267528,0.125553016,0.016924100,0.250535056,0.251106033,-0.485363017,0.110268060,0.013698520,0.291486165,-0.297691165,0.167174654,1.572340042,0.763365166,0.157234004,0.076336517,2.914861651,1.671746535,1.747849989,1.620962980,1.572340042,0.763365166,0.157234004,0.076336517,0.215026429,0.399601370,1.405213273,absolute
57.600000000,210,-0.000383254,-0.401576179,0.401576362,0.008485746,0.124052128,0.124342021,0.016971492,0.248104255,0.248684042,-0.528281455,0.108919737,-0.026484777,0.295079153,-0.297303346,0.151478849,1.518252588,0.675028147,0.151825259,0.067502815,2.950791532,1.514788491,1.661551661,1.660531620,1.518252588,0.675028147,0.151825259,0.067502815,0.215445287,0.399554654,1.331612747,absolute
57.801000000,211,0.004949078,-0.199213528,0.199274994,0.008493442,0.124830742,0.125119353,0.016986883,0.249661483,0.250238707,-0.500634847,0.109788281,-0.000593927,0.299056245,-0.297792492,0.134033566,1.462972013,0.585228148,0.146297201,0.058522815,2.990562448,1.340335659,1.575683692,1.704030483,1.462972013,0.585228148,0.146297201,0.058522815,0.215320340,0.399551685,1.261392266,absolute
58.100000000,212,-0.004119530,-0.159062969,0.159116305,0.008458008,0.124747747,0.125034148,0.016916015,0.249495493,0.250068296,-0.503051127,0.109712371,-0.002855493,0.305005243,-0.297891196,0.107862847,1.378947130,0.452286324,0.137894713,0.045228632,3.050052434,1.078628473,1.451226415,1.784628091,1.378947130,0.452286324,0.137894713,0.045228632,0.215297096,0.399551398,1.164844356,absolute
58.401000000,213,-0.000369747,-0.373977501,0.373977684,0.008438227,0.124536190,0.124821738,0.016876455,0.249072381,0.249643477,-0.510692943,0.109472297,-0.010019864,0.311388683,-0.298161335,0.079951741,1.294444854,0.317009093,0.129444485,0.031700909,3.113886826,0.799517414,1.332697357,1.882334553,1.294444854,0.317009093,0.129444485,0.031700909,0.215442429,0.399544671,1.082154497,absolute
58.700000000,214,-0.002302277,-0.055286445,0.055334360,0.008476033,0.123572126,0.123862478,0.016952067,0.247144251,0.247724955,-0.543966618,0.108426973,-0.041084455,0.316382676,-0.295549566,0.053630284,1.209268141,0.187372870,0.120926814,0.018737287,3.163826755,0.536302843,1.223698504,1.985460023,1.209268141,0.187372870,0.120926814,0.018737287,0.215233071,0.399555736,1.016428693,absolute
58.901000000,215,0.000440851,-0.006153686,0.006169457,0.008483636,0.120441986,0.120740399,0.016967272,0.240883972,0.241480799,-0.655777869,0.104914319,-0.139980202,0.314218982,-0.262821481,0.037740168,1.136872571,0.121323056,0.113687257,0.012132306,3.142189817,0.377401680,1.143327830,2.021601721,1.136872571,0.121323056,0.113687257,0.012132306,0.215184900,0.399570876,0.962772045,absolute
59.200000000,216,-0.007877240,0.193291485,0.193451930,0.008458471,0.115783888,0.116092440,0.016916941,0.231567777,0.232184879,-0.822133156,0.099688114,-0.252386924,0.298586385,-0.157807066,0.014235064,0.995853567,0.080249241,0.099585357,0.008024924,2.985863852,0.142350639,0.999081713,1.990979034,0.995853567,0.080249241,0.099585357,0.008024924,0.215018269,0.399616279,0.843622586,absolute
59.500000000,217,0.001185070,0.144973564,0.144978408,0.008487559,0.110746164,0.111070930,0.016975119,0.221492328,0.222141860,0.996370329,0.093986233,-0.298345289,0.274409371,0.003402164,0.003346523,0.851530833,0.119069574,0.085153083,0.011906957,2.744093714,0.033465226,0.859815284,1.894497919,0.851530833,0.119069574,0.085153083,0.011906957,0.215504631,0.399374905,0.695054248,absolute
59.700000000,218,-0.000934673,-0.094996682,0.095001280,0.008472161,0.110057051,0.110382661,0.016944323,0.220114102,0.220765323,0.970832216,0.093183929,-0.296382348,0.256660257,0.027234761,0.001140220,0.762382983,0.185385943,0.076238298,0.018538594,2.566602573,0.011402196,0.784599109,1.812588942,0.762382983,0.185385943,0.076238298,0.018538594,0.215648287,0.399346943,0.587109988,absolute
60.001000000,219,-0.008029624,-0.077771038,0.078184456,0.008468612,0.109618239,0.109944876,0.016937223,0.219236478,0.219889751,0.953311137,0.092633488,-0.295562167,0.229871878,0.043665883,-0.000562559,0.642357118,0.290776688,0.064235712,0.029077669,2.298718780,-0.005625586,0.705105489,1.682672952,0.642357118,0.290776688,0.064235712,0.029077669,0.215622914,0.399350055,0.440329714,absolute
60.207000000,220,-0.000585807,-0.012257252,0.012271243,0.008485198,0.110391999,0.110717623,0.016970396,0.220783999,0.221435247,0.979833338,0.093466708,-0.298096184,0.212124490,0.018911324,-0.002647523,0.563776071,0.377024564,0.056377607,0.037702456,2.121244895,-0.026475229,0.678226349,1.608888194,0.563776071,0.377024564,0.056377607,0.037702456,0.215584402,0.399354321,0.348906946,absolute
60.500000000,221,0.002027811,0.264767679,0.264775444,0.008508629,0.110453733,0.110780973,0.017017258,0.220907467,0.221561946,0.982582586,0.093553078,-0.297434642,0.187449844,0.016291416,-0.006959538,0.440666786,0.477234256,0.044066679,0.047723426,1.874498435,-0.069595377,0.649568897,1.534566989,0.440666786,0.477234256,0.044066679,0.047723426,0.215397868,0.399405021,0.238334796,absolute
60.704000000,222,-0.005589743,-0.072887839,0.073101863,0.008517337,0.110917426,0.111243968,0.017034673,0.221834852,0.222487936,0.997726567,0.094028840,-0.297749025,0.168060228,0.002126620,-0.010333541,0.356443918,0.542345805,0.035644392,0.054234581,1.680602284,-0.103335410,0.648992480,1.473193677,0.356443918,0.542345805,0.035644392,0.054234581,0.215616723,0.399358992,0.200692619,absolute
61.000000000,223,0.001849789,0.031476934,0.031531240,0.008487305,0.110893422,0.111217739,0.016974611,0.221786844,0.222435477,0.997068152,0.094008155,-0.298464621,0.141621519,0.002749138,-0.014972258,0.231554254,0.640112484,0.023155425,0.064011248,1.416215192,-0.149722576,0.680706519,1.423819146,0.231554254,0.640112484,0.023155425,0.064011248,0.215542062,0.399368319,0.241276073,absolute
61.200000000,224,-0.001151698,-0.410745586,0.410747201,0.008510381,0.110512376,0.110839577,0.017020762,0.221024751,0.221679153,0.979870273,0.093467868,-0.297433384,0.124008768,0.018834624,-0.018114824,0.149402689,0.706613758,0.014940269,0.070661376,1.240087683,-0.181148236,0.722235534,1.406312594,0.149402689,0.706613758,0.014940269,0.070661376,0.215821411,0.399354151,0.314356347,absolute
61.500000000,225,0.005624542,-0.237323594,0.237390235,0.008533669,0.110496375,0.110825414,0.017067337,0.220992751,0.221650829,0.979336250,0.093451091,-0.297133687,0.097585147,0.019316195,-0.022816537,0.026439916,0.804621873,0.002643992,0.080462187,0.975851472,-0.228165373,0.805056164,1.402865566,0.026439916,0.804621873,0.002643992,0.080462187,0.215701196,0.399360124,0.447277226,absolute
61.700000000,226,0.010454382,-0.200241862,0.200514582,0.008549159,0.110555289,0.110885346,0.017098319,0.221110577,0.221770692,0.981347380,0.093514273,-0.297910145,0.079966372,0.017477226,-0.025952154,-0.055430490,0.872253362,-0.005543049,0.087225336,0.799663716,-0.259521539,0.874012852,1.418485293,-0.055430490,0.872253362,-0.005543049,0.087225336,0.215673427,0.399362461,0.545090028,absolute
62.000000000,227,0.001933624,0.057474113,0.057506630,0.008553558,0.107328207,0.107668507,0.017107115,0.214656414,0.215337014,0.864031543,0.089828687,-0.271950114,0.053459778,0.123787647,-0.024802503,-0.156244685,0.979759863,-0.015624469,0.097975986,0.534597778,-0.248025035,0.992140006,1.408800576,-0.156244685,0.979759863,-0.015624469,0.097975986,0.215456757,0.399373556,0.689209857,absolute
62.200000000,228,0.001567463,-0.477447514,0.477450087,0.008567989,0.103325193,0.103679824,0.017135978,0.206650385,0.207359648,0.721047619,0.085336715,-0.191162962,0.037779009,0.229533996,-0.016388550,-0.190189468,1.073537973,-0.019018947,0.107353797,0.377790089,-0.163885505,1.090254930,1.361549720,-0.190189468,1.073537973,-0.019018947,0.107353797,0.215749339,0.399345302,0.786970186,absolute
62.507000000,229,-0.007024964,-0.089130070,0.089406485,0.008490415,0.098162813,0.098529311,0.016980830,0.196325626,0.197058621,0.535340825,0.079502564,-0.033028464,0.022193980,0.296259419,0.005060448,-0.168694566,1.212287854,-0.016869457,0.121228785,0.221939801,0.050604476,1.223968831,1.225603313,-0.168694566,1.212287854,-0.016869457,0.121228785,0.215415204,0.399355620,0.899110190,absolute
62.809000000,230,0.002346626,0.157896575,0.157914011,0.008503110,0.096830538,0.097203168,0.017006220,0.193661076,0.194406337,0.490310838,0.078087905,0.009083088,0.016726177,0.298306873,0.033111903,-0.090117599,1.349926971,-0.009011760,0.134992697,0.167261775,0.331119027,1.352931635,1.050815763,-0.090117599,1.349926971,-0.009011760,0.134992697,0.215233088,0.399389721,0.998378739,absolute
63.103000000,231,0.003951991,-0.446043032,0.446060539,0.008506124,0.096311836,0.096686731,0.017012248,0.192623673,0.193373462,0.473448361,0.077558154,0.024865438,0.012776625,0.297403450,0.057851872,0.035610791,1.474199410,0.003561079,0.147419941,0.127766246,0.578518717,1.474629455,0.900409091,0.035610791,1.474199410,0.003561079,0.147419941,0.215618613,0.399353816,1.089814603,absolute
63.316000000,232,0.002268606,0.974818711,0.974821351,0.008469177,0.097112548,0.097481146,0.016938353,0.194225095,0.194962292,0.501883543,0.078451472,-0.001761600,0.009977692,0.297698533,0.075518176,0.063043073,1.548612438,0.006304307,0.154861244,0.099776917,0.755181764,1.549895129,0.794280561,0.063043073,1.548612438,0.006304307,0.154861244,0.214697634,0.399541464,1.159035465,absolute
63.600000000,233,-0.002050266,-0.025413072,0.025495643,0.008544992,0.096954901,0.097330724,0.017089984,0.193909803,0.194661448,0.495984335,0.078266143,0.003769979,0.005808530,0.298819274,0.102036589,0.207791219,1.674013227,0.020779122,0.167401323,0.058085303,1.020365891,1.686860241,0.670571921,0.207791219,1.674013227,0.020779122,0.167401323,0.215343338,0.399367114,1.274668485,absolute
63.905000000,234,-0.000237624,-0.457082050,0.457082112,0.008569357,0.096100180,0.096481493,0.017138714,0.192200360,0.192962986,0.467273242,0.077364157,0.030563801,0.001646296,0.296224145,0.128547549,0.321456814,1.834430551,0.032145681,0.183443055,0.016462964,1.285475493,1.862382863,0.627991166,0.321456814,1.834430551,0.032145681,0.183443055,0.215611739,0.399361184,1.438967431,absolute
64.201000000,235,0.002547976,-0.393856405,0.393864646,0.008546540,0.096547388,0.096924927,0.017093080,0.193094777,0.193849855,0.484386365,0.077901782,0.014637317,-0.002519919,0.298166654,0.155063618,0.437991427,1.905255589,0.043799143,0.190525559,-0.025199186,1.550636179,1.954951495,0.583352784,0.437991427,1.905255589,0.043799143,0.190525559,0.215572796,0.399363726,1.522228745,absolute
64.500000000,236,0.002034263,0.104627525,0.104647299,0.008568090,0.097172939,0.097549947,0.017136180,0.194345878,0.195099895,0.504662420,0.078538773,-0.004373214,-0.006690577,0.298544008,0.181576228,0.547513612,2.021080259,0.054751361,0.202108026,-0.066905774,1.815762283,2.093928501,0.647816836,0.547513612,2.021080259,0.054751361,0.202108026,0.215249614,0.399393436,1.655375340,absolute
64.701000000,237,-0.005018148,-0.154568400,0.154649837,0.008573509,0.096826649,0.097205478,0.017147019,0.193653297,0.194410956,0.493458867,0.078186803,0.006127314,-0.009392131,0.298130317,0.199265122,0.621304005,2.096869262,0.062130401,0.209686926,-0.093921306,1.992651217,2.186979508,0.722778422,0.621304005,2.096869262,0.062130401,0.209686926,0.215411267,0.399373859,1.745347977,absolute
65.000000000,238,-0.002442814,0.268272443,0.268283565,0.008557997,0.092155904,0.092552418,0.017115995,0.184311808,0.185104835,0.326140366,0.072930337,0.154846619,-0.004933568,0.254730685,0.225403087,0.742606560,2.175372264,0.074260656,0.217537226,-0.049335684,2.254030875,2.298631982,0.795838988,0.742606560,2.175372264,0.074260656,0.217537226,0.215073647,0.399443577,1.852623457,absolute
65.200000000,239,0.004229013,0.149601133,0.149660896,0.008580209,0.088593640,0.089008163,0.017160418,0.177187280,0.178016325,0.197850378,0.068899988,0.242563338,0.005392417,0.173741988,0.239895454,0.836714447,2.189013974,0.083671445,0.218901397,0.053924175,2.398954542,2.343474609,0.810453980,0.836714447,2.189013974,0.083671445,0.218901397,0.215113404,0.399444785,1.894451302,absolute
65.400000000,240,0.002480268,-0.136463205,0.136485743,0.008599593,0.085710447,0.086140779,0.017199187,0.171420894,0.172281557,0.093706176,0.065628202,0.286102057,0.018527909,0.086745098,0.249096702,0.933965300,2.163260150,0.093396530,0.216326015,0.185279086,2.490967016,2.356265193,0.817265463,0.933965300,2.163260150,0.093396530,0.216326015,0.215275269,0.399439169,1.904620648,absolute
65.700000000,241,-0.004937053,0.046060778,0.046324613,0.008609769,0.083652985,0.084094887,0.017219537,0.167305971,0.168189774,0.018672080,0.063270936,0.297625799,0.046106629,0.017478803,0.256494412,1.063115528,2.066398440,0.106311553,0.206639844,0.461066292,2.564944123,2.323836728,0.781671978,1.063115528,2.066398440,0.106311553,0.206639844,0.215144766,0.399469993,1.870215190,absolute
65.900000000,242,0.000618094,-0.371755647,0.371756161,0.008604734,0.083526246,0.083968299,0.017209469,0.167052491,0.167936597,0.013317325,0.063102712,0.297174742,0.061831068,0.012440341,0.259960680,1.137633340,1.988106274,0.113763334,0.198810627,0.618310685,2.599606796,2.290584242,0.802264862,1.137633340,1.988106274,0.113763334,0.198810627,0.215422598,0.399452416,1.836925076,absolute
66.117000000,243,-0.002076507,0.147200870,0.147215515,0.008574460,0.083783710,0.084221324,0.017148921,0.167567419,0.168442647,0.023691893,0.063428638,0.297396215,0.081041588,0.022176249,0.264233721,1.227255650,1.930740330,0.122725565,0.193074033,0.810415881,2.642337210,2.287775044,0.824697225,1.227255650,1.930740330,0.122725565,0.193074033,0.215089643,0.399483086,1.835545906,absolute
66.400000000,244,0.001716625,0.696699921,0.696702035,0.008547683,0.084230042,0.084662642,0.017095366,0.168460084,0.169325283,0.038114588,0.063881741,0.296069750,0.107273429,0.035621953,0.269900622,1.343660605,1.809071879,0.134366060,0.180907188,1.072734289,2.699006223,2.253478396,0.930260289,1.343660605,1.809071879,0.134366060,0.180907188,0.214741911,0.399575605,1.805861889,absolute
66.607000000,245,0.005586978,0.132341310,0.132459189,0.008583651,0.083129251,0.083571236,0.017167301,0.166258502,0.167142472,-0.003253377,0.062582128,0.297834240,0.125052751,-0.003044206,0.271882601,1.464394398,1.754380486,0.146439440,0.175438049,1.250527514,2.718826005,2.285235621,0.987873576,1.464394398,1.754380486,0.146439440,0.175438049,0.215106950,0.399482970,1.842950463,absolute
66.900000000,246,-0.000929408,-0.042460702,0.042470873,0.008652523,0.082515693,0.082968101,0.017305046,0.165031386,0.165936202,-0.025281825,0.061890084,0.296905907,0.151728864,-0.023631523,0.274831201,1.520708637,1.608567697,0.152070864,0.160856770,1.517288644,2.748312009,2.213604480,1.139749443,1.520708637,1.608567697,0.152070864,0.160856770,0.215223295,0.399462352,1.779389702,absolute
67.204000000,247,0.017055730,1.000000000,1.000000000,0.008630789,0.083593287,0.084037659,0.017261578,0.167186574,0.168075318,0.013094292,0.063095705,0.298651434,0.180191652,0.012292538,0.277965658,1.625641080,1.530462349,0.162564108,0.153046235,1.801916522,2.779656578,2.232716714,1.261570153,1.625641080,1.530462349,0.162564108,0.153046235,0.214561506,0.399628175,1.808295190,absolute
67.501000000,248,-0.003159968,0.144630705,0.144665221,0.008603727,0.083048987,0.083493463,0.017207454,0.166097975,0.166986927,-0.004788759,0.062533892,0.299218827,0.205087682,-0.004501887,0.280723355,1.725770819,1.361474303,0.172577082,0.136147430,2.050876819,2.807233547,2.198157682,1.481861567,1.725770819,1.361474303,0.172577082,0.136147430,0.215119723,0.399477833,1.790950569,absolute
67.801000000,249,0.005336366,-0.104505034,0.104641191,0.008623192,0.081333053,0.081788905,0.017246385,0.162666107,0.163577811,-0.065162370,0.060637199,0.292402229,0.231809144,-0.060709158,0.282306014,1.825534736,1.239246743,0.182553474,0.123924674,2.318091438,2.823060144,2.206424611,1.658637090,1.825534736,1.239246743,0.182553474,0.123924674,0.215279777,0.399463632,1.816082792,absolute
68.100000000,250,0.005537636,0.055175260,0.055452454,0.008659480,0.076660720,0.077148251,0.017318961,0.153321440,0.154296501,-0.233307965,0.055354750,0.222003991,0.256275944,-0.199861256,0.272090748,1.867832011,1.099371430,0.186783201,0.109937143,2.562759435,2.720907482,2.167351832,1.764172126,1.867832011,1.099371430,0.186783201,0.109937143,0.215156644,0.399524544,1.794748320,absolute
68.302000000,251,-0.001005391,-0.079683010,0.079689352,0.008664286,0.073003228,0.073515585,0.017328571,0.146006457,0.147031169,-0.364526604,0.051232395,0.123094119,0.268072265,-0.271545764,0.258767730,1.855278669,1.002213872,0.185527867,0.100221387,2.680722647,2.587677299,2.108670573,1.787470850,1.855278669,1.002213872,0.185527867,0.100221387,0.215231724,0.399548213,1.747272125,absolute
68.600000000,252,0.013187622,-0.437239210,0.437438041,0.008728910,0.071460575,0.071991719,0.017457820,0.142921150,0.143983439,-0.419828576,0.049495032,0.074313045,0.280682341,-0.288784457,0.235077212,1.772060602,0.855357028,0.177206060,0.085535703,2.806823410,2.350772118,1.967697747,1.818515978,1.772060602,0.855357028,0.177206060,0.085535703,0.215467409,0.399548946,1.621956650,absolute
68.800000000,253,-0.001514802,0.321479969,0.321483538,0.008774266,0.072271972,0.072802649,0.017548531,0.144543944,0.145605297,-0.390307879,0.050422452,0.100689555,0.289038617,-0.280527049,0.219258282,1.709856454,0.757000677,0.170985645,0.075700068,2.890386167,2.192582823,1.869935592,1.858641036,1.709856454,0.757000677,0.170985645,0.075700068,0.214976862,0.399609642,1.537007921,absolute
69.000000000,254,0.003894306,-0.120963538,0.121026209,0.008782918,0.069485489,0.070038366,0.017565836,0.138970977,0.140076733,-0.491563358,0.047241417,0.007891769,0.294914390,-0.297682402,0.204329640,1.654041051,0.676040323,0.165404105,0.067604032,2.949143896,2.043296398,1.786863821,1.883263273,1.654041051,0.676040323,0.165404105,0.067604032,0.215257126,0.399568952,1.465106003,absolute
69.202000000,255,0.001458402,-0.041900267,0.041925640,0.008796397,0.070009736,0.070560185,0.017592794,0.140019472,0.141120370,-0.470965370,0.047888522,0.027176393,0.298770483,-0.297111066,0.185028709,1.576565039,0.599998808,0.157656504,0.059999881,2.987704825,1.850287094,1.686877557,1.885347792,1.576565039,0.599998808,0.157656504,0.059999881,0.215210947,0.399564999,1.376030041,absolute
69.504000000,256,-0.003808254,0.458724358,0.458740166,0.008760260,0.069111843,0.069664834,0.017520521,0.138223687,0.139329667,-0.503928587,0.046852952,-0.003684582,0.301474711,-0.298524463,0.158337738,1.455451805,0.459835146,0.145545180,0.045983515,3.014747109,1.583377377,1.526364411,1.921912847,1.455451805,0.459835146,0.145545180,0.045983515,0.214882853,0.399654136,1.242027808,absolute
69.800000000,257,0.005818542,-0.403021227,0.403063227,0.008852585,0.068093755,0.068666787,0.017705170,0.136187509,0.137333575,-0.540550688,0.045702435,-0.037891337,0.303767462,-0.295824052,0.131597187,1.316954938,0.411894368,0.131695494,0.041189437,3.037674622,1.315971867,1.379864949,1.943767568,1.316954938,0.411894368,0.131695494,0.041189437,0.215446208,0.399564859,1.101577731,absolute
70.000000000,258,0.007088544,0.097949969,0.098206129,0.008873688,0.068936307,0.069505085,0.017747376,0.137872615,0.139010170,-0.509727835,0.046670763,-0.009123950,0.305143746,-0.298456886,0.115553095,1.228936877,0.353137850,0.122893688,0.035313785,3.051437458,1.155530947,1.278668131,1.991316914,1.228936877,0.353137850,0.122893688,0.035313785,0.215124809,0.399584987,1.014875483,absolute
70.203000000,259,0.006698272,0.043453495,0.043966727,0.008945377,0.068658110,0.069238399,0.017890754,0.137316221,0.138476798,-0.521456812,0.046302287,-0.020072875,0.306825220,-0.297328148,0.095946095,1.146420928,0.246398468,0.114642093,0.024639847,3.068252196,0.959460950,1.172601019,2.049852074,1.146420928,0.246398468,0.114642093,0.024639847,0.215161397,0.399575546,0.943773030,absolute
70.404000000,260,-0.001541414,-0.310073426,0.310077257,0.008906134,0.068329568,0.068907540,0.017812268,0.136659137,0.137815081,-0.533496953,0.045924034,-0.031276525,0.308375706,-0.296112009,0.078117765,1.054497071,0.187420704,0.105449707,0.018742070,3.083757059,0.781177654,1.071023153,2.114342313,1.054497071,0.187420704,0.105449707,0.018742070,0.215392587,0.399561871,0.865505754,absolute
70.701000000,261,-0.005676602,-0.451162856,0.451198567,0.008819606,0.067646214,0.068218735,0.017639212,0.135292429,0.136437469,-0.559860037,0.045095814,-0.055685540,0.310410006,-0.292612784,0.051369602,0.919829435,0.144878848,0.091982943,0.014487885,3.104100059,0.513696020,0.931169195,2.215189443,0.919829435,0.144878848,0.091982943,0.014487885,0.215484341,0.399561231,0.748976053,absolute
71.000000000,262,0.008736779,-0.314817860,0.314939068,0.008811055,0.063802331,0.064407858,0.017622111,0.127604663,0.128815716,-0.700340908,0.040682477,-0.176008821,0.302434419,-0.241710550,0.026079643,0.783044235,0.100479395,0.078304423,0.010047939,3.024344191,0.260796431,0.789464617,2.247026267,0.783044235,0.100479395,0.078304423,0.010047939,0.215374665,0.399578859,0.641645719,absolute
71.201000000,263,0.000927851,0.248699943,0.248701673,0.008829031,0.061662017,0.062290899,0.017658063,0.123324034,0.124581799,-0.779530697,0.038194656,-0.229369939,0.291136246,-0.190321625,0.012224740,0.683864371,0.122207271,0.068386437,0.012220727,2.911362462,0.122247396,0.694697844,2.227498091,0.683864371,0.122207271,0.068386437,0.012220727,0.214987293,0.399636494,0.544805183,absolute
71.502000000,264,0.000202638,-0.600614663,0.600614697,0.008799907,0.056690171,0.057369102,0.017599814,0.113380342,0.114738204,-0.959798522,0.032531376,-0.295912267,0.268420972,-0.037572718,-0.001454982,0.538138370,0.182374355,0.053813837,0.018237435,2.684209722,-0.014549816,0.568201822,2.155087325,0.538138370,0.182374355,0.053813837,0.018237435,0.215492775,0.399577378,0.388943869,absolute
71.804000000,265,0.007272910,0.642949354,0.642990487,0.008850588,0.055010487,0.055717920,0.017701175,0.110020974,0.111435840,0.982664139,0.030723787,-0.298035244,0.242081995,0.016247726,-0.006277909,0.386703642,0.295392663,0.038670364,0.029539266,2.420819954,-0.062779087,0.486617439,2.065409445,0.386703642,0.295392663,0.038670364,0.029539266,0.215164144,0.399478042,0.200647864,absolute
72.100000000,266,0.000459117,0.292043742,0.292044103,0.008857063,0.055635572,0.056336174,0.017714125,0.111271145,0.112672347,-0.993666118,0.031467394,-0.298243833,0.215395243,-0.005935381,-0.009156816,0.336416802,0.448876003,0.033641680,0.044887600,2.153952433,-0.091568155,0.560950917,1.896184500,0.336416802,0.448876003,0.033641680,0.044887600,0.214883850,0.399648119,0.131124533,absolute
72.300000000,267,0.006899960,-0.581003799,0.581044770,0.008904252,0.054155357,0.054882496,0.017808504,0.108310714,0.109764993,0.954768328,0.029847414,-0.294438449,0.197610719,0.042123458,-0.011063487,0.274166190,0.541109779,0.027416619,0.054110978,1.976107191,-0.110634868,0.606602747,1.822463788,0.274166190,0.541109779,0.027416619,0.054110978,0.215943055,0.399350971,0.153249774,absolute
72.500000000,268,-0.002163072,-0.214717850,0.214728746,0.008842002,0.053346978,0.054074773,0.017684005,0.106693956,0.108149545,0.924629240,0.028900567,-0.290263530,0.179771783,0.070043788,-0.012056397,0.214217931,0.634642715,0.021421793,0.063464272,1.797717831,-0.120563967,0.669821392,1.754368566,0.214217931,0.634642715,0.021421793,0.063464272,0.215686907,0.399360492,0.235286809,absolute
72.700000000,269,0.003420928,-0.014478603,0.014877254,0.008846483,0.054378438,0.055093328,0.017692966,0.108756876,0.110186656,0.961730114,0.030066125,-0.296830419,0.161887229,0.035860397,-0.011584331,0.176912879,0.731850080,0.017691288,0.073185008,1.618872289,-0.115843310,0.752929417,1.672671821,0.176912879,0.731850080,0.017691288,0.073185008,0.215563127,0.399369188,0.334719861,absolute
72.905000000,270,0.001601938,-0.113655932,0.113667221,0.008909648,0.054340952,0.055066514,0.017819297,0.108681905,0.110133027,0.960329148,0.030022112,-0.295823579,0.144007364,0.037060472,-0.012208342,0.106189540,0.782742132,0.010618954,0.078274213,1.440073639,-0.122083417,0.789912314,1.611817627,0.106189540,0.782742132,0.010618954,0.078274213,0.215622134,0.399368953,0.398685951,absolute
73.106000000,271,-0.006600425,0.447791301,0.447839944,0.008914101,0.054746757,0.055467726,0.017828203,0.109493513,0.110935451,0.974208111,0.030458133,-0.296142735,0.124338259,0.024048391,-0.012846730,0.009506776,0.877677103,0.000950678,0.087767710,1.243382592,-0.128467299,0.877728589,1.592098014,0.009506776,0.877677103,0.000950678,0.087767710,0.215252722,0.399456745,0.520601676,absolute
73.400000000,272,0.000559994,0.183135875,0.183136732,0.008957112,0.055339647,0.056059846,0.017914223,0.110679294,0.112119693,0.997526037,0.031190687,-0.298289758,0.099302384,0.002318409,-0.013638995,-0.016259562,1.075096874,-0.001625956,0.107509687,0.993023840,-0.136389955,1.075219821,1.576817467,-0.016259562,1.075096874,-0.001625956,0.107509687,0.215426456,0.399412294,0.714302501,absolute
73.702000000,273,0.006216483,0.095982970,0.096184070,0.008991401,0.054278488,0.055018174,0.017982802,0.108556975,0.110036348,0.960580134,0.030029997,-0.295826884,0.072477007,0.036823989,-0.014513612,-0.093016849,1.221698613,-0.009301685,0.122169861,0.724770074,-0.145136123,1.225234523,1.592800253,-0.093016849,1.221698613,-0.009301685,0.122169861,0.215464770,0.399396691,0.878260417,absolute
74.000000000,274,0.000723198,0.177651991,0.177653463,0.008913587,0.051547532,0.052312523,0.017827175,0.103095064,0.104625047,0.862815485,0.026958630,-0.271131103,0.046093529,0.124667463,-0.011186762,-0.146985922,1.364700148,-0.014698592,0.136470015,0.460935291,-0.111867623,1.372592931,1.596815764,-0.146985922,1.364700148,-0.014698592,0.136470015,0.215369920,0.399408605,1.031062325,absolute
74.200000000,275,0.001334691,-0.118209032,0.118216567,0.008922093,0.048162596,0.048982031,0.017844187,0.096325191,0.097964062,0.740988479,0.023131322,-0.204348198,0.031021816,0.216258992,-0.001730164,-0.147422920,1.465540328,-0.014742292,0.146554033,0.310218158,-0.017301645,1.472936512,1.551855557,-0.147422920,1.465540328,-0.014742292,0.146554033,0.215513568,0.399368022,1.126253203,absolute
74.400000000,276,-0.443384376,-0.416287119,0.608181446,0.007981596,0.044928728,0.045632187,0.015963191,0.089857457,0.091264374,0.619702091,0.019320998,-0.109595623,0.021136177,0.277565638,0.010894486,-0.109137759,1.564352655,-0.010913776,0.156435265,0.211361769,0.108944858,1.568155056,1.490279102,-0.109137759,1.564352655,-0.010913776,0.156435265,0.215596078,0.399421380,1.209345665,absolute
74.601000000,277,0.012602859,-0.156669511,0.157175595,0.007202634,0.042950698,0.043550435,0.014405269,0.085901395,0.087100869,0.536733464,0.016714462,-0.027796004,0.015679235,0.239793104,0.026647147,-0.048907401,1.645385438,-0.004890740,0.164538544,0.156792346,0.266471470,1.646112139,1.394172198,-0.048907401,1.645385438,-0.004890740,0.164538544,0.215457544,0.399375556,1.273746227,absolute
74.900000000,278,-0.004511944,-0.158476850,0.158541066,0.006472715,0.040869429,0.041378815,0.012945431,0.081738858,0.082757629,0.435911675,0.013547052,0.043410211,0.016088346,0.212685823,0.046111387,0.114445882,1.697679896,0.011444588,0.169767990,0.160883457,0.461113866,1.701533099,1.237437673,0.114445882,1.697679896,0.011444588,0.169767990,0.215421629,0.399390054,1.302210664,absolute
75.200000000,279,0.000885111,-0.113583426,0.113586875,0.006535426,0.041410430,0.041922971,0.013070853,0.082820861,0.083845943,0.465886176,0.014488728,0.023254253,0.017515861,0.216149834,0.064282945,0.289305442,1.725983567,0.028930544,0.172598357,0.175158614,0.642829446,1.750061974,1.089152123,0.289305442,1.725983567,0.028930544,0.172598357,0.215401109,0.399389150,1.328651420,absolute
75.403000000,280,-0.005984603,-0.422166075,0.422208492,0.006460559,0.042041825,0.042535325,0.012921118,0.084083650,0.085070650,0.492571736,0.015327080,0.005056325,0.017160716,0.216630157,0.078624792,0.402792671,1.746915782,0.040279267,0.174691578,0.171607163,0.786247916,1.792751150,0.988093865,0.402792671,1.746915782,0.040279267,0.174691578,0.215609853,0.399382036,1.360472198,absolute
75.700000000,281,-0.008526689,0.217446125,0.217613239,0.006423222,0.043183621,0.043658710,0.012846445,0.086367243,0.087317420,0.549422780,0.017113108,-0.033537704,0.015545810,0.214262702,0.096807812,0.558135263,1.806129506,0.055813526,0.180612951,0.155458102,0.968078121,1.890401747,0.929773639,0.558135263,1.806129506,0.055813526,0.180612951,0.215207375,0.399429969,1.447896103,absolute
75.901000000,282,0.000907766,0.213533802,0.213535731,0.006402038,0.042949182,0.043423707,0.012804076,0.085898363,0.086847413,0.537900801,0.016751135,-0.025848541,0.014085640,0.216062088,0.111083690,0.661134759,1.844170978,0.066113476,0.184417098,0.140856398,1.110836901,1.959098203,0.899148731,0.661134759,1.844170978,0.066113476,0.184417098,0.215205301,0.399429902,1.511995324,absolute
76.200000000,283,0.008109410,0.141317175,0.141549661,0.006474616,0.043097878,0.043581507,0.012949231,0.086195756,0.087163014,0.547345125,0.017047837,-0.032193054,0.012287895,0.214841279,0.129256996,0.816389094,1.906769028,0.081638909,0.190676903,0.122878945,1.292569965,2.074188824,0.926389128,0.816389094,1.906769028,0.081638909,0.190676903,0.215254060,0.399417259,1.622797796,absolute
76.404000000,284,-0.002672994,-0.376137296,0.376146794,0.006442877,0.042817125,0.043299156,0.012885755,0.085634251,0.086598312,0.533904466,0.016625586,-0.023214767,0.010876243,0.217125481,0.143538357,0.921657587,1.950157313,0.092165759,0.195015731,0.108762434,1.435383569,2.156980819,0.962180096,0.921657587,1.950157313,0.092165759,0.195015731,0.215584836,0.399385694,1.703945815,absolute
76.700000000,285,0.001073198,0.286352346,0.286354357,0.006407046,0.042932183,0.043407633,0.012814092,0.085864366,0.086815265,0.538327647,0.016764544,-0.026074505,0.008930653,0.215500375,0.163003551,1.081297792,2.004907043,0.108129779,0.200490704,0.089306527,1.630035513,2.277906311,1.060459963,1.081297792,2.004907043,0.108129779,0.200490704,0.215150584,0.399447730,1.824201356,absolute
76.900000000,286,-0.001421171,-0.004932202,0.005132869,0.006394831,0.042839051,0.043313718,0.012789663,0.085678102,0.086627436,0.531221825,0.016541308,-0.021294725,0.007619781,0.216405336,0.175981961,1.186327616,2.053138860,0.118632762,0.205313886,0.076197815,1.759819611,2.371234360,1.148226614,1.186327616,2.053138860,0.118632762,0.205313886,0.215336205,0.399397336,1.917729218,absolute
77.102000000,287,0.000399304,-0.002115697,0.002153049,0.006379913,0.042680482,0.043154685,0.012759825,0.085360965,0.086309371,0.528136054,0.016444366,-0.019208561,0.006301531,0.216744777,0.188959801,1.293601526,2.094024354,0.129360153,0.209402435,0.063015310,1.889598013,2.461370127,1.247450425,1.293601526,2.094024354,0.129360153,0.209402435,0.215331627,0.399398480,2.008587272,absolute
77.401000000,288,-0.006341050,-0.068087203,0.068381841,0.006384151,0.042668370,0.043143333,0.012768303,0.085336739,0.086286666,0.527303199,0.016418201,-0.018650923,0.004322417,0.216905221,0.208427741,1.454019917,2.153527808,0.145401992,0.215352781,0.043224167,2.084277406,2.598433362,1.412494343,1.454019917,2.153527808,0.145401992,0.215352781,0.215370891,0.399399427,2.147374626,absolute
77.604000000,289,-0.002010065,-0.250804974,0.250813029,0.006380289,0.042799363,0.043272318,0.012760577,0.085598725,0.086544636,0.532595118,0.016584452,-0.022335725,0.003046201,0.217358139,0.221405452,1.504532486,2.199398453,0.150453249,0.219939845,0.030462013,2.214054522,2.664764821,1.474143331,1.504532486,2.199398453,0.150453249,0.219939845,0.215491294,0.399395408,2.213964353,absolute
77.902000000,290,-0.005501196,-0.090287061,0.090454500,0.006375109,0.039957500,0.040462869,0.012750218,0.079915000,0.080925739,0.389121690,0.012077101,0.074116985,0.005755137,0.204099069,0.240654676,1.723954089,2.221437549,0.172395409,0.222143755,0.057551375,2.406546762,2.811903712,1.676652446,1.723954089,2.221437549,0.172395409,0.222143755,0.215336872,0.399412448,2.365523489,absolute
78.102000000,291,0.002515853,-0.735169654,0.735173959,0.006367163,0.038388872,0.038913317,0.012734325,0.076777744,0.077826635,0.311552108,0.009640181,0.121122680,0.011648174,0.180109508,0.252246293,1.850961902,2.229574208,0.185096190,0.222957421,0.116481743,2.522462929,2.897768298,1.759035310,1.850961902,2.229574208,0.185096190,0.222957421,0.215737187,0.399406646,2.454276507,absolute
78.314000000,292,-0.003284812,0.383361829,0.383375901,0.006345176,0.037281100,0.037817214,0.012690353,0.074562200,0.075634428,0.258031055,0.007958767,0.149464155,0.020352732,0.157203105,0.261909724,1.925110192,2.157017856,0.192511019,0.215701786,0.203527324,2.619097243,2.891154663,1.782516460,1.925110192,2.157017856,0.192511019,0.215701786,0.214989708,0.399502178,2.452218064,absolute
78.600000000,293,0.001526943,0.087756437,0.087769721,0.006280202,0.034740453,0.035303541,0.012560404,0.069480906,0.070607082,0.132842926,0.004025866,0.198621966,0.037345400,0.088065779,0.271346684,2.052468816,2.045927009,0.205246882,0.204592701,0.373453999,2.713466835,2.898007172,1.806848133,2.052468816,2.045927009,0.205246882,0.204592701,0.215153435,0.399470686,2.467092669,absolute
78.801000000,294,0.000627440,-0.340195222,0.340195800,0.006309652,0.032370889,0.032980088,0.012619305,0.064741779,0.065960176,0.015308801,0.000333423,0.216789296,0.050145997,0.010434314,0.273683787,2.105305495,1.947095359,0.210530550,0.194709536,0.501459971,2.736837871,2.867663084,1.787739830,2.105305495,1.947095359,0.210530550,0.194709536,0.215409612,0.399472759,2.442712050,absolute
79.008000000,295,-0.004870581,0.098287692,0.098408297,0.006333238,0.033035204,0.033636805,0.012666476,0.066070409,0.067273609,0.048513000,0.001376563,0.214528264,0.063140368,0.032951371,0.274826758,2.148773828,1.833502299,0.214877383,0.183350230,0.631403682,2.748267580,2.824705231,1.771780935,2.148773828,1.833502299,0.214877383,0.183350230,0.215132649,0.399489697,2.407355468,absolute
79.300000000,296,0.001321152,0.205038842,0.205043098,0.006315384,0.032628311,0.033233879,0.012630768,0.065256621,0.066467758,0.029783242,0.000788151,0.216490872,0.082658331,0.020315682,0.276107580,2.208178122,1.662494195,0.220817812,0.166249420,0.826583313,2.761075800,2.764043699,1.765130522,2.208178122,1.662494195,0.220817812,0.166249420,0.215065149,0.399510692,2.359581880,absolute
79.501000000,297,-0.004605189,0.127488837,0.127571985,0.006342129,0.032548082,0.033160221,0.012684258,0.065096164,0.066320442,0.026844583,0.000695830,0.215871880,0.095689779,0.018248785,0.276566343,2.243113504,1.544765573,0.224311350,0.154476557,0.956897785,2.765663427,2.723574649,1.773398558,2.243113504,1.544765573,0.224311350,0.154476557,0.215118155,0.399496558,2.329035477,absolute
79.702000000,298,-0.002337461,0.263453640,0.263464010,0.006349333,0.032277137,0.032895708,0.012698666,0.064554274,0.065791416,0.013192044,0.000266923,0.217140185,0.108730500,0.009004320,0.277015738,2.276394057,1.430123682,0.227639406,0.143012368,1.087304998,2.770157383,2.688349614,1.791542104,2.276394057,1.430123682,0.227639406,0.143012368,0.215030417,0.399522782,2.304638426,absolute
80.000000000,299,0.011684515,-0.027361761,0.029752208,0.006414580,0.032739452,0.033361932,0.012829160,0.065478903,0.066723865,0.036753218,0.001007119,0.216348424,0.128284221,0.025091983,0.277744497,2.328182016,1.254491870,0.232818202,0.125449187,1.282842214,2.777444967,2.644651462,1.847192853,2.328182016,1.254491870,0.232818202,0.125449187,0.215233142,0.399464994,2.279391126,absolute
80.200000000,300,-0.004451022,0.517577433,0.517596571,0.006414355,0.033262052,0.033874888,0.012828710,0.066524104,0.067749776,0.064242035,0.001870706,0.213316935,0.141316741,0.043646335,0.278234114,2.361932331,1.137977861,0.236193233,0.113797786,1.413167407,2.782341142,2.621777631,1.898442910,2.361932331,1.137977861,0.236193233,0.113797786,0.214885054,0.399553141,2.270480803,absolute
80.400000000,301,0.001658312,0.399590143,0.399593584,0.006426319,0.033395010,0.034007709,0.012852638,0.066790020,0.068015418,0.073328790,0.002156174,0.211557320,0.154351475,0.049617136,0.278718246,2.394988905,1.021889432,0.239498890,0.102188943,1.543514753,2.787182462,2.603887452,1.959915231,2.394988905,1.021889432,0.239498890,0.102188943,0.214968827,0.399527537,2.267117524,absolute
80.700000000,302,-0.000219313,-0.311808918,0.311808995,0.006369282,0.032230100,0.032853418,0.012738564,0.064460200,0.065706837,0.016635441,0.000375100,0.217523227,0.173903909,0.011378512,0.279490127,2.449476177,0.843493611,0.244947618,0.084349361,1.739039086,2.794901273,2.590639885,2.076707183,2.449476177,0.843493611,0.244947618,0.084349361,0.215426667,0.399459169,2.277749722,absolute
80.900000000,303,-0.001182979,0.007018556,0.007117554,0.006333396,0.033141486,0.033741221,0.012666791,0.066282972,0.067482442,0.063138040,0.001836022,0.213525672,0.185632630,0.042918013,0.279959047,2.486442096,0.724542470,0.248644210,0.072454247,1.856326301,2.799590472,2.589856383,2.168610183,2.486442096,0.724542470,0.248644210,0.072454247,0.215231341,0.399455328,2.294358285,absolute
81.103000000,304,0.005290258,-0.630456353,0.630478548,0.006365172,0.031989594,0.032616706,0.012730344,0.063979188,0.065233412,0.008611206,0.000123011,0.216985828,0.199967791,0.005871529,0.280542333,2.523041985,0.605675385,0.252304198,0.060567539,1.999677906,2.805423334,2.594722245,2.261150370,2.523041985,0.605675385,0.252304198,0.060567539,0.215642134,0.399450220,2.316597266,absolute
81.400000000,305,-0.000667084,0.392858308,0.392858874,0.006372992,0.032735612,0.033350192,0.012745985,0.065471224,0.066700385,0.044013830,0.001235218,0.215451427,0.219519790,0.029982557,0.281318349,2.569823609,0.428608241,0.256982361,0.042860824,2.195197896,2.813183485,2.605321171,2.413823423,2.569823609,0.428608241,0.256982361,0.042860824,0.214984962,0.399526051,2.355018222,absolute
81.700000000,306,0.007086098,0.077135999,0.077460797,0.006317171,0.032662889,0.033268168,0.012634342,0.065325778,0.066536335,0.042654248,0.001192505,0.215108881,0.237761201,0.028998861,0.282073166,2.627041563,0.245946106,0.262704156,0.024594611,2.377612006,2.820731656,2.638529299,2.586838946,2.627041563,0.245946106,0.262704156,0.024594611,0.215197205,0.399466226,2.416725395,absolute
81.901000000,307,0.009481613,-0.077613166,0.078190182,0.006308935,0.032392299,0.033000965,0.012617869,0.064784598,0.066001930,0.028021513,0.000732804,0.216441494,0.252100687,0.019103190,0.282656417,2.655386462,0.124937535,0.265538646,0.012493754,2.521006870,2.826564169,2.658324030,2.704966607,2.655386462,0.124937535,0.265538646,0.012493754,0.215299688,0.399452043,2.455479929,absolute
82.200000000,308,0.006241229,-0.191203285,0.191305121,0.006236104,0.031381291,0.031994913,0.012472207,0.062762583,0.063989826,-0.019720187,-0.000767045,0.217913079,0.271642133,-0.013517623,0.282734635,2.707562691,-0.055277871,0.270756269,-0.005527787,2.716421331,2.827346355,2.708126911,2.882637838,2.707562691,-0.055277871,0.270756269,-0.005527787,0.215369033,0.399459152,2.533340677,absolute
82.401000000,309,0.001305343,0.222376802,0.222380633,0.006258094,0.030237206,0.030878024,0.012516189,0.060474412,0.061756049,-0.077896568,-0.002594710,0.210607772,0.284209196,-0.052593906,0.279386803,2.707293386,-0.173364381,0.270729339,-0.017336438,2.842091957,2.793868025,2.712838493,2.970292714,2.707293386,-0.173364381,0.270729339,-0.017336438,0.215090350,0.399517671,2.557199605,absolute
82.700000000,310,0.001080179,-0.270022868,0.270025028,0.006298796,0.027245053,0.027963686,0.012597593,0.054490106,0.055927372,-0.222410790,-0.007134759,0.166634383,0.299454863,-0.139991152,0.269520069,2.653362964,-0.346851610,0.265336296,-0.034685161,2.994548632,2.695200693,2.675937417,3.061125590,2.653362964,-0.346851610,0.265336296,-0.034685161,0.215392270,0.399505735,2.549656917,absolute
82.900000000,311,0.004387835,0.096897908,0.096997205,0.006265297,0.026163656,0.026903361,0.012530594,0.052327312,0.053806723,-0.274063457,-0.008757475,0.141754154,0.308311574,-0.164987345,0.258296315,2.579718936,-0.450616222,0.257971894,-0.045061622,3.083115736,2.582963150,2.618779251,3.075062950,2.579718936,-0.450616222,0.257971894,-0.045061622,0.215147957,0.399540264,2.512759830,absolute
83.101000000,312,-0.004325802,-0.187219638,0.187269606,0.006239779,0.023631277,0.024441197,0.012479558,0.047262555,0.048882394,-0.399524211,-0.012698941,0.067632434,0.313280141,-0.207097420,0.246277918,2.485140926,-0.528066748,0.248514093,-0.052806675,3.132801414,2.462779178,2.540625890,3.060167228,2.485140926,-0.528066748,0.248514093,-0.052806675,0.215316123,0.399546607,2.452054480,absolute
83.400000000,313,-0.002140094,-0.027456291,0.027539570,0.006252731,0.021778799,0.022658613,0.012505463,0.043557598,0.045317226,-0.492210457,-0.015610765,0.005314326,0.314506192,-0.217119886,0.226876352,2.307297202,-0.591455034,0.230729720,-0.059145503,3.145061915,2.268763515,2.381898284,2.980385859,2.307297202,-0.591455034,0.230729720,-0.059145503,0.215199831,0.399566429,2.314950313,absolute
83.700000000,314,0.009339093,-0.287019629,0.287171527,0.006275598,0.021136023,0.022048007,0.012551196,0.042272047,0.044096014,-0.524192499,-0.016615511,-0.016502656,0.312152276,-0.216713464,0.207461049,2.109243342,-0.615984426,0.210924334,-0.061598443,3.121522761,2.074610493,2.197349378,2.874719228,2.109243342,-0.615984426,0.210924334,-0.061598443,0.215367949,0.399563465,2.148976855,absolute
83.901000000,315,0.005849532,-0.271605611,0.271668594,0.006293041,0.021916524,0.022802114,0.012586082,0.043833049,0.045604228,-0.485886382,-0.015412088,0.009633624,0.310906037,-0.217128439,0.194474510,1.974176091,-0.632894488,0.197417609,-0.063289449,3.109060370,1.944745100,2.073144151,2.816414062,1.974176091,-0.632894488,0.197417609,-0.063289449,0.215364577,0.399556752,2.039454217,absolute
84.202000000,316,-0.004131040,0.082074790,0.082178687,0.006258802,0.021772606,0.022654336,0.012517605,0.043545211,0.045308673,-0.492477195,-0.015619145,0.005128385,0.309024001,-0.216955189,0.175001262,1.779356378,-0.657542191,0.177935638,-0.065754219,3.090240011,1.750012621,1.896963588,2.741301894,1.779356378,-0.657542191,0.177935638,-0.065754219,0.215132109,0.399578892,1.887936056,absolute
84.500000000,317,-0.001863950,-0.080179195,0.080200858,0.006279362,0.021162886,0.022074830,0.012558724,0.042325772,0.044149661,-0.526038203,-0.016673495,-0.017718263,0.307111395,-0.216117559,0.155529503,1.584557352,-0.680679995,0.158455735,-0.068068000,3.071113953,1.555295030,1.724571615,2.685039076,1.584557352,-0.680679995,0.158455735,-0.068068000,0.215234844,0.399566295,1.744126193,absolute
84.700000000,318,-0.007971075,-0.056953069,0.057508175,0.006295571,0.021123609,0.022041803,0.012591141,0.042247218,0.044083605,-0.529583873,-0.016784886,-0.020181752,0.305956410,-0.216521473,0.143847038,1.455052904,-0.693968815,0.145505290,-0.069396881,3.059564099,1.438470383,1.612070615,2.668661295,1.455052904,-0.693968815,0.145505290,-0.069396881,0.215219208,0.399567470,1.653181539,absolute
84.902000000,319,-0.007686710,0.353273175,0.353356791,0.006229138,0.022141457,0.023001006,0.012458277,0.044282915,0.046002013,-0.479298598,-0.015205127,0.014119699,0.304518514,-0.216801817,0.129567881,1.327317800,-0.709230552,0.132731780,-0.070923055,3.045185136,1.295678813,1.504918775,2.640213959,1.327317800,-0.709230552,0.132731780,-0.070923055,0.214960595,0.399623220,1.570635299,absolute
85.202000000,320,-0.005908242,0.045322569,0.045706045,0.006265514,0.021857572,0.022737857,0.012531028,0.043715144,0.045475713,-0.495292740,-0.015707598,0.003216469,0.302573487,-0.217485200,0.110099388,1.128116653,-0.729313530,0.112811665,-0.072931353,3.025734866,1.100993884,1.343333691,2.636471147,1.128116653,-0.729313530,0.112811665,-0.072931353,0.215160933,0.399568817,1.451848305,absolute
85.500000000,321,0.002899936,0.257234422,0.257250768,0.006294985,0.021733836,0.022627117,0.012589970,0.043467671,0.045254235,-0.502088006,-0.015921077,-0.001425253,0.300627723,-0.217272097,0.090632899,0.931797202,-0.747893017,0.093179720,-0.074789302,3.006277228,0.906328990,1.194817974,2.653284347,0.931797202,-0.747893017,0.093179720,-0.074789302,0.215024390,0.399606199,1.352966265,absolute
85.700000000,322,0.003017504,0.033179548,0.033316479,0.006282664,0.022055161,0.022932554,0.012565327,0.044110323,0.045865107,-0.486745816,-0.015439088,0.009040950,0.299454533,-0.217000171,0.078952434,0.799021160,-0.761934807,0.079902116,-0.076193481,2.994545334,0.789524339,1.104074031,2.688373464,0.799021160,-0.761934807,0.079902116,-0.076193481,0.215174055,0.399562049,1.299981688,absolute
85.900000000,323,-0.003848749,0.091505814,0.091586718,0.006251689,0.022387478,0.023243984,0.012503379,0.044774956,0.046487968,-0.472335213,-0.014986366,0.018927723,0.298009617,-0.217232974,0.064674651,0.664563838,-0.777090855,0.066456384,-0.077709085,2.980096173,0.646746511,1.022504421,2.718272032,0.664563838,-0.777090855,0.066456384,-0.077709085,0.215138536,0.399569975,1.259568899,absolute
86.104000000,324,-0.007058182,0.291504203,0.291589640,0.006218422,0.021730904,0.022603118,0.012436845,0.043461808,0.045206237,-0.502412552,-0.015931273,-0.001648553,0.296706092,-0.217504365,0.051696323,0.529239414,-0.792046836,0.052923941,-0.079204684,2.967060920,0.516963232,0.952592540,2.767034703,0.529239414,-0.792046836,0.052923941,-0.079204684,0.215003809,0.399611080,1.232393040,absolute
86.400000000,325,-0.003359357,0.009286119,0.009875084,0.006242821,0.021998040,0.022866713,0.012485643,0.043996079,0.045733426,-0.491268056,-0.015581159,0.005957886,0.294741896,-0.217131292,0.032229288,0.331907753,-0.811842757,0.033190775,-0.081184276,2.947418955,0.322292882,0.877069791,2.850817864,0.331907753,-0.811842757,0.033190775,-0.081184276,0.215191923,0.399556230,1.217008665,absolute
86.700000000,326,0.006416420,0.229905653,0.229995173,0.006195159,0.020984782,0.021880152,0.012390317,0.041969564,0.043760305,-0.541161946,-0.017148621,-0.028039015,0.291934360,-0.215618848,0.014225120,0.132073317,-0.813779264,0.013207332,-0.081377926,2.919343601,0.142251201,0.824427105,2.946670983,0.132073317,-0.813779264,0.013207332,-0.081377926,0.215042467,0.399602544,1.216215150,absolute
86.900000000,327,0.000720702,-0.822271717,0.822272033,0.006147632,0.018440472,0.019438219,0.012295264,0.036880943,0.038876439,-0.667652595,-0.021122442,-0.109383743,0.285792656,-0.188110214,0.001312054,0.002900760,-0.787549180,0.000290076,-0.078754918,2.857926562,0.013120539,0.787554522,2.965171889,0.002900760,-0.787549180,0.000290076,-0.078754918,0.215707913,0.399558486,1.206031300,absolute
87.200000000,328,-0.007705693,-0.220993651,0.221127952,0.006079697,0.016052750,0.017165474,0.012159394,0.032105500,0.034330948,-0.786353885,-0.024851553,-0.169927193,0.273106855,-0.134954716,-0.011678840,-0.167477049,-0.689156613,-0.016747705,-0.068915661,2.731068552,-0.116788400,0.709214635,2.954517215,-0.167477049,-0.689156613,-0.016747705,-0.068915661,0.215286336,0.399582859,1.154063016,absolute
87.401000000,329,0.004418740,-0.204087027,0.204134857,0.006081314,0.014851869,0.016048689,0.012162629,0.029703739,0.032097378,-0.845007444,-0.026694209,-0.191695711,0.260343512,-0.101491914,-0.018126898,-0.255288264,-0.597703771,-0.025528826,-0.059770377,2.603435117,-0.181268978,0.649939917,2.888895517,-0.255288264,-0.597703771,-0.025528826,-0.059770377,0.215260531,0.399585377,1.102724722,absolute
87.601000000,330,0.002929188,-0.046482795,0.046574998,0.006038364,0.012840125,0.014189103,0.012076729,0.025680249,0.028378206,-0.943279132,-0.029781505,-0.214062626,0.248875412,-0.038553577,-0.020516906,-0.312580011,-0.462197324,-0.031258001,-0.046219732,2.488754122,-0.205169062,0.557971890,2.813100861,-0.312580011,-0.462197324,-0.031258001,-0.046219732,0.215129281,0.399591994,1.010523590,absolute
87.802000000,331,-0.010765110,-0.406619868,0.406762344,0.006021868,0.011712168,0.013169577,0.012043737,0.023424335,0.026339155,-0.998064878,-0.031502650,-0.217069987,0.234549753,-0.001319664,-0.020207550,-0.339391276,-0.326089136,-0.033939128,-0.032608914,2.345497528,-0.202075503,0.470659710,2.687751340,-0.339391276,-0.326089136,-0.033939128,-0.032608914,0.215344115,0.399586558,0.913420258,absolute
88.103000000,332,-0.004232682,-0.090442531,0.090541521,0.006020213,0.011879290,0.013317676,0.012040426,0.023758581,0.026635353,-0.988366230,-0.031197958,-0.216861384,0.215015299,-0.007929504,-0.019088791,-0.365575288,-0.112452654,-0.036557529,-0.011245265,2.150152991,-0.190887910,0.382479922,2.516950707,-0.365575288,-0.112452654,-0.036557529,-0.011245265,0.215134574,0.399595618,0.774220496,absolute
88.400000000,333,0.006933647,0.187903547,0.188031429,0.006083669,0.012364035,0.013779709,0.012167338,0.024728069,0.027559418,-0.964800249,-0.030457611,-0.216042179,0.195481368,-0.023988515,-0.017943749,-0.385290433,0.096990810,-0.038529043,0.009699081,1.954813676,-0.179437494,0.397310879,2.356374301,-0.385290433,0.096990810,-0.038529043,0.009699081,0.214954910,0.399633116,0.672225287,absolute
88.700000000,334,-0.001620436,0.046176898,0.046205321,0.006079322,0.012176267,0.013609543,0.012158645,0.024352535,0.027219085,-0.978297197,-0.030881630,-0.217581081,0.175944868,-0.014858006,-0.016827998,-0.407299723,0.303852986,-0.040729972,0.030385299,1.759448677,-0.168279979,0.508153227,2.217590622,-0.407299723,0.303852986,-0.040729972,0.030385299,0.215036753,0.399610681,0.629660406,absolute
88.900000000,335,0.005337020,0.340597673,0.340639485,0.006093021,0.012356614,0.013777184,0.012186042,0.024713227,0.027554368,-0.971721346,-0.030675044,-0.215697080,0.162928087,-0.019213104,-0.016087611,-0.424280884,0.441338861,-0.042428088,0.044133886,1.629280869,-0.160876109,0.612204426,2.140041762,-0.424280884,0.441338861,-0.042428088,0.044133886,0.214843454,0.399664762,0.640481576,absolute
89.204000000,336,0.002802677,-0.173053207,0.173075901,0.006128838,0.012614259,0.014024343,0.012257677,0.025228519,0.028048686,-0.960174190,-0.030312279,-0.216165848,0.143391384,-0.027187925,-0.014981673,-0.479066792,0.653007697,-0.047906679,0.065300770,1.433913840,-0.149816734,0.809891378,2.074613690,-0.479066792,0.653007697,-0.047906679,0.065300770,0.215176155,0.399601792,0.739045210,absolute
89.419000000,337,-0.001897317,0.270739848,0.270746496,0.006136050,0.012164862,0.013624792,0.012272100,0.024329723,0.027249585,-0.983698507,-0.031051318,-0.216696324,0.130370685,-0.011107306,-0.014232482,-0.492425557,0.710040999,-0.049242556,0.071004100,1.303706852,-0.142324825,0.864083994,1.988119496,-0.492425557,0.710040999,-0.049242556,0.071004100,0.214874963,0.399656777,0.772406881,absolute
89.700000000,338,-0.002013303,0.149715157,0.149728694,0.006120274,0.012151333,0.013605611,0.012240548,0.024302665,0.027211221,-0.987266547,-0.031163411,-0.217748443,0.110828853,-0.008715311,-0.013133683,-0.474729981,0.994480745,-0.047472998,0.099448074,1.108288526,-0.131336828,1.101980266,1.942527426,-0.474729981,0.994480745,-0.047472998,0.099448074,0.214947182,0.399637259,0.910765262,absolute
89.901000000,339,-0.005356494,0.247985797,0.248043640,0.006068422,0.012483163,0.013880025,0.012136844,0.024966325,0.027760050,-0.969727244,-0.030612397,-0.217057545,0.097807442,-0.020705650,-0.012403910,-0.458213261,1.151296744,-0.045821326,0.115129674,0.978074421,-0.124039098,1.239130173,1.920782084,-0.458213261,1.151296744,-0.045821326,0.115129674,0.214883537,0.399657124,1.008970475,absolute
90.200000000,340,-0.003907296,0.029475805,0.029733652,0.006089215,0.012190958,0.013627105,0.012178430,0.024381916,0.027254210,-0.983844226,-0.031055895,-0.216207682,0.079582794,-0.010983023,-0.011359648,-0.447806188,1.382892584,-0.044780619,0.138289258,0.795827943,-0.113596479,1.453589447,1.945791707,-0.447806188,1.382892584,-0.044780619,0.138289258,0.215016682,0.399619344,1.185816353,absolute
90.401000000,341,-0.009869314,-0.113214028,0.113643387,0.006081144,0.012222299,0.013651553,0.012162288,0.024444598,0.027303107,-0.984876831,-0.031088336,-0.216612065,0.065255166,-0.010299171,-0.010547533,-0.462044261,1.532729310,-0.046204426,0.153272931,0.652551663,-0.105475332,1.600857282,1.981423358,-0.462044261,1.532729310,-0.046204426,0.153272931,0.215104814,0.399613775,1.320030941,absolute
90.700000000,342,-0.001276269,-0.123092996,0.123099612,0.006086873,0.011557946,0.013062777,0.012173746,0.023115892,0.026125554,0.981322855,-0.032150204,-0.217200768,0.047049637,0.012759114,-0.009212997,-0.471180437,1.750151823,-0.047118044,0.175015182,0.470496367,-0.092129969,1.812468595,2.068999130,-0.471180437,1.750151823,-0.047118044,0.175015182,0.215605704,0.399385744,1.515336333,absolute
90.900000000,343,0.000949295,-0.046562089,0.046571765,0.006099751,0.009810467,0.011552152,0.012199501,0.019620933,0.023104304,0.894474677,-0.034878620,-0.205759757,0.033470957,0.070826907,-0.004741339,-0.442918722,1.882487154,-0.044291872,0.188248715,0.334709572,-0.047413388,1.933891124,2.080678222,-0.442918722,1.882487154,-0.044291872,0.188248715,0.215525478,0.399387674,1.622693080,absolute
91.101000000,344,0.003291027,0.383548318,0.383562437,0.006093979,0.008930457,0.010811551,0.012187959,0.017860914,0.021623103,0.850886277,-0.036247990,-0.193876812,0.022701381,0.098106171,0.002553937,-0.394266123,2.009788091,-0.039426612,0.200978809,0.227013813,0.025539370,2.048095200,2.079238261,-0.394266123,2.009788091,-0.039426612,0.200978809,0.215227270,0.399458989,1.721813583,absolute
91.309000000,345,0.006791281,0.253274676,0.253365710,0.006054629,0.006825470,0.009123901,0.012109258,0.013650940,0.018247803,0.747774402,-0.039487345,-0.152747550,0.014229734,0.154898623,0.012422778,-0.326742267,2.144830505,-0.032674227,0.214483050,0.142297337,0.124227783,2.169575627,2.074327243,-0.326742267,2.144830505,-0.032674227,0.214483050,0.215275574,0.399434974,1.827618368,absolute
91.600000000,346,-0.001279228,-0.174132908,0.174137607,0.006016392,0.003545454,0.006983353,0.012032785,0.007090907,0.013966706,0.585981737,-0.044570211,-0.063774853,0.007015769,0.230328175,0.030608677,-0.137770336,2.240722921,-0.013777034,0.224072292,0.070157692,0.306086775,2.244954315,1.945777758,-0.137770336,2.240722921,-0.013777034,0.224072292,0.215494748,0.399385885,1.874918211,absolute
91.800000000,347,-0.004969119,0.737661565,0.737678302,0.008144593,0.003915309,0.009036816,0.016289187,0.007830618,0.018073632,0.602677910,-0.044045686,-0.091898266,0.005226306,0.274941607,0.047413910,0.006085738,2.295012207,0.000608574,0.229501221,0.052263060,0.474139104,2.295020276,1.821458538,0.006085738,2.295012207,0.000608574,0.229501221,0.214901359,0.399517598,1.906961923,absolute
92.002000000,348,-0.004111746,0.872402669,0.872412358,0.009948912,0.003406656,0.010515996,0.019897825,0.006813312,0.021031991,0.580566548,-0.044740335,-0.087663257,0.003308849,0.338920379,0.066640521,0.150905650,2.344876210,0.015090565,0.234487621,0.033088492,0.666405212,2.349726996,1.682600895,0.150905650,2.344876210,0.015090565,0.234487621,0.214801469,0.399533906,1.946391368,absolute
92.300000000,349,0.002578067,-0.185819694,0.185837577,0.010000241,0.002373839,0.010278129,0.020000482,0.004747677,0.020556258,0.549880726,-0.045704358,-0.054607030,0.001642966,0.345613338,0.098082771,0.363190429,2.465204374,0.036319043,0.246520437,0.016429656,0.980827711,2.491814579,1.524341534,0.363190429,2.465204374,0.036319043,0.246520437,0.215477241,0.399372997,2.071105615,absolute
92.500000000,350,0.004841417,-0.174587356,0.174654471,0.010013462,0.002223661,0.010257392,0.020026924,0.004447322,0.020514783,0.543461456,-0.045906025,-0.047601897,0.001255589,0.346465115,0.119080641,0.511693014,2.527368474,0.051169301,0.252736847,0.012555890,1.190806409,2.578647154,1.426722125,0.511693014,2.527368474,0.051169301,0.252736847,0.215465206,0.399374698,2.148513073,absolute
92.700000000,351,-0.000477869,0.181922303,0.181922931,0.010020804,0.001578169,0.010144315,0.020041608,0.003156337,0.020288630,0.522271097,-0.046571740,-0.024445077,0.001348908,0.348811227,0.140079008,0.580243646,2.612020864,0.058024365,0.261202086,0.013489077,1.400790077,2.675693496,1.337269891,0.580243646,2.612020864,0.058024365,0.261202086,0.215220452,0.399414147,2.242514307,absolute
92.900000000,352,0.005558938,-0.347533431,0.347577887,0.010062554,0.001449172,0.010166371,0.020125108,0.002898344,0.020332741,0.518248898,-0.046698101,-0.020026165,0.002774605,0.348927413,0.161036977,0.797861792,2.642882980,0.079786179,0.264288298,0.027746051,1.610369766,2.760690835,1.288084544,0.797861792,2.642882980,0.079786179,0.264288298,0.215564457,0.399373935,2.317844477,absolute
93.103000000,353,-0.001389691,0.021836854,0.021881030,0.010077099,0.001899553,0.010254571,0.020154197,0.003799106,0.020509141,0.531655529,-0.046276920,-0.034826472,0.004219555,0.349039827,0.181997225,0.949539681,2.693989983,0.094953968,0.269398998,0.042195547,1.819972248,2.856432676,1.259833472,0.949539681,2.693989983,0.094953968,0.269398998,0.215324686,0.399387712,2.409205520,absolute
93.405000000,354,-0.003568681,0.128597075,0.128646582,0.011117748,0.001920028,0.011282323,0.022235495,0.003840057,0.022564647,0.533514278,-0.046218525,-0.040475694,0.006634265,0.383006015,0.215727790,1.180387378,2.770559043,0.118038738,0.277055904,0.066342653,2.157277899,3.011529807,1.271695487,1.180387378,2.770559043,0.118038738,0.277055904,0.215250982,0.399403492,2.560052130,absolute
93.702000000,355,-0.011528021,0.599152817,0.599263709,0.011074547,-0.002476834,0.011348141,0.022149094,-0.004953667,0.022696281,0.410672111,-0.050077726,0.106608909,0.017523614,0.369863486,0.248187265,1.395094101,2.800184808,0.139509410,0.280018481,0.175236145,2.481872648,3.128469675,1.260704591,1.395094101,2.800184808,0.139509410,0.280018481,0.214892930,0.399496281,2.675103775,absolute
94.000000000,356,-0.009677254,-0.897536269,0.897588438,0.011061188,-0.006232318,0.012696128,0.022122377,-0.012464636,0.025392257,0.305867937,-0.053370246,0.220710738,0.035246306,0.315866904,0.277856668,1.640984281,2.787303317,0.164098428,0.278730332,0.352463064,2.778566679,3.234484378,1.288550836,1.640984281,2.787303317,0.164098428,0.278730332,0.215836648,0.399380017,2.780867394,absolute
94.201000000,357,0.007573244,-0.273718749,0.273823498,0.011062655,-0.009324711,0.014468330,0.022125311,-0.018649421,0.028936660,0.219896245,-0.056071126,0.297143108,0.054312470,0.245655059,0.290545861,1.779676263,2.730333132,0.177967626,0.273033313,0.543124699,2.905458614,3.259135869,1.248890989,1.779676263,2.730333132,0.177967626,0.273033313,0.215406880,0.399408869,2.807159885,absolute
94.500000000,358,-0.009877798,0.275047503,0.275224817,0.010985953,-0.015211915,0.018764156,0.021971907,-0.030423831,0.037528311,0.056149847,-0.061215371,0.379064739,0.088596000,0.067569308,0.292993672,1.914608567,2.534004912,0.191460857,0.253400491,0.885960001,2.929936718,3.175989115,1.102215890,1.914608567,2.534004912,0.191460857,0.253400491,0.215013603,0.399509715,2.728496434,absolute
94.702000000,359,-0.003489640,-0.426504989,0.426519264,0.010961025,-0.015881091,0.019296454,0.021922049,-0.031762183,0.038592908,0.037889877,-0.061789025,0.381739081,0.111601118,0.045655983,0.290823931,1.982412393,2.371652572,0.198241239,0.237165257,1.116011179,2.908239309,3.091066938,1.019105681,1.982412393,2.371652572,0.198241239,0.237165257,0.215477082,0.399452361,2.647949029,absolute
94.902000000,360,-0.003179223,0.723693510,0.723700493,0.010948935,-0.016218110,0.019567991,0.021897871,-0.032436220,0.039135982,0.029322695,-0.062058171,0.383263590,0.134608983,0.035406439,0.288647010,2.037099141,2.206307785,0.203709914,0.220630778,1.346089833,2.886470097,3.002926398,0.969595089,2.037099141,2.206307785,0.203709914,0.220630778,0.214730410,0.399593610,2.566173007,absolute
95.102000000,361,0.002701907,0.136967628,0.136994275,0.010950089,-0.016283799,0.019623113,0.021900179,-0.032567598,0.039246226,0.027184772,-0.062125336,0.383034068,0.157608400,0.032792207,0.286470084,2.112646813,2.115300619,0.211264681,0.211530062,1.576083997,2.864700843,2.989610888,0.921683434,2.112646813,2.115300619,0.211264681,0.211530062,0.215120789,0.399484430,2.558247487,absolute
95.317000000,362,0.002251728,-0.209937113,0.209949189,0.010972483,-0.016479846,0.019798502,0.021944966,-0.032959691,0.039597005,0.020076838,-0.062348638,0.384387472,0.182923278,0.024276767,0.284118317,2.151113385,1.882502229,0.215111339,0.188250223,1.829232777,2.841183171,2.858514201,1.011274579,2.151113385,1.882502229,0.215111339,0.188250223,0.215354083,0.399453922,2.438564406,absolute
95.600000000,363,-0.005825834,0.496088002,0.496122209,0.010998715,-0.016399882,0.019746591,0.021997430,-0.032799764,0.039493183,0.023952850,-0.062226870,0.384113753,0.210530621,0.028959280,0.281537751,2.232161793,1.645607816,0.223216179,0.164560782,2.105306206,2.815377510,2.773187941,1.176628012,2.232161793,1.645607816,0.223216179,0.164560782,0.214900546,0.399545025,2.371078957,absolute
95.800000000,364,0.013270641,0.410465919,0.410680387,0.011078898,-0.015276050,0.018870603,0.022157797,-0.030552099,0.037741207,0.055072528,-0.061249216,0.379558838,0.240438397,0.066332744,0.278700187,2.279395625,1.486499285,0.227939563,0.148649928,2.404383971,2.787001873,2.721272596,1.306494956,2.279395625,1.486499285,0.227939563,0.148649928,0.214974510,0.399513377,2.333103706,absolute
96.026000000,365,0.006250330,0.910231611,0.910253071,0.011003721,-0.016157424,0.019548510,0.022007443,-0.032314848,0.039097019,0.028334733,-0.062089209,0.383709960,0.265739698,0.034246902,0.276272879,2.342638806,1.300823009,0.234263881,0.130082301,2.657396979,2.762728792,2.679570315,1.495406710,2.342638806,1.300823009,0.234263881,0.130082301,0.214649956,0.399610459,2.310956643,absolute
96.302000000,366,0.006759619,-0.249759823,0.249851279,0.010986359,-0.015604655,0.019084164,0.021972717,-0.031209309,0.038168329,0.044788889,-0.061572286,0.381472777,0.297946410,0.054033514,0.273192697,2.425081993,1.094594603,0.242508199,0.109459460,2.979464102,2.731926967,2.660669092,1.728640158,2.425081993,1.094594603,0.242508199,0.109459460,0.215420790,0.399429980,2.316431843,absolute
96.510000000,367,0.002566088,0.098693606,0.098726960,0.011009297,-0.015538679,0.019043507,0.022018594,-0.031077357,0.038087014,0.046052425,-0.061532591,0.380837324,0.304845539,0.055486451,0.272536975,2.455827238,0.909877767,0.245582724,0.090987777,3.048455393,2.725369751,2.618962576,1.909769429,2.455827238,0.909877767,0.245582724,0.090987777,0.215194428,0.399452932,2.298035879,absolute
96.804000000,368,-0.001478473,-0.060677054,0.060695064,0.011038961,-0.022209352,0.024801492,0.022077922,-0.044418705,0.049602983,-0.137767822,-0.067307474,0.349764703,0.350166172,-0.161600707,0.258568545,2.536292302,0.709636508,0.253629230,0.070963651,3.501661717,2.585685451,2.633697518,2.109857280,2.536292302,0.709636508,0.253629230,0.070963651,0.215283272,0.399493003,2.341638724,absolute
97.100000000,369,-0.008542359,-0.573822535,0.573886116,0.011047235,-0.031753080,0.033619927,0.022094471,-0.063506161,0.067239855,-0.401313101,-0.075586994,0.117484818,0.366270594,-0.366721725,0.228658473,2.458850405,0.548970724,0.245885040,0.054897072,3.662705936,2.286584727,2.519387657,2.113899374,2.458850405,0.548970724,0.245885040,0.054897072,0.215603117,0.399566444,2.248217078,absolute
97.300000000,370,0.001292601,-0.725782300,0.725783451,0.011099463,-0.036577092,0.038224099,0.022198926,-0.073154183,0.076448197,-0.534252356,-0.079763403,-0.041343943,0.364575223,-0.382728453,0.205768245,2.313357554,0.493688783,0.231335755,0.049368878,3.645752231,2.057682452,2.365449595,2.054592848,2.313357554,0.493688783,0.231335755,0.049368878,0.215695280,0.399591991,2.099771707,absolute
97.500000000,371,0.001585712,0.529495399,0.529497774,0.011067403,-0.034221314,0.035966453,0.022134806,-0.068442628,0.071932905,-0.501963780,-0.078749028,-0.002371396,0.362205167,-0.384375704,0.196843340,2.123737579,0.502480433,0.212373758,0.050248043,3.622051672,1.968433396,2.182372079,2.096178239,2.123737579,0.502480433,0.212373758,0.050248043,0.214878016,0.399697792,1.911624728,absolute
97.701000000,372,0.003317853,0.000834419,0.003421170,0.011049535,-0.036339182,0.037981948,0.022099070,-0.072678364,0.075963896,-0.561396524,-0.080616163,-0.073775299,0.354163794,-0.377732431,0.172747079,1.954425350,0.526838901,0.195442535,0.052683890,3.541637944,1.727470793,2.024188153,1.990166012,1.954425350,0.526838901,0.195442535,0.052683890,0.215218043,0.399612583,1.743854522,absolute
98.001000000,373,-0.002277410,-0.384639522,0.384646264,0.011050828,-0.037122708,0.038732626,0.022101656,-0.074245417,0.077465251,-0.583744410,-0.081318242,-0.099987803,0.341144296,-0.371241159,0.140630397,1.680342832,0.532737502,0.168034283,0.053273750,3.411442964,1.406303966,1.762770910,1.939027085,1.680342832,0.532737502,0.168034283,0.053273750,0.215467311,0.399606511,1.470912694,absolute
98.301000000,374,0.000020689,-0.027498289,0.027498297,0.011055417,-0.036723762,0.038351753,0.022110834,-0.073447524,0.076703506,-0.573055894,-0.080982452,-0.087571027,0.328145328,-0.374830211,0.108492285,1.414685878,0.541084806,0.141468588,0.054108481,3.281453279,1.084922849,1.514631606,1.944371452,1.414685878,0.541084806,0.141468588,0.054108481,0.215234508,0.399612036,1.207765761,absolute
98.503000000,375,-0.005999639,-0.398423601,0.398468771,0.011062366,-0.037234931,0.038843481,0.022124732,-0.074469863,0.077686963,-0.586549251,-0.081406359,-0.103568540,0.319475431,-0.371469799,0.087069913,1.238046499,0.529207120,0.123804650,0.052920712,3.194754314,0.870699126,1.346409785,1.986283531,1.238046499,0.529207120,0.123804650,0.052920712,0.215475222,0.399605710,1.030751445,absolute
98.800000000,376,-0.000068800,-0.103914009,0.103914032,0.011091077,-0.036972580,0.038600306,0.022182153,-0.073945160,0.077200613,-0.579822674,-0.081195037,-0.095703863,0.307322565,-0.373605871,0.057091862,0.978726507,0.530897291,0.097872651,0.053089729,3.073225655,0.570918620,1.113443985,2.094881473,0.978726507,0.530897291,0.097872651,0.053089729,0.215283552,0.399610019,0.774649271,absolute
99.000000000,377,-0.005939660,-0.479309286,0.479346087,0.011019772,-0.035995046,0.037644105,0.022039544,-0.071990091,0.075288211,-0.553877139,-0.080379934,-0.064946933,0.298623345,-0.380039670,0.035678981,0.800292970,0.524829635,0.080029297,0.052482964,2.986233453,0.356789806,0.957034474,2.192389833,0.800292970,0.524829635,0.080029297,0.052482964,0.215531201,0.399596931,0.598021368,absolute
99.200000000,378,-0.009830271,0.887455083,0.887509526,0.011010857,-0.034979891,0.036671947,0.022021714,-0.069959781,0.073343894,-0.524317805,-0.079451300,-0.029398008,0.289054755,-0.384058675,0.012133970,0.624631339,0.520221684,0.062463134,0.052022168,2.890547546,0.121339697,0.812892927,2.300757070,0.624631339,0.520221684,0.062463134,0.052022168,0.214640626,0.399763016,0.427320343,absolute
99.402000000,379,0.001331578,-0.581687757,0.581689281,0.011057482,-0.036599826,0.038233691,0.022114964,-0.073199651,0.076467383,-0.569847004,-0.080881642,-0.083934445,0.280372908,-0.376350735,-0.009281073,0.444561171,0.518410768,0.044456117,0.051841077,2.803729077,-0.092810728,0.682923392,2.437060714,0.444561171,0.518410768,0.044456117,0.051841077,0.215597344,0.399595216,0.257956527,absolute
99.700000000,380,0.000831236,-0.798053359,0.798053792,0.011038046,-0.043748906,0.045119898,0.022076091,-0.087497812,0.090239796,-0.767266097,-0.087083746,-0.286481142,0.257035390,-0.256973558,-0.033953238,0.204490737,0.577619187,0.020449074,0.057761919,2.570353905,-0.339532377,0.612748224,2.537415126,0.204490737,0.577619187,0.020449074,0.057761919,0.215707422,0.399608493,0.178363733,absolute
99.903000000,381,0.001246381,-0.711977590,0.711978681,0.011060754,-0.049540382,0.050760120,0.022121509,-0.099080765,0.101520240,-0.928193848,-0.092139440,-0.375808845,0.234739826,-0.086245053,-0.039207944,0.032325537,0.689564609,0.003232554,0.068956461,2.347398255,-0.392079444,0.690321874,2.555291675,0.032325537,0.689564609,0.003232554,0.068956461,0.215609330,0.399606905,0.343028306,absolute
100.200000000,382,-0.002539827,0.254242067,0.254254753,0.011082087,-0.053188750,0.054330984,0.022164175,-0.106377500,0.108661967,0.970508123,-0.095321812,-0.383799198,0.201489217,0.035661659,-0.030235395,0.041887343,0.956000385,0.004188734,0.095600039,2.014892174,-0.302353952,0.956917596,2.340128993,0.041887343,0.956000385,0.004188734,0.095600039,0.215444000,0.399435479,0.582997777,absolute
100.401000000,383,0.000131150,-0.019431026,0.019431469,0.011084958,-0.052857671,0.054007497,0.022169917,-0.105715343,0.108014994,0.980221913,-0.095016644,-0.384581652,0.179533188,0.023926662,-0.023042859,0.011556825,1.139931267,0.001155683,0.113993127,1.795331884,-0.230428586,1.139989849,2.249386491,0.011556825,1.139931267,0.001155683,0.113993127,0.215618770,0.399392835,0.768139602,absolute
100.700000000,384,-0.004441084,0.026166603,0.026540805,0.011115711,-0.052477953,0.053642284,0.022231423,-0.104955907,0.107284568,0.988423536,-0.094758982,-0.384923720,0.146420256,0.014005287,-0.012808674,-0.004802138,1.436920292,-0.000480214,0.143692029,1.464202562,-0.128086744,1.436928316,2.146443996,-0.004802138,1.436920292,-0.000480214,0.143692029,0.215579947,0.399404093,1.060664003,absolute
100.900000000,385,0.000981510,0.106869780,0.106874287,0.011152619,-0.052443457,0.053616202,0.022305238,-0.104886914,0.107232404,0.988406384,-0.094759521,-0.385144733,0.124068840,0.014034109,-0.006941808,-0.028865583,1.621446419,-0.002886558,0.162144642,1.240688404,-0.069418079,1.621703337,2.114424290,-0.028865583,1.621446419,-0.002886558,0.162144642,0.215520835,0.399421182,1.246222453,absolute
101.101000000,386,0.007160187,0.401955329,0.402019097,0.011121334,-0.052082911,0.053257053,0.022242667,-0.104165822,0.106514106,0.999230108,-0.094419484,-0.384802920,0.101705134,0.000930720,-0.001126052,-0.056836244,1.784133666,-0.005683624,0.178413367,1.017051342,-0.011260518,1.785038739,2.092050388,-0.056836244,1.784133666,-0.005683624,0.178413367,0.215325115,0.399478239,1.411149339,absolute
101.400000000,387,0.000285075,1.000000000,1.000000000,0.011124011,-0.051243375,0.052436887,0.022248023,-0.102486750,0.104873774,-0.979745411,-0.093758980,-0.383814585,0.068169695,-0.024455778,0.007633043,-0.084306182,2.069031901,-0.008430618,0.206903190,0.681696954,0.076330425,2.070748787,2.134858304,-0.084306182,2.069031901,-0.008430618,0.206903190,0.214422599,0.399822470,1.695729639,absolute
101.700000000,388,0.001852521,0.540324029,0.540327204,0.011143151,-0.052084875,0.053263534,0.022286303,-0.104169751,0.106527068,0.999231671,-0.094419435,-0.384965547,0.036879676,0.000929223,0.015858960,-0.130127063,2.325149253,-0.013012706,0.232514925,0.368796756,0.158589602,2.328787689,2.223264649,-0.130127063,2.325149253,-0.013012706,0.232514925,0.215213068,0.399512728,1.956357798,absolute
101.901000000,389,-0.003502996,0.527717451,0.527729077,0.011212009,-0.046663003,0.047991092,0.022424018,-0.093326005,0.095982185,-0.849370397,-0.089663129,-0.342758655,0.011746258,-0.175499092,0.016470033,-0.172120010,2.527430978,-0.017212001,0.252743098,0.117462577,0.164700334,2.533284952,2.380410505,-0.172120010,2.527430978,-0.017212001,0.252743098,0.214745117,0.399754484,2.162561419,absolute
102.135000000,390,-0.000989844,0.453989670,0.453990749,0.011178745,-0.042134346,0.043592057,0.022357489,-0.084268692,0.087184115,-0.722627851,-0.085681394,-0.247982095,-0.010421388,-0.294769884,0.004612123,-0.299981372,2.696958270,-0.029998137,0.269695827,-0.104213881,0.046121233,2.713590377,2.658056039,-0.299981372,2.696958270,-0.029998137,0.269695827,0.214812610,0.399742290,2.354190753,absolute
102.402000000,391,-0.010463251,0.263661959,0.263869491,0.011126155,-0.034661581,0.036403524,0.022252309,-0.069323162,0.072807047,-0.513841172,-0.079122167,-0.016746721,-0.025539938,-0.384886955,-0.023345465,-0.582950049,2.865033806,-0.058295005,0.286503381,-0.255399383,-0.233454645,2.923738954,3.115753541,-0.582950049,2.865033806,-0.058295005,0.286503381,0.214959099,0.399681948,2.591258149,absolute
102.700000000,392,0.001673505,0.021474293,0.021539403,0.008988428,-0.028090906,0.029493912,0.017976857,-0.056181813,0.058987825,-0.313699282,-0.072834524,0.172600974,-0.021173352,-0.260434435,-0.053659144,-0.875926665,2.805155976,-0.087592666,0.280515598,-0.211733519,-0.536591444,2.938732307,3.407114373,-0.875926665,2.805155976,-0.087592666,0.280515598,0.215141574,0.399571257,2.641451824,absolute
102.901000000,393,-0.006017682,-0.189730505,0.189825912,0.008057201,-0.025185288,0.026442715,0.016114401,-0.050370575,0.052885431,-0.201595104,-0.069312668,0.226452085,-0.011371483,-0.166267224,-0.067258525,-1.021524505,2.691768363,-0.102152451,0.269176836,-0.113714827,-0.672585250,2.879084791,3.484679848,-1.021524505,2.691768363,-0.102152451,0.269176836,0.215298546,0.399526188,2.604631538,absolute
103.108000000,394,0.000928513,-0.008144043,0.008196803,0.008070270,-0.022569585,0.023969052,0.016140541,-0.045139171,0.047938104,-0.103508376,-0.066231182,0.265173522,0.003926093,-0.089403118,-0.077524630,-0.889675543,2.469220112,-0.088967554,0.246922011,0.039260932,-0.775246300,2.624608644,3.374831147,-0.889675543,2.469220112,-0.088967554,0.246922011,0.215200563,0.399497873,2.346167377,absolute
103.312000000,395,0.004417027,0.588773651,0.588790219,0.008054816,-0.019527468,0.021123495,0.016109631,-0.039054935,0.042246990,0.011295302,-0.062624518,0.280669058,0.018547855,0.009963791,-0.081312703,-0.832517340,2.324221347,-0.083251734,0.232422135,0.185478549,-0.813127034,2.468823605,3.298373917,-0.832517340,2.324221347,-0.083251734,0.232422135,0.214836459,0.399569011,2.191172426,absolute
103.600000000,396,-0.338612724,-0.249389023,0.420539489,0.005703879,-0.015651337,0.016658288,0.011407757,-0.031302673,0.033316577,0.160870166,-0.057925485,0.178590692,0.041926446,0.098817790,-0.078015023,-0.811215382,1.986261478,-0.081121538,0.198626148,0.419264462,-0.780150225,2.145531416,3.027724287,-0.811215382,1.986261478,-0.081121538,0.198626148,0.215387359,0.399477805,1.889919473,absolute
103.800000000,397,0.484020831,-0.191349238,0.520471609,0.007643030,-0.014157220,0.016088592,0.015286061,-0.028314439,0.032177183,0.236921290,-0.055536269,0.198328260,0.053146925,0.182665193,-0.071789209,-0.712012835,1.822021040,-0.071201284,0.182202104,0.531469254,-0.717892091,1.956201152,2.827968603,-0.712012835,1.822021040,-0.071201284,0.182202104,0.215479294,0.399376477,1.698281249,absolute
104.002000000,398,-0.001639215,0.607361009,0.607363221,0.008416369,-0.010586394,0.013524312,0.016832738,-0.021172788,0.027048623,0.369295880,-0.051377598,0.118348002,0.065111127,0.271834746,-0.058953126,-0.587658141,1.704102279,-0.058765814,0.170410228,0.651111271,-0.589531257,1.802583332,2.606780477,-0.587658141,1.704102279,-0.058765814,0.170410228,0.214927424,0.399490720,1.531716328,absolute
104.300000000,399,0.004021490,-0.379205940,0.379227263,0.008406768,-0.007412544,0.011208013,0.016813537,-0.014825088,0.022416027,0.483489394,-0.047790103,0.015353115,0.072958713,0.295728982,-0.033770607,-0.325692039,1.642839275,-0.032569204,0.164283928,0.729587127,-0.337706069,1.674812285,2.244142148,-0.325692039,1.642839275,-0.032569204,0.164283928,0.215612426,0.399362362,1.356187803,absolute
104.502000000,400,-0.007426748,0.093686973,0.093980878,0.008391681,-0.003031887,0.008922592,0.016783361,-0.006063775,0.017845184,0.639492487,-0.042889122,-0.126197902,0.070345412,0.269297858,-0.016258194,-0.153693421,1.664077615,-0.015369342,0.166407762,0.703454124,-0.162581944,1.671160069,2.017767841,-0.153693421,1.664077615,-0.015369342,0.166407762,0.215355640,0.399388919,1.317434897,absolute
104.800000000,401,-0.003569955,-0.071885910,0.071974499,0.008401796,0.001106985,0.008474408,0.016803592,0.002213971,0.016948816,0.785938253,-0.038288392,-0.231243305,0.055502768,0.184144350,0.005539510,0.065236403,1.827317532,0.006523640,0.182731753,0.555027678,0.055395096,1.828481652,1.838370096,0.065236403,1.827317532,0.006523640,0.182731753,0.215511560,0.399380269,1.435822917,absolute
105.000000000,402,0.003395501,-0.023426895,0.023671688,0.008380899,0.004494275,0.009509888,0.016761798,0.008988550,0.019019777,0.907766930,-0.034461031,-0.284350200,0.040147839,0.084779028,0.014362368,0.150168639,1.979580311,0.015016864,0.197958031,0.401478394,0.143623683,1.985267948,1.853076720,0.150168639,1.979580311,0.015016864,0.197958031,0.215517530,0.399391553,1.581539435,absolute
105.200000000,403,0.000538939,0.415260002,0.415260352,0.008398690,0.007097101,0.010995765,0.016797380,0.014194202,0.021991529,-0.998392424,-0.031512941,-0.297081114,0.024455704,-0.001500376,0.017205537,0.185744405,2.152548157,0.018574440,0.215254816,0.244557041,0.172055369,2.160547281,1.981365844,0.185744405,2.152548157,0.018574440,0.215254816,0.214747500,0.399704517,1.753083571,absolute
105.400000000,404,0.002661708,0.035896794,0.035995340,0.008389527,0.010564515,0.013490484,0.016779054,0.021129031,0.026980967,-0.872752159,-0.027565835,-0.273141931,0.005313820,-0.115405576,0.013720531,0.149046232,2.305913157,0.014904623,0.230591316,0.053138200,0.137205312,2.310725052,2.170827508,0.149046232,2.305913157,0.014904623,0.230591316,0.215024381,0.399641967,1.907412636,absolute
105.701000000,405,0.002016116,0.298299085,0.298305898,0.008358779,0.015768276,0.017846784,0.016717557,0.031536552,0.035693569,-0.685763667,-0.021691419,-0.163425656,-0.015718265,-0.247495766,-0.002199642,0.004947918,2.541688626,0.000494792,0.254168863,-0.157182650,-0.021996418,2.541693442,2.568806596,0.004947918,2.541688626,0.000494792,0.254168863,0.214888766,0.399684472,2.152267863,absolute
105.901000000,406,-0.005929586,-0.254603915,0.254672954,0.008314116,0.018121670,0.019937890,0.016628232,0.036243341,0.039875780,-0.603735329,-0.019114422,-0.094693706,-0.023768090,-0.280205551,-0.017962849,-0.153180374,2.630127018,-0.015318037,0.263012702,-0.237680903,-0.179628495,2.634583906,2.811025859,-0.153180374,2.630127018,-0.015318037,0.263012702,0.215262413,0.399615828,2.260736662,absolute
106.200000000,407,0.004195661,-0.048204236,0.048386485,0.008360972,0.022685134,0.024176872,0.016721944,0.045370268,0.048353744,-0.439262550,-0.013947358,0.056333048,-0.024350639,-0.291635769,-0.044342257,-0.417690368,2.651116618,-0.041769037,0.265111662,-0.243506389,-0.443422570,2.683819026,3.099437504,-0.417690368,2.651116618,-0.041769037,0.265111662,0.215154346,0.399587833,2.338776240,absolute
106.400000000,408,-0.003882972,0.135026094,0.135081915,0.008426150,0.025683737,0.027030618,0.016852299,0.051367473,0.054061237,-0.331375745,-0.010557994,0.150059299,-0.016997560,-0.256257765,-0.060448018,-0.584696705,2.596487864,-0.058469671,0.259648786,-0.169975598,-0.604480177,2.661506992,3.227722107,-0.584696705,2.596487864,-0.058469671,0.259648786,0.215051078,0.399585072,2.337943197,absolute
106.601000000,409,-0.001181260,-0.277889213,0.277891724,0.008443496,0.028912319,0.030120007,0.016886992,0.057824637,0.060240013,-0.214541420,-0.006887535,0.231391896,-0.004430913,-0.184833172,-0.072916899,-0.710079090,2.465379421,-0.071007909,0.246537942,-0.044309128,-0.729168988,2.565600905,3.263186966,-0.710079090,2.465379421,-0.071007909,0.246537942,0.215342669,0.399517340,2.263667725,absolute
106.801000000,410,-0.002562664,0.055158832,0.055218330,0.008458754,0.032729218,0.033804619,0.016917508,0.065458437,0.067609238,-0.077572664,-0.002584535,0.288377769,0.011724058,-0.071703307,-0.080174945,-0.796343221,2.316343212,-0.079634322,0.231634321,0.117240581,-0.801749451,2.449409807,3.249174852,-0.796343221,2.316343212,-0.079634322,0.231634321,0.215151795,0.399489177,2.167360504,absolute
107.100000000,411,-0.011824471,0.443372771,0.443530419,0.008428944,0.038475243,0.039387706,0.016857888,0.076950485,0.078775412,0.127915734,0.003871074,0.273124438,0.038096597,0.116074172,-0.079526839,-0.807640404,2.052976816,-0.080764040,0.205297682,0.380965971,-0.795268394,2.206127111,3.086306189,-0.807640404,2.052976816,-0.080764040,0.205297682,0.214949865,0.399498822,1.944139999,absolute
107.302000000,412,0.006887223,0.101410663,0.101644264,0.008459952,0.040828364,0.041695636,0.016919905,0.081656727,0.083391272,0.212194598,0.006518772,0.233616489,0.053850789,0.183805223,-0.071445802,-0.739709706,1.889719696,-0.073970971,0.188971970,0.538507887,-0.714458020,2.029337571,2.900962218,-0.739709706,1.889719696,-0.073970971,0.188971970,0.215202756,0.399413833,1.769991349,absolute
107.600000000,413,0.002727947,0.141719091,0.141745344,0.008452948,0.037431963,0.038374525,0.016905895,0.074863927,0.076749051,0.089120013,0.002652270,0.285067639,0.076196310,0.081965883,-0.061027155,-0.664848319,1.653200371,-0.066484832,0.165320037,0.761963097,-0.610271554,1.781879557,2.675648702,-0.664848319,1.653200371,-0.066484832,0.165320037,0.215148286,0.399449569,1.531758825,absolute
107.802000000,414,0.005674503,0.006018340,0.008271663,0.008407740,0.033328254,0.034372411,0.016815480,0.066656509,0.068744822,-0.059483763,-0.002016255,0.292444335,0.095652700,-0.055295345,-0.061292073,-0.671910771,1.480506193,-0.067191077,0.148050619,0.956526997,-0.612920726,1.625842142,2.652215269,-0.671910771,1.480506193,-0.067191077,0.148050619,0.215211055,0.399465595,1.398439812,absolute
108.100000000,415,-0.005869187,0.213254029,0.213334780,0.008463754,0.029408453,0.030602161,0.016927508,0.058816907,0.061204322,-0.200603709,-0.006449669,0.238648417,0.118992027,-0.174080725,-0.073560612,-0.777917714,1.245413883,-0.077791771,0.124541388,1.189920273,-0.735606122,1.468404478,2.792279822,-0.777917714,1.245413883,-0.077791771,0.124541388,0.215059181,0.399544317,1.304414980,absolute
108.300000000,416,-0.004803724,-0.343695078,0.343728646,0.008466149,0.025357202,0.026733189,0.016932298,0.050714405,0.053466378,-0.346620021,-0.011036907,0.137642829,0.128698744,-0.263192502,-0.086224152,-0.903666935,1.137564295,-0.090366694,0.113756429,1.286987442,-0.862241517,1.452813290,2.966174285,-0.903666935,1.137564295,-0.090366694,0.113756429,0.215408360,0.399537854,1.340526965,absolute
108.507000000,417,-0.000498891,0.300602947,0.300603361,0.008476106,0.022730818,0.024259730,0.016952213,0.045461637,0.048519459,-0.441925858,-0.014031028,0.053870029,0.134338079,-0.291983339,-0.104841717,-1.054496312,1.040121756,-0.105449631,0.104012176,1.343380788,-1.048417169,1.481153516,3.179907141,-1.054496312,1.040121756,-0.105449631,0.104012176,0.214979150,0.399621503,1.421903134,absolute
108.801000000,418,-0.001178163,-0.669817864,0.669818900,0.008459452,0.017500561,0.019437900,0.016918905,0.035001122,0.038875801,-0.634905872,-0.020093674,-0.121591261,0.129843786,-0.269507258,-0.130834340,-1.222299383,1.072792592,-0.122229938,0.107279259,1.298437863,-1.308343396,1.626314769,3.467553151,-1.222299383,1.072792592,-0.122229938,0.107279259,0.215588243,0.399583073,1.587681291,absolute
109.100000000,419,-0.002236386,0.392791502,0.392797868,0.008424015,0.014574959,0.016834294,0.016848031,0.029149918,0.033668589,-0.740356961,-0.023406517,-0.203353381,0.112640909,-0.216063289,-0.150831273,-1.515033501,1.252192173,-0.151503350,0.125219217,1.126409089,-1.508312734,1.965530908,3.820681393,-1.515033501,1.252192173,-0.151503350,0.125219217,0.214871026,0.399679620,1.928560947,absolute
109.303000000,420,0.001713619,-0.250343919,0.250349784,0.008469487,0.010378345,0.013395606,0.016938974,0.020756690,0.026791212,-0.893261450,-0.028210154,-0.280348421,0.096394233,-0.097698643,-0.157869911,-1.630179615,1.382235563,-0.163017962,0.138223556,0.963942333,-1.578699112,2.137302208,3.936572472,-1.630179615,1.382235563,-0.163017962,0.138223556,0.215253089,0.399605767,2.090737473,absolute
109.504000000,421,-0.002055596,-0.354007672,0.354013640,0.008417706,0.006983606,0.010937482,0.016835412,0.013967212,0.021874965,0.983952106,-0.032067604,-0.296623801,0.078711472,0.014967253,-0.158759913,-1.661925187,1.568046458,-0.166192519,0.156804646,0.787114717,-1.587599127,2.284899346,3.994483135,-1.661925187,1.568046458,-0.166192519,0.156804646,0.215788866,0.399371756,2.211698584,absolute
109.800000000,422,-0.002307504,-0.137558628,0.137577981,0.008438963,0.002524245,0.008808400,0.016877926,0.005048491,0.017616800,0.824512030,-0.037076561,-0.252062609,0.054417043,0.154996186,-0.148494559,-1.549983292,1.810540196,-0.154998329,0.181054020,0.544170434,-1.484945593,2.383380794,3.904575063,-1.549983292,1.810540196,-0.154998329,0.181054020,0.215585747,0.399369546,2.260229333,absolute
110.001000000,423,0.002797676,-0.067508120,0.067566066,0.008415294,-0.000239741,0.008418708,0.016830587,-0.000479483,0.016837416,0.724662914,-0.040213414,-0.192585728,0.042714997,0.225973050,-0.135203792,-1.438495752,1.945257358,-0.143849575,0.194525736,0.427149968,-1.352037924,2.419358638,3.788507639,-1.438495752,1.945257358,-0.143849575,0.194525736,0.215499594,0.399366743,2.263951942,absolute
110.300000000,424,0.001271726,-0.257142162,0.257145307,0.008408226,-0.004611252,0.009589677,0.016816451,-0.009222504,0.019179354,0.565566568,-0.045211573,-0.060638208,0.035609021,0.290208568,-0.111587335,-1.201705878,2.048365542,-0.120170588,0.204836554,0.356090205,-1.115873346,2.374847029,3.526915987,-1.201705878,2.048365542,-0.120170588,0.204836554,0.215559883,0.399361306,2.174363633,absolute
110.500000000,425,-0.004065045,-0.440674205,0.440692954,0.008381751,-0.007868069,0.011496098,0.016763501,-0.015736139,0.022992195,0.448931507,-0.048875771,0.047476959,0.038057791,0.293380477,-0.094050605,-1.041882510,2.059855978,-0.104188251,0.205985598,0.380577911,-0.940506055,2.308359984,3.320476770,-1.041882510,2.059855978,-0.104188251,0.205985598,0.215635952,0.399363180,2.082927992,absolute
110.702000000,426,0.006726803,-0.132454184,0.132624887,0.008413117,-0.011365691,0.014140702,0.016826234,-0.022731382,0.028281405,0.322604994,-0.052844436,0.157310298,0.047700818,0.252424040,-0.077156707,-0.911559691,1.982377024,-0.091155969,0.198237702,0.477008180,-0.771567066,2.181916528,3.084206346,-0.911559691,1.982377024,-0.091155969,0.198237702,0.215393878,0.399383173,1.943165942,absolute
110.910000000,427,0.002747787,-0.285389060,0.285402288,0.008430759,-0.014397763,0.016684522,0.016861518,-0.028795526,0.033369044,0.213868964,-0.056260479,0.232174052,0.061497367,0.184655853,-0.066052145,-0.787414445,1.857676090,-0.078741444,0.185767609,0.614973669,-0.660521446,2.017667456,2.882362096,-0.787414445,1.857676090,-0.078741444,0.185767609,0.215464149,0.399398878,1.769841208,absolute
111.200000000,428,-0.007352348,0.079198215,0.079538759,0.008381506,-0.014191362,0.016481638,0.016763013,-0.028382724,0.032963277,0.219328860,-0.056088951,0.228607507,0.084283829,0.188310107,-0.052132417,-0.601665484,1.647985940,-0.060166548,0.164798594,0.842838286,-0.521324168,1.754382801,2.606242024,-0.601665484,1.647985940,-0.060166548,0.164798594,0.215230621,0.399418346,1.492059075,absolute
111.401000000,429,0.007435907,-0.177862191,0.178017560,0.008403517,-0.014141927,0.016450325,0.016807033,-0.028283855,0.032900651,0.221290820,-0.056027314,0.227645455,0.099479521,0.189884884,-0.042863915,-0.496375071,1.476549635,-0.049637507,0.147654963,0.994795214,-0.428639149,1.557750633,2.419366264,-0.496375071,1.476549635,-0.049637507,0.147654963,0.215405021,0.399396724,1.291080669,absolute
111.700000000,430,0.001048213,-0.209999568,0.210002184,0.008450175,-0.014363602,0.016664889,0.016900350,-0.028727204,0.033329778,0.213271269,-0.056279256,0.232516145,0.122246470,0.184216221,-0.028912070,-0.345072043,1.238271790,-0.034507204,0.123827179,1.222464705,-0.289120699,1.285453905,2.188629542,-0.345072043,1.238271790,-0.034507204,0.123827179,0.215428065,0.399396687,1.008896333,absolute
111.900000000,431,0.000851807,-0.454610530,0.454611328,0.008410315,-0.016157061,0.018214940,0.016820631,-0.032314122,0.036429879,0.148626139,-0.058310143,0.264540823,0.136356088,0.133355215,-0.021400335,-0.245566779,1.090621509,-0.024556678,0.109062151,1.363560879,-0.214003346,1.117925900,2.071554448,-0.245566779,1.090621509,-0.024556678,0.109062151,0.215574712,0.399404595,0.830922558,absolute
112.102000000,432,0.003816412,0.365964412,0.365984311,0.008330614,-0.016828969,0.018778001,0.016661228,-0.033657938,0.037556002,0.122121109,-0.059142823,0.274990247,0.155433307,0.111001673,-0.017106429,-0.193950864,0.921461842,-0.019395086,0.092146184,1.554333072,-0.171064288,0.941652198,2.061579508,-0.193950864,0.921461842,-0.019395086,0.092146184,0.215036737,0.399485908,0.663121206,absolute
112.400000000,433,0.002375052,0.088578086,0.088609922,0.008388033,-0.017380275,0.019298525,0.016776066,-0.034760551,0.038597050,0.099184837,-0.059863387,0.282265438,0.181775235,0.090915092,-0.012842382,-0.130659066,0.656439954,-0.013065907,0.065643995,1.817752354,-0.128423821,0.669316969,2.100551881,-0.130659066,0.656439954,-0.013065907,0.065643995,0.215219537,0.399438861,0.430907844,absolute
112.700000000,434,-0.005248787,-0.323353812,0.323396410,0.008451264,-0.018989818,0.020785501,0.016902528,-0.037979635,0.041571001,0.038856586,-0.061758655,0.294251535,0.208409440,0.036099234,-0.012053403,-0.103543741,0.374923942,-0.010354374,0.037492394,2.084094398,-0.120534028,0.388959212,2.243042405,-0.103543741,0.374923942,-0.010354374,0.037492394,0.215482881,0.399429537,0.319966420,absolute
112.900000000,435,0.002297816,0.629808528,0.629812720,0.008433956,-0.018115932,0.019982958,0.016867913,-0.036231863,0.039965915,0.071464005,-0.060734263,0.288865422,0.226203698,0.065965479,-0.012272344,-0.101713757,0.182826795,-0.010171376,0.018282680,2.262036976,-0.122723435,0.209215978,2.383417393,-0.101713757,0.182826795,-0.010171376,0.018282680,0.214873061,0.399539428,0.383655546,absolute
113.200000000,436,-0.004351667,0.389532437,0.389556743,0.008385421,-0.014600506,0.016837163,0.016770842,-0.029201012,0.033674326,0.197613748,-0.056771152,0.241137061,0.249619862,0.172449297,-0.004541318,-0.014225225,-0.110528810,-0.001422523,-0.011052881,2.496198620,-0.045413182,0.111440455,2.511268191,-0.014225225,-0.110528810,-0.001422523,-0.011052881,0.215065884,0.399463247,0.559165728,absolute
113.400000000,437,0.011178839,0.130440241,0.130918383,0.008387880,-0.010937297,0.013783359,0.016775761,-0.021874593,0.027566719,0.329811223,-0.052618045,0.151133339,0.263617447,0.255206966,0.008975891,0.121936751,-0.269805946,0.012193675,-0.026980595,2.636174466,0.089758911,0.296080766,2.539818532,0.121936751,-0.269805946,0.012193675,-0.026980595,0.215278958,0.399389995,0.675674460,absolute
113.602000000,438,0.003508820,-0.119404465,0.119456009,0.008335245,-0.009291663,0.012482440,0.016670490,-0.018583326,0.024964880,0.389592713,-0.050739955,0.100687605,0.272145289,0.278551768,0.024580696,0.286132328,-0.387834254,0.028613233,-0.038783425,2.721452893,0.245806960,0.481961738,2.516403672,0.286132328,-0.387834254,0.028613233,-0.038783425,0.215461795,0.399357124,0.790357254,absolute
113.900000000,439,-0.005580737,0.364046737,0.364089510,0.008331802,-0.007395259,0.011140412,0.016663605,-0.014790518,0.022280825,0.494265264,-0.047451569,0.005343843,0.280796458,0.296581042,0.049649280,0.552217863,-0.488639387,0.055221786,-0.048863939,2.807964585,0.496492797,0.737368984,2.461478965,0.552217863,-0.488639387,0.055221786,-0.048863939,0.215180346,0.399419817,0.949864957,absolute
114.200000000,440,0.006712327,-0.374538876,0.374599019,0.008353052,-0.007448108,0.011191416,0.016706103,-0.014896217,0.022382832,0.491986892,-0.047523147,0.007471178,0.284186616,0.296719749,0.076125467,0.749421269,-0.483737247,0.074942127,-0.048373725,2.841866160,0.761254665,0.891983163,2.434816314,0.749421269,-0.483737247,0.074942127,-0.048373725,0.215662581,0.399345448,1.031859188,absolute
114.401000000,441,0.003239342,-0.160216798,0.160249542,0.008327529,-0.007673987,0.011324214,0.016655057,-0.015347974,0.022648427,0.484203785,-0.047767660,0.014715812,0.286205038,0.296295198,0.093808282,1.013027659,-0.539542684,0.101302766,-0.053954268,2.862050377,0.938082825,1.147750558,2.366909832,1.013027659,-0.539542684,0.101302766,-0.053954268,0.215517381,0.399352309,1.231887353,absolute
114.604000000,442,-0.001727572,0.284535252,0.284540496,0.008306051,-0.007334678,0.011080974,0.016612101,-0.014669357,0.022161948,0.496827569,-0.047371072,0.002958368,0.288219817,0.296821797,0.111497075,1.204013706,-0.567726396,0.120401371,-0.056772640,2.882198172,1.114970746,1.331150729,2.376504318,1.204013706,-0.567726396,0.120401371,-0.056772640,0.215228981,0.399408657,1.383128860,absolute
114.903000000,443,-0.004612615,0.099164911,0.099272130,0.008265066,-0.007363612,0.011069511,0.016530131,-0.014727223,0.022139023,0.496084573,-0.047394414,0.003664341,0.291238486,0.297882509,0.138027310,1.486002575,-0.603919760,0.148600257,-0.060391976,2.912384859,1.380273104,1.604033269,2.443683233,1.486002575,-0.603919760,0.148600257,-0.060391976,0.215347197,0.399376825,1.619002510,absolute
115.200000000,444,0.002016061,-0.545896681,0.545900404,0.008301956,-0.008201303,0.011669783,0.016603911,-0.016402606,0.023339567,0.465593868,-0.048352308,0.032056305,0.294251587,0.295414465,0.164553952,1.769680033,-0.641204972,0.176968003,-0.064120497,2.942515873,1.645539518,1.882262266,2.569969702,1.769680033,-0.641204972,0.176968003,-0.064120497,0.215757855,0.399348902,1.870140771,absolute
115.400000000,445,-0.001076924,0.288998388,0.289000394,0.008294061,-0.006795692,0.010722540,0.016588122,-0.013591383,0.021445081,0.515397800,-0.046787671,-0.014330663,0.296287073,0.296018462,0.182236125,1.959484605,-0.663376188,0.195948460,-0.066337619,2.962870734,1.822361249,2.068730984,2.680610813,1.959484605,-0.663376188,0.195948460,-0.066337619,0.215227381,0.399413182,2.042536293,absolute
115.700000000,446,-0.006021336,0.314200836,0.314258527,0.008299673,-0.006713377,0.010674924,0.016599346,-0.013426755,0.021349848,0.518079907,-0.046703410,-0.016854362,0.299111961,0.296414097,0.206998251,2.248086181,-0.692120072,0.224808618,-0.069212007,2.991119614,2.069982512,2.352216332,2.860298825,2.248086181,-0.692120072,0.224808618,-0.069212007,0.215209243,0.399419655,2.307389785,absolute
115.900000000,447,0.000807619,0.128739742,0.128742275,0.008234058,-0.007199783,0.010937851,0.016468116,-0.014399567,0.021875703,0.502286606,-0.047199571,-0.002133543,0.301296057,0.296997330,0.226455757,2.438868432,-0.710146605,0.243886843,-0.071014660,3.012960571,2.264557569,2.540155001,3.029595139,2.438868432,-0.710146605,0.243886843,-0.071014660,0.215324009,0.399387061,2.484997939,absolute
116.201000000,448,0.004683608,0.049036754,0.049259917,0.008261752,-0.004343846,0.009334107,0.016523504,-0.008687693,0.018668214,0.603765710,-0.044011511,-0.095046552,0.301447846,0.281161168,0.252985465,2.735502511,-0.724617006,0.273550251,-0.072461701,3.014478458,2.529854646,2.829848722,3.266406789,2.735502511,-0.724617006,0.273550251,-0.072461701,0.215410998,0.399372633,2.759386515,absolute
116.500000000,449,0.000104385,0.115205367,0.115205415,0.008230583,-0.000390563,0.008239845,0.016461167,-0.000781126,0.016479690,0.746800061,-0.039517955,-0.207749388,0.288858966,0.211968918,0.276169459,3.023525131,-0.604811078,0.302352513,-0.060481108,2.888589655,2.761694587,3.083423528,3.369208805,3.023525131,-0.604811078,0.302352513,-0.060481108,0.215413834,0.399393453,2.982266888,absolute
116.700000000,450,0.002852997,0.426432972,0.426442516,0.008257128,0.003635638,0.009022085,0.016514255,0.007271276,0.018044171,0.893620672,-0.034905449,-0.280913528,0.274495108,0.097540197,0.286520326,3.133959799,-0.456697772,0.313395980,-0.045669777,2.744951077,2.865203264,3.167061237,3.344600766,3.133959799,-0.456697772,0.313395980,-0.045669777,0.215257357,0.399462000,3.041682676,absolute
116.905000000,451,-0.005445802,0.466983023,0.467014775,0.008269956,0.006501924,0.010519847,0.016539911,0.013003848,0.021039694,0.996508821,-0.031673123,-0.296238146,0.257409743,0.003249230,0.291152012,3.171464402,-0.267224847,0.317146440,-0.026722485,2.574097427,2.911520120,3.182702557,3.234388175,3.171464402,-0.267224847,0.317146440,-0.026722485,0.215256798,0.399479250,3.030455040,absolute
117.202000000,452,0.007227109,0.652204406,0.652244447,0.008264811,0.007282651,0.011015630,0.016529623,0.014565302,0.022031261,-0.973795715,-0.030740212,-0.295614165,0.230762827,-0.024391026,0.292841993,3.268996415,0.016125673,0.326899642,0.001612567,2.307628274,2.928419930,3.269036188,3.066869176,3.268996415,0.016125673,0.326899642,0.001612567,0.214630849,0.399744938,3.078362024,absolute
117.502000000,453,0.001335412,0.181952502,0.181957403,0.008273459,0.007113003,0.010910771,0.016546918,0.014226005,0.021821543,-0.977628396,-0.030860619,-0.295951532,0.204114895,-0.020834520,0.294545389,3.297136812,0.300846779,0.329713681,0.030084678,2.041148955,2.945453893,3.310833723,2.927704269,3.297136812,0.300846779,0.329713681,0.030084678,0.214927198,0.399663482,3.083793256,absolute
117.800000000,454,0.001858783,-0.267114721,0.267121188,0.008196992,0.006731787,0.010606962,0.016393984,0.013463574,0.021213923,-0.992915073,-0.031340865,-0.296493246,0.179243726,-0.006600424,0.296124571,3.337211080,0.591002257,0.333721108,0.059100226,1.792437255,2.961245709,3.389138749,2.829201334,3.337211080,0.591002257,0.333721108,0.059100226,0.215209151,0.399626450,3.127862008,absolute
118.003000000,455,-0.003192336,0.100831253,0.100881776,0.008178410,0.007042684,0.010792858,0.016356820,0.014085367,0.021585716,-0.981098876,-0.030969648,-0.295594489,0.159703165,-0.017572951,0.297338892,3.315711453,0.789053346,0.331571145,0.078905335,1.597031653,2.973388916,3.408305682,2.779421188,3.315711453,0.789053346,0.331571145,0.078905335,0.214965015,0.399654409,3.125101600,absolute
118.208000000,456,-0.005182629,0.254874105,0.254926792,0.008145996,0.007050734,0.010773583,0.016291991,0.014101467,0.021547166,-0.982290354,-0.031007079,-0.296440377,0.141934580,-0.016509942,0.298431268,3.366093572,0.982971725,0.336609357,0.098297172,1.419345799,2.984312684,3.506682100,2.791987201,3.366093572,0.982971725,0.336609357,0.098297172,0.214858700,0.399684702,3.204762857,absolute
118.504000000,457,-0.004620144,0.639004439,0.639021141,0.008134310,0.007364582,0.010972879,0.016268620,0.014729164,0.021945757,-0.970379009,-0.030632873,-0.295677317,0.115283891,-0.027594569,0.300055202,3.404297118,1.273797347,0.340429712,0.127379735,1.152838905,3.000552025,3.634803785,2.837383619,3.404297118,1.273797347,0.340429712,0.127379735,0.214603930,0.399758000,3.307277947,absolute
118.804000000,458,0.004039738,0.312066578,0.312092724,0.008087338,0.007071005,0.010742633,0.016174677,0.014142010,0.021485265,-0.982199591,-0.031004228,-0.295276623,0.086865266,-0.016529586,0.301854355,3.418633527,1.547158037,0.341863353,0.154715804,0.868652656,3.018543554,3.752432968,2.944041064,3.418633527,1.547158037,0.341863353,0.154715804,0.214805992,0.399700637,3.403111716,absolute
119.102000000,459,0.001774814,-0.591570155,0.591572817,0.008088032,0.005971833,0.010053808,0.016176063,0.011943667,0.020107615,0.978757257,-0.032230805,-0.296184588,0.061997712,0.019795584,0.303511656,3.468117620,1.860846425,0.346811762,0.186084642,0.619977116,3.035116556,3.935808588,3.080716585,3.468117620,1.860846425,0.346811762,0.186084642,0.215886054,0.399402524,3.565505355,absolute
119.401000000,460,0.003620370,1.000000000,1.000000000,0.008063255,0.010209947,0.013009961,0.016126510,0.020419893,0.026019922,-0.836940080,-0.026440766,-0.259138036,0.032502741,-0.145723662,0.298946340,3.468922517,2.167892110,0.346892252,0.216789211,0.325027406,2.989463400,4.090620934,3.249470088,3.468922517,2.167892110,0.346892252,0.216789211,0.214380264,0.399835276,3.703791334,absolute
119.612000000,461,-0.001532183,0.003795207,0.004092821,0.008118159,0.012867131,0.015214058,0.016236318,0.025734262,0.030428116,-0.743810587,-0.023515016,-0.204990508,0.020745924,-0.213121561,0.291002679,3.389817301,2.332829861,0.338981730,0.233282986,0.207459237,2.910026789,4.114967375,3.234278766,3.389817301,2.332829861,0.338981730,0.233282986,0.215045951,0.399653508,3.717034293,absolute
119.900000000,462,-0.001213311,-0.179209091,0.179213198,0.008202322,0.016767093,0.018665838,0.016404645,0.033534185,0.037331675,-0.602941310,-0.019089477,-0.094051274,0.006631366,-0.280610450,0.268715003,3.151145363,2.564718455,0.315114536,0.256471845,0.066313658,2.687150034,4.062942019,3.087260297,3.151145363,2.564718455,0.315114536,0.256471845,0.215189283,0.399635439,3.647934015,absolute
120.201000000,463,0.001695570,0.565503562,0.565506104,0.008179841,0.019125580,0.020801385,0.016359681,0.038251160,0.041602769,-0.517333026,-0.016400014,-0.016177702,0.001116237,-0.296799417,0.242593383,2.872324557,2.672974734,0.287232456,0.267297473,0.011162374,2.425933827,3.923651652,2.871807488,2.872324557,2.672974734,0.287232456,0.267297473,0.214717173,0.399727007,3.497217786,absolute
120.500000000,464,0.003978431,-0.272010871,0.272039964,0.008157504,0.019189456,0.020851381,0.016315008,0.038378912,0.041702762,-0.514945062,-0.016324994,-0.013914288,-0.001018322,-0.296137989,0.215987460,2.585573504,2.731891084,0.258557350,0.273189108,-0.010183223,2.159874600,3.761438454,2.658036088,2.585573504,2.731891084,0.258557350,0.273189108,0.215267405,0.399615511,3.325336126,absolute
120.702000000,465,0.000368355,0.129832534,0.129833056,0.008156082,0.019620313,0.021248020,0.016312164,0.039240625,0.042496040,-0.499327651,-0.015834358,0.000625605,-0.002069065,-0.296179571,0.198220054,2.395822646,2.777115861,0.239582265,0.277711586,-0.020690651,1.982200543,3.667742992,2.543899934,2.395822646,2.777115861,0.239582265,0.277711586,0.215007565,0.399641503,3.226195707,absolute
121.000000000,466,-0.000678288,0.142496206,0.142497820,0.008141301,0.019593162,0.021217275,0.016282602,0.039186323,0.042434550,-0.501836226,-0.015913168,-0.001710725,-0.003615932,-0.296551031,0.171565415,2.102014714,2.826025394,0.210201471,0.282602539,-0.036159324,1.715654147,3.522056982,2.409297101,2.102014714,2.826025394,0.210201471,0.282602539,0.215001407,0.399642618,3.073784734,absolute
121.200000000,467,0.007799843,-0.460739821,0.460805838,0.008196725,0.018999013,0.020691757,0.016393451,0.037998026,0.041383513,-0.523171416,-0.016583432,-0.021587648,-0.004540698,-0.296029368,0.155569259,1.908052597,2.848282997,0.190805260,0.284828300,-0.045406982,1.555692591,3.428320397,2.342390720,1.908052597,2.848282997,0.190805260,0.284828300,0.215396316,0.399608114,2.976758970,absolute
121.400000000,468,-0.001147729,0.129182547,0.129187645,0.008185331,0.019256025,0.020923531,0.016370662,0.038512051,0.041847062,-0.513592744,-0.016282509,-0.012663670,-0.005700744,-0.296372899,0.136025419,1.714263309,2.891133966,0.171426331,0.289113397,-0.057007436,1.360254185,3.361153716,2.341152058,1.714263309,2.891133966,0.171426331,0.289113397,0.215011775,0.399640054,2.907799353,absolute
121.702000000,469,-0.001674168,-0.222267149,0.222273454,0.008182848,0.019271507,0.020936809,0.016365696,0.038543014,0.041873619,-0.513042455,-0.016265222,-0.012165693,-0.007303083,-0.296745743,0.109368126,1.523368506,2.878747264,0.152336851,0.287874726,-0.073030830,1.093681263,3.256967519,2.394775870,1.523368506,2.878747264,0.152336851,0.287874726,0.215244384,0.399609631,2.803089746,absolute
122.000000000,470,-0.006213300,0.309580369,0.309642713,0.008167505,0.019712864,0.021337881,0.016335011,0.039425729,0.042675762,-0.497438319,-0.015775003,0.002382968,-0.008977847,-0.296096865,0.082726591,1.131760798,3.006714978,0.113176080,0.300671498,-0.089778468,0.827265907,3.212665165,2.498430793,1.131760798,3.006714978,0.113176080,0.300671498,0.214900526,0.399666457,2.763572823,absolute
122.201000000,471,0.011333403,-0.448207634,0.448350900,0.008180041,0.018998498,0.020684680,0.016360082,0.037996995,0.041369360,-0.524062547,-0.016611428,-0.022364738,-0.009997557,-0.295286761,0.066738337,0.935628826,3.049416289,0.093562883,0.304941629,-0.099975570,0.667383373,3.189724284,2.597413575,0.935628826,3.049416289,0.093562883,0.304941629,0.215396800,0.399601939,2.745951613,absolute
122.401000000,472,0.001315457,0.468370841,0.468372689,0.008172761,0.020031327,0.021634419,0.016345521,0.040062654,0.043268837,-0.487272113,-0.015455622,0.011866367,-0.011155021,-0.296606067,0.047191031,0.741737106,3.099001248,0.074173711,0.309900125,-0.111550210,0.471910305,3.186531449,2.762192257,0.741737106,3.099001248,0.074173711,0.309900125,0.214802802,0.399690100,2.750261885,absolute
122.700000000,473,-0.005461715,0.153541992,0.153639102,0.008181881,0.023711817,0.025083729,0.016363762,0.047423634,0.050167458,-0.354716986,-0.011291280,0.130587108,-0.004364625,-0.265962647,0.021703206,0.426007522,3.095187842,0.042600752,0.309518784,-0.043646254,0.217032055,3.124367166,2.916222797,0.426007522,3.095187842,0.042600752,0.309518784,0.215029048,0.399599744,2.703831931,absolute
122.902000000,474,0.000901677,0.385522962,0.385524016,0.008215648,0.028105316,0.029281490,0.016431297,0.056210633,0.058562981,-0.194195602,-0.006248352,0.243162007,0.007195950,-0.169980729,0.008291497,0.250973390,3.001312438,0.025097339,0.300131244,0.071959501,0.082914967,3.011787508,2.923882653,0.250973390,3.001312438,0.025097339,0.300131244,0.214905022,0.399592382,2.601970056,absolute
123.117000000,475,-0.006428328,0.594797122,0.594831858,0.008233427,0.031158974,0.032228419,0.016466853,0.062317949,0.064456838,-0.084159198,-0.002791457,0.286969009,0.022744720,-0.077691677,-0.000183119,0.211587032,2.847891469,0.021158703,0.284789147,0.227447200,-0.001831189,2.855740691,2.849766793,0.211587032,2.847891469,0.021158703,0.284789147,0.214790792,0.399594552,2.448299014,absolute
123.400000000,476,0.003316915,0.487208334,0.487219624,0.008285033,0.033038220,0.034061206,0.016570067,0.066076440,0.068122413,-0.014076401,-0.000589741,0.296306327,0.050897231,-0.013111901,-0.003970067,0.034989056,2.557501607,0.003498906,0.255750161,0.508972308,-0.039700674,2.557740937,2.640098447,0.034989056,2.557501607,0.003498906,0.255750161,0.214884428,0.399549102,2.165437914,absolute
123.606000000,477,-0.000275979,0.222447433,0.222447604,0.008294118,0.032798627,0.033831085,0.016588235,0.065597254,0.067662171,-0.020466360,-0.000790487,0.296876701,0.066858817,-0.019114619,-0.005358275,0.116908963,2.479687981,0.011690896,0.247968798,0.668588173,-0.053582747,2.482442384,2.592645470,0.116908963,2.479687981,0.011690896,0.247968798,0.215060110,0.399501317,2.082500950,absolute
123.900000000,478,-0.007015847,0.526706487,0.526753211,0.008203240,0.035468844,0.036405110,0.016406480,0.070937688,0.072810220,0.074768112,0.002201392,0.288175858,0.091692855,0.068962905,-0.006117942,-0.094291717,2.073630631,-0.009429172,0.207363063,0.916928545,-0.061179415,2.075773331,2.362198203,-0.094291717,2.073630631,-0.009429172,0.207363063,0.214889064,0.399526988,1.702414686,absolute
124.101000000,479,-0.006831173,0.124746630,0.124933529,0.008232802,0.035721598,0.036658035,0.016465603,0.071443195,0.073316071,0.085160401,0.002527875,0.286305069,0.110753274,0.078479296,-0.001648328,-0.082484954,1.866114326,-0.008248495,0.186611433,1.107532745,-0.016483280,1.867936414,2.227176659,-0.082484954,1.866114326,-0.008248495,0.186611433,0.215158966,0.399449243,1.496562184,absolute
124.400000000,480,0.001565001,-0.075812201,0.075828353,0.008208519,0.034233426,0.035203796,0.016417038,0.068466853,0.070407592,0.030066249,0.000797042,0.295724596,0.136939467,0.028016304,0.003434297,-0.085152175,1.566527639,-0.008515218,0.156652764,1.369394674,0.034342968,1.568840252,2.112651510,-0.085152175,1.566527639,-0.008515218,0.156652764,0.215285750,0.399436600,1.205140838,absolute
124.601000000,481,-0.007264286,0.605802481,0.605846033,0.008222033,0.034034018,0.035013087,0.016444066,0.068068037,0.070026173,0.022193962,0.000549726,0.295479304,0.154673838,0.020635564,0.004869869,-0.053861524,1.474591831,-0.005386152,0.147459183,1.546738378,0.048698695,1.475575187,2.143616403,-0.053861524,1.474591831,-0.005386152,0.147459183,0.214842817,0.399549683,1.108114454,absolute
124.913000000,482,-0.007623064,-1.000000000,1.000000000,0.008202321,0.034009930,0.034985046,0.016404642,0.068019861,0.069970092,0.021133526,0.000516412,0.296051498,0.183103537,0.019684658,0.006577769,-0.105807916,1.073320897,-0.010580792,0.107332090,1.831035365,0.065777687,1.078523557,2.183232744,-0.105807916,1.073320897,-0.010580792,0.107332090,0.215901362,0.399413482,0.746758371,absolute
125.204000000,483,-0.000780311,0.215082354,0.215083769,0.008162818,0.034227730,0.035187627,0.016325636,0.068455461,0.070375255,0.027718649,0.000723290,0.295120538,0.207982171,0.025764462,0.008064302,-0.140169492,0.937076928,-0.014016949,0.093707693,2.079821709,0.080643020,0.947502325,2.379462119,-0.140169492,0.937076928,-0.014016949,0.093707693,0.215115338,0.399470497,0.644397382,absolute
125.515000000,484,-0.000636519,0.255881332,0.255882124,0.008157328,0.035512055,0.036436905,0.016314655,0.071024110,0.072873810,0.074718835,0.002199844,0.288584928,0.234455694,0.069013567,0.010941929,-0.210380332,0.480499971,-0.021038033,0.048049997,2.344556939,0.109419288,0.524537993,2.581744629,-0.210380332,0.480499971,-0.021038033,0.048049997,0.215106866,0.399461767,0.433135713,absolute
125.800000000,485,-0.002139336,-0.273874594,0.273882949,0.008166182,0.040129280,0.040951748,0.016332365,0.080258560,0.081903495,0.241847365,0.007450342,0.215165588,0.256803331,0.204416786,0.024965321,-0.159963619,0.172797128,-0.015996362,0.017279713,2.568033310,0.249653209,0.235472306,2.729079351,-0.159963619,0.172797128,-0.015996362,0.017279713,0.215503737,0.399367957,0.438531727,absolute
126.000000000,486,-0.000560245,-0.430335186,0.430335551,0.008109380,0.040983598,0.041778192,0.016218759,0.081967197,0.083556385,0.271707757,0.008388433,0.194687111,0.267745409,0.223232190,0.038995599,-0.036549159,0.000840647,-0.003654916,0.000084065,2.677454089,0.389955990,0.036558825,2.741755710,-0.036549159,0.000840647,-0.003654916,0.000084065,0.215617570,0.399358482,0.471597841,absolute
126.200000000,487,-0.005250452,0.217591238,0.217654575,0.008100719,0.041579582,0.042361341,0.016201438,0.083159163,0.084722683,0.292687711,0.009047538,0.179841005,0.277455028,0.235936544,0.051739156,0.091053237,-0.160714232,0.009105324,-0.016071423,2.774550279,0.517391555,0.184715338,2.767848232,0.091053237,-0.160714232,0.009105324,-0.016071423,0.215200772,0.399404594,0.573712219,absolute
126.400000000,488,0.009963177,0.043022079,0.044160663,0.008101124,0.041270421,0.042058006,0.016202248,0.082540842,0.084116012,0.280617455,0.008668340,0.188865667,0.289325797,0.229203171,0.067309668,0.224713022,-0.310495602,0.022471302,-0.031049560,2.893257970,0.673096682,0.383279873,2.844043938,0.224713022,-0.310495602,0.022471302,-0.031049560,0.215314781,0.399373138,0.709930951,absolute
126.701000000,489,-0.000224109,0.183151477,0.183151614,0.008155229,0.043783830,0.044536856,0.016310458,0.087567661,0.089073712,0.370302512,0.011485879,0.117768237,0.303488487,0.272857504,0.089784882,0.426884046,-0.542790271,0.042688405,-0.054279027,3.034884866,0.897848816,0.690544182,2.979447811,0.426884046,-0.542790271,0.042688405,-0.054279027,0.215253440,0.399386413,0.965652328,absolute
126.908000000,490,-0.005951570,0.920293375,0.920312620,0.008188299,0.047424765,0.048126464,0.016376598,0.094849529,0.096252928,0.500628263,0.015580183,-0.000585733,0.306368992,0.296762032,0.107255513,0.623870781,-0.637493702,0.062387078,-0.063749370,3.063689921,1.072555130,0.891971396,2.979426865,0.623870781,-0.637493702,0.062387078,-0.063749370,0.214817919,0.399511092,1.114765979,absolute
127.205000000,491,-0.004117201,-0.269580491,0.269611929,0.008221758,0.048242787,0.048938367,0.016443515,0.096485573,0.097876734,0.531088977,0.016537135,-0.028937547,0.302368497,0.295339396,0.133626039,0.924632237,-0.635168968,0.092463224,-0.063516897,3.023684970,1.336260395,1.121777337,2.879679862,0.924632237,-0.635168968,0.092463224,-0.063516897,0.215602943,0.399339166,1.254164909,absolute
127.407000000,492,0.004885103,0.444231736,0.444258595,0.008276938,0.049073575,0.049766690,0.016553876,0.098147149,0.099533380,0.561710104,0.017499126,-0.057115835,0.299280046,0.290911708,0.151152318,0.991710762,-0.598829250,0.099171076,-0.059882925,2.992800463,1.511523181,1.158484660,2.908255039,0.991710762,-0.598829250,0.099171076,-0.059882925,0.215146201,0.399426189,1.264739673,absolute
127.707000000,493,0.001676557,0.420991054,0.420994392,0.008287160,0.049313631,0.050005112,0.016574319,0.098627263,0.100010225,0.566766939,0.017657991,-0.061897290,0.294277943,0.290753452,0.179195028,1.316460699,-0.657973580,0.131646070,-0.065797358,2.942779430,1.791950276,1.471732994,2.940584893,1.316460699,-0.657973580,0.131646070,-0.065797358,0.215158325,0.399424827,1.526747625,absolute
128.002000000,494,0.002898719,-0.104574033,0.104614200,0.008265403,0.046414271,0.047144474,0.016530807,0.092828541,0.094288948,0.463045004,0.014399470,0.034369284,0.294298696,0.294706732,0.204068291,1.741472340,-0.793826426,0.174147234,-0.079382643,2.942986962,2.040682910,1.913866846,3.078649146,1.741472340,-0.793826426,0.174147234,-0.079382643,0.215459962,0.399351680,1.937108094,absolute
128.300000000,495,0.000047757,0.034576040,0.034576073,0.008232601,0.047263303,0.047974947,0.016465201,0.094526606,0.095949893,0.494801294,0.015397124,0.004851973,0.295432128,0.297053468,0.230745224,2.049995964,-0.877149696,0.204999596,-0.087714970,2.954321276,2.307452241,2.229770177,3.310512614,2.049995964,-0.877149696,0.204999596,-0.087714970,0.215377549,0.399360712,2.235017573,absolute
128.600000000,496,-0.003784187,0.122750142,0.122808459,0.008202004,0.047112166,0.047820802,0.016404008,0.094224333,0.095641604,0.489796762,0.015239902,0.009515507,0.296569373,0.296753116,0.257418056,2.354336703,-0.964512193,0.235433670,-0.096451219,2.965693731,2.574180562,2.544245483,3.591114567,2.354336703,-0.964512193,0.235433670,-0.096451219,0.215314923,0.399379311,2.536851239,absolute
128.800000000,497,0.002340610,-0.133281607,0.133302158,0.008248952,0.047720169,0.048427881,0.016497904,0.095440337,0.096855763,0.511686905,0.015927601,-0.010912241,0.296416555,0.297077228,0.275182610,2.558412996,-1.015758638,0.255841300,-0.101575864,2.964165550,2.751826100,2.752679180,3.789370646,2.558412996,-1.015758638,0.255841300,-0.101575864,0.215489503,0.399353623,2.737121336,absolute
129.100000000,498,-0.004264641,-0.273827589,0.273860796,0.008180196,0.052481870,0.053115556,0.016360392,0.104963740,0.106231112,0.684837973,0.021367302,-0.163110744,0.285582932,0.248588038,0.299237061,2.866959775,-0.978719707,0.286695978,-0.097871971,2.855829322,2.992370613,3.029414237,3.971105919,2.866959775,-0.978719707,0.286695978,-0.097871971,0.215641207,0.399354828,2.988072887,absolute
129.300000000,499,0.008771790,0.124086785,0.124396441,0.008134544,0.055728774,0.056319331,0.016269087,0.111457549,0.112638663,0.801800045,0.025041774,-0.241688847,0.273540909,0.173517537,0.309697015,3.097693547,-0.873735199,0.309769355,-0.087373520,2.735409088,3.096970149,3.218558452,3.987198389,3.097693547,-0.873735199,0.309769355,-0.087373520,0.215421645,0.399390949,3.150927086,absolute
129.600000000,500,-0.007488359,0.595185934,0.595233039,0.008129682,0.061028607,0.061567708,0.016259363,0.122057215,0.123135416,0.992210371,0.031023691,-0.295688636,0.246439911,0.007237490,0.317061080,3.280148372,-0.599350558,0.328014837,-0.059935056,2.464399113,3.170610802,3.334455643,3.857208254,3.280148372,-0.599350558,0.328014837,-0.059935056,0.215167156,0.399494626,3.223631734,absolute
129.800000000,501,-0.002883740,-0.289281579,0.289295952,0.008139061,0.060953220,0.061494222,0.016278122,0.121906440,0.122988444,0.989298780,0.030932220,-0.296545393,0.228638036,0.009973280,0.316999558,3.359716326,-0.393068317,0.335971633,-0.039306832,2.286380360,3.169995582,3.382631593,3.721219484,3.359716326,-0.393068317,0.335971633,-0.039306832,0.215739904,0.399381412,3.242308485,absolute
130.100000000,502,0.002183479,-0.105156471,0.105179137,0.008111168,0.060955289,0.061492587,0.016222336,0.121910578,0.122985175,0.989623641,0.030942426,-0.296224111,0.203719884,0.009659822,0.316891809,3.455309007,-0.104387347,0.345530901,-0.010438735,2.037198836,3.168918094,3.456885455,3.567290984,3.455309007,-0.104387347,0.345530901,-0.010438735,0.215612619,0.399388042,3.278631167,absolute
130.300000000,503,0.002061584,-0.194429144,0.194440073,0.008112358,0.060630159,0.061170471,0.016224716,0.121260317,0.122340942,0.978529853,0.030593904,-0.296667803,0.184135195,0.020040780,0.316798140,3.519112106,0.091457904,0.351911211,0.009145790,1.841351953,3.167981404,3.520300351,3.504265398,3.519112106,0.091457904,0.351911211,0.009145790,0.215662053,0.399387660,3.317770785,absolute
130.501000000,504,-0.004561599,-0.774978302,0.774991727,0.008106596,0.059811181,0.060358050,0.016213192,0.119622361,0.120716100,0.950996107,0.029728906,-0.292940386,0.166336708,0.045457949,0.316676162,3.583138406,0.295662159,0.358313841,0.029566216,1.663367077,3.166761615,3.595315974,3.453799943,3.583138406,0.295662159,0.358313841,0.029566216,0.216027578,0.399374994,3.368707717,absolute
130.804000000,505,-0.004340844,0.019191575,0.019676368,0.008097037,0.060574360,0.061113133,0.016194075,0.121148720,0.122226267,0.977851842,0.030572604,-0.295597778,0.139637933,0.020601095,0.316489203,3.679947140,0.599233576,0.367994714,0.059923358,1.396379325,3.164892033,3.728416799,3.434717643,3.679947140,0.599233576,0.367994714,0.059923358,0.215507680,0.399401432,3.470197928,absolute
131.100000000,506,0.007149650,1.000000000,1.000000000,0.008184343,0.063296087,0.063823022,0.016368686,0.126592174,0.127646043,-0.924392994,0.033643673,-0.287821930,0.113115121,-0.069680701,0.314494873,3.759170857,0.901770359,0.375917086,0.090177036,1.131151205,3.144948733,3.865818841,3.455189793,3.759170857,0.901770359,0.375917086,0.090177036,0.214383432,0.399813932,3.580150575,absolute
131.300000000,507,0.003279615,0.310104585,0.310121926,0.008153944,0.065502251,0.066007815,0.016307887,0.131004501,0.132015630,-0.847558669,0.036057495,-0.263466339,0.098686141,-0.136798147,0.307690643,3.750467700,1.120343005,0.375046770,0.112034301,0.986861405,3.076906426,3.914227436,3.386098075,3.750467700,1.120343005,0.375046770,0.112034301,0.214848288,0.399692288,3.608315685,absolute
131.600000000,508,-0.005795539,0.156884511,0.156991522,0.008101458,0.070198854,0.070664791,0.016202915,0.140397708,0.141329583,-0.676608074,0.041428066,-0.156209295,0.081767887,-0.252043381,0.287459786,3.593497463,1.417727157,0.359349746,0.141772716,0.817678866,2.874597855,3.863052460,3.134906875,3.593497463,1.417727157,0.359349746,0.141772716,0.214979856,0.399658473,3.528575501,absolute
131.801000000,509,-0.008503653,-0.002160877,0.008773911,0.008094589,0.073916047,0.074357948,0.016189178,0.147832094,0.148715895,-0.542537721,0.045640010,-0.039672028,0.077364480,-0.295096587,0.268508790,3.418018019,1.548308676,0.341801802,0.154830868,0.773644796,2.685087900,3.752346857,2.878363554,3.418018019,1.548308676,0.341801802,0.154830868,0.215105540,0.399612449,3.402668272,absolute
132.100000000,510,-0.004468226,-0.058926956,0.059096118,0.008090691,0.077229583,0.077652223,0.016181382,0.154459166,0.155304446,-0.423035081,0.049394297,0.070870572,0.082436614,-0.287370636,0.244312354,3.101997362,1.633474339,0.310199736,0.163347434,0.824366140,2.443123536,3.505798918,2.417257911,3.101997362,1.633474339,0.310199736,0.163347434,0.215163450,0.399583035,3.139474126,absolute
132.300000000,511,0.000706291,0.623985637,0.623986037,0.008095005,0.077910728,0.078330139,0.016190010,0.155821456,0.156660277,-0.397098727,0.050209111,0.094254637,0.088500741,-0.281334632,0.227575351,2.896921574,1.652129651,0.289692157,0.165212965,0.885007410,2.275753510,3.334919338,2.106348813,2.896921574,1.652129651,0.289692157,0.165212965,0.214725382,0.399688926,2.960200024,absolute
132.601000000,512,0.001166355,-0.091519559,0.091526991,0.008059162,0.076090654,0.076516258,0.016118324,0.152181309,0.153032517,-0.463670788,0.048117688,0.033748090,0.095432942,-0.294409550,0.200048723,2.587365411,1.706884819,0.258736541,0.170688482,0.954329420,2.000487226,3.099663781,1.659219371,2.587365411,1.706884819,0.258736541,0.170688482,0.215189149,0.399585982,2.708551359,absolute
132.806000000,513,0.005292717,0.022530352,0.023143673,0.008081558,0.075936311,0.076365142,0.016163117,0.151872621,0.152730283,-0.467141943,0.048008639,0.030545097,0.098399455,-0.294851492,0.182495822,2.379282648,1.746456541,0.237928265,0.174645654,0.983994548,1.824958224,2.951456652,1.397494685,2.379282648,1.746456541,0.237928265,0.174645654,0.215117337,0.399590890,2.549050525,absolute
133.101000000,514,0.003816751,0.361091752,0.361111923,0.008047069,0.076020023,0.076444746,0.016094138,0.152040046,0.152889492,-0.462725881,0.048147373,0.034553430,0.102854502,-0.293726039,0.156168136,2.059721625,1.811763856,0.205972163,0.181176386,1.028545018,1.561681362,2.743162672,1.061068541,2.059721625,1.811763856,0.205972163,0.181176386,0.214900967,0.399648859,2.323237401,absolute
133.402000000,515,-0.007374162,-0.450656614,0.450716942,0.008003786,0.075369961,0.075793743,0.016007572,0.150739921,0.151587487,-0.485184475,0.047441816,0.013796611,0.107276502,-0.296204542,0.129837307,1.745700396,1.863994763,0.174570040,0.186399476,1.072765016,1.298373068,2.553810163,0.879073334,1.745700396,1.863994763,0.174570040,0.186399476,0.215431755,0.399576375,2.118075383,absolute
133.700000000,516,0.004286958,0.332366152,0.332393798,0.008043298,0.075927653,0.076352492,0.016086595,0.151855305,0.152704984,-0.464093276,0.048104415,0.033397992,0.111720879,-0.294813326,0.103507216,1.432041881,1.922641771,0.143204188,0.192264177,1.117208791,1.035072161,2.397351732,0.941753517,1.432041881,1.922641771,0.143204188,0.192264177,0.214928080,0.399639029,1.949590561,absolute
133.902000000,517,-0.000518448,0.589469668,0.589469896,0.008001473,0.076352845,0.076770961,0.016002947,0.152705690,0.153541923,-0.449615106,0.048559260,0.046775360,0.114692400,-0.293034278,0.085960674,1.227952911,1.913261888,0.122795291,0.191326189,1.146923999,0.859606745,2.273420200,1.056766221,1.227952911,1.913261888,0.122795291,0.191326189,0.214764513,0.399681314,1.821394214,absolute
134.200000000,518,0.000416644,0.068764792,0.068766054,0.007966050,0.075982069,0.076398513,0.015932100,0.151964139,0.152797027,-0.465414865,0.048062896,0.032212358,0.119181263,-0.295304082,0.059636214,0.901396960,2.013804228,0.090139696,0.201380423,1.191812633,0.596362142,2.206337224,1.446887462,0.901396960,2.013804228,0.090139696,0.201380423,0.215106630,0.399587728,1.754049408,absolute
134.400000000,519,-0.004930234,-0.065552156,0.065737298,0.007939168,0.073304393,0.073733062,0.015878337,0.146608786,0.147466124,-0.562051831,0.045026957,-0.057523535,0.119926168,-0.291333485,0.041935078,0.699729912,2.070702726,0.069972991,0.207070273,1.199261679,0.419350782,2.185733682,1.725252222,0.699729912,2.070702726,0.069972991,0.207070273,0.215182616,0.399590968,1.739942697,absolute
134.604000000,520,0.006368823,-0.137887812,0.138034817,0.008028090,0.069572266,0.070033923,0.016056179,0.139144532,0.140067847,-0.693696303,0.040891223,-0.169791688,0.114447306,-0.243704768,0.025102581,0.517015779,2.148119908,0.051701578,0.214811991,1.144473063,0.251025806,2.209462481,1.998166328,0.517015779,2.148119908,0.051701578,0.214811991,0.215210214,0.399603341,1.774372223,absolute
134.908000000,521,-0.007192954,-0.082887643,0.083199159,0.008002762,0.065178291,0.065667753,0.016005523,0.130356581,0.131335506,-0.852397562,0.035905476,-0.265185852,0.096209064,-0.132612525,0.006047058,0.392086790,2.426478865,0.039208679,0.242647887,0.962090638,0.060470577,2.457952753,2.433700805,0.392086790,2.426478865,0.039208679,0.242647887,0.215135133,0.399612575,2.034575840,absolute
135.201000000,522,-0.003763078,-0.280205975,0.280231242,0.008023878,0.061568094,0.062088749,0.016047756,0.123136188,0.124177499,-0.984584931,0.031752688,-0.295217985,0.070779600,-0.014307965,-0.000960970,0.390232610,2.713987870,0.039023261,0.271398787,0.707796002,-0.009609700,2.741899278,2.742048547,0.390232610,2.713987870,0.039023261,0.271398787,0.215222451,0.399606045,2.320989399,absolute
135.500000000,523,0.003389363,-0.190282573,0.190312757,0.007979330,0.056931688,0.057488145,0.015958659,0.113863375,0.114976289,0.848193378,0.026499263,-0.263610400,0.046915041,0.136206288,0.005244832,0.545495740,2.966085409,0.054549574,0.296608541,0.469150406,0.052448324,3.015829613,2.914637142,0.545495740,2.966085409,0.054549574,0.296608541,0.215610489,0.399371003,2.587826717,absolute
135.705000000,524,-0.000121358,-0.803174496,0.803174505,0.007958920,0.052020022,0.052625346,0.015917839,0.104040043,0.105250692,0.671824853,0.020958483,-0.152509013,0.032131429,0.254536846,0.017888666,0.698559333,3.073196441,0.069855933,0.307319644,0.321314290,0.178886657,3.151590314,2.918791351,0.698559333,3.073196441,0.069855933,0.307319644,0.215940589,0.399349680,2.717053065,absolute
135.908000000,525,-0.006674827,0.064440489,0.064785261,0.008004373,0.050244429,0.050878017,0.016008745,0.100488857,0.101756033,0.606398971,0.018903068,-0.097057723,0.023851564,0.279468356,0.033537573,0.882144798,3.148762632,0.088214480,0.314876263,0.238515644,0.335375725,3.269997792,2.886070750,0.882144798,3.148762632,0.088214480,0.314876263,0.215341686,0.399381632,2.829085059,absolute
136.204000000,526,-0.004356263,1.000000000,1.000000000,0.007984600,0.048914706,0.049562106,0.015969199,0.097829413,0.099124211,0.559277438,0.017422701,-0.054837129,0.019930744,0.291054251,0.059904379,1.101037869,3.135992363,0.110103787,0.313599236,0.199307444,0.599043791,3.323662512,2.692438638,1.101037869,3.135992363,0.110103787,0.313599236,0.214709304,0.399553504,2.876399825,absolute
136.501000000,527,0.004730022,0.055268485,0.055470520,0.008025942,0.048030027,0.048695988,0.016051884,0.096060054,0.097391976,0.529006269,0.016471705,-0.026941726,0.018740059,0.294835120,0.086508736,1.632406616,3.015423839,0.163240662,0.301542384,0.187400592,0.865087362,3.428925822,2.590750736,1.632406616,3.015423839,0.163240662,0.301542384,0.215312145,0.399384098,2.975200946,absolute
136.800000000,528,-0.003850192,0.119235005,0.119297152,0.008048025,0.048540161,0.049202824,0.016096050,0.097080322,0.098405649,0.549808250,0.017125218,-0.046252785,0.015032216,0.293171504,0.112940557,1.979091597,2.972114434,0.197909160,0.297211443,0.150322157,1.129405573,3.570751707,2.596145915,1.979091597,2.972114434,0.197909160,0.297211443,0.215272939,0.399398448,3.119282577,absolute
137.001000000,529,-0.000229767,-0.016049416,0.016051060,0.008090941,0.048153543,0.048828547,0.016181883,0.096307086,0.097657094,0.536025991,0.016692236,-0.033454131,0.013606077,0.294322872,0.130669615,2.202410446,2.929662151,0.220241045,0.292966215,0.136060769,1.306696146,3.665178316,2.627512063,2.202410446,2.929662151,0.220241045,0.292966215,0.215354153,0.399377958,3.217255166,absolute
137.300000000,530,0.000268556,0.738067547,0.738067596,0.008080168,0.048408525,0.049078248,0.016160335,0.096817051,0.098156496,0.544244026,0.016950413,-0.041228126,0.012541246,0.294699593,0.157350998,2.536197293,2.854159760,0.253619729,0.285415976,0.125412464,1.573509977,3.818183422,2.729825518,2.536197293,2.854159760,0.253619729,0.285415976,0.214861738,0.399513910,3.378444170,absolute
137.600000000,531,-0.002926543,0.129761261,0.129794259,0.008040023,0.047534530,0.048209683,0.016080046,0.095069060,0.096419365,0.512120814,0.015941232,-0.011282925,0.011446734,0.296162501,0.184027110,2.875460821,2.781184189,0.287546082,0.278118419,0.114467336,1.840271102,4.000407532,2.916916601,2.875460821,2.781184189,0.287546082,0.278118419,0.215242918,0.399407212,3.570661123,absolute
137.804000000,532,0.002442223,0.791037335,0.791041105,0.008044533,0.048099958,0.048768028,0.016089067,0.096199917,0.097536055,0.532829619,0.016591819,-0.030523363,0.010700234,0.294898746,0.201810624,3.099161215,2.727740015,0.309916122,0.272774002,0.107002342,2.018106245,4.128603375,3.075157688,3.099161215,2.727740015,0.309916122,0.272774002,0.214817682,0.399527336,3.706752204,absolute
138.100000000,533,0.002299663,0.443277535,0.443283500,0.008000803,0.048656288,0.049309707,0.016001606,0.097312576,0.098619414,0.551043500,0.017164025,-0.047322888,0.009637926,0.292574076,0.228488616,3.431438096,2.647924117,0.343143810,0.264792412,0.096379263,2.284886163,4.334313041,3.354759899,3.431438096,2.647924117,0.343143810,0.264792412,0.215048314,0.399466056,3.924375986,absolute
138.303000000,534,0.006514596,-0.069711031,0.070014768,0.007954852,0.047651101,0.048310528,0.015909705,0.095302202,0.096621056,0.514648842,0.016020653,-0.013684264,0.008964790,0.297140274,0.246279538,3.650291186,2.638540336,0.365029119,0.263854034,0.089647903,2.462795378,4.504056044,3.564977823,3.650291186,2.638540336,0.365029119,0.263854034,0.215367967,0.399385769,4.100306171,absolute
138.600000000,535,-0.000219352,0.371458299,0.371458364,0.007963295,0.044226646,0.044937849,0.015926591,0.088453292,0.089875699,0.389936583,0.012102702,0.100293215,0.012980619,0.278401079,0.270618287,3.970081632,2.458145046,0.397008163,0.245814505,0.129806186,2.706182872,4.669478046,3.848277311,3.970081632,2.458145046,0.397008163,0.245814505,0.215031600,0.399466188,4.282354420,absolute
138.800000000,536,-0.003250772,-0.194545434,0.194572592,0.007958936,0.041395423,0.042153597,0.015917871,0.082790846,0.084307193,0.287559003,0.008886415,0.183996104,0.024140043,0.233486952,0.286557336,4.123156117,2.333946637,0.412315612,0.233394664,0.241400426,2.865573356,4.737902835,3.917991094,4.123156117,2.333946637,0.412315612,0.233394664,0.215368062,0.399408445,4.360418042,absolute
139.002000000,537,-0.002267290,-0.095584985,0.095611872,0.007914290,0.037426693,0.038254324,0.015828580,0.074853385,0.076508648,0.144744980,0.004399780,0.266695998,0.038931690,0.130388177,0.296289051,4.226197026,2.099765149,0.422619703,0.209976515,0.389316901,2.962890506,4.719084126,3.932764229,4.226197026,2.099765149,0.422619703,0.209976515,0.215264568,0.399439531,4.356453419,absolute
139.300000000,538,0.000729627,0.602772208,0.602772650,0.007945852,0.036592914,0.037445666,0.015891705,0.073185828,0.074891332,0.113634584,0.003422418,0.277771473,0.064572006,0.103601634,0.303563210,4.279857373,1.725467484,0.427985737,0.172546748,0.645720063,3.035632096,4.614587432,3.863092711,4.279857373,1.725467484,0.427985737,0.172546748,0.214807557,0.399556307,4.275823950,absolute
139.600000000,539,0.005744655,0.005309708,0.007822663,0.007927306,0.034942884,0.035830816,0.015854612,0.069885769,0.071661631,0.053935955,0.001546930,0.292252626,0.089313442,0.050000133,0.306483651,4.254688637,1.362080977,0.425468864,0.136208098,0.893134419,3.064836509,4.467397451,3.768212197,4.254688637,1.362080977,0.425468864,0.136208098,0.215190812,0.399460938,4.152611229,absolute
139.800000000,540,-0.001553998,0.367139560,0.367142848,0.007924982,0.035378749,0.036255499,0.015849963,0.070757498,0.072510998,0.073430510,0.002159370,0.288205707,0.108808244,0.067690871,0.308290099,4.226048628,1.117191033,0.422604863,0.111719103,1.088082438,3.082900992,4.371224407,3.702816151,4.226048628,1.117191033,0.422604863,0.111719103,0.214963592,0.399519763,4.074782843,absolute
140.100000000,541,0.004913551,-0.096328540,0.096453774,0.007889230,0.034945586,0.035825046,0.015778459,0.069891171,0.071650091,0.057349840,0.001654181,0.291935976,0.135396631,0.053174677,0.310745926,4.186302157,0.753808627,0.418630216,0.075380863,1.353966307,3.107459256,4.253628240,3.682634607,4.186302157,0.753808627,0.418630216,0.075380863,0.215271101,0.399451616,3.986810322,absolute
140.300000000,542,0.006885714,-0.131224634,0.131405166,0.007897100,0.034711104,0.035598103,0.015794201,0.069422208,0.071196206,0.047632667,0.001348907,0.293920752,0.151353284,0.044314287,0.312225252,4.158043760,0.511452640,0.415804376,0.051145264,1.513532842,3.122252524,4.189380827,3.716142359,4.158043760,0.511452640,0.415804376,0.051145264,0.215296536,0.399451522,3.944337705,absolute
140.513000000,543,0.003799399,0.495454025,0.495468593,0.007843766,0.035016525,0.035884282,0.015687531,0.070033049,0.071768563,0.059192505,0.001712070,0.291108179,0.170847202,0.054766862,0.314009301,4.127383645,0.262589204,0.412738364,0.026258920,1.708472025,3.140093005,4.135728332,3.759143726,4.127383645,0.262589204,0.412738364,0.026258920,0.214894935,0.399539587,3.914884839,absolute
140.802000000,544,0.001197894,-0.133389436,0.133394815,0.007840968,0.034428546,0.035310134,0.015681935,0.068857091,0.070620267,0.038839974,0.001072676,0.294590257,0.197436433,0.036125184,0.316446684,4.123268198,-0.084466142,0.412326820,-0.008446614,1.974364327,3.164466845,4.124133262,3.895298884,4.123268198,-0.084466142,0.412326820,-0.008446614,0.215308304,0.399449566,3.937807124,absolute
141.003000000,545,0.000906422,0.264313719,0.264315273,0.007869939,0.035292660,0.036159477,0.015739879,0.070585320,0.072318955,0.071633185,0.002102905,0.288977718,0.215162039,0.066152743,0.318066017,4.097886070,-0.206763433,0.409788607,-0.020676343,2.151620385,3.180660167,4.103098994,3.906736331,4.097886070,-0.206763433,0.409788607,-0.020676343,0.215060802,0.399489630,3.929869570,absolute
141.300000000,546,0.002906047,-0.396196240,0.396206898,0.007860899,0.034536969,0.035420276,0.015721797,0.069073938,0.070840552,0.043569429,0.001221256,0.294822085,0.241758337,0.040608403,0.320454911,4.005760491,-0.691994594,0.400576049,-0.069199459,2.417583373,3.204549111,4.065092082,4.207773687,4.005760491,-0.691994594,0.400576049,-0.069199459,0.215494364,0.399436977,3.944279426,absolute
141.501000000,547,-0.006314965,-0.527960052,0.527997817,0.007828540,0.032295969,0.033231245,0.015657080,0.064591938,0.066462490,-0.036208429,-0.001285039,0.295072336,0.259458164,-0.033710634,0.319755264,3.952279429,-0.937072326,0.395227943,-0.093707233,2.594581638,3.197552643,4.061848991,4.351834891,3.952279429,-0.937072326,0.395227943,-0.093707233,0.215567959,0.399456323,3.968541475,absolute
141.801000000,548,0.001126948,-0.473363990,0.473365332,0.007830365,0.027392751,0.028489953,0.015660731,0.054785503,0.056979907,-0.212277018,-0.006816397,0.233129940,0.284096263,-0.183520166,0.306253792,3.739653822,-1.234357619,0.373965382,-0.123435762,2.840962631,3.062537916,3.938102264,4.389869827,3.739653822,-1.234357619,0.373965382,-0.123435762,0.215512452,0.399507265,3.884467384,absolute
142.003000000,549,-0.004094714,-0.572738441,0.572753078,0.007796530,0.024601313,0.025807179,0.015593059,0.049202626,0.051614358,-0.315147682,-0.010048174,0.162936027,0.293400327,-0.248297363,0.293298548,3.555975032,-1.409383670,0.355597503,-0.140938367,2.934003265,2.932985478,3.825090947,4.386686527,3.555975032,-1.409383670,0.355597503,-0.140938367,0.215567094,0.399533648,3.798750723,absolute
142.208000000,550,0.000356839,-0.641090599,0.641090698,0.007797032,0.021034641,0.022433230,0.015594064,0.042069281,0.044866460,-0.442630069,-0.014053151,0.053278386,0.298286996,-0.292400672,0.276279282,3.259839137,-1.421568338,0.325983914,-0.142156834,2.982869959,2.762792825,3.556319409,4.193517648,3.259839137,-1.421568338,0.325983914,-0.142156834,0.215599617,0.399562195,3.547380818,absolute
142.501000000,551,-0.004408183,0.332899146,0.332928331,0.007840591,0.021120873,0.022529229,0.015681182,0.042241746,0.045058457,-0.439731933,-0.013962104,0.055862120,0.298734444,-0.291505523,0.249589712,2.896452100,-1.389425042,0.289645210,-0.138942504,2.987344439,2.495897116,3.212465831,3.886385170,2.896452100,-1.389425042,0.289645210,-0.138942504,0.214965021,0.399635275,3.223524434,absolute
142.801000000,552,0.008622977,0.111752641,0.112084828,0.007874343,0.021536563,0.022930957,0.015748685,0.043073125,0.045861915,-0.422695522,-0.013426889,0.071279173,0.299048699,-0.287706927,0.222891260,2.504807256,-1.314968618,0.250480726,-0.131496862,2.990486993,2.228912600,2.828993082,3.577006975,2.504807256,-1.314968618,0.250480726,-0.131496862,0.215116370,0.399587701,2.860487323,absolute
143.101000000,553,-0.000194261,0.604798898,0.604798929,0.007821568,0.021474898,0.022854938,0.015643136,0.042949797,0.045709876,-0.426011230,-0.013531055,0.068343319,0.299340612,-0.288707906,0.197971510,2.123897579,-1.245497670,0.212389758,-0.124549767,2.993406122,1.979715104,2.462154620,3.340365630,2.123897579,-1.245497670,0.212389758,-0.124549767,0.214796000,0.399676945,2.520172286,absolute
143.302000000,554,-0.006262161,-0.195081981,0.195182463,0.007804692,0.020563787,0.021995057,0.015609385,0.041127573,0.043990115,-0.457389893,-0.014516845,0.039598671,0.299607918,-0.294044526,0.178394740,1.867137412,-1.214144450,0.186713741,-0.121414445,2.996079180,1.783947400,2.227184065,3.203601763,1.867137412,-1.214144450,0.186713741,-0.121414445,0.215315796,0.399568911,2.309239152,absolute
143.600000000,555,0.001655893,0.438690620,0.438693746,0.007899649,0.021195197,0.022619479,0.015799297,0.042390394,0.045238957,-0.434670591,-0.013803097,0.060614362,0.300051225,-0.291177880,0.151695837,1.478895539,-1.153168854,0.147889554,-0.115316885,3.000512254,1.516958368,1.875348080,3.073255083,1.478895539,-1.153168854,0.147889554,-0.115316885,0.214908794,0.399645172,2.002222238,absolute
143.806000000,556,-0.005535318,-0.475313606,0.475345836,0.007873754,0.020425389,0.021890466,0.015747508,0.040850777,0.043780932,-0.462777961,-0.014686116,0.034580782,0.300368838,-0.294373623,0.133900527,1.223866372,-1.118781950,0.122386637,-0.111878195,3.003688382,1.339005270,1.658168251,3.034548468,1.223866372,-1.118781950,0.122386637,-0.111878195,0.215504011,0.399559946,1.822678459,absolute
144.100000000,557,-0.002410494,0.090422014,0.090454138,0.007845769,0.020731396,0.022166345,0.015691538,0.041462791,0.044332690,-0.452258585,-0.014355640,0.044351699,0.300883410,-0.293488700,0.107205234,0.848057007,-1.048107479,0.084805701,-0.104810748,3.008834095,1.072052339,1.348232167,3.027215763,0.848057007,-1.048107479,0.084805701,-0.104810748,0.215138460,0.399582778,1.579997774,absolute
144.305000000,558,0.006664075,-0.185648025,0.185767594,0.007876680,0.020006153,0.021500889,0.015753360,0.040012305,0.043001778,-0.477960326,-0.015163084,0.020533371,0.301267802,-0.296080922,0.089408481,0.729480054,-1.073171988,0.072948005,-0.107317199,3.012678018,0.894084811,1.297628323,3.013816891,0.729480054,-1.073171988,0.072948005,-0.107317199,0.215319197,0.399565179,1.559909019,absolute
144.508000000,559,-0.004836671,-0.211705850,0.211761092,0.007869139,0.020433335,0.021896222,0.015738278,0.040866669,0.043792443,-0.463207098,-0.014699598,0.034232411,0.301717720,-0.294837939,0.071616327,0.483588930,-1.009630362,0.048358893,-0.100963036,3.017177197,0.716163266,1.119469393,3.065523308,0.483588930,-1.009630362,0.048358893,-0.100963036,0.215338721,0.399561279,1.434496168,absolute
144.718000000,560,-0.000025327,0.194474376,0.194474377,0.007805342,0.021017359,0.022419918,0.015610685,0.042034717,0.044839836,-0.441222708,-0.014008938,0.054353141,0.302276014,-0.290997642,0.052043779,0.138163441,-0.928311930,0.013816344,-0.092831193,3.022760141,0.520437790,0.938537253,3.227967453,0.138163441,-0.928311930,0.013816344,-0.092831193,0.215078856,0.399594452,1.330132076,absolute
145.000000000,561,-0.007480840,-0.573391720,0.573440518,0.007763474,0.018309745,0.019887642,0.015526948,0.036619490,0.039775283,-0.538760789,-0.017073187,-0.035963933,0.301649376,-0.293880426,0.027202886,-0.319395220,-0.835640892,-0.031939522,-0.083564089,3.016493759,0.272028855,0.894599914,3.514980447,-0.319395220,-0.835640892,-0.031939522,-0.083564089,0.215570003,0.399564333,1.346075681,absolute
145.202000000,562,0.003605500,0.139270312,0.139316975,0.007745070,0.016532254,0.018256548,0.015490141,0.033064508,0.036513096,-0.600456883,-0.019011427,-0.092222681,0.295013797,-0.282452118,0.010780287,-0.548409837,-0.699909906,-0.054840984,-0.069990991,2.950137972,0.107802872,0.889172214,3.590576096,-0.548409837,-0.699909906,-0.054840984,-0.069990991,0.215095712,0.399611078,1.338613880,absolute
145.500000000,563,-0.005077884,-0.015600839,0.016406434,0.007586376,0.010667227,0.013089799,0.015172752,0.021334455,0.026179598,-0.809489486,-0.025578380,-0.245014770,0.275500948,-0.167086946,-0.006973084,-0.762539989,-0.379126818,-0.076253999,-0.037912682,2.755009484,-0.069730841,0.851589326,3.531130154,-0.762539989,-0.379126818,-0.076253999,-0.037912682,0.215152505,0.399603023,1.249921109,absolute
145.800000000,564,-0.015116725,-0.789350913,0.789495649,0.007547510,0.006039484,0.009666451,0.015095019,0.012078968,0.019332901,-0.976001405,-0.030809506,-0.295846528,0.249655698,-0.022347356,-0.012269977,-0.788914024,0.003063356,-0.078891402,0.000306336,2.496556980,-0.122699775,0.788919971,3.287877139,-0.788914024,0.003063356,-0.078891402,0.000306336,0.215608228,0.399585523,1.079951287,absolute
146.002000000,565,0.004255934,-0.127791439,0.127862289,0.007532451,0.005589612,0.009379850,0.015064902,0.011179223,0.018759699,-0.990934528,-0.031278644,-0.296141583,0.231878866,-0.008436399,-0.011419166,-0.733361216,0.276609122,-0.073336122,0.027660912,2.318788661,-0.114191659,0.783792880,3.077067455,-0.733361216,0.276609122,-0.073336122,0.027660912,0.215167647,0.399600093,0.956469437,absolute
146.300000000,566,0.008312199,-0.239953135,0.240097063,0.007514689,0.005195953,0.009136109,0.015029378,0.010391907,0.018272218,0.992827179,-0.031788785,-0.296666004,0.205209497,0.006686228,-0.010134130,-0.638446212,0.664230669,-0.063844621,0.066423067,2.052094971,-0.101341302,0.921312079,2.797340219,-0.638446212,0.664230669,-0.063844621,0.066423067,0.215737151,0.399370612,0.894304236,absolute
146.600000000,567,-0.009980422,-0.187945959,0.188210765,0.007470684,0.006024976,0.009597471,0.014941368,0.012049952,0.019194943,-0.976374114,-0.030821215,-0.295141819,0.178541251,-0.021946601,-0.008829285,-0.535592623,1.051079552,-0.053559262,0.105107955,1.785412514,-0.088292853,1.179672702,2.585582009,-0.535592623,1.051079552,-0.053559262,0.105107955,0.215193322,0.399607359,0.994029956,absolute
146.800000000,568,0.004896133,-0.277674076,0.277717239,0.007473884,0.005416176,0.009230054,0.014947767,0.010832352,0.018460108,-0.998111741,-0.031504123,-0.297686988,0.160758494,-0.001765942,-0.007932926,-0.463596860,1.300808798,-0.046359686,0.130080880,1.607584935,-0.079329260,1.380950969,2.488890333,-0.463596860,1.300808798,-0.046359686,0.130080880,0.215242743,0.399604817,1.128269393,absolute
147.101000000,569,-0.000017766,0.550816568,0.550816569,0.007433501,0.006210945,0.009686732,0.014867002,0.012421891,0.019373464,-0.971658522,-0.030673070,-0.295245498,0.134095117,-0.026357573,-0.006601312,-0.357036231,1.668271725,-0.035703623,0.166827172,1.340951168,-0.066013118,1.706049653,2.427118688,-0.357036231,1.668271725,-0.035703623,0.166827172,0.214700536,0.399716041,1.391444017,absolute
147.400000000,570,-0.004064381,-0.279773123,0.279802644,0.007410707,0.005567330,0.009268967,0.014821414,0.011134660,0.018537934,-0.994706112,-0.031397132,-0.296467819,0.109209218,-0.004931082,-0.005306691,-0.250234692,2.046370347,-0.025023469,0.204637035,1.092092183,-0.053066913,2.061613203,2.491882471,-0.250234692,2.046370347,-0.025023469,0.204637035,0.215228286,0.399612008,1.711276953,absolute
147.700000000,571,-0.006838326,0.003848649,0.007846962,0.007417146,0.005676400,0.009339998,0.014834291,0.011352801,0.018679997,-0.992266851,-0.031320500,-0.297591646,0.080769843,-0.007231235,-0.003748021,-0.137051914,2.417392027,-0.013705191,0.241739203,0.807698434,-0.037480209,2.421273929,2.630389879,-0.137051914,2.417392027,-0.013705191,0.241739203,0.215034284,0.399623450,2.048256507,absolute
147.900000000,572,0.003960557,0.406490541,0.406509835,0.007437224,0.006984157,0.010202487,0.014874447,0.013968313,0.020404974,-0.944985501,-0.029835113,-0.292611561,0.062995372,-0.051082627,-0.002777424,-0.050749479,2.667083675,-0.005074948,0.266708368,0.629953715,-0.027774239,2.667566464,2.779499238,-0.050749479,2.667083675,-0.005074948,0.266708368,0.214781377,0.399699300,2.282879440,absolute
148.202000000,573,-0.002973838,0.184730992,0.184754927,0.007447116,0.005464029,0.009236620,0.014894232,0.010928058,0.018473240,-0.998238961,-0.031508119,-0.296966458,0.036337995,-0.001642974,-0.001309428,0.051348607,3.044741198,0.005134861,0.304474120,0.363379948,-0.013094275,3.045174156,3.073714583,0.051348607,3.044741198,0.005134861,0.304474120,0.214901534,0.399660495,2.650132352,absolute
148.500000000,574,-0.000586162,0.174804186,0.174805169,0.007503591,0.005449586,0.009273719,0.015007182,0.010899171,0.018547438,-0.998891142,-0.031528608,-0.296637120,0.009679496,-0.001033364,0.000148690,0.167006443,3.420062684,0.016700644,0.342006268,0.096794963,0.001486895,3.424137835,3.419296722,0.167006443,3.420062684,0.016700644,0.342006268,0.214900078,0.399661587,3.020780790,absolute
148.800000000,575,-0.000087048,-0.003701266,0.003702289,-0.001260596,0.005729504,0.005866542,-0.002521192,0.011459007,0.011733084,0.998628457,-0.031606532,-0.000652950,0.002566066,0.000002813,0.000550675,0.321593353,3.792618311,0.032159335,0.379261831,0.025660665,0.005506746,3.806228571,3.798656362,0.321593353,3.792618311,0.032159335,0.379261831,0.215486460,0.399377576,3.394899314,absolute
