stamp,sample_index,input_0,input_1,input_2,input_3,input_4,input_5,input_6,input_7,input_8,input_9,input_10,input_11,input_12,input_13,input_14,target_x_m,target_y_m,target_x_norm,target_y_norm,odom_x_m,odom_y_m,target_norm_m,odom_error_m,training_target_x_m,training_target_y_m,training_target_x_norm,training_target_y_norm,prediction_x_m,prediction_y_m,prediction_error_m,target_mode
25.900000000,1,0.001384228,0.000586647,0.001503410,-0.000012848,0.000019154,0.000023064,-0.000025696,0.000038307,0.000046128,-0.006993173,0.000004521,0.000124789,-0.000001031,-0.000002742,0.000000003,0.000000000,0.000000000,0.000000000,0.000000000,-0.000010306,0.000000033,0.000000000,0.000010306,0.000000000,0.000000000,0.000000000,0.000000000,0.215193803,0.399491701,0.453764247,absolute
26.101000000,2,-0.003159164,0.010120879,0.010602476,-0.000068916,0.000020973,0.000072037,-0.000137832,0.000041946,0.000144074,-0.001088387,0.000190026,0.000121724,-0.000000851,-0.000000416,0.000000003,0.121239481,-0.054754458,0.012123948,-0.005475446,-0.000008512,0.000000027,0.133030307,0.133038075,0.121239481,-0.054754458,0.012123948,-0.005475446,0.215188315,0.399493191,0.463861305,absolute
26.447000000,3,0.000754311,0.002871063,0.002968499,-0.000038499,0.000043691,0.000058233,-0.000076998,0.000087383,0.000116466,-0.021870876,-0.000462875,0.000228246,0.000000033,-0.000015707,-0.000000000,-0.021732681,-0.076306973,-0.002173268,-0.007630697,0.000000326,-0.000000001,0.079341436,0.079341525,-0.021732681,-0.076306973,-0.002173268,-0.007630697,0.215188870,0.399493842,0.531524445,absolute
26.700000000,4,-0.001493932,-0.738818582,0.738820093,0.008789726,-0.000106175,0.008790367,0.017579452,-0.000212349,0.017580734,-0.027862350,-0.000651103,0.294281109,0.005313826,-0.025825049,-0.000026460,0.087923354,0.038358200,0.008792335,0.003835820,0.053138257,-0.000264600,0.095926366,0.051978107,0.087923354,0.038358200,0.008792335,0.003835820,0.215637529,0.399457785,0.383019348,absolute
27.003000000,5,0.004646514,-0.182519408,0.182578543,0.008826612,0.000591335,0.008846397,0.017653223,0.001182671,0.017692795,-0.003318211,0.000119974,0.295181746,0.031886218,-0.003077224,-0.000170347,0.380828741,0.071473040,0.038082874,0.007147304,0.318862181,-0.001703473,0.387477645,0.095888772,0.380828741,0.071473040,0.038082874,0.007147304,0.215286374,0.399459731,0.367395624,absolute
27.307000000,6,-0.004352529,-0.146029333,0.146094184,0.008795935,0.000678181,0.008822041,0.017591871,0.001356363,0.017644082,0.001061302,0.000257560,0.295246672,0.058459390,0.000984409,-0.000341513,0.447438641,0.008862536,0.044743864,0.000886254,0.584593904,-0.003415135,0.447526404,0.137703694,0.447438641,0.008862536,0.044743864,0.000886254,0.215269864,0.399457144,0.454385836,absolute
27.621000000,7,0.006328495,-0.215583030,0.215675897,0.008827398,0.000763000,0.008860312,0.017654796,0.001526000,0.017720623,0.003201530,0.000324798,0.295182866,0.086803425,0.002969021,-0.000534109,0.725461398,0.042864075,0.072546140,0.004286407,0.868034255,-0.005341092,0.726726612,0.150501687,0.725461398,0.042864075,0.072546140,0.004286407,0.215325813,0.399450443,0.622408349,absolute
27.900000000,8,-0.006806265,-0.107494007,0.107709269,0.008832079,0.001353861,0.008935242,0.017664157,0.002707723,0.017870484,0.023170108,0.000952129,0.294490792,0.111604454,0.021474232,-0.000721118,1.024563992,-0.007966088,0.102456399,-0.000796609,1.116044539,-0.007211177,1.024594960,0.091483661,1.024563992,-0.007966088,0.102456399,-0.000796609,0.215264536,0.399445650,0.906062876,absolute
28.103000000,9,0.003557873,-0.241685694,0.241711881,0.008859360,0.000299179,0.008864410,0.017718719,0.000598358,0.017728820,-0.014726606,-0.000238431,0.294803722,0.129319857,-0.013648833,-0.000857580,1.323266437,0.025498192,0.132326644,0.002549819,1.293198575,-0.008575803,1.323512078,0.045443519,1.323266437,0.025498192,0.132326644,0.002549819,0.215351562,0.399450447,1.169322735,absolute
28.400000000,10,0.000724256,-0.078438998,0.078442342,0.008821838,0.001226518,0.008906692,0.017643676,0.002453036,0.017813385,0.017518841,0.000774589,0.294936804,0.154120905,0.016248865,-0.001007883,1.540820621,-0.021429285,0.154082062,-0.002142929,1.541209049,-0.010078830,1.540969630,0.011357100,1.540820621,-0.021429285,0.154082062,-0.002142929,0.215257932,0.399442147,1.390772881,absolute
28.600000000,11,0.008163781,-0.431112566,0.431189856,0.008811273,0.000965484,0.008864011,0.017622546,0.001930968,0.017728022,0.008898748,0.000503781,0.295286630,0.173608758,0.008257256,-0.001114589,1.697201571,0.032000713,0.169720157,0.003200071,1.736087582,-0.011145886,1.697503230,0.058083998,1.697201571,0.032000713,0.169720157,0.003200071,0.215494162,0.399433384,1.526585606,absolute
28.900000000,12,-0.010390341,-0.161996925,0.162329797,0.008766899,0.000552989,0.008784323,0.017533799,0.001105978,0.017568645,-0.008358091,-0.000038359,0.295090778,0.200181571,-0.007750192,-0.001224598,1.958936472,-0.021248973,0.195893647,-0.002124897,2.001815709,-0.012245978,1.959051715,0.043814185,1.958936472,-0.021248973,0.195893647,-0.002124897,0.215319547,0.399443629,1.793650537,absolute
29.101000000,13,-0.008950060,-0.144389247,0.144666369,0.008714519,0.001574915,0.008855687,0.017429037,0.003149830,0.017711374,0.028460102,0.001118319,0.294052053,0.217897487,0.026361491,-0.001275691,2.104900674,0.067762243,0.210490067,0.006776224,2.178974875,-0.012756912,2.105991113,0.109408965,2.104900674,0.067762243,0.210490067,0.006776224,0.215320984,0.399431075,1.918466996,absolute
29.400000000,14,-0.008228575,0.176181957,0.176374010,0.008663364,0.001437381,0.008781796,0.017326728,0.002874762,0.017563591,0.025032387,0.001010634,0.294545735,0.244469941,0.023211407,-0.001362632,2.375000583,-0.026670573,0.237500058,-0.002667057,2.444699406,-0.013626321,2.375150330,0.070908944,2.375000583,-0.026670573,0.237500058,-0.002667057,0.215118418,0.399464208,2.201518072,absolute
29.600000000,15,-0.001379727,0.260180681,0.260184340,0.008604916,0.003393653,0.009249944,0.017209832,0.006787306,0.018499888,0.096227558,0.003247296,0.281950596,0.260263462,0.087930996,0.000345681,2.699581292,-0.005345044,0.269958129,-0.000534504,2.602634616,0.003456814,2.699586584,0.097345420,2.699581292,-0.005345044,0.269958129,-0.000534504,0.215085119,0.399457323,2.517257672,absolute
29.900000000,16,-0.005816113,0.135658230,0.135782850,0.008575617,0.008174349,0.011847413,0.017151235,0.016348698,0.023694826,0.268254260,0.008651675,0.196523055,0.284144244,0.220462353,0.014902268,2.760866017,0.053689169,0.276086602,0.005368917,2.841442438,0.149022685,2.761388001,0.124824031,2.760866017,0.053689169,0.276086602,0.005368917,0.215218918,0.399394878,2.569013739,absolute
30.103000000,17,0.004574139,1.000000000,1.000000000,0.008620239,0.012566072,0.015238592,0.017240478,0.025132144,0.030477184,0.426019144,0.013608005,0.068040838,0.293544798,0.287461995,0.029809644,2.981609423,0.163550621,0.298160942,0.016355062,2.935447984,0.298096439,2.986091686,0.142244352,2.981609423,0.163550621,0.298160942,0.016355062,0.214710821,0.399529349,2.776943254,absolute
30.400000000,18,0.000447386,-0.005443909,0.005462261,0.008617998,0.014751495,0.017084394,0.017235996,0.029502991,0.034168787,0.503666670,0.016047374,-0.003399350,0.298357901,0.295090367,0.055831610,3.010916581,0.460233464,0.301091658,0.046023346,2.983579009,0.558316102,3.045887966,0.101821150,3.010916581,0.460233464,0.301091658,0.046023346,0.215393479,0.399344807,2.796186124,absolute
30.602000000,19,0.005318096,-0.157012473,0.157102511,0.008670761,0.014888020,0.017228907,0.017341523,0.029776040,0.034457814,0.509241148,0.016222501,-0.008573200,0.299837505,0.295219546,0.073486097,3.086387710,0.662382185,0.308638771,0.066238219,2.998375045,0.734860968,3.156665845,0.114014925,3.086387710,0.662382185,0.308638771,0.066238219,0.215494085,0.399341694,2.882918748,absolute
30.805000000,20,0.000309271,-0.246407310,0.246407504,0.008624386,0.013751214,0.016231941,0.017248773,0.027502428,0.032463883,0.469219202,0.014965174,0.028520413,0.301332983,0.294014942,0.091137964,3.037700854,0.774612870,0.303770085,0.077461287,3.013329827,0.911379636,3.134908544,0.138921184,3.037700854,0.774612870,0.303770085,0.077461287,0.215535526,0.399343350,2.847006209,absolute
31.101000000,21,-0.002979869,-1.000000000,1.000000000,0.008681235,0.013253966,0.015843973,0.017362471,0.026507932,0.031687945,0.449776697,0.014354370,0.046400594,0.304031353,0.291637527,0.122911965,2.996340905,1.103772005,0.299634090,0.110377200,3.040313531,1.229119655,3.193175764,0.132836837,2.996340905,1.103772005,0.299634090,0.110377200,0.216019075,0.399329596,2.868175131,absolute
31.400000000,22,-0.006355887,-0.041025154,0.041514583,0.008644167,0.013929861,0.016393982,0.017288334,0.027859722,0.032787964,0.476452546,0.015192417,0.021822641,0.305826775,0.294455889,0.144094457,2.973206436,1.445853378,0.297320644,0.144585338,3.058267748,1.440944574,3.306122881,0.085202835,2.973206436,1.445853378,0.297320644,0.144585338,0.215397943,0.399351950,2.949690310,absolute
31.602000000,23,0.003009908,-0.649374454,0.649381430,0.008672202,0.014680652,0.017050766,0.017344404,0.029361304,0.034101532,0.504021668,0.016058526,-0.003731597,0.305694874,0.295335411,0.161780202,2.943084212,1.496119914,0.294308421,0.149611991,3.056948739,1.617802024,3.301532898,0.166648331,2.943084212,1.496119914,0.294308421,0.149611991,0.215806384,0.399336774,2.939553981,absolute
31.902000000,24,0.001630132,0.195462751,0.195469548,0.008695497,0.015427706,0.017709483,0.017390995,0.030855412,0.035418966,0.530739918,0.016897905,-0.028471821,0.304172902,0.293906782,0.188309486,2.925102058,2.002151760,0.292510206,0.200215176,3.041729023,1.883094862,3.544690920,0.166662515,2.925102058,2.002151760,0.292510206,0.200215176,0.215259452,0.399388707,3.148348194,absolute
32.200000000,25,0.003817699,-0.573973855,0.573986551,0.008724971,0.015020001,0.017370249,0.017449942,0.030040001,0.034740497,0.517846193,0.016492836,-0.016540466,0.302646099,0.294711367,0.214838654,3.043824706,1.999776065,0.304382471,0.199977607,3.026460994,2.148386543,3.641973799,0.149621431,3.043824706,1.999776065,0.304382471,0.199977607,0.215755390,0.399342329,3.249517533,absolute
32.408000000,26,-0.000685351,-0.300680226,0.300681007,0.008769374,0.015164975,0.017517944,0.017538748,0.030329949,0.035035889,0.524121063,0.016689967,-0.022359254,0.301622754,0.294495442,0.232525125,3.059802055,2.267259103,0.305980206,0.226725910,3.016227539,2.325251250,3.808261080,0.072538457,3.059802055,2.267259103,0.305980206,0.226725910,0.215575613,0.399350384,3.402749923,absolute
32.700000000,27,0.008028280,0.299992634,0.300100040,0.008806715,0.015261802,0.017620466,0.017613430,0.030523603,0.035240932,0.528542328,0.016828865,-0.026435566,0.300087755,0.294024280,0.259054375,3.119861224,2.646703888,0.311986122,0.264670389,3.000877549,2.590543746,4.091280427,0.131571564,3.119861224,2.646703888,0.311986122,0.264670389,0.215182028,0.399412954,3.672530160,absolute
33.002000000,28,-0.002278763,-0.433370398,0.433376389,0.008745864,0.019075460,0.020984835,0.017491727,0.038150920,0.041969670,0.664993993,0.021115621,-0.146222978,0.291288044,0.256367413,0.283799187,2.933087320,2.789492047,0.293308732,0.278949205,2.912880443,2.837991873,4.047748400,0.052540946,2.933087320,2.789492047,0.293308732,0.278949205,0.215707430,0.399352870,3.618966530,absolute
33.300000000,29,-0.007489494,-0.004608811,0.008793956,0.008697404,0.024446896,0.025947939,0.017394808,0.048893791,0.051895878,0.856953802,0.027146216,-0.266029814,0.272774430,0.128307909,0.299925577,2.793573339,2.994595158,0.279357334,0.299459516,2.727744298,2.999255774,4.095320764,0.065993818,2.793573339,2.994595158,0.279357334,0.299459516,0.215489246,0.399377829,3.658096578,absolute
33.502000000,30,0.001437563,0.454696948,0.454699221,0.008709375,0.027930620,0.029257012,0.017418751,0.055861240,0.058514024,0.980952033,0.031041735,-0.294717320,0.254131931,0.017657247,0.305161220,2.705396101,3.046477368,0.270539610,0.304647737,2.541319315,3.051612202,4.074333370,0.164157115,2.705396101,3.046477368,0.270539610,0.304647737,0.215225642,0.399469957,3.634225797,absolute
33.800000000,31,0.004814547,0.291785206,0.291824924,0.008649866,0.028364975,0.029654544,0.017299732,0.056729950,0.059309088,0.993180533,0.031425905,-0.295241140,0.227605147,0.006326210,0.306746299,2.277555267,3.055156878,0.227755527,0.305515688,2.276051465,3.067462995,3.810674684,0.012397658,2.277555267,3.055156878,0.227755527,0.305515688,0.215328332,0.399443951,3.362378783,absolute
34.000000000,32,0.001486766,-0.310666099,0.310669657,0.008649145,0.028036001,0.029339820,0.017298289,0.056072002,0.058679641,0.981924254,0.031072279,-0.294748035,0.209920834,0.016755763,0.307789683,2.238239962,3.062142766,0.223823996,0.306214277,2.099208341,3.077896825,3.792945616,0.139921343,2.238239962,3.062142766,0.223823996,0.306214277,0.215713169,0.399385622,3.343783820,absolute
34.200000000,33,0.004522965,0.174756540,0.174815061,0.008648675,0.028451639,0.029737103,0.017297351,0.056903277,0.059474207,0.995592208,0.031501670,-0.295219416,0.193989617,0.004088308,0.308354671,1.899992814,3.092567461,0.189999281,0.309256746,1.939896174,3.083546711,3.629593117,0.040910293,1.899992814,3.092567461,0.189999281,0.309256746,0.215395326,0.399426912,3.176613718,absolute
34.401000000,34,0.001325249,0.039378565,0.039400858,0.008630221,0.028928682,0.030188563,0.017260442,0.057857363,0.060377126,-0.987254539,0.032040555,-0.295180633,0.176278376,-0.011825662,0.308778400,1.871517073,3.061888518,0.187151707,0.306188852,1.762783762,3.087783996,3.588556458,0.111774365,1.871517073,3.061888518,0.187151707,0.306188852,0.214975017,0.399634497,3.135558651,absolute
34.701000000,35,0.001023505,0.601086280,0.601087152,0.008715098,0.029380069,0.030645414,0.017430195,0.058760138,0.061290827,-0.971182725,0.032545466,-0.294091334,0.147942233,-0.026697696,0.309476059,1.539087806,3.030430987,0.153908781,0.303043099,1.479422332,3.094760590,3.398867935,0.087739767,1.539087806,3.030430987,0.153908781,0.303043099,0.214605122,0.399740404,2.945299190,absolute
34.915000000,36,0.003742069,0.206612228,0.206646113,0.008786746,0.028532390,0.029854718,0.017573492,0.057064780,0.059709436,0.998887904,0.031605208,-0.295104905,0.130232919,0.001031027,0.309926972,1.317941812,3.131517269,0.131794181,0.313151727,1.302329187,3.099269718,3.397553682,0.035828181,1.317941812,3.131517269,0.131794181,0.313151727,0.215356382,0.399440484,2.946173482,absolute
35.121000000,37,-0.001773873,0.764939471,0.764941528,0.008798677,0.028626670,0.029948338,0.017597355,0.057253340,0.059896676,-0.994754494,0.031804937,-0.295346689,0.110751437,-0.004867531,0.310421223,1.240987660,3.068300481,0.124098766,0.306830048,1.107514375,3.104212226,3.309761050,0.138220011,1.240987660,3.068300481,0.124098766,0.306830048,0.214479983,0.399773537,2.859152682,absolute
35.403000000,38,0.003348024,-0.265661454,0.265682550,0.008800965,0.028185161,0.029527281,0.017601931,0.056370323,0.059054562,0.988970439,0.031293641,-0.294943569,0.085958348,0.010224001,0.311046397,0.907840971,3.146537527,0.090784097,0.314653753,0.859583485,3.110463972,3.274885286,0.060250198,0.907840971,3.146537527,0.090784097,0.314653753,0.215649067,0.399401536,2.832999432,absolute
35.611000000,39,0.004330415,-1.000000000,1.000000000,0.008781942,0.028245163,0.029578907,0.017563885,0.056490325,0.059157814,0.990670038,0.031347036,-0.295270492,0.068245897,0.008657135,0.311470693,0.888128297,3.014173646,0.088812830,0.301417365,0.682458974,3.114706928,3.142294486,0.228925340,0.888128297,3.014173646,0.088812830,0.301417365,0.216125788,0.399386168,2.699759420,absolute
35.901000000,40,-0.001035337,0.243981227,0.243983424,0.008815869,0.030412031,0.031664036,0.017631738,0.060824063,0.063328073,-0.929164060,0.033865522,-0.287973105,0.041720348,-0.065164140,0.311166295,0.529133825,3.074272598,0.052913383,0.307427260,0.417203478,3.111662949,3.119476657,0.118010343,0.529133825,3.074272598,0.052913383,0.307427260,0.214817676,0.399690200,2.692988237,absolute
36.105000000,41,0.002798331,0.024590317,0.024749027,0.008748050,0.032088953,0.033260025,0.017496101,0.064177906,0.066520051,-0.868831848,0.035760914,-0.270514264,0.025156931,-0.118242509,0.305142309,0.242100654,3.179232358,0.024210065,0.317923236,0.251569305,3.051423088,3.188437095,0.128159529,0.242100654,3.179232358,0.024210065,0.317923236,0.214972982,0.399652836,2.779711897,absolute
36.401000000,42,-0.004994771,0.098133976,0.098261004,0.008802081,0.037770415,0.038782482,0.017604162,0.075540831,0.077564964,-0.637974208,0.043013521,-0.124080839,0.006697744,-0.268100910,0.286458976,0.215177954,2.815470754,0.021517795,0.281547075,0.066977441,2.864589760,2.823681483,0.156128373,0.215177954,2.815470754,0.021517795,0.281547075,0.214967431,0.399656550,2.415814213,absolute
36.700000000,43,-0.001182202,-0.193270008,0.193273624,0.008769443,0.040533103,0.041470901,0.017538886,0.081066207,0.082941801,-0.538382186,0.046142296,-0.035520516,-0.000121582,-0.293148489,0.262809999,0.121099081,2.604684819,0.012109908,0.260468482,-0.001215821,2.628099992,2.607498417,0.124535961,0.121099081,2.604684819,0.012109908,0.260468482,0.215174712,0.399618461,2.207072239,absolute
37.000000000,44,0.004854202,-0.140499102,0.140582932,0.008814429,0.042045853,0.042959841,0.017628858,0.084091707,0.085919682,-0.485039912,0.047818093,0.013865303,-0.002155244,-0.294798608,0.234539520,0.012390367,2.393546741,0.001239037,0.239354674,-0.021552444,2.345395197,2.393578811,0.058912525,0.012390367,2.393546741,0.001239037,0.239354674,0.215150900,0.399607051,2.004222373,absolute
37.200000000,45,-0.003195939,-0.338299690,0.338314786,0.008859100,0.040633098,0.041587646,0.017718200,0.081266196,0.083175292,-0.533950165,0.046281532,-0.031436527,-0.003259213,-0.293624034,0.218633097,-0.024317104,2.273711379,-0.002431710,0.227371138,-0.032592134,2.186330966,2.273841410,0.087771367,-0.024317104,2.273711379,-0.002431710,0.227371138,0.215274118,0.399611551,1.889352831,absolute
37.401000000,46,0.001683968,0.083906507,0.083923403,0.008818410,0.041804774,0.042724741,0.017636819,0.083609548,0.085449482,-0.492422651,0.047586158,0.007026372,-0.003420817,-0.295108674,0.199151861,-0.017775318,2.103097764,-0.001777532,0.210309776,-0.034208167,1.991518609,2.103172881,0.112782740,-0.017775318,2.103097764,-0.001777532,0.210309776,0.215006103,0.399624831,1.719304285,absolute
37.700000000,47,0.000801205,0.574217597,0.574218156,0.008827207,0.041891343,0.042811263,0.017654415,0.083782687,0.085622526,-0.488024899,0.047724317,0.011099747,-0.003361688,-0.294902921,0.172578450,0.000779395,1.813473998,0.000077940,0.181347400,-0.033616881,1.725784500,1.813474165,0.094194224,0.000779395,1.813473998,0.000077940,0.181347400,0.214689712,0.399710927,1.429854414,absolute
38.000000000,48,-0.001918724,-0.372408475,0.372413418,0.008855513,0.041145083,0.042087266,0.017711027,0.082290167,0.084174533,-0.513913019,0.046911018,-0.012901991,-0.003309644,-0.294991027,0.147776530,-0.088080060,1.449115412,-0.008808006,0.144911541,-0.033096438,1.477765299,1.451789783,0.062000118,-0.088080060,1.449115412,-0.008808006,0.144911541,0.215307334,0.399601597,1.092484856,absolute
38.200000000,49,0.000301523,0.133690101,0.133690441,0.008941067,0.041951185,0.042893409,0.017882134,0.083902369,0.085786819,-0.483580977,0.047863927,0.015223957,-0.003265500,-0.294879753,0.128289213,-0.029119939,1.446267531,-0.002911994,0.144626753,-0.032655000,1.282892133,1.446560659,0.163413638,-0.029119939,1.446267531,-0.002911994,0.144626753,0.214982440,0.399626858,1.074729115,absolute
38.501000000,50,-0.001240022,0.017204315,0.017248945,0.008984829,0.041537829,0.042498452,0.017969658,0.083075659,0.084996904,-0.499822545,0.047353683,0.000164497,-0.003190845,-0.295067565,0.101716785,0.046423467,1.106357725,0.004642347,0.110635772,-0.031908451,1.017167853,1.107331275,0.118704349,0.046423467,1.106357725,0.004642347,0.110635772,0.215059076,0.399607048,0.726591005,absolute
38.800000000,51,0.009664325,0.287582436,0.287744777,0.008975918,0.042105321,0.043051424,0.017951836,0.084210641,0.086102849,-0.479196854,0.048001658,0.019283966,-0.003127627,-0.294644623,0.075142238,0.006450932,0.789166045,0.000645093,0.078916604,-0.031276266,0.751422377,0.789192411,0.053365962,0.006450932,0.789166045,0.000645093,0.078916604,0.214889946,0.399648833,0.441781033,absolute
39.000000000,52,-0.004488732,-0.151812658,0.151879004,0.008977317,0.041541629,0.042500578,0.017954634,0.083083258,0.085001157,-0.499715724,0.047357039,0.000263688,-0.003080350,-0.295256569,0.057426839,0.026120739,0.705047450,0.002612074,0.070504745,-0.030803495,0.574268390,0.705531147,0.142630751,0.026120739,0.705047450,0.002612074,0.070504745,0.215174418,0.399597385,0.359222822,absolute
39.200000000,53,0.000757302,0.217943426,0.217944741,0.008958479,0.044269757,0.045167087,0.017916957,0.088539514,0.090334174,-0.401371161,0.050446625,0.090028388,-0.000792009,-0.281194668,0.041715869,0.016166106,0.544758323,0.001616611,0.054475832,-0.007920089,0.417158690,0.544998141,0.129853036,0.016166106,0.544758323,0.001616611,0.054475832,0.214948647,0.399616747,0.246131217,absolute
39.401000000,54,-0.001164239,0.202536284,0.202539630,0.008973576,0.047341707,0.048184669,0.017947152,0.094683414,0.096369337,-0.292083611,0.053879994,0.179390826,0.008472257,-0.234421826,0.024710208,0.171454597,0.229244491,0.017145460,0.022924449,0.084722572,0.247102081,0.286268608,0.088551328,0.171454597,0.229244491,0.017145460,0.022924449,0.214977150,0.399582642,0.175810404,absolute
39.602000000,55,-0.009669149,-0.028693580,0.030278936,0.008989890,0.050039572,0.050840701,0.017979780,0.100079145,0.101681403,-0.195582325,0.056911672,0.241271044,0.021951103,-0.170228389,0.013356258,0.175580735,0.185837008,0.017558073,0.018583701,0.219511032,0.133562582,0.255663818,0.068282403,0.175580735,0.185837008,0.017558073,0.018583701,0.215145706,0.399515119,0.217310198,absolute
39.902000000,56,0.002308703,-0.856737080,0.856740190,0.009016546,0.052943431,0.053705726,0.018033092,0.105886863,0.107411453,-0.089257963,0.060251950,0.283653513,0.047151429,-0.081692388,0.005389901,0.438640398,-0.010746563,0.043864040,-0.001074656,0.471514293,0.053899013,0.438772022,0.072524089,0.438640398,-0.010746563,0.043864040,-0.001074656,0.215715678,0.399457987,0.466865295,absolute
40.200000000,57,0.002176146,-0.051575199,0.051621089,0.008960407,0.054685243,0.055414481,0.017920813,0.109370486,0.110828961,-0.026718018,0.062216700,0.294292964,0.073522136,-0.024760283,0.002357920,0.696765247,0.201585773,0.069676525,0.020158577,0.735221361,0.023579202,0.725340357,0.182113185,0.696765247,0.201585773,0.069676525,0.020158577,0.215207821,0.399454390,0.520624187,absolute
40.401000000,58,-0.013075363,-0.200794008,0.201219280,0.008888553,0.055332148,0.056041529,0.017777107,0.110664296,0.112083058,-0.006356205,0.062856385,0.295159954,0.089443210,-0.005894716,0.001546461,0.817742880,-0.014372015,0.081774288,-0.001437202,0.894432104,0.015464606,0.817869166,0.082288887,0.817742880,-0.014372015,0.081774288,-0.001437202,0.215312547,0.399444584,0.730866939,absolute
40.700000000,59,0.002498578,-0.444045372,0.444052402,0.008840750,0.054289758,0.055004879,0.017681501,0.108579517,0.110009758,-0.045894628,0.061614249,0.292183878,0.117762272,-0.042422094,0.000312854,0.972814433,-0.072492274,0.097281443,-0.007249227,1.177622718,0.003128545,0.975511687,0.218323022,0.972814433,-0.072492274,0.097281443,-0.007249227,0.215474870,0.399445689,0.892350074,absolute
41.000000000,60,0.006077028,0.237177100,0.237254941,0.008837139,0.055184922,0.055888019,0.017674278,0.110369845,0.111776038,-0.013902094,0.062619324,0.294958541,0.144309803,-0.012890428,-0.000863371,1.279950375,-0.002994262,0.127995038,-0.000299426,1.443098027,-0.008633711,1.279953877,0.163245091,1.279950375,-0.002994262,0.127995038,-0.000299426,0.215043697,0.399485903,1.138427211,absolute
41.200000000,61,0.007298296,-0.163811394,0.163973894,0.008849932,0.054950670,0.055658759,0.017699865,0.109901340,0.111317518,-0.022166884,0.062359678,0.294600595,0.163777602,-0.020549014,-0.001716573,1.521090712,-0.005272680,0.152109071,-0.000527268,1.637776016,-0.017165725,1.521099850,0.117289833,1.521090712,-0.005272680,0.152109071,-0.000527268,0.215310276,0.399439028,1.367060392,absolute
41.501000000,62,-0.006935227,0.013083505,0.014807953,0.008755477,0.054937638,0.055630948,0.017510953,0.109875275,0.111261896,-0.021108118,0.062392940,0.294821316,0.188557210,-0.019579226,-0.002782350,1.739816432,-0.015696829,0.173981643,-0.001569683,1.885572105,-0.027823496,1.739887240,0.146259264,1.739816432,-0.015696829,0.173981643,-0.001569683,0.215199906,0.399443565,1.580125658,absolute
41.704000000,63,0.003630286,0.470447588,0.470461594,0.008757582,0.055779346,0.056462648,0.017515163,0.111558691,0.112925296,0.008795402,0.063332387,0.295171110,0.206256903,0.008158118,-0.003527461,1.913175887,-0.023292139,0.191317589,-0.002329214,2.062569031,-0.035274612,1.913317668,0.149872916,1.913175887,-0.023292139,0.191317589,-0.002329214,0.214914343,0.399514377,1.750102175,absolute
42.000000000,64,0.004388565,0.022860007,0.023277445,0.008756110,0.054866612,0.055560908,0.017512220,0.109733223,0.111121817,-0.024042987,0.062300739,0.294327406,0.232805992,-0.022273887,-0.004654669,2.166787982,-0.035485719,0.216678798,-0.003548572,2.328059920,-0.046546687,2.167078539,0.161650806,2.166787982,-0.035485719,0.216678798,-0.003548572,0.215207826,0.399439626,1.999456216,absolute
42.201000000,65,-0.001729710,-0.080916347,0.080934832,0.008791139,0.054227522,0.054935492,0.017582277,0.108455045,0.109870985,-0.043996011,0.061673896,0.292469255,0.250505281,-0.040683789,-0.005415664,2.380277163,-0.044699885,0.238027716,-0.004469988,2.505052805,-0.054156641,2.380696842,0.125133494,2.380277163,-0.044699885,0.238027716,-0.004469988,0.215276192,0.399438124,2.210087730,absolute
42.405000000,66,-0.002970315,0.007879667,0.008420921,0.008752429,0.057282421,0.057947224,0.017504859,0.114564843,0.115894449,0.068276107,0.065201029,0.288422834,0.268077012,0.062832031,-0.003938595,2.562550349,-0.039940552,0.256255035,-0.003994055,2.680770120,-0.039385945,2.562861592,0.118221072,2.562550349,-0.039940552,0.256255035,-0.003994055,0.215246830,0.399407031,2.388066186,absolute
42.700000000,67,-0.001697063,0.127540083,0.127551373,0.008703628,0.061285653,0.061900601,0.017407256,0.122571306,0.123801202,0.214520445,0.069795430,0.230701715,0.289551607,0.184256962,0.007956366,2.795820648,0.055215025,0.279582065,0.005521502,2.895516065,0.079563661,2.796365819,0.102625690,2.795820648,0.055215025,0.279582065,0.005521502,0.215212612,0.399391239,2.603458297,absolute
43.003000000,68,-0.002024056,0.927929724,0.927931932,0.008776495,0.066777289,0.067351565,0.017552991,0.133554579,0.134703129,0.410866883,0.075963835,0.081558690,0.303765159,0.283607506,0.032043781,2.935585930,0.222806117,0.293558593,0.022280612,3.037651594,0.320437812,2.944029096,0.141242159,2.935585930,0.222806117,0.293558593,0.022280612,0.214756298,0.399506368,2.726561363,absolute
43.305000000,69,0.000318548,-0.256429428,0.256429626,0.008840266,0.068371891,0.068941031,0.017680532,0.136743782,0.137882062,0.467222973,0.077734314,0.030363839,0.305584405,0.293831566,0.058486939,2.985178372,0.467353194,0.298517837,0.046735319,3.055844050,0.584869388,3.021540819,0.137126562,2.985178372,0.467353194,0.298517837,0.046735319,0.215548474,0.399329180,2.770465130,absolute
43.505000000,70,0.002523283,-0.551562150,0.551567921,0.008891559,0.068552007,0.069126243,0.017783118,0.137104014,0.138252486,0.472026063,0.077885208,0.025918414,0.305734087,0.294160838,0.076197364,2.986426791,0.685472115,0.298642679,0.068547211,3.057340866,0.761973641,3.064085018,0.104313419,2.986426791,0.685472115,0.298642679,0.068547211,0.215742154,0.399323174,2.785421795,absolute
43.803000000,71,0.006327253,0.584810535,0.584844762,0.008859392,0.070279630,0.070835833,0.017718785,0.140559260,0.141671666,0.532567577,0.079787175,-0.030143987,0.303566827,0.293593367,0.100903252,2.973384874,0.917928881,0.297338487,0.091792888,3.035668268,1.009032524,3.111850099,0.110358937,2.973384874,0.917928881,0.297338487,0.091792888,0.215018678,0.399441125,2.806673053,absolute
44.100000000,72,0.001518185,-0.074394044,0.074409534,0.008845381,0.070275420,0.070829905,0.017690762,0.140550841,0.141659810,0.528555321,0.079661127,-0.026469154,0.301087011,0.294263168,0.129141105,2.940510235,1.209359222,0.294051023,0.120935922,3.010870111,1.291411052,3.179488979,0.108087996,2.940510235,1.209359222,0.294051023,0.120935922,0.215443258,0.399336283,2.842908228,absolute
44.400000000,73,-0.000399492,-0.367900994,0.367901211,0.008843978,0.069271187,0.069833468,0.017687957,0.138542373,0.139666936,0.492310408,0.078522459,0.007134957,0.298744749,0.295293376,0.155610681,2.915561438,1.457597417,0.291556144,0.145759742,2.987447491,1.556106815,3.259614813,0.121949604,2.915561438,1.457597417,0.291556144,0.145759742,0.215618135,0.399333432,2.899933879,absolute
44.600000000,74,-0.001786255,0.150338375,0.150348986,0.008860824,0.070495234,0.071049927,0.017721648,0.140990467,0.142099854,0.537453400,0.079940668,-0.034643652,0.297168500,0.293070306,0.173255072,2.904433196,1.585973882,0.290443320,0.158597388,2.971685001,1.732550721,3.309236369,0.161268642,2.904433196,1.585973882,0.290443320,0.158597388,0.215293120,0.399369277,2.939303461,absolute
44.803000000,75,-0.012294589,0.507169834,0.507318833,0.008863757,0.070339891,0.070896166,0.017727514,0.140679781,0.141792333,0.530886812,0.079734373,-0.028614709,0.295589512,0.293968181,0.190901221,2.886032390,1.756710626,0.288603239,0.175671063,2.955895123,1.909012212,3.378641026,0.167560659,2.886032390,1.756710626,0.288603239,0.175671063,0.215053757,0.399436816,2.996050576,absolute
45.100000000,76,0.003741105,0.061881887,0.061994869,0.008844327,0.069969273,0.070526033,0.017688654,0.139938547,0.141052066,0.520118610,0.079396080,-0.018661372,0.293261312,0.294860695,0.217372847,2.858266927,2.011562431,0.285826693,0.201156243,2.932613124,2.173728469,3.495149959,0.178396135,2.858266927,2.011562431,0.285826693,0.201156243,0.215338929,0.399356902,3.095848037,absolute
45.400000000,77,-0.002293259,-0.293592706,0.293601662,0.008852167,0.069523742,0.070085031,0.017704335,0.139047485,0.140170063,0.503551034,0.078875594,-0.003293702,0.291099012,0.295230790,0.242079435,2.828124205,2.307124592,0.282812421,0.230712459,2.910990116,2.420794351,3.649809640,0.140668309,2.828124205,2.307124592,0.282812421,0.230712459,0.215561373,0.399342332,3.234983417,absolute
45.601000000,78,0.004223726,0.306687579,0.306716663,0.008828404,0.071634838,0.072176802,0.017656808,0.143269676,0.144353604,0.579432847,0.081259491,-0.072934144,0.288501844,0.286175608,0.261354607,2.808616344,2.483314704,0.280861634,0.248331470,2.885018438,2.613546075,3.749023565,0.150988377,2.808616344,2.483314704,0.280861634,0.248331470,0.215195503,0.399404082,3.326937802,absolute
45.812000000,79,0.004928991,0.190548289,0.190612029,0.008816786,0.075278991,0.075793550,0.017633571,0.150557982,0.151587100,0.710617392,0.085380775,-0.181401127,0.279649242,0.232926643,0.278577494,2.775310680,2.596368392,0.277531068,0.259636839,2.796492421,2.785774944,3.800457630,0.190587271,2.775310680,2.596368392,0.277531068,0.259636839,0.215317166,0.399388319,3.373468279,absolute
46.101000000,80,0.002789143,0.745461332,0.745466549,0.008818434,0.080330480,0.080813061,0.017636868,0.160660960,0.161626122,0.892167496,0.091084340,-0.278606889,0.260150441,0.098166817,0.293493249,2.608540851,2.790585301,0.260854085,0.279058530,2.601504407,2.934932490,3.819928232,0.144518588,2.608540851,2.790585301,0.260854085,0.279058530,0.215013101,0.399503979,3.383229963,absolute
46.400000000,81,-0.005243819,0.141872472,0.141969349,0.008782238,0.082538798,0.083004704,0.017564476,0.165077596,0.166009408,0.969928294,0.093527268,-0.293842997,0.234146972,0.027843128,0.298092473,2.302089730,2.881730079,0.230208973,0.288173008,2.341469725,2.980924725,3.688358086,0.106725638,2.302089730,2.881730079,0.230208973,0.288173008,0.215423203,0.399403911,3.242856827,absolute
46.601000000,82,-0.010071289,0.033714764,0.035186875,0.008720685,0.082930309,0.083387568,0.017441370,0.165860618,0.166775136,0.984005637,0.093969520,-0.294855719,0.216472966,0.014828325,0.299302714,2.144712245,2.887279945,0.214471224,0.288727995,2.164729660,2.993027140,3.596689602,0.107625119,2.144712245,2.887279945,0.214471224,0.288727995,0.215492170,0.399387897,3.148252999,absolute
46.902000000,83,-0.001310424,0.413298223,0.413300300,0.008814073,0.083414841,0.083879220,0.017628146,0.166829682,0.167758440,-0.997817574,0.094540561,-0.295378276,0.189960644,-0.002025232,0.301112658,1.931382903,2.895637533,0.193138290,0.289563753,1.899606444,3.011126582,3.480654628,0.119780899,1.931382903,2.895637533,0.193138290,0.289563753,0.214735333,0.399688647,3.029296902,absolute
47.208000000,84,-0.002784290,-0.218318475,0.218336228,0.008770723,0.082279890,0.082746032,0.017541445,0.164559779,0.165492064,0.960199853,0.093221640,-0.292931081,0.161682069,0.036818962,0.303047528,1.675683214,2.905855670,0.167568321,0.290585567,1.616820695,3.030475278,3.354386890,0.137821779,1.675683214,2.905855670,0.167568321,0.290585567,0.215634335,0.399381034,2.900716779,absolute
47.502000000,85,-0.003206686,-0.048345138,0.048451369,0.008754023,0.082720329,0.083182244,0.017508046,0.165440657,0.166364488,0.977312302,0.093759243,-0.294455302,0.136937841,0.021023063,0.304732318,1.422764869,2.920809578,0.142276487,0.292080958,1.369378409,3.047323176,3.248905733,0.137316439,1.422764869,2.920809578,0.142276487,0.292080958,0.215520673,0.399389084,2.795532124,absolute
47.705000000,86,-0.000820960,-0.479156082,0.479156785,0.008770313,0.081848489,0.082317031,0.017540625,0.163696978,0.164634061,0.946790212,0.092800363,-0.291150021,0.119261751,0.049128111,0.305921210,1.211802873,2.924550900,0.121180287,0.292455090,1.192617512,3.059212103,3.165669624,0.136021019,1.211802873,2.924550900,0.121180287,0.292455090,0.215788463,0.399379030,2.714505052,absolute
48.000000000,87,0.007220651,0.044086053,0.044673458,0.008742132,0.082865542,0.083325404,0.017484265,0.165731084,0.166650808,0.983100631,0.093941089,-0.294950693,0.094515719,0.015673937,0.307595091,0.996262897,2.930260311,0.099626290,0.293026031,0.945157193,3.075950905,3.094990348,0.154394113,0.996262897,2.930260311,0.099626290,0.293026031,0.215450659,0.399402628,2.648567229,absolute
48.201000000,88,0.007185311,-0.650196212,0.650235913,0.008731395,0.082163433,0.082626067,0.017462789,0.164326866,0.165252134,0.957104571,0.093124398,-0.292361684,0.075075116,0.039638892,0.308914975,0.772491147,2.933613563,0.077249115,0.293361356,0.750751161,3.089149746,3.033616836,0.157048181,0.772491147,2.933613563,0.077249115,0.293361356,0.215891669,0.399380134,2.594637171,absolute
48.401000000,89,-0.007018152,-0.132781007,0.132966351,0.008700967,0.082827216,0.083282979,0.017401933,0.165654432,0.166565958,0.979538204,0.093829172,-0.294480305,0.057390130,0.018956086,0.309747095,0.651587788,2.938762735,0.065158779,0.293876273,0.573901300,3.097470945,3.010131734,0.176701688,0.651587788,2.938762735,0.065158779,0.293876273,0.215552232,0.399397281,2.576529432,absolute
48.700000000,90,0.007721230,0.366077179,0.366158598,0.008760998,0.087902160,0.088337675,0.017521997,0.175804320,0.176675350,-0.835550005,0.099638347,-0.256770525,0.032464213,-0.145871882,0.301470324,0.401021192,2.902709194,0.040102119,0.290270919,0.324642135,3.014703244,2.930279621,0.135559683,0.401021192,2.902709194,0.040102119,0.290270919,0.214764589,0.399702007,2.509927588,absolute
49.004000000,91,-0.003558958,-0.146236952,0.146280253,0.008766091,0.092793141,0.093206284,0.017532182,0.185586282,0.186412568,-0.663234448,0.105051800,-0.144896778,0.015171969,-0.257337246,0.281702432,0.171709647,2.696349372,0.017170965,0.269634937,0.151719685,2.817024324,2.701811270,0.122319428,0.171709647,2.696349372,0.017170965,0.269634937,0.215130149,0.399625246,2.297134531,absolute
49.300000000,92,-0.000354627,0.039879655,0.039881232,0.008781098,0.097197328,0.097593177,0.017562196,0.194394656,0.195186355,-0.504722003,0.110031615,-0.004381605,0.010256944,-0.295342014,0.255901992,0.112490087,2.469268432,0.011249009,0.246926843,0.102569442,2.559019920,2.471829405,0.090298111,0.112490087,2.469268432,0.011249009,0.246926843,0.215034459,0.399610930,2.072196304,absolute
49.500000000,93,-0.004285452,-0.467727658,0.467747289,0.008784416,0.096866952,0.097264445,0.017568832,0.193733903,0.194528890,-0.517437800,0.109632137,-0.016169549,0.011119193,-0.294863878,0.238209832,0.119360288,2.338891125,0.011936029,0.233889113,0.111191930,2.382098320,2.341934793,0.043972534,0.119360288,2.338891125,0.011936029,0.233889113,0.215367096,0.399594190,1.941671937,absolute
49.701000000,94,-0.009612791,-0.595206011,0.595283631,0.008758544,0.096367409,0.096764610,0.017517088,0.192734818,0.193529219,-0.536181646,0.109043281,-0.033510264,0.011551201,-0.293537489,0.220499323,0.134462882,2.169684748,0.013446288,0.216968475,0.115512007,2.204993225,2.173847320,0.040072736,0.134462882,2.169684748,0.013446288,0.216968475,0.215449409,0.399593795,1.771942662,absolute
49.901000000,95,-0.000575357,0.836417146,0.836417344,0.008702043,0.097862313,0.098248449,0.017404085,0.195724626,0.196496899,-0.482516833,0.110729211,0.016205941,0.011979637,-0.294759120,0.202789162,0.145930078,2.006799579,0.014593008,0.200679958,0.119796366,2.027891616,2.012098441,0.033583403,0.145930078,2.006799579,0.014593008,0.200679958,0.214524667,0.399746610,1.608516230,absolute
50.102000000,96,0.000768034,-0.128595929,0.128598223,0.008659975,0.097133874,0.097519150,0.017319951,0.194267748,0.195038300,-0.509646655,0.109876903,-0.008949713,0.012403923,-0.295222561,0.185078025,0.157800270,1.839237738,0.015780027,0.183923774,0.124039225,1.850780250,1.845994686,0.035679654,0.157800270,1.839237738,0.015780027,0.183923774,0.215152981,0.399595870,1.440783829,absolute
50.401000000,97,0.001517507,0.768917824,0.768919322,0.008615243,0.097489043,0.097868974,0.017230486,0.194978087,0.195737947,-0.495722636,0.110314339,0.003967281,0.012419354,-0.295216560,0.158531550,0.176375370,1.583627195,0.017637537,0.158362720,0.124193540,1.585315499,1.593418766,0.052209135,0.176375370,1.583627195,0.017637537,0.158362720,0.214572237,0.399733415,1.184509807,absolute
50.700000000,98,0.001352093,0.007494797,0.007615782,0.008580373,0.096248029,0.096629736,0.017160746,0.192496059,0.193259473,-0.540433200,0.108909715,-0.037396786,0.006507357,-0.292820611,0.134512230,0.148738882,1.328975194,0.014873888,0.132897519,0.065073565,1.345122301,1.337272717,0.085209239,0.148738882,1.328975194,0.014873888,0.132897519,0.215063441,0.399602538,0.931736272,absolute
51.001000000,99,-0.000483434,-1.000000000,1.000000000,0.008591579,0.099401603,0.099772210,0.017183157,0.198803205,0.199544420,-0.425316873,0.112526201,0.068618981,0.010904707,-0.287077301,0.106760988,0.147432630,1.069164275,0.014743263,0.106916427,0.109047075,1.067609877,1.079281532,0.038417014,0.147432630,1.069164275,0.014743263,0.106916427,0.215743251,0.399551961,0.673087655,absolute
51.201000000,100,-0.006538613,-0.733099931,0.733129090,0.008617419,0.095951332,0.096337521,0.017234838,0.191902664,0.192675043,-0.547549313,0.108686156,-0.043951692,0.011633979,-0.292034522,0.089152597,0.199275132,0.926282089,0.019927513,0.092628209,0.116339791,0.891525966,0.947475112,0.089923629,0.199275132,0.926282089,0.019927513,0.092628209,0.215553224,0.399582181,0.526951392,absolute
51.407000000,101,0.008587577,-0.126786051,0.127076548,0.008709234,0.093786334,0.094189847,0.017418468,0.187572668,0.188379693,-0.626881483,0.106193862,-0.114681197,0.006212228,-0.272301228,0.072382634,0.200395136,0.728249021,0.020039514,0.072824902,0.062122285,0.723826337,0.755317713,0.138343563,0.200395136,0.728249021,0.020039514,0.072824902,0.215146075,0.399605546,0.328974351,absolute
51.609000000,102,-0.000431969,0.014572994,0.014579395,0.008671388,0.094839086,0.095234685,0.017342777,0.189678172,0.190469370,-0.610608331,0.106705098,-0.100506385,-0.002555517,-0.277502059,0.057029927,0.132677465,0.513659139,0.013267747,0.051365914,-0.025555170,0.570299271,0.530517691,0.168064486,0.132677465,0.513659139,0.013267747,0.051365914,0.215054518,0.399609729,0.140688474,absolute
51.900000000,103,0.005014307,0.235436158,0.235489549,0.008682976,0.098816817,0.099197567,0.017365952,0.197633633,0.198395134,-0.467482441,0.111201531,0.030105764,-0.005684799,-0.293675274,0.030953420,0.084628324,0.315561754,0.008462832,0.031556175,-0.056847989,0.309534197,0.326712678,0.141604656,0.084628324,0.315561754,0.008462832,0.031556175,0.214933716,0.399622945,0.155067014,absolute
52.104000000,104,-0.010131467,0.126427485,0.126832786,0.008681817,0.101763426,0.102133094,0.017363633,0.203526853,0.204266188,-0.363013285,0.114483526,0.123099189,-0.000090365,-0.268159268,0.014241024,0.111480758,0.149411454,0.011148076,0.014941145,-0.000903654,0.142410238,0.186418191,0.112602278,0.111480758,0.149411454,0.011148076,0.014941145,0.215019713,0.399578035,0.270746437,absolute
52.400000000,105,-0.006350840,0.372442323,0.372496466,0.008712282,0.107195980,0.107549440,0.017424564,0.214391961,0.215098880,-0.168750730,0.120586464,0.254621279,0.018110842,-0.149236899,-0.004691344,0.257955313,-0.051999671,0.025795531,-0.005199967,0.181108416,-0.046913442,0.263144275,0.077015033,0.257955313,-0.051999671,0.025795531,-0.005199967,0.214893922,0.399562355,0.453610567,absolute
52.602000000,106,0.422683611,0.369104682,0.561159248,0.009617072,0.110624789,0.111042028,0.019234143,0.221249578,0.222084056,-0.049671545,0.124327447,0.320804528,0.034764945,-0.050471167,-0.010970568,0.404540546,-0.132226627,0.040454055,-0.013222663,0.347649454,-0.109705677,0.425601849,0.061186514,0.404540546,-0.132226627,0.040454055,-0.013222663,0.214979572,0.399490392,0.564496546,absolute
52.930000000,107,-0.000947888,-0.557151595,0.557152401,0.011677569,0.111600519,0.112209810,0.023355138,0.223201038,0.224419620,-0.020500462,0.125243884,0.392097415,0.071174792,-0.025287654,-0.015184482,0.710604530,-0.163244391,0.071060453,-0.016324439,0.711747923,-0.151844820,0.729114208,0.011456769,0.710604530,-0.163244391,0.071060453,-0.016324439,0.215532976,0.399422082,0.749459407,absolute
53.203000000,108,-0.007330413,-0.219084340,0.219206941,0.011682981,0.112552228,0.113156954,0.023365962,0.225104457,0.226313907,0.005833977,0.126071204,0.392883488,0.104103532,0.007201567,-0.016989197,1.013462293,-0.168127428,0.101346229,-0.016812743,1.041035325,-0.169891971,1.027313317,0.027629436,1.013462293,-0.168127428,0.101346229,-0.016812743,0.215325623,0.399417292,0.979351394,absolute
53.501000000,109,0.004418418,-0.602947628,0.602963817,0.011706387,0.111914237,0.112524824,0.023412775,0.223828474,0.225049647,-0.012711784,0.125488572,0.392580499,0.137109967,-0.015686139,-0.017585324,1.268424820,-0.160467430,0.126842482,-0.016046743,1.371099673,-0.175853242,1.278534834,0.103821234,1.268424820,-0.160467430,0.126842482,-0.016046743,0.215584928,0.399409793,1.192448884,absolute
53.800000000,110,0.006875914,0.439639819,0.439693585,0.011703197,0.112774631,0.113380255,0.023406394,0.225549263,0.226760511,0.010607485,0.126221169,0.392793668,0.174832977,0.013094460,-0.018224558,1.601161190,-0.145452636,0.160116119,-0.014545264,1.748329769,-0.182245578,1.607754218,0.151698093,1.601161190,-0.145452636,0.160116119,-0.014545264,0.214918969,0.399490666,1.489506864,absolute
54.002000000,111,-0.012869354,0.595583637,0.595722661,0.011662275,0.112917764,0.113518413,0.023324550,0.225835528,0.227036826,0.015888269,0.126387069,0.392484457,0.205480805,0.019606939,-0.018741975,1.757471989,-0.143443579,0.175747199,-0.014344358,2.054808048,-0.187419749,1.763316152,0.300570517,1.757471989,-0.143443579,0.175747199,-0.014344358,0.214824573,0.399515628,1.635409964,absolute
54.203000000,112,-0.005402766,-0.475503414,0.475534107,0.011739612,0.110922008,0.111541519,0.023479224,0.221844016,0.223083037,-0.037797541,0.124700480,0.390195985,0.221983273,-0.046552626,-0.019025232,1.982677906,-0.132604713,0.198267791,-0.013260471,2.219832730,-0.190252320,1.987107367,0.244060766,1.982677906,-0.132604713,0.198267791,-0.013260471,0.215520248,0.399412871,1.845505052,absolute
54.502000000,113,0.003621449,-0.495968385,0.495981606,0.011745200,0.117897674,0.118481269,0.023490400,0.235795347,0.236962539,0.150260583,0.130608500,0.350084053,0.255822038,0.178737885,-0.011196001,2.264946238,-0.086956111,0.226494624,-0.008695611,2.558220384,-0.111960012,2.266614838,0.294338105,2.264946238,-0.086956111,0.226494624,-0.008695611,0.215587903,0.399346152,2.106266715,absolute
54.800000000,114,-0.003720565,0.240380515,0.240409307,0.011754537,0.126571897,0.127116538,0.023509074,0.253143794,0.254233076,0.384945261,0.137981337,0.138916447,0.276653018,0.367440599,0.016481110,2.450833307,0.075219252,0.245083331,0.007521925,2.766530178,0.164811101,2.451987324,0.328163395,2.450833307,0.075219252,0.245083331,0.007521925,0.215187967,0.399354857,2.259020579,absolute
55.000000000,115,-0.001766901,-0.577466129,0.577468832,0.011737549,0.128619707,0.129154168,0.023475098,0.257239414,0.258308336,0.439281091,0.139688347,0.074508820,0.279985812,0.385852302,0.037412517,2.499711081,0.256926512,0.249971108,0.025692651,2.799858122,0.374125170,2.512880165,0.322216964,2.499711081,0.256926512,0.249971108,0.025692651,0.215744297,0.399294076,2.288399615,absolute
55.200000000,116,-0.004615476,0.486598377,0.486620266,0.011717990,0.129058437,0.129589318,0.023435980,0.258116873,0.259178636,0.451134067,0.140060719,0.060130951,0.283274801,0.388607681,0.063141532,2.512416147,0.456083874,0.251241615,0.045608387,2.832748010,0.631415321,2.553477510,0.365176148,2.512416147,0.456083874,0.251241615,0.045608387,0.215050579,0.399396772,2.298064834,absolute
55.403000000,117,0.005000993,0.406632523,0.406663274,0.011677392,0.129538325,0.130063597,0.023354784,0.259076650,0.260127193,0.463368441,0.140445074,0.045127371,0.286263787,0.390401594,0.086529998,2.522281186,0.647684909,0.252228119,0.064768491,2.862637867,0.865299983,2.604111773,0.403978948,2.522281186,0.647684909,0.252228119,0.064768491,0.215107546,0.399382055,2.320496609,absolute
55.700000000,118,-0.000823918,0.955166741,0.955167097,0.011748261,0.129472897,0.130004818,0.023496523,0.258945793,0.260009635,0.461086144,0.140373373,0.047940027,0.293452323,0.390187170,0.121045719,2.553021720,0.981705589,0.255302172,0.098170559,2.934523231,1.210457190,2.735263381,0.444826593,2.553021720,0.981705589,0.255302172,0.098170559,0.214746149,0.399483944,2.409671075,absolute
56.000000000,119,0.004081702,0.248977110,0.249010565,0.011757711,0.128092575,0.128631068,0.023515421,0.256185150,0.257262136,0.424970758,0.139238775,0.091772153,0.298347603,0.382103886,0.153534957,2.579915159,1.232145198,0.257991516,0.123214520,2.983476031,1.535349572,2.859045998,0.504771502,2.579915159,1.232145198,0.257991516,0.123214520,0.215190541,0.399359684,2.507080818,absolute
56.200000000,120,0.006681711,0.758704602,0.758734023,0.011758707,0.134332420,0.134846084,0.023517414,0.268664840,0.269692167,0.593098201,0.144520654,-0.113355813,0.296164614,0.376457367,0.179193525,2.591618334,1.423873423,0.259161833,0.142387342,2.961646136,1.791935248,2.957008811,0.521910033,2.591618334,1.423873423,0.259161833,0.142387342,0.214926160,0.399451314,2.588070004,absolute
56.403000000,121,-0.003100697,-0.134461957,0.134497703,0.011778025,0.127003150,0.127548116,0.023556050,0.254006300,0.255096233,0.396090580,0.138331477,0.126032157,0.298514836,0.372266901,0.202438631,2.561492477,1.615944377,0.256149248,0.161594438,2.985148365,2.024386314,3.028616836,0.588480354,2.561492477,1.615944377,0.256149248,0.161594438,0.215423187,0.399318439,2.642767448,absolute
56.702000000,122,0.008423021,1.000000000,1.000000000,0.011864540,0.129754359,0.130295667,0.023729079,0.259508717,0.260591334,0.467727777,0.140582026,0.039794420,0.312011072,0.391157616,0.232355878,2.642788793,1.897858054,0.264278879,0.189785805,3.120110720,2.323558777,3.253643772,0.639575896,2.642788793,1.897858054,0.264278879,0.189785805,0.214714010,0.399497043,2.853179432,absolute
57.000000000,123,0.010177354,-0.451191480,0.451306248,0.011929829,0.136457774,0.136978264,0.023859658,0.272915547,0.273956528,0.650641557,0.146328432,-0.179141425,0.305320303,0.349839931,0.268582087,2.650621831,2.181551187,0.265062183,0.218155119,3.053203025,2.685820870,3.432923197,0.645259274,2.650621831,2.181551187,0.265062183,0.218155119,0.215735469,0.399312032,3.017457208,absolute
57.200000000,124,-0.000997517,0.725173009,0.725173695,0.011921647,0.143729938,0.144223510,0.023843295,0.287459876,0.288447020,0.848343083,0.152539409,-0.349498061,0.288610161,0.180375845,0.284911521,2.544723916,2.340015563,0.254472392,0.234001556,2.886101610,2.849115213,3.457064165,0.612960997,2.544723916,2.340015563,0.254472392,0.234001556,0.215040980,0.399480017,3.032012663,absolute
57.401000000,125,-0.007959278,0.500804496,0.500867741,0.011885907,0.149340710,0.149812958,0.023771814,0.298681420,0.299625916,0.998137370,0.157245335,-0.392916973,0.266308802,0.002299229,0.291875905,2.383383646,2.424611749,0.238338365,0.242461175,2.663088017,2.918759047,3.399891136,0.567816949,2.383383646,2.424611749,0.238338365,0.242461175,0.215233532,0.399462077,2.966834358,absolute
57.700000000,126,-0.003959499,-0.190507717,0.190548860,0.011893196,0.149707427,0.150179100,0.023786393,0.299414855,0.300358199,-0.992438838,0.157541392,-0.392895435,0.230981896,-0.009334630,0.290402963,2.043507435,2.414100890,0.204350744,0.241410089,2.309818960,2.904029631,3.162879344,0.557630702,2.043507435,2.414100890,0.204350744,0.241410089,0.215170641,0.399600155,2.720483164,absolute
58.002000000,127,0.005252671,-0.005802973,0.007827199,0.011927032,0.149869237,0.150343082,0.023854065,0.299738475,0.300686165,-0.989875619,0.157621918,-0.392779831,0.195659935,-0.012497237,0.288577962,1.754766941,2.370151063,0.175476694,0.237015106,1.956599349,2.885779619,2.949037653,0.553722971,1.754766941,2.370151063,0.175476694,0.237015106,0.215041539,0.399607857,2.500758853,absolute
58.305000000,128,-0.005641842,-0.190976680,0.191059998,0.011857247,0.150232132,0.150699330,0.023714494,0.300464265,0.301398659,-0.980267685,0.157923760,-0.392269497,0.160338555,-0.024348334,0.286729243,1.457128690,2.329418073,0.145712869,0.232941807,1.603385550,2.867292435,2.747619439,0.557404609,1.457128690,2.329418073,0.145712869,0.232941807,0.215154298,0.399609563,2.294920757,absolute
58.519000000,129,0.005000024,-1.000000000,1.000000000,0.011842577,0.149941846,0.150408789,0.023685154,0.299883691,0.300817577,-0.990383033,0.157605977,-0.392847759,0.136791908,-0.011872563,0.285481311,1.298755507,2.312229920,0.129875551,0.231222992,1.367919085,2.854813109,2.652013023,0.546973598,1.298755507,2.312229920,0.129875551,0.231222992,0.215675972,0.399591230,2.198010018,absolute
58.800000000,130,0.007881053,-0.592850075,0.592902456,0.011830531,0.149303476,0.149771458,0.023661063,0.298606953,0.299542916,0.991301863,0.157030591,-0.392967756,0.101472731,0.010740912,0.283618480,1.028905162,2.276340629,0.102890516,0.227634063,1.014727306,2.836184800,2.498073756,0.560023667,1.028905162,2.276340629,0.102890516,0.227634063,0.215901674,0.399373438,2.045478063,absolute
59.000000000,131,0.007802587,0.012551880,0.014779379,0.011847745,0.150279308,0.150745612,0.023695490,0.300558617,0.301491224,-0.980369801,0.157920552,-0.392333733,0.080280470,-0.024225976,0.282488193,0.838541159,2.250055376,0.083854116,0.225005538,0.802804699,2.824881932,2.401228950,0.575936337,0.838541159,2.250055376,0.083854116,0.225005538,0.214999712,0.399623982,1.952664917,absolute
59.200000000,132,-0.004771844,0.159383803,0.159455220,0.011889471,0.151261520,0.151728069,0.023778943,0.302523040,0.303456139,-0.954659778,0.158728256,-0.389005703,0.054389093,-0.055787981,0.281001136,0.649379079,2.223613377,0.064937908,0.222361338,0.543890934,2.810011359,2.316495120,0.595810660,0.649379079,2.223613377,0.064937908,0.222361338,0.214902684,0.399657231,1.874989536,absolute
59.500000000,133,0.001032144,-0.043759700,0.043771871,0.011960299,0.159474048,0.159921921,0.023920599,0.318948096,0.319843841,-0.731640036,0.165734628,-0.261553120,0.025256273,-0.293610239,0.266781326,0.378805560,2.133435772,0.037880556,0.213343577,0.252562730,2.667813259,2.166804524,0.549087016,0.378805560,2.133435772,0.037880556,0.213343577,0.215083815,0.399636470,1.741512225,absolute
59.700000000,134,-0.006648133,-0.059727364,0.060096220,0.011926451,0.164447777,0.164879688,0.023852901,0.328895554,0.329759376,-0.596763844,0.169971889,-0.117647366,0.012349084,-0.375011953,0.244616155,0.254195574,1.982521130,0.025419557,0.198252113,0.123490843,2.446161546,1.998750965,0.481711700,0.254195574,1.982521130,0.025419557,0.198252113,0.215113204,0.399624134,1.583379403,absolute
60.000000000,135,0.001614080,-0.485924102,0.485926783,0.011928806,0.166574035,0.167000616,0.023857613,0.333148070,0.334001231,-0.539993965,0.171755367,-0.049265195,0.010721682,-0.390033644,0.209489922,0.224164472,1.695052915,0.022416447,0.169505292,0.107216818,2.094899221,1.709811129,0.416597914,0.224164472,1.695052915,0.022416447,0.169505292,0.215404230,0.399601259,1.295481275,absolute
60.200000000,136,-0.000252560,0.072392095,0.072392536,0.011946235,0.169045154,0.169466742,0.023892470,0.338090309,0.338933485,-0.473206070,0.173853571,0.033048640,0.009100315,-0.391687636,0.186144178,0.233811964,1.461912007,0.023381196,0.146191201,0.091003146,1.861441778,1.480491388,0.424285749,0.233811964,1.461912007,0.023381196,0.146191201,0.215047495,0.399609875,1.062467847,absolute
60.500000000,137,0.005928962,0.868233219,0.868253463,0.011925373,0.170265507,0.170682622,0.023850746,0.340531014,0.341365243,-0.438827043,0.174933620,0.075073532,0.008446058,-0.385819606,0.150987013,0.259916270,1.175802052,0.025991627,0.117580205,0.084460580,1.509870131,1.204187249,0.377340934,0.259916270,1.175802052,0.025991627,0.117580205,0.214536649,0.399742165,0.777385527,absolute
60.700000000,138,-0.004557738,0.388951534,0.388978237,0.012010087,0.167561103,0.167990969,0.024020174,0.335122207,0.335981937,-0.513050962,0.172601806,-0.016117755,0.009024532,-0.392887930,0.129896579,0.276935567,1.024167013,0.027693557,0.102416701,0.090245317,1.298965792,1.060948339,0.332216223,0.276935567,1.024167013,0.027693557,0.102416701,0.214842413,0.399672519,0.627573847,absolute
60.901000000,139,-0.002590086,1.000000000,1.000000000,0.012031793,0.171968075,0.172388465,0.024063587,0.343936149,0.344776929,-0.395369045,0.176298893,0.126857329,0.009995950,-0.371926468,0.104266616,0.284532324,0.832937528,0.028453232,0.083293753,0.099959505,1.042666159,0.880195187,0.279380072,0.284532324,0.832937528,0.028453232,0.083293753,0.214459594,0.399751094,0.438817358,absolute
61.200000000,140,-0.002278572,0.016859637,0.017012914,0.012020161,0.167435233,0.167866142,0.024040322,0.334870467,0.335732284,-0.518352080,0.172435267,-0.022650555,0.011014646,-0.392429910,0.069365584,0.347483381,0.554384425,0.034748338,0.055438442,0.110146458,0.693655840,0.654283417,0.275182380,0.347483381,0.554384425,0.034748338,0.055438442,0.215092375,0.399601023,0.203679356,absolute
61.500000000,141,-0.006013074,-0.543881271,0.543914510,0.011968840,0.169507346,0.169929378,0.023937679,0.339014693,0.339858756,-0.464161041,0.174137729,0.044149968,0.012408918,-0.390467167,0.034129405,0.367706200,0.273133459,0.036770620,0.027313346,0.124089177,0.341294050,0.458049927,0.252972567,0.367706200,0.273133459,0.036770620,0.027313346,0.215469433,0.399570514,0.197894826,absolute
61.700000000,142,-0.003983928,-0.001382348,0.004216938,0.000207454,0.169511290,0.169511417,0.000414907,0.339022580,0.339022834,-0.424846597,0.175372828,0.000031435,0.012409006,-0.000130659,0.034128921,0.399711604,0.124476972,0.039971160,0.012447697,0.124090059,0.341289211,0.418645295,0.350677606,0.399711604,0.124476972,0.039971160,0.012447697,0.215113747,0.399507968,0.331237706,absolute
62.000000000,143,0.007246309,0.001820266,0.007471437,0.000262085,0.169499866,0.169500069,0.000524170,0.338999733,0.339000138,-0.220369811,0.181796656,-0.000037367,0.012408786,0.000030986,0.034129551,0.460924972,0.042198180,0.046092497,0.004219818,0.124087865,0.341295512,0.462852586,0.450464706,0.460924972,0.042198180,0.046092497,0.004219818,0.215159626,0.399483499,0.433651248,absolute
62.200000000,144,-0.001664776,-0.002012511,0.002611835,0.000195082,0.169523771,0.169523883,0.000390164,0.339047542,0.339047767,-0.083955700,0.186082232,0.000279655,0.012409794,-0.000075520,0.034129377,0.524543017,0.013801800,0.052454302,0.001380180,0.124097936,0.341293769,0.524724562,0.517307696,0.524543017,0.013801800,0.052454302,0.001380180,0.215191850,0.399467760,0.494405074,absolute
62.401000000,145,-0.001748880,0.001472142,0.002285998,0.000207110,0.169514490,0.169514616,0.000414219,0.339028980,0.339029233,0.072579994,0.190999945,-0.000122855,0.012408744,-0.000028509,0.034129427,0.635182014,0.027013360,0.063518201,0.002701336,0.124087443,0.341294265,0.635756174,0.599991790,0.635182014,0.027013360,0.063518201,0.002701336,0.215225135,0.399449878,0.561313407,absolute
62.604000000,146,-0.000394755,0.001306013,0.001364369,0.000204971,0.169590633,0.169590757,0.000409942,0.339181267,0.339181514,0.196658119,0.194897975,-0.000159645,0.012408028,-0.000113448,0.034128838,0.696959379,0.069625108,0.069695938,0.006962511,0.124080278,0.341288382,0.700428463,0.634027917,0.696959379,0.069625108,0.069695938,0.006962511,0.215253699,0.399435190,0.583793673,absolute
62.900000000,147,-0.001133141,0.007854877,0.007936189,0.000205223,0.169593723,0.169593848,0.000410447,0.339187447,0.339187695,0.354002744,0.199841102,-0.000059939,0.012408912,-0.000121387,0.034129323,0.741920063,0.128820456,0.074192006,0.012882046,0.124089121,0.341293226,0.753020644,0.653345048,0.741920063,0.128820456,0.074192006,0.012882046,0.215285041,0.399418120,0.592087445,absolute
63.100000000,148,0.001706735,0.000769835,0.001872322,0.000229232,0.169624017,0.169624172,0.000458464,0.339248033,0.339248343,0.421105628,0.201949201,-0.000023864,0.012408907,-0.000094303,0.034129255,0.759396023,0.197409189,0.075939602,0.019740919,0.124089075,0.341292555,0.784635398,0.651396454,0.759396023,0.197409189,0.075939602,0.019740919,0.215305325,0.399408784,0.580377914,absolute
63.400000000,149,-0.000182618,0.006746874,0.006749345,0.000266359,0.169622815,0.169623024,0.000532718,0.339245630,0.339246048,0.628470101,0.208463748,-0.000014928,0.012408990,0.000034955,0.034129452,0.721557748,0.334526686,0.072155775,0.033452669,0.124089904,0.341294525,0.795332438,0.597506174,0.721557748,0.334526686,0.072155775,0.033452669,0.215348220,0.399385824,0.510347719,absolute
63.600000000,150,0.005160311,-0.008064861,0.009574486,0.000304606,0.169609837,0.169610111,0.000609212,0.339219675,0.339220222,0.756062544,0.212472183,-0.000034084,0.012408700,0.000032809,0.034129878,0.697685895,0.362635947,0.069768589,0.036263595,0.124087003,0.341298779,0.786301747,0.573995613,0.697685895,0.362635947,0.069768589,0.036263595,0.215387619,0.399369128,0.483695103,absolute
63.901000000,151,-0.003100320,0.003379738,0.004586351,0.000313702,0.169604997,0.169605288,0.000627405,0.339209995,0.339210575,0.908420221,0.217258641,-0.000026242,0.012408986,0.000007765,0.034129477,0.605612569,0.417981453,0.060561257,0.041798145,0.124089863,0.341294773,0.735849902,0.487590979,0.605612569,0.417981453,0.060561257,0.041798145,0.215413536,0.399353094,0.390643445,absolute
64.202000000,152,-0.007596091,0.011537263,0.013813364,0.000278780,0.169601361,0.169601590,0.000557560,0.339202722,0.339203181,-0.924616968,0.222503932,0.000022145,0.012408793,0.000005345,0.034129438,0.460483334,0.400242518,0.046048333,0.040024252,0.124087929,0.341294384,0.610113903,0.341521231,0.460483334,0.400242518,0.046048333,0.040024252,0.214937376,0.399564532,0.245546894,absolute
64.502000000,153,-0.009674927,-0.002832773,0.010081112,0.000262546,0.169612660,0.169612863,0.000525093,0.339225319,0.339225725,-0.782428343,0.226970919,0.000086471,0.012409321,0.000070431,0.034129789,0.383481321,0.334972621,0.038348132,0.033497262,0.124093210,0.341297895,0.509180302,0.259465221,0.383481321,0.334972621,0.038348132,0.033497262,0.214978710,0.399546430,0.180451951,absolute
64.704000000,154,-0.001962537,-0.006041228,0.006352007,0.000269046,0.169616983,0.169617197,0.000538093,0.339233966,0.339234393,-0.680420695,0.230175584,0.000040037,0.012409319,0.000062904,0.034129976,0.362330379,0.298234817,0.036233038,0.029823482,0.124093190,0.341299758,0.469283826,0.242098218,0.362330379,0.298234817,0.036233038,0.029823482,0.215005034,0.399533112,0.178790664,absolute
65.000000000,155,-0.005204263,0.006111208,0.008026905,0.000293504,0.169644024,0.169644278,0.000587009,0.339288049,0.339288556,-0.521630789,0.235164116,-0.000000814,0.012409179,-0.000011954,0.034129584,0.345021418,0.211856104,0.034502142,0.021185610,0.124091794,0.341295843,0.404873792,0.256055746,0.345021418,0.211856104,0.034502142,0.021185610,0.215032672,0.399516359,0.228283695,absolute
65.201000000,156,-0.004563198,-0.005466097,0.007120463,0.000284957,0.169635686,0.169635925,0.000569915,0.339271372,0.339271851,-0.404937118,0.238830156,0.000009042,0.012409214,-0.000029372,0.034129406,0.361833872,0.124885386,0.036183387,0.012488539,0.124092140,0.341294064,0.382779454,0.321486931,0.361833872,0.124885386,0.036183387,0.012488539,0.215066806,0.399501438,0.311375253,absolute
65.401000000,157,-0.001103387,0.001811173,0.002120804,0.000232801,0.169634293,0.169634453,0.000465602,0.339268586,0.339268905,-0.261250973,0.243344189,-0.000060437,0.012408984,0.000064868,0.034129799,0.427803917,0.042996035,0.042780392,0.004299603,0.124089840,0.341297992,0.429959126,0.425706822,0.427803917,0.042996035,0.042780392,0.004299603,0.215095159,0.399484656,0.415125466,absolute
65.704000000,158,-0.000338120,0.007864134,0.007871400,0.000262219,0.169664942,0.169665145,0.000524438,0.339329884,0.339330289,-0.134508775,0.247325913,-0.000052216,0.012408885,0.000023479,0.034129768,0.499361524,0.008501564,0.049936152,0.000850156,0.124088853,0.341297682,0.499433887,0.501580335,0.499361524,0.008501564,0.049936152,0.000850156,0.215120106,0.399470879,0.483373757,absolute
66.004000000,159,0.003596557,0.001052843,0.003747493,0.000255439,0.169706865,0.169707057,0.000510879,0.339413730,0.339414114,-0.315540790,0.241638625,0.000032563,0.012409556,-0.000049757,0.034129275,0.634617862,-0.048693858,0.063461786,-0.004869386,0.124095562,0.341292747,0.636483246,0.642434877,0.634617862,-0.048693858,0.063461786,-0.004869386,0.215084063,0.399490537,0.613903788,absolute
66.301000000,160,0.008292099,-0.006196309,0.010351481,0.000245880,0.169646963,0.169647141,0.000491760,0.339293927,0.339294283,-0.469033416,0.236816511,-0.000015455,0.012409375,0.000158367,0.034129818,0.689170277,-0.110972752,0.068917028,-0.011097275,0.124093748,0.341298181,0.698047722,0.723782067,0.689170277,-0.110972752,0.068917028,-0.011097275,0.215054588,0.399507674,0.696689279,absolute
66.505000000,161,-0.012473716,0.002505828,0.012722923,0.000195951,0.169661212,0.169661325,0.000391901,0.339322425,0.339322651,-0.590964096,0.232985946,0.000001863,0.012409339,0.000006342,0.034129390,0.720240449,-0.208131419,0.072024045,-0.020813142,0.124093386,0.341293898,0.749709939,0.810715424,0.720240449,-0.208131419,0.072024045,-0.020813142,0.215018336,0.399525204,0.790250565,absolute
66.803000000,162,-0.002221867,0.007008863,0.007352609,0.000250823,0.169759428,0.169759614,0.000501645,0.339518857,0.339519227,-0.748241888,0.228044919,-0.000090456,0.012408976,-0.000091461,0.034129080,0.711826529,-0.274392102,0.071182653,-0.027439210,0.124089758,0.341290801,0.762881402,0.851175628,0.711826529,-0.274392102,0.071182653,-0.027439210,0.214981265,0.399542470,0.837283121,absolute
67.100000000,163,-0.003250648,-0.001445422,0.003557521,0.000279886,0.169678420,0.169678651,0.000559772,0.339356840,0.339357302,-0.886545036,0.223699997,0.000053749,0.012409954,0.000020012,0.034129534,0.659164407,-0.380304007,0.065916441,-0.038030401,0.124099541,0.341295341,0.761005159,0.898331804,0.659164407,-0.380304007,0.065916441,-0.038030401,0.214955170,0.399557485,0.897499745,absolute
67.303000000,164,-0.002946569,-0.001217784,0.003188301,0.000260031,0.169653828,0.169654028,0.000520061,0.339307657,0.339308056,0.999116077,0.220107935,-0.000041638,0.012409480,0.000000116,0.034129442,0.565635582,-0.431290241,0.056563558,-0.043129024,0.124094795,0.341294421,0.711305056,0.889856913,0.565635582,-0.431290241,0.056563558,-0.043129024,0.215437228,0.399341963,0.901437044,absolute
67.600000000,165,0.004134827,-0.000478835,0.004162461,0.000240576,0.169621592,0.169621763,0.000481152,0.339243184,0.339243526,0.828361499,0.214743522,0.000000234,0.012409515,-0.000000140,0.034129428,0.492101531,-0.439443625,0.049210153,-0.043944362,0.124095149,0.341294276,0.659753451,0.863122451,0.492101531,-0.439443625,0.049210153,-0.043944362,0.215398953,0.399361182,0.883265430,absolute
67.803000000,166,-0.000690451,0.001307686,0.001478772,0.000289179,0.169563724,0.169563970,0.000578358,0.339127448,0.339127941,0.694399042,0.210534967,-0.000056424,0.012409106,0.000080606,0.034129973,0.394762965,-0.405681005,0.039476297,-0.040568101,0.124091064,0.341299732,0.566052009,0.794508339,0.394762965,-0.405681005,0.039476297,-0.040568101,0.215366602,0.399377240,0.824804118,absolute
68.004000000,167,0.001843572,-0.006768750,0.007015322,0.000310429,0.169534232,0.169534516,0.000620857,0.339068464,0.339069033,0.551227846,0.206037111,0.000011327,0.012409461,-0.000069771,0.034129363,0.367116199,-0.362161201,0.036711620,-0.036216120,0.124094611,0.341293626,0.515688898,0.744250083,0.367116199,-0.362161201,0.036711620,-0.036216120,0.215339702,0.399393264,0.776531589,absolute
68.301000000,168,-0.000150288,-0.256226602,0.256226646,0.008903180,0.169719165,0.169952527,0.017806360,0.339438329,0.339905054,0.472265453,0.203556434,0.024941332,0.013301744,0.285527355,0.040947046,0.340963206,-0.298180144,0.034096321,-0.029818014,0.133017436,0.409470456,0.452953978,0.737570888,0.340963206,-0.298180144,0.034096321,-0.029818014,0.215463721,0.399342037,0.708722311,absolute
68.503000000,169,0.001462662,0.049178097,0.049199844,0.008874970,0.170200947,0.170432179,0.017749939,0.340401895,0.340864358,0.491269453,0.204153463,0.007864971,0.015544623,0.286679635,0.057989987,0.334269714,-0.167335105,0.033426971,-0.016733511,0.155446229,0.579899869,0.373814498,0.768334527,0.334269714,-0.167335105,0.033426971,-0.016733511,0.215269531,0.399356636,0.579051443,absolute
68.800000000,170,-0.009520564,0.250189283,0.250370363,0.008831023,0.169470297,0.169700231,0.017662046,0.338940594,0.339400463,0.463664600,0.203286231,0.032619691,0.018706069,0.284516797,0.081845993,0.332578262,0.071815519,0.033257826,0.007181552,0.187060692,0.818459932,0.340243691,0.760692607,0.332578262,0.071815519,0.033257826,0.007181552,0.215124911,0.399397482,0.348001770,absolute
69.000000000,171,0.006410364,-0.036029089,0.036594918,0.008843255,0.169199086,0.169430026,0.017686510,0.338398171,0.338860052,0.454129508,0.202986677,0.041142964,0.021194535,0.283525009,0.100590168,0.329921811,0.239009097,0.032992181,0.023900910,0.211945347,1.005901677,0.407398760,0.775914090,0.329921811,0.239009097,0.032992181,0.023900910,0.215309260,0.399351326,0.197093042,absolute
69.200000000,172,0.004108108,-0.802013492,0.802024013,0.008789763,0.168181880,0.168411415,0.017579526,0.336363760,0.336822830,0.416378633,0.201800698,0.074400573,0.023235364,0.276665073,0.115924807,0.327559904,0.399946311,0.032755990,0.039994631,0.232353638,1.159248065,0.516964740,0.765247272,0.327559904,0.399946311,0.032755990,0.039994631,0.215796484,0.399337842,0.111765076,absolute
69.400000000,173,-0.003299683,-0.012188160,0.012626922,0.008805740,0.169377466,0.169606211,0.017611480,0.338754931,0.339212423,0.460222579,0.203178096,0.035680770,0.025554498,0.284039530,0.134686249,0.315581920,0.601126792,0.031558192,0.060112679,0.255544977,1.346862488,0.678929575,0.748148490,0.315581920,0.601126792,0.031558192,0.060112679,0.215291978,0.399354604,0.225322187,absolute
69.601000000,174,0.000470136,0.351752227,0.351752541,0.008776373,0.173629683,0.173851349,0.017552746,0.347259366,0.347702698,0.617511396,0.208119470,-0.103376611,0.022880410,0.267183790,0.153292355,0.283605221,0.767370618,0.028360522,0.076737062,0.228804098,1.532923554,0.818101208,0.767511864,0.283605221,0.767370618,0.028360522,0.076737062,0.215110984,0.399415586,0.374275788,absolute
69.900000000,175,0.000076290,0.094090138,0.094090169,0.008761162,0.172891372,0.173113213,0.017522324,0.345782744,0.346226425,0.587021221,0.207161593,-0.077331556,0.018234899,0.275784156,0.176843289,0.225844804,0.939632702,0.022584480,0.093963270,0.182348988,1.768432891,0.966393031,0.829940745,0.225844804,0.939632702,0.022584480,0.093963270,0.215263647,0.399371106,0.540365203,absolute
70.102000000,176,0.012517711,-0.904471051,0.904557668,0.008794579,0.172617486,0.172841376,0.017589159,0.345234973,0.345682752,0.577580823,0.206865014,-0.069126654,0.011531144,0.277984505,0.192646799,0.154661564,1.076864232,0.015466156,0.107686423,0.115311441,1.926467987,1.087913955,0.850514534,0.154661564,1.076864232,0.015466156,0.107686423,0.215912484,0.399333750,0.680293488,absolute
70.402000000,177,0.012673536,-0.116587821,0.117274629,0.008845552,0.172901259,0.173127379,0.017691105,0.345802519,0.346254758,0.586337095,0.207140101,-0.076780784,0.003894906,0.276101234,0.217222044,0.039219302,1.282305814,0.003921930,0.128230581,0.038949060,2.172220439,1.282905434,0.889914666,0.039219302,1.282305814,0.003921930,0.128230581,0.215394300,0.399354755,0.900355597,absolute
70.701000000,178,0.006714639,0.110504211,0.110708026,0.008830130,0.168147363,0.168379057,0.017660259,0.336294726,0.336758114,0.410557867,0.201617834,0.079480853,0.005531900,0.275375382,0.242670030,-0.039547948,1.536510045,-0.003954795,0.153651004,0.055318995,2.426700295,1.537018919,0.895230931,-0.039547948,1.536510045,-0.003954795,0.153651004,0.215177498,0.399388441,1.165302791,absolute
71.000000000,179,-0.005895467,-0.597852418,0.597881485,0.008895386,0.162692839,0.162935839,0.017790772,0.325385678,0.325871679,0.208677884,0.195275587,0.227012783,0.019505717,0.174583768,0.264000725,0.023988370,1.758263906,0.002398837,0.175826391,0.195057170,2.640007251,1.758427538,0.898184758,0.023988370,1.758263906,0.002398837,0.175826391,0.215576074,0.399387093,1.372316305,absolute
71.204000000,180,0.004573038,0.009489176,0.010533619,0.008901796,0.161294890,0.161540346,0.017803592,0.322589780,0.323080693,0.157470269,0.193666852,0.252145378,0.033994234,0.136019858,0.273096277,0.106113267,1.849431221,0.010611327,0.184943122,0.339942341,2.730962772,1.852472906,0.912016398,0.106113267,1.849431221,0.010611327,0.184943122,0.215168228,0.399412038,1.454114375,absolute
71.500000000,181,0.004116708,0.101883407,0.101966543,0.008948097,0.157406728,0.157660859,0.017896194,0.314813456,0.315321718,0.014449515,0.189173723,0.286141896,0.057571807,0.012998195,0.276969412,0.335946777,1.973985436,0.033594678,0.197398544,0.575718068,2.769694120,2.002368283,0.831049085,0.335946777,1.973985436,0.033594678,0.197398544,0.215079615,0.399463928,1.579153840,absolute
71.705000000,182,-0.004717703,-0.029521943,0.029896519,0.008897392,0.157455432,0.157706616,0.017794783,0.314910864,0.315413231,0.017301855,0.189263331,0.286061820,0.076473256,0.015564330,0.277489600,0.454532646,1.992120365,0.045453265,0.199212036,0.764732559,2.774896003,2.043316782,0.841998626,0.454532646,1.992120365,0.045453265,0.199212036,0.215170349,0.399442725,1.610563992,absolute
72.002000000,183,-0.004105082,-0.207694225,0.207734790,0.008907601,0.157058624,0.157311019,0.017815201,0.314117248,0.314622038,0.002523696,0.188799062,0.286440787,0.102247550,0.002271072,0.278194317,0.686480839,2.043444154,0.068648084,0.204344415,1.022475503,2.781943166,2.155671578,0.811340375,0.686480839,2.043444154,0.068648084,0.204344415,0.215291616,0.399439790,1.710195789,absolute
72.300000000,184,-0.003071363,0.376165946,0.376178484,0.008949424,0.157735186,0.157988864,0.017898848,0.315470372,0.315977728,0.025927876,0.189534326,0.285387140,0.128021456,0.023297708,0.278905024,0.936757044,2.098959131,0.093675704,0.209895913,1.280214565,2.789050243,2.298508906,0.770836436,0.936757044,2.098959131,0.093675704,0.209895913,0.214922601,0.399503176,1.846400689,absolute
72.500000000,185,-0.010492249,-0.157512768,0.157861836,0.008951654,0.157615515,0.157869512,0.017903309,0.315231030,0.315739023,0.021638411,0.189399568,0.285875125,0.145205026,0.019463517,0.279391909,1.054796323,2.116137633,0.105479632,0.211613763,1.452050261,2.793919094,2.364452106,0.785619756,1.054796323,2.116137633,0.105479632,0.211613763,0.215274437,0.399431264,1.910988685,absolute
72.710000000,186,0.001432538,-0.138193680,0.138201105,0.008924788,0.157565319,0.157817874,0.017849577,0.315130637,0.315635749,0.021166168,0.189384732,0.285713541,0.162386096,0.019026710,0.279890020,1.202859714,2.146493817,0.120285971,0.214649382,1.623860963,2.798900201,2.460550182,0.776450991,1.202859714,2.146493817,0.120285971,0.214649382,0.215268359,0.399428601,2.006881549,absolute
73.000000000,187,-0.004729392,-0.044326302,0.044577889,0.008966331,0.157318765,0.157574074,0.017932662,0.314637530,0.315148149,0.012436603,0.189110485,0.286403214,0.188160766,0.011195683,0.280623503,1.423260814,2.187734646,0.142326081,0.218773465,1.881607655,2.806235034,2.609952916,0.769821120,1.423260814,2.187734646,0.142326081,0.218773465,0.215211500,0.399430985,2.158104059,absolute
73.201000000,188,0.003621278,0.443027754,0.443042554,0.009029098,0.157614699,0.157873107,0.018058195,0.315229398,0.315746215,0.022386804,0.189423080,0.285714665,0.205342409,0.020127572,0.281112109,1.609680898,2.238409698,0.160968090,0.223840970,2.053424091,2.811121089,2.757090961,0.724504216,1.609680898,2.238409698,0.160968090,0.223840970,0.214901590,0.399506758,2.308023687,absolute
73.403000000,189,-0.004922138,-0.491056873,0.491081541,0.009023776,0.156656452,0.156916132,0.018047551,0.313312904,0.313832264,-0.011085387,0.188371520,0.286270963,0.224243651,-0.009973639,0.281642901,1.727265839,2.257383472,0.172726584,0.225738347,2.242436509,2.816429005,2.842398181,0.760218868,1.727265839,2.257383472,0.172726584,0.225738347,0.215509816,0.399423303,2.395291686,absolute
73.605000000,190,0.001302780,0.058562012,0.058576502,0.009014576,0.156679790,0.156938903,0.018029152,0.313359580,0.313877805,-0.010807256,0.188380258,0.286380503,0.239694825,-0.009726927,0.281500774,1.877588962,2.291546115,0.187758896,0.229154612,2.396948249,2.815007744,2.962519858,0.737391447,1.877588962,2.291546115,0.187758896,0.229154612,0.215155227,0.399442787,2.518678408,absolute
73.900000000,191,-0.004241107,-0.311449517,0.311478392,0.008967886,0.151514753,0.151779917,0.017935773,0.303029505,0.303559834,-0.199793857,0.182443069,0.231737234,0.263343939,-0.168137767,0.271960109,2.115589877,2.296058137,0.211558988,0.229605814,2.633439386,2.719601091,3.122115227,0.668996822,2.115589877,2.296058137,0.211558988,0.229605814,0.215371586,0.399478948,2.684742478,absolute
74.101000000,192,0.004543029,-0.355724363,0.355753372,0.009013331,0.148868147,0.149140756,0.018026662,0.297736293,0.298281513,-0.297246905,0.179381491,0.170395971,0.275117955,-0.230314286,0.259549386,2.254928437,2.236549207,0.225492844,0.223654921,2.751179549,2.595493858,3.175980890,0.612459328,2.254928437,2.236549207,0.225492844,0.223654921,0.215392841,0.399503027,2.744894190,absolute
74.400000000,193,-0.000977990,0.354745295,0.354746643,0.008925896,0.145227370,0.145501411,0.017851792,0.290454740,0.291002822,-0.430764673,0.175186906,0.061812686,0.283719728,-0.279688436,0.235475681,2.409781410,2.064327372,0.240978141,0.206432737,2.837197276,2.354756807,3.173089022,0.516752919,2.409781410,2.064327372,0.240978141,0.206432737,0.214915089,0.399607544,2.754765012,absolute
74.705000000,194,-0.000267758,0.732423878,0.732423927,0.008900826,0.144574778,0.144848511,0.017801651,0.289149556,0.289697022,-0.454155933,0.174452048,0.041049992,0.287190510,-0.283049652,0.209958101,2.515795374,1.810614251,0.251579537,0.181061425,2.871905103,2.099581009,3.099604867,0.458602144,2.515795374,1.810614251,0.251579537,0.181061425,0.214669780,0.399678649,2.699244019,absolute
75.000000000,195,0.004395589,0.583490986,0.583507543,0.008875487,0.144631598,0.144903669,0.017750973,0.289263196,0.289807339,-0.450054743,0.174580891,0.044801729,0.289400749,-0.283182180,0.184266474,2.564175561,1.628839470,0.256417556,0.162883947,2.894007493,1.842664739,3.037781151,0.393078045,2.564175561,1.628839470,0.256417556,0.162883947,0.214771507,0.399648220,2.651529848,absolute
75.200000000,196,-0.007645068,-0.035276844,0.036095745,0.008851975,0.144197086,0.144468533,0.017703950,0.288394173,0.288937067,-0.464823636,0.174116913,0.031576321,0.290877087,-0.284569083,0.167141776,2.604521084,1.481076521,0.260452108,0.148107652,2.908770875,1.671417765,2.996183863,0.358883998,2.604521084,1.481076521,0.260452108,0.148107652,0.215173918,0.399544548,2.622725927,absolute
75.400000000,197,-0.002488275,0.139418964,0.139441167,0.008861046,0.144223108,0.144495063,0.017722091,0.288446217,0.288990125,-0.462871267,0.174178248,0.033340192,0.292355444,-0.284532711,0.150016076,2.646678805,1.336460721,0.264667880,0.133646072,2.923554437,1.500160760,2.964968120,0.321648594,2.646678805,1.336460721,0.264667880,0.133646072,0.215063110,0.399568210,2.605863094,absolute
75.602000000,198,-0.002759010,-0.377022147,0.377032242,0.008891265,0.144218106,0.144491926,0.017782530,0.288436212,0.288983852,-0.460962954,0.174238199,0.035041154,0.293837416,-0.284293291,0.132890644,2.688536603,1.190608663,0.268853660,0.119060866,2.938374158,1.328906445,2.940370394,0.285560993,2.688536603,1.190608663,0.268853660,0.119060866,0.215403674,0.399532270,2.596572422,absolute
75.900000000,199,0.003118244,-0.309461346,0.309477056,0.008878033,0.143996004,0.144269431,0.017756066,0.287992008,0.288538862,-0.469092753,0.173982794,0.027790497,0.296053616,-0.285310835,0.107201158,2.750107932,0.973438651,0.275010793,0.097343865,2.960536159,1.072011577,2.917306368,0.232371815,2.750107932,0.973438651,0.275010793,0.097343865,0.215362689,0.399532755,2.598903889,absolute
76.101000000,200,0.008986003,-0.215091775,0.215279399,0.008920633,0.143843588,0.144119934,0.017841266,0.287687176,0.288239869,-0.473455559,0.173845733,0.023842279,0.297515286,-0.285243619,0.090074766,2.792630300,0.827734762,0.279263030,0.082773476,2.975152857,0.900747660,2.912718460,0.196584249,2.792630300,0.827734762,0.279263030,0.082773476,0.215303377,0.399533701,2.612655779,absolute
76.401000000,201,-0.000694590,0.340276632,0.340277341,0.008911835,0.143508456,0.143784901,0.017823670,0.287016912,0.287569802,-0.484465490,0.173499845,0.013971894,0.299697406,-0.286063757,0.064382706,2.854270934,0.610456011,0.285427093,0.061045601,2.996974063,0.643827058,2.918821527,0.146553095,2.854270934,0.610456011,0.285427093,0.061045601,0.214940971,0.399601552,2.647739084,absolute
76.700000000,202,0.002269139,-0.659357854,0.659361758,0.008862253,0.138853479,0.139136006,0.017724506,0.277706957,0.278272011,-0.657323589,0.168069348,-0.135895441,0.295750188,-0.252192791,0.039187914,2.893778186,0.389817290,0.289377819,0.038981729,2.957501880,0.391879137,2.919916045,0.063757041,2.893778186,0.389817290,0.289377819,0.038981729,0.215570708,0.399549153,2.678225160,absolute
76.904000000,203,0.001375493,-0.701531112,0.701532461,0.008844553,0.136492007,0.136778266,0.017689107,0.272984014,0.273556532,-0.745401942,0.165302285,-0.199572619,0.286299843,-0.205423283,0.024931001,2.866378973,0.242323158,0.286637897,0.024232316,2.862998429,0.249310007,2.876603714,0.007761709,2.866378973,0.242323158,0.286637897,0.024232316,0.215580475,0.399555190,2.655457510,absolute
77.202000000,204,0.001383104,0.145798899,0.145805459,0.008902506,0.131788942,0.132089287,0.017805011,0.263577884,0.264178575,-0.919391797,0.159836233,-0.277437434,0.264625538,-0.071799157,0.011499060,2.716149021,0.035100876,0.271614902,0.003510088,2.646255383,0.114990603,2.716375816,0.106148430,2.716149021,0.035100876,0.271614902,0.003510088,0.214979824,0.399601422,2.527589366,absolute
77.410000000,205,0.003875654,0.436275297,0.436292511,0.008948900,0.130435563,0.130742185,0.017897800,0.260871126,0.261484370,-0.970705267,0.158224172,-0.285302025,0.247652604,-0.026331333,0.009370018,2.604968199,-0.014759308,0.260496820,-0.001475931,2.476526044,0.093700178,2.605010011,0.168109629,2.604968199,-0.014759308,0.260496820,-0.001475931,0.214771765,0.399653805,2.425855977,absolute
77.703000000,206,-0.006548533,0.057753763,0.058123837,0.008829672,0.127422228,0.127727786,0.017659344,0.254844456,0.255455572,0.914306638,0.154611715,-0.276150365,0.222567445,0.076193123,0.015054609,2.389938575,-0.028858140,0.238993857,-0.002885814,2.225674449,0.150546086,2.390112797,0.243245923,2.389938575,-0.028858140,0.238993857,-0.002885814,0.215481504,0.399354695,2.216219705,absolute
78.000000000,207,0.007159483,0.431850545,0.431909888,0.008764968,0.127331153,0.127632469,0.017529935,0.254662306,0.255264938,0.910413346,0.154489403,-0.275049094,0.197726869,0.079521979,0.021965444,2.155299991,-0.012522351,0.215529999,-0.001252235,1.977268692,0.219654441,2.155336368,0.292576838,2.155299991,-0.012522351,0.215529999,-0.001252235,0.215229885,0.399424237,1.983323475,absolute
78.200000000,208,-0.001504084,-0.234983856,0.234988670,0.008770259,0.127092221,0.127394467,0.017540518,0.254184443,0.254788934,0.903928443,0.154285674,-0.273747520,0.182825429,0.085225543,0.026126999,2.003006184,-0.002448710,0.200300618,-0.000244871,1.828254289,0.261269992,2.003007680,0.316363365,2.003006184,-0.002448710,0.200300618,-0.000244871,0.215657615,0.399343037,1.831952924,absolute
78.400000000,209,-0.005964933,-0.179351338,0.179450502,0.008779223,0.126493441,0.126797734,0.017558446,0.252986881,0.253595467,0.881929378,0.153594553,-0.266925030,0.164612586,0.103816012,0.031206447,1.819843077,0.003987642,0.181984308,0.000398764,1.646125861,0.312064474,1.819847446,0.353679241,1.819843077,0.003987642,0.181984308,0.000398764,0.215607124,0.399345899,1.652235197,absolute
78.605000000,210,0.001572031,0.356342247,0.356345714,0.008780249,0.127703147,0.128004635,0.017560498,0.255406294,0.256009269,0.927773070,0.155034775,-0.279184101,0.148041425,0.064459077,0.035772953,1.702575848,0.021255539,0.170257585,0.002125554,1.480414251,0.357729535,1.702708523,0.403200353,1.702575848,0.021255539,0.170257585,0.002125554,0.215267813,0.399419063,1.534631175,absolute
78.900000000,211,-0.001532864,0.537192063,0.537194250,0.008802699,0.131632349,0.131926354,0.017605398,0.263264699,0.263852708,-0.926331435,0.159618217,-0.278879161,0.122557969,-0.065720456,0.034843490,1.475745830,0.010388756,0.147574583,0.001038876,1.225579686,0.348434899,1.475782397,0.420545234,1.475745830,0.010388756,0.147574583,0.001038876,0.214678016,0.399690710,1.319790909,absolute
79.200000000,212,0.005061499,-0.112172292,0.112286428,0.008810023,0.135058109,0.135345149,0.017620046,0.270116218,0.270690297,-0.800155564,0.163582149,-0.231912281,0.100614824,-0.168321028,0.021727803,1.279084592,-0.107593285,0.127908459,-0.010759328,1.006148239,0.217278033,1.283601849,0.424306052,1.279084592,-0.107593285,0.127908459,-0.010759328,0.215128956,0.399592046,1.178659643,absolute
79.402000000,213,0.001318704,0.350969079,0.350971556,0.008775386,0.132018605,0.132309937,0.017550772,0.264037210,0.264619875,-0.912799260,0.160043343,-0.275863816,0.085335015,-0.077521733,0.014036812,1.144296317,-0.249268306,0.114429632,-0.024926831,0.853350152,0.140368125,1.171131398,0.486277924,1.144296317,-0.249268306,0.114429632,-0.024926831,0.214794763,0.399659804,1.133614057,absolute
79.602000000,214,0.000908595,-0.251583879,0.251585519,0.008723813,0.128985661,0.129280338,0.017447626,0.257971323,0.258560676,0.973279286,0.156464395,-0.285383775,0.068357827,0.024013145,0.011951735,1.006891706,-0.318516698,0.100689171,-0.031851670,0.683578267,0.119517354,1.056069976,0.544431272,1.006891706,-0.318516698,0.100689171,-0.031851670,0.215659007,0.399358755,1.068360590,absolute
79.909000000,215,-0.001369988,-0.222460638,0.222464857,0.008709324,0.124115094,0.124420291,0.017418649,0.248230188,0.248840583,0.792877987,0.150796921,-0.227935298,0.044059842,0.173526792,0.019691141,0.771120113,-0.325987922,0.077112011,-0.032598792,0.440598420,0.196911407,0.837194335,0.618601889,0.771120113,-0.325987922,0.077112011,-0.032598792,0.215570581,0.399351935,0.913648286,absolute
80.200000000,216,0.004173615,-0.021022938,0.021433222,0.008687890,0.120785505,0.121097554,0.017375779,0.241571010,0.242195108,0.670849613,0.146963287,-0.146564128,0.026748447,0.246323478,0.038413991,0.604511860,-0.232875000,0.060451186,-0.023287500,0.267484469,0.384139913,0.647815834,0.703061068,0.604511860,-0.232875000,0.060451186,-0.023287500,0.215386715,0.399353816,0.742382418,absolute
80.406000000,217,0.003729430,0.168293284,0.168334602,0.008635782,0.118652521,0.118966371,0.017271564,0.237305041,0.237932742,0.592276484,0.144494839,-0.081905940,0.020857131,0.274577040,0.054527621,0.500307895,-0.116193164,0.050030789,-0.011619316,0.208571307,0.545276212,0.513623248,0.722946728,0.500307895,-0.116193164,0.050030789,-0.011619316,0.215229645,0.399385658,0.589144405,absolute
80.703000000,218,-0.006626480,0.751885182,0.751914382,0.008647980,0.119114217,0.119427737,0.017295961,0.238228434,0.238855474,0.611464185,0.145097639,-0.098270973,0.013221519,0.269068277,0.079154540,0.358316512,0.115582452,0.035831651,0.011558245,0.132215189,0.791545405,0.376497047,0.712774664,0.358316512,0.115582452,0.035831651,0.011558245,0.214849475,0.399495446,0.318102780,absolute
81.000000000,219,-0.002036286,-0.298024606,0.298031563,0.008618975,0.116506905,0.116825278,0.017237949,0.233013810,0.233650556,0.516029201,0.142099460,-0.014419839,0.007535101,0.286108889,0.102524324,0.290998163,0.278224100,0.029099816,0.027822410,0.075351008,1.025243236,0.402602261,0.777522530,0.290998163,0.278224100,0.029099816,0.027822410,0.215496010,0.399355556,0.142735436,absolute
81.202000000,220,-0.006530096,-0.415605783,0.415657081,0.008668350,0.113784266,0.114113976,0.017336700,0.227568532,0.228227952,0.415619375,0.138944992,0.075079806,0.008289600,0.276558732,0.121307802,0.246172282,0.417594119,0.024617228,0.041759412,0.082896001,1.213078025,0.484753175,0.812067601,0.246172282,0.417594119,0.024617228,0.041759412,0.215533873,0.399361259,0.035653181,absolute
81.507000000,221,0.001546595,0.144487535,0.144495812,0.008620050,0.112758023,0.113087033,0.017240100,0.225516046,0.226174066,0.378250694,0.137771021,0.106893970,0.016768957,0.265707750,0.145644363,0.254238545,0.637773347,0.025423855,0.063777335,0.167689569,1.456443631,0.686579988,0.823232506,0.254238545,0.637773347,0.025423855,0.063777335,0.215154806,0.399401067,0.241555134,absolute
81.800000000,222,0.006783161,0.038379148,0.038973970,0.008584018,0.116070292,0.116387276,0.017168035,0.232140583,0.232774552,0.500523644,0.141612339,-0.000471343,0.021201634,0.286517105,0.169096799,0.275477781,0.869878631,0.027547778,0.086987863,0.212016338,1.690967993,0.912456487,0.823538157,0.275477781,0.869878631,0.027547778,0.086987863,0.215267544,0.399372648,0.474342864,absolute
82.000000000,223,0.008717244,-0.139425357,0.139697604,0.008589713,0.116874298,0.117189524,0.017179425,0.233748595,0.234379048,0.533113463,0.142636178,-0.029742354,0.017997072,0.284872317,0.187709779,0.239021770,1.019259410,0.023902177,0.101925941,0.179970718,1.877097785,1.046910288,0.859868423,0.239021770,1.019259410,0.023902177,0.101925941,0.215393380,0.399362791,0.620346773,absolute
82.200000000,224,-0.002785022,0.717348756,0.717354162,0.008554779,0.118162630,0.118471901,0.017109558,0.236325260,0.236943802,0.581223544,0.144147601,-0.072352082,0.014547223,0.277362256,0.204549489,0.179029235,1.162047770,0.017902923,0.116204777,0.145472226,2.045494886,1.175757835,0.884084204,0.179029235,1.162047770,0.017902923,0.116204777,0.214847315,0.399498149,0.763390372,absolute
82.400000000,225,-0.006588843,-0.286988765,0.287064390,0.008569087,0.116549934,0.116864521,0.017138173,0.233099868,0.233729042,0.521999866,0.142287034,-0.019792543,0.011440049,0.285916624,0.219704999,0.121880213,1.297558374,0.012188021,0.129755837,0.114400487,2.197049987,1.303269933,0.899522712,0.121880213,1.297558374,0.012188021,0.129755837,0.215478279,0.399364529,0.903057463,absolute
82.602000000,226,-0.008930944,0.310765235,0.310893540,0.008538686,0.114971438,0.115288077,0.017077371,0.229942875,0.230576153,0.463460543,0.140447967,0.032810039,0.009768913,0.284564881,0.238451051,0.050142734,1.467321780,0.005014273,0.146732178,0.097689129,2.384510508,1.468178293,0.918420287,0.050142734,1.467321780,0.005014273,0.146732178,0.215062612,0.399432487,1.080548984,absolute
82.908000000,227,-0.002304650,-0.626107230,0.626111472,0.009346368,0.108499208,0.108901022,0.018692736,0.216998415,0.217802044,0.240851793,0.133454507,0.229195705,0.019732521,0.216386182,0.264068408,0.058964356,1.707109662,0.005896436,0.170710966,0.197325205,2.640684078,1.708127686,0.943771643,0.058964356,1.707109662,0.005896436,0.170710966,0.215597550,0.399385355,1.317071305,absolute
83.200000000,228,-0.000732796,-0.098059157,0.098061895,0.009297982,0.104266014,0.104679769,0.018595965,0.208532028,0.209359539,0.098315265,0.128976590,0.300275935,0.040474268,0.095811495,0.280017397,0.171407898,1.870724046,0.017140790,0.187072405,0.404742679,2.800173970,1.878560386,0.958291335,0.171407898,1.870724046,0.017140790,0.187072405,0.215216001,0.399430362,1.471945737,absolute
83.401000000,229,-0.006655938,-0.345331124,0.345395262,0.009279287,0.103078278,0.103495104,0.018558574,0.206156557,0.206990209,0.056899807,0.127675485,0.310276979,0.060458370,0.056062285,0.285732882,0.328685300,1.984198909,0.032868530,0.198419891,0.604583703,2.857328818,2.011238259,0.915683224,0.328685300,1.984198909,0.032868530,0.198419891,0.215372622,0.399435012,1.588809734,absolute
83.700000000,230,0.000731591,0.441219467,0.441220074,0.009248863,0.102876228,0.103291141,0.018497725,0.205752456,0.206582282,0.037155939,0.127055213,0.312980333,0.082601272,0.036700668,0.290686269,0.528844052,2.074699319,0.052884405,0.207469932,0.826012719,2.906862687,2.141040237,0.883631760,0.528844052,2.074699319,0.052884405,0.207469932,0.214861104,0.399525908,1.704344814,absolute
83.901000000,231,-0.009916600,-0.686945379,0.687016953,0.009227902,0.101451546,0.101870361,0.018455804,0.202903092,0.203740722,-0.009158890,0.125600190,0.314838616,0.103012620,-0.009061510,0.294531540,0.686846751,2.139621583,0.068684675,0.213962158,1.030126197,2.945315404,2.247162427,0.875775834,0.686846751,2.139621583,0.068684675,0.213962158,0.215593608,0.399442891,1.802859230,absolute
84.200000000,232,0.003485118,-0.812827723,0.812835195,0.009203572,0.099820098,0.100243492,0.018407145,0.199640195,0.200486983,-0.062544082,0.123923044,0.308875473,0.131374052,-0.061483621,0.294451338,0.874200409,2.173668524,0.087420041,0.217366852,1.313740523,2.944513383,2.342874560,0.887354106,0.874200409,2.173668524,0.087420041,0.217366852,0.215675898,0.399451967,1.892484853,absolute
84.410000000,233,0.002152507,-0.432782603,0.432787955,0.009137765,0.100458714,0.100873445,0.018275529,0.200917427,0.201746890,-0.041135028,0.124595630,0.312462040,0.150282486,-0.040605608,0.294346800,1.037935822,2.203552712,0.103793582,0.220355271,1.502824860,2.943467997,2.435765860,0.873840059,1.037935822,2.203552712,0.103793582,0.220355271,0.215436306,0.399451994,1.982746795,absolute
84.711000000,234,-0.002046109,-1.000000000,1.000000000,0.009139763,0.101667774,0.102077772,0.018279526,0.203335548,0.204155544,-0.002833036,0.125798922,0.315116214,0.178644300,-0.002804686,0.294193611,1.258956847,2.248528099,0.125895685,0.224852810,1.786442999,2.941936109,2.576984857,0.871238377,1.258956847,2.248528099,0.125895685,0.224852810,0.215823362,0.399423894,2.123043530,absolute
85.000000000,235,0.006229777,0.272902284,0.272973381,0.009222047,0.101022321,0.101442375,0.018444094,0.202044641,0.202884750,-0.023844029,0.125138842,0.314193383,0.207006361,-0.023579789,0.294014523,1.490391618,2.292161031,0.149039162,0.229216103,2.070063609,2.940145227,2.734093885,0.869426900,1.490391618,2.292161031,0.149039162,0.229216103,0.214995121,0.399499134,2.282280720,absolute
85.200000000,236,0.007584074,-0.035769834,0.036564999,0.009217150,0.100763965,0.101184646,0.018434300,0.201527931,0.202369292,-0.030547860,0.124928235,0.313446951,0.225914249,-0.030173860,0.293877908,1.649818019,2.318825556,0.164981802,0.231882556,2.259142489,2.938779077,2.845848108,0.869263296,1.649818019,2.318825556,0.164981802,0.231882556,0.215201168,0.399448556,2.396274937,absolute
85.404000000,237,0.007619000,0.585352649,0.585402232,0.009236108,0.100995981,0.101417424,0.018472217,0.201991961,0.202834847,-0.023053089,0.125163690,0.314413747,0.244821718,-0.022810814,0.293717531,1.809888237,2.349983064,0.180988824,0.234998306,2.448217177,2.937175307,2.966161802,0.867328407,1.809888237,2.349983064,0.180988824,0.234998306,0.214802664,0.399551000,2.519619659,absolute
85.700000000,238,-0.001206996,-0.281064567,0.281067159,0.009244888,0.097900805,0.098336339,0.018489776,0.195801609,0.196672677,-0.127012483,0.121897710,0.290454965,0.272886350,-0.122467509,0.290913235,2.039258567,2.385968271,0.203925857,0.238596827,2.728863498,2.909132349,3.138697196,0.865595526,2.039258567,2.385968271,0.203925857,0.238596827,0.215357583,0.399468879,2.696811939,absolute
85.901000000,239,-0.002240011,-0.152937899,0.152954303,0.009217988,0.094140270,0.094590495,0.018435975,0.188280541,0.189180991,-0.253769533,0.117915520,0.220038650,0.289205763,-0.225312900,0.281587327,2.190685567,2.375423957,0.219068557,0.237542396,2.892057627,2.815873273,3.231368477,0.828201887,2.190685567,2.375423957,0.219068557,0.237542396,0.215260880,0.399509675,2.794018601,absolute
86.203000000,240,-0.002886709,0.290700425,0.290714758,0.009232877,0.089068338,0.089545602,0.018465755,0.178136676,0.179091204,-0.425754026,0.112512467,0.072848029,0.304520252,-0.306631968,0.258163579,2.389380677,2.249946488,0.238938068,0.224994649,3.045202516,2.581635787,3.281980990,0.734928619,2.389380677,2.249946488,0.238938068,0.224994649,0.214956710,0.399610410,2.855146790,absolute
86.500000000,241,-0.006850200,0.147391792,0.147550892,0.009235586,0.085651183,0.086147671,0.018471172,0.171302366,0.172295342,-0.539854434,0.108927897,-0.039349846,0.306834926,-0.312635831,0.230014968,2.510177763,2.006201018,0.251017776,0.200620102,3.068349259,2.300149680,3.213383719,0.630841688,2.510177763,2.006201018,0.251017776,0.200620102,0.215038859,0.399606342,2.801572601,absolute
86.700000000,242,0.003706883,-0.121661030,0.121717490,0.009305366,0.085980985,0.086483060,0.018610732,0.171961970,0.172966119,-0.527563138,0.109314040,-0.027243316,0.307054091,-0.313829703,0.211107315,2.526331069,1.880338793,0.252633107,0.188033879,3.070540907,2.111073155,3.149289229,0.591102947,2.526331069,1.880338793,0.252633107,0.188033879,0.215220090,0.399571933,2.744795885,absolute
86.905000000,243,-0.002988643,-0.022872772,0.023067200,0.009311559,0.085132078,0.085639803,0.018623118,0.170264156,0.171279606,-0.554219245,0.108476614,-0.053412948,0.307290180,-0.310537707,0.192200338,2.574347865,1.692842918,0.257434786,0.169284292,3.072901796,1.922003377,3.081068658,0.548698951,2.574347865,1.692842918,0.257434786,0.169284292,0.215152852,0.399578201,2.690415346,absolute
87.200000000,244,0.001790689,0.181156398,0.181165248,0.009265743,0.085938937,0.086437000,0.018531486,0.171877875,0.172874000,-0.529950638,0.109239034,-0.029607662,0.307657187,-0.313735639,0.163840534,2.621392318,1.467175208,0.262139232,0.146717521,3.076571871,1.638405338,3.004047399,0.486321070,2.621392318,1.467175208,0.262139232,0.146717521,0.215027033,0.399604634,2.632546451,absolute
87.410000000,245,0.005540219,-1.000000000,1.000000000,0.009290397,0.085955753,0.086456365,0.018580795,0.171911507,0.172912730,-0.529561051,0.109251274,-0.029218470,0.307887143,-0.313716002,0.144932789,2.639084054,1.334723520,0.263908405,0.133472352,3.078871426,1.449327892,2.957406214,0.454474527,2.639084054,1.334723520,0.263908405,0.133472352,0.215803017,0.399546494,2.597469355,absolute
87.701000000,246,-0.007325865,-0.158215620,0.158385134,0.009318910,0.085582965,0.086088826,0.018637820,0.171165930,0.172177653,-0.541027642,0.108891040,-0.040485973,0.308245528,-0.312366018,0.116572952,2.692788201,1.113011228,0.269278820,0.111301123,3.082455275,1.165729523,2.913743690,0.393217049,2.692788201,1.113011228,0.269278820,0.111301123,0.215251576,0.399567358,2.578214476,absolute
88.000000000,247,0.009362482,-0.015798863,0.018364644,0.009317652,0.086019691,0.086522863,0.018635304,0.172039381,0.173045726,-0.526771534,0.109338909,-0.026470957,0.308619508,-0.313993608,0.088213028,2.743065779,0.884987894,0.274306578,0.088498789,3.086195081,0.882130283,2.882293087,0.343141200,2.743065779,0.884987894,0.274306578,0.088498789,0.215165848,0.399564331,2.574085100,absolute
88.200000000,248,-0.000312951,0.353004456,0.353004595,0.009371176,0.086339045,0.086846126,0.018742352,0.172678090,0.173692252,-0.515138155,0.109704382,-0.014985169,0.308857048,-0.314855447,0.069305770,2.794257634,0.703589716,0.279425763,0.070358972,3.088570483,0.693057699,2.881477783,0.294501233,2.794257634,0.703589716,0.279425763,0.070358972,0.214927458,0.399625964,2.597178877,absolute
88.400000000,249,-0.002284809,-0.252431025,0.252441365,0.009332235,0.084918333,0.085429585,0.018664470,0.169836666,0.170859169,-0.563258280,0.108192644,-0.062255261,0.308895458,-0.309127853,0.050402544,2.812369771,0.580564206,0.281236977,0.058056421,3.088954577,0.504025437,2.871668248,0.286979683,2.812369771,0.580564206,0.281236977,0.058056421,0.215318541,0.399563329,2.603350996,absolute
88.603000000,250,-0.011956403,-0.648913860,0.649024001,0.009268580,0.081864172,0.082387191,0.018537159,0.163728345,0.164774383,-0.665877056,0.104968780,-0.156930340,0.303864261,-0.273375193,0.032293257,2.837862145,0.382323119,0.283786214,0.038232312,3.038642608,0.322932566,2.863500047,0.209380114,2.837862145,0.382323119,0.283786214,0.038232312,0.215561454,0.399567625,2.622357391,absolute
88.900000000,251,-0.001602582,0.268348436,0.268353221,0.009309352,0.077165128,0.077724648,0.018618703,0.154330256,0.155449297,-0.824454192,0.099986932,-0.268390575,0.284915981,-0.165103655,0.011696641,2.756676891,0.165717842,0.275667689,0.016571784,2.849159807,0.116966406,2.761653470,0.104545647,2.756676891,0.165717842,0.275667689,0.016571784,0.214927475,0.399638569,2.552490745,absolute
89.203000000,252,-0.002729501,-0.276812544,0.276826000,0.009258993,0.071303339,0.071901982,0.018517986,0.142606677,0.143803964,0.978565832,0.093798624,-0.314367965,0.257872160,0.021200783,0.004495588,2.585996793,0.043271001,0.258599679,0.004327100,2.578721596,0.044955879,2.586358790,0.007467751,2.585996793,0.043271001,0.258599679,0.004327100,0.215730605,0.399349792,2.396863348,absolute
89.500000000,253,-0.003308618,-0.020138034,0.020408023,0.009267605,0.070728614,0.071333199,0.018535210,0.141457228,0.142666399,0.957903613,0.093149501,-0.312658603,0.229613500,0.041591770,0.006715454,2.362912615,-0.004662513,0.236291262,-0.000466251,2.296135002,0.067154541,2.362917215,0.098065992,2.362912615,-0.004662513,0.236291262,-0.000466251,0.215547092,0.399357765,2.185042580,absolute
89.701000000,254,0.001830907,0.039662565,0.039704801,0.009311578,0.068257717,0.068889923,0.018623156,0.136515435,0.137779846,0.874964114,0.090543880,-0.291117204,0.211149059,0.120623147,0.010582724,2.205985165,-0.021284431,0.220598517,-0.002128443,2.111490588,0.105827236,2.206087844,0.158387503,2.205985165,-0.021284431,0.220598517,-0.002128443,0.215474676,0.399360659,2.034471504,absolute
89.901000000,255,0.004535056,0.274812833,0.274850250,0.009302258,0.072626050,0.073219363,0.018604516,0.145252100,0.146438726,-0.977554322,0.095177150,-0.314457165,0.192355764,-0.022210828,0.010315260,2.047912473,-0.030136031,0.204791247,-0.003013603,1.923557640,0.103152599,2.048134194,0.182290931,2.047912473,-0.030136031,0.204791247,-0.003013603,0.214856344,0.399644965,1.882765646,absolute
90.201000000,256,-0.000249220,0.555932811,0.555932867,0.009264196,0.073146414,0.073730748,0.018528391,0.146292829,0.147461497,-0.962365676,0.095654315,-0.313158181,0.165409358,-0.037198721,0.001807705,1.808510188,-0.159260568,0.180851019,-0.015926057,1.654093578,0.018077053,1.815509028,0.235144895,1.808510188,-0.159260568,0.180851019,-0.015926057,0.214670114,0.399699733,1.689012374,absolute
90.401000000,257,-0.004168104,-0.480794783,0.480812850,0.009285797,0.070102174,0.070714502,0.018571595,0.140204348,0.141429005,0.936384272,0.092473451,-0.308832075,0.146581455,0.062556646,0.002526156,1.654445057,-0.214526224,0.165444506,-0.021452622,1.465814547,0.025261561,1.668295522,0.305089579,1.654445057,-0.214526224,0.165444506,-0.021452622,0.215817922,0.399354823,1.564128503,absolute
90.700000000,258,-0.001090832,0.385103779,0.385105324,0.009273737,0.075004461,0.075575601,0.018547474,0.150008922,0.151151201,-0.898600459,0.097657559,-0.299320375,0.120958007,-0.098712163,-0.002772753,1.465781627,-0.257536658,0.146578163,-0.025753666,1.209580070,-0.027727528,1.488234158,0.344167798,1.465781627,-0.257536658,0.146578163,-0.025753666,0.214786336,0.399676540,1.413123635,absolute
90.901000000,259,-0.002425660,-0.464352498,0.464358833,0.009288604,0.072232130,0.072826909,0.018577208,0.144464260,0.145653819,-0.992758998,0.094699481,-0.315136875,0.101216029,-0.007170059,-0.008831930,1.313325534,-0.368817838,0.131332553,-0.036881784,1.012160285,-0.088319304,1.364129963,0.411557936,1.313325534,-0.368817838,0.131332553,-0.036881784,0.215309768,0.399593317,1.340184437,absolute
91.101000000,260,0.001487624,0.302698509,0.302702164,0.009269993,0.069862530,0.070474860,0.018539986,0.139725060,0.140949720,0.929061609,0.092243403,-0.307393928,0.082478885,0.069662802,-0.007109682,1.192865311,-0.402254636,0.119286531,-0.040225464,0.824788852,-0.071096819,1.258863155,0.495121985,1.192865311,-0.402254636,0.119286531,-0.040225464,0.215285624,0.399426432,1.264260488,absolute
91.330000000,261,-0.000790442,0.388032244,0.388033049,0.009247640,0.073453988,0.074033825,0.018495281,0.146907976,0.148067649,-0.950314854,0.096032903,-0.311364834,0.061840680,-0.048999684,-0.007815397,1.033539331,-0.424327047,0.103353933,-0.042432705,0.618406795,-0.078153974,1.117254220,0.540528278,1.033539331,-0.424327047,0.103353933,-0.042432705,0.214753331,0.399681360,1.161636935,absolute
91.600000000,262,0.007239547,-0.018401627,0.019774502,0.009287581,0.071042906,0.071647426,0.018575162,0.142085812,0.143294852,0.969425467,0.093511471,-0.313795669,0.036124886,0.030233968,-0.013293811,0.802255333,-0.536825211,0.080225533,-0.053682521,0.361248861,-0.132938113,0.965295253,0.598006268,0.802255333,-0.536825211,0.080225533,-0.053682521,0.215496306,0.399378587,1.104881762,absolute
91.802000000,263,0.005018409,0.044295417,0.044578789,0.009325200,0.067894654,0.068532061,0.018650400,0.135789309,0.137064123,0.862195863,0.090142753,-0.286086566,0.017748137,0.132219302,-0.009346228,0.645506561,-0.569706291,0.064550656,-0.056970629,0.177481375,-0.093462277,0.860955271,0.667724447,0.645506561,-0.569706291,0.064550656,-0.056970629,0.215412812,0.399381095,1.060241008,absolute
92.105000000,264,-0.005464238,-0.366396973,0.366437716,0.009259603,0.061862924,0.062552071,0.018519206,0.123725847,0.125104142,0.658699855,0.083749738,-0.150631190,-0.003949589,0.276667956,0.008330674,0.449513045,-0.512849450,0.044951305,-0.051284945,-0.039495894,0.083306740,0.681965201,0.771058977,0.449513045,-0.512849450,0.044951305,-0.051284945,0.215594924,0.399355880,0.941719836,absolute
92.400000000,265,0.000189789,-0.134708874,0.134709008,0.009282925,0.057392065,0.058137955,0.018565850,0.114784130,0.116275910,0.508222280,0.079022345,-0.008141280,-0.012715915,0.315104038,0.034905200,0.281436594,-0.349527967,0.028143659,-0.034952797,-0.127159147,0.349051996,0.448749770,0.809298736,0.281436594,-0.349527967,0.028143659,-0.034952797,0.215379079,0.399363020,0.751798714,absolute
92.700000000,266,0.003940534,0.427029333,0.427047514,0.009296598,0.055214496,0.055991672,0.018593195,0.110428993,0.111983344,0.436466778,0.076768080,0.062494936,-0.008879106,0.308938949,0.062952620,0.221809773,-0.125381432,0.022180977,-0.012538143,-0.088791062,0.629526200,0.254794189,0.816307792,0.221809773,-0.125381432,0.022180977,-0.012538143,0.214983091,0.399449032,0.524874861,absolute
92.900000000,267,-0.002358409,-0.251433205,0.251444266,0.011246182,0.054323404,0.055475300,0.022492364,0.108646809,0.110950599,0.409166105,0.075910404,0.107318540,-0.004974833,0.365813047,0.085284416,0.215377357,0.044666962,0.021537736,0.004466696,-0.049748332,0.852844163,0.219960323,0.850553948,0.215377357,0.044666962,0.021537736,0.004466696,0.215408090,0.399356690,0.354689729,absolute
93.200000000,268,-0.000596482,0.217922804,0.217923620,0.011246370,0.055301830,0.056433795,0.022492740,0.110603660,0.112867590,0.438285956,0.076825231,0.073446249,0.000533562,0.374063942,0.116837966,0.202027456,0.300951701,0.020202746,0.030095170,0.005335619,1.168379661,0.362473474,0.889448675,0.202027456,0.300951701,0.020202746,0.030095170,0.215110835,0.399401312,0.099315159,absolute
93.401000000,269,0.006459930,0.107001993,0.107196815,0.012414018,0.053588228,0.055007327,0.024828036,0.107176455,0.110014653,0.395181670,0.075471070,0.135627687,0.005291105,0.396875043,0.144109736,0.196443547,0.476309155,0.019644355,0.047630916,0.052911045,1.441097356,0.515228569,0.975406505,0.196443547,0.476309155,0.019644355,0.047630916,0.215161470,0.399377942,0.079175578,absolute
93.702000000,270,-0.000351662,0.380272451,0.380272613,0.012440879,0.053528557,0.054955271,0.024881759,0.107057113,0.109910543,0.393460337,0.075416993,0.137842122,0.011790976,0.396337762,0.181297264,0.190715915,0.756295353,0.019071591,0.075629535,0.117909761,1.812972645,0.779971295,1.059182532,0.190715915,0.756295353,0.019071591,0.075629535,0.214979127,0.399430470,0.357688758,absolute
94.000000000,271,-0.000300746,0.000025723,0.000301844,0.012422289,0.054617750,0.056012605,0.024844577,0.109235501,0.112025210,0.420936752,0.076280190,0.103112123,0.018307762,0.406558561,0.218480105,0.183482899,1.035451041,0.018348290,0.103545104,0.183077622,2.184801047,1.051582062,1.149350077,0.183482899,1.035451041,0.018348290,0.103545104,0.215236479,0.399361068,0.636882049,absolute
94.200000000,272,0.003537943,0.359435901,0.359453313,0.012410433,0.055017782,0.056400135,0.024820867,0.110035564,0.112800269,0.430896184,0.076593074,0.090383579,0.022673351,0.409768642,0.243266541,0.178054425,1.219982479,0.017805443,0.121998248,0.226733508,2.432665407,1.232907388,1.213659564,0.178054425,1.219982479,0.017805443,0.121998248,0.215005052,0.399426477,0.821387547,absolute
94.401000000,273,-0.008467775,-0.685433234,0.685485537,0.012363478,0.051630800,0.053090443,0.024726956,0.103261600,0.106180886,0.346273892,0.073934587,0.194809945,0.028869555,0.371519772,0.267551202,0.171787636,1.404177550,0.017178764,0.140417755,0.288695552,2.675512022,1.414646806,1.276698398,0.171787636,1.404177550,0.017178764,0.140417755,0.215652337,0.399356763,1.005777772,absolute
94.700000000,274,0.014841195,-0.129620389,0.130467262,0.012412850,0.042183672,0.043972048,0.024825700,0.084367343,0.087944096,0.106715614,0.066408641,0.396082058,0.053729857,0.137998663,0.291488380,0.258305560,1.662727008,0.025830556,0.166272701,0.537298567,2.914883805,1.682671348,1.282861544,0.258305560,1.662727008,0.025830556,0.166272701,0.215217465,0.399422977,1.264038630,absolute
94.903000000,275,0.011039995,0.309347434,0.309544369,0.012448327,0.035579032,0.037693877,0.024896655,0.071158063,0.075387754,-0.061166444,0.061134471,0.411689623,0.080807341,-0.080098628,0.295236530,0.408014793,1.772789675,0.040801479,0.177278967,0.808073409,2.952365304,1.819136966,1.245570376,0.408014793,1.772789675,0.040801479,0.177278967,0.214901568,0.399539875,1.386761599,absolute
95.205000000,276,-0.006733388,0.418347478,0.418401662,0.012450545,0.033176167,0.035435492,0.024901089,0.066352334,0.070870984,-0.121251309,0.059246849,0.389413266,0.115691835,-0.155953182,0.281472695,0.720716828,1.790097135,0.072071683,0.179009714,1.156918347,2.814726950,1.929735863,1.113614845,0.720716828,1.790097135,0.072071683,0.179009714,0.214830330,0.399579833,1.479682235,absolute
95.500000000,277,-0.003192804,0.665332126,0.665339787,0.012431127,0.039859361,0.041752863,0.024862253,0.079718722,0.083505726,0.048753405,0.064587705,0.414677095,0.153134411,0.064014687,0.282816680,0.992924799,1.814611950,0.099292480,0.181461195,1.531344113,2.828166801,2.068505786,1.147688457,0.992924799,1.814611950,0.099292480,0.181461195,0.214711685,0.399555852,1.614930157,absolute
95.700000000,278,0.001412544,1.000000000,1.000000000,0.012457958,0.047191980,0.048808643,0.024915916,0.094383959,0.097617287,0.234526488,0.070423938,0.310583599,0.174820812,0.281765914,0.295057340,1.138451674,1.877277792,0.113845167,0.187727779,1.748208121,2.950573403,2.195505437,1.234409330,1.138451674,1.877277792,0.113845167,0.187727779,0.214551374,0.399559179,1.742769079,absolute
95.903000000,279,0.000182463,-1.000000000,1.000000000,0.012416971,0.040157037,0.042032949,0.024833941,0.080314074,0.084065898,0.056776476,0.064839757,0.412946701,0.195860325,0.074447917,0.308387643,1.265966074,2.024163656,0.126596607,0.202416366,1.958603246,3.083876435,2.387448137,1.265992664,1.265966074,2.024163656,0.126596607,0.202416366,0.215813317,0.399405543,1.934595498,absolute
96.110000000,280,-0.006643126,-0.239515457,0.239607566,0.012384710,0.035246452,0.037358980,0.024769419,0.070492904,0.074717961,-0.065984391,0.060983111,0.410387997,0.218233381,-0.086311698,0.310345495,1.416828079,2.129001875,0.141682808,0.212900187,2.182333812,3.103454952,2.557352300,1.239176270,1.416828079,2.129001875,0.141682808,0.212900187,0.215295903,0.399467017,2.105936939,absolute
96.400000000,281,-0.004212114,0.412214106,0.412235626,0.012328656,0.025923173,0.028705516,0.024657311,0.051846346,0.057411032,-0.303543487,0.053519972,0.242705887,0.250279090,-0.341998322,0.292121371,1.685890377,2.115111722,0.168589038,0.211511172,2.502790902,2.921213708,2.704796472,1.147661483,1.685890377,2.115111722,0.168589038,0.211511172,0.214852758,0.399632614,2.259827481,absolute
96.700000000,282,-0.000348105,-0.368318748,0.368318912,0.012316007,0.022086466,0.025288258,0.024632014,0.044172932,0.050576516,-0.401196994,0.050452096,0.128042567,0.267627243,-0.399175900,0.255927244,1.916562117,1.906978605,0.191656212,0.190697861,2.676272428,2.559272444,2.703660065,1.001322630,1.916562117,1.906978605,0.191656212,0.190697861,0.215364586,0.399575895,2.272957538,absolute
96.900000000,283,-0.000101355,0.357161680,0.357161694,0.012325523,0.022230133,0.025418445,0.024651045,0.044460266,0.050836889,-0.396752167,0.050591735,0.133719633,0.276452372,-0.397693188,0.235066502,1.989484007,1.772026919,0.198948401,0.177202692,2.764523720,2.350665020,2.664230849,0.967216940,1.989484007,1.772026919,0.198948401,0.177202692,0.214895382,0.399645396,2.243344787,absolute
97.200000000,284,-0.003776082,0.708903926,0.708913983,0.012291906,0.019778415,0.023286834,0.024583812,0.039556829,0.046573668,-0.460110671,0.048601269,0.052436468,0.283101999,-0.416241193,0.195723589,2.112472431,1.532347636,0.211247243,0.153234764,2.831019993,1.957235886,2.609718193,0.834769803,2.112472431,1.532347636,0.211247243,0.153234764,0.214666637,0.399723482,2.210091469,absolute
97.400000000,285,0.003963009,-0.642186771,0.642198999,0.012366761,0.019702587,0.023262174,0.024733522,0.039405174,0.046524347,-0.461975654,0.048542678,0.049976011,0.289322693,-0.416367925,0.171338520,2.182878926,1.361645493,0.218287893,0.136164549,2.893226927,1.713385197,2.572749280,0.792663296,2.182878926,1.361645493,0.218287893,0.136164549,0.215555221,0.399577007,2.189963090,absolute
97.700000000,286,0.003988775,-1.000000000,1.000000000,0.012350889,0.016368810,0.020505667,0.024701778,0.032737620,0.041011334,-0.548211063,0.045833513,-0.063296454,0.296776979,-0.414709526,0.134461007,2.311098456,1.115220362,0.231109846,0.111522036,2.967769794,1.344610065,2.566104544,0.695583842,2.311098456,1.115220362,0.231109846,0.111522036,0.215787491,0.399584250,2.214150647,absolute
97.900000000,287,-0.005444809,0.319257880,0.319304306,0.012379616,0.016863080,0.020919330,0.024759233,0.033726159,0.041838660,-0.536438449,0.046203361,-0.047918298,0.296716519,-0.416762594,0.109293173,2.365826051,0.940969933,0.236582605,0.094096993,2.967165193,1.092931731,2.546086667,0.620242817,2.365826051,0.940969933,0.236582605,0.094096993,0.214926824,0.399662339,2.217967852,absolute
98.200000000,288,0.004420042,-0.412952166,0.412975820,0.012445960,0.017742004,0.021672116,0.024891920,0.035484007,0.043344232,-0.514326488,0.046898028,-0.018871051,0.296473062,-0.418999081,0.071547052,2.428520767,0.657932634,0.242852077,0.065793263,2.964730623,0.715470516,2.516066070,0.539288065,2.428520767,0.657932634,0.242852077,0.065793263,0.215413575,0.399586293,2.228135156,absolute
98.400000000,289,0.003691422,0.647170810,0.647181338,0.012497782,0.011024482,0.016665346,0.024995563,0.022048963,0.033330691,-0.684342027,0.041556833,-0.229525693,0.288391125,-0.350998458,0.047990839,2.456071813,0.466620233,0.245607181,0.046662023,2.883911255,0.479908392,2.500004638,0.428045749,2.456071813,0.466620233,0.245607181,0.046662023,0.214699902,0.399737222,2.242369590,absolute
98.700000000,290,-0.019533836,-0.480883561,0.481280136,0.012458650,0.003247977,0.012875066,0.024917300,0.006495953,0.025750131,-0.879920594,0.035412551,-0.389889160,0.263859847,-0.154480559,0.019874484,2.361622167,0.241315488,0.236162217,0.024131549,2.638598466,0.198744844,2.373919212,0.280228710,2.361622167,0.241315488,0.236162217,0.024131549,0.215389317,0.399611635,2.152062526,absolute
98.901000000,291,0.005289328,-0.661013918,0.661035079,0.012506442,-0.003111321,0.012887646,0.025012884,-0.006222642,0.025775291,0.959360180,0.030363407,-0.416055566,0.239962054,0.053409898,0.012864622,2.212880180,0.088714689,0.221288018,0.008871469,2.399620538,0.128646221,2.214657758,0.190962008,2.212880180,0.088714689,0.221288018,0.008871469,0.215964651,0.399360531,2.020933563,absolute
99.103000000,292,-0.001336093,-0.058157907,0.058173252,0.012497258,-0.007688727,0.014673036,0.024994516,-0.015377454,0.029346071,0.843350453,0.026718854,-0.369727767,0.215649631,0.198220687,0.018264066,2.059911574,0.063365018,0.205991157,0.006336502,2.156496311,0.182640658,2.060885931,0.153477327,2.059911574,0.063365018,0.205991157,0.006336502,0.215518458,0.399361450,1.874747868,absolute
99.401000000,293,0.003771726,-0.554794685,0.554807506,0.012517688,-0.019029278,0.022777312,0.025035376,-0.038058555,0.045554623,0.555090341,0.017662896,-0.072228696,0.191211221,0.413159400,0.045869291,1.815112600,0.164636691,0.181511260,0.016463669,1.912112208,0.458692913,1.822563851,0.309641705,1.815112600,0.164636691,0.181511260,0.016463669,0.215714438,0.399324361,1.616524910,absolute
99.605000000,294,0.010182883,0.199949673,0.200208798,0.012507655,-0.024001085,0.027064617,0.025015309,-0.048002170,0.054129235,0.430142996,0.013737559,0.091335657,0.188827029,0.409476219,0.070659503,1.708607613,0.323606822,0.170860761,0.032360682,1.888270290,0.706595028,1.738982849,0.423035039,1.708607613,0.323606822,0.170860761,0.032360682,0.215166068,0.399377367,1.495362439,absolute
99.900000000,295,0.002823493,0.177164592,0.177187090,0.012529321,-0.032813935,0.035124610,0.025058642,-0.065627870,0.070249220,0.206828078,0.006721914,0.334072612,0.207566923,0.253842022,0.102402731,1.727853787,0.587974515,0.172785379,0.058797451,2.075669229,1.024027310,1.825155539,0.557779187,1.727853787,0.587974515,0.172785379,0.058797451,0.215104005,0.399410568,1.524456711,absolute
100.104000000,296,-0.001125767,-0.319508627,0.319510610,0.012560374,-0.039265335,0.041225351,0.025120747,-0.078530671,0.082450702,0.043373506,0.001586837,0.415555197,0.230430597,0.056977411,0.112275037,1.840909273,0.750899380,0.184090927,0.075089938,2.304305972,1.122750366,1.988164186,0.594146157,1.840909273,0.750899380,0.184090927,0.075089938,0.215393893,0.399419478,1.663080988,absolute
100.413000000,297,-0.004164488,-0.337554917,0.337580605,0.012574691,-0.048893577,0.050484698,0.025149381,-0.097787154,0.100969395,-0.198504438,-0.006011982,0.340473451,0.266394004,-0.244932620,0.104174174,2.078300814,0.799475817,0.207830081,0.079947582,2.663940037,1.041741736,2.226768029,0.633771311,2.078300814,0.799475817,0.207830081,0.079947582,0.215382849,0.399506367,1.905371068,absolute
100.700000000,298,-0.005202278,-0.914067859,0.914082663,0.012559356,-0.059110353,0.060429887,0.025118711,-0.118220705,0.120859773,-0.482226897,-0.014925386,0.023410410,0.287030430,-0.418836238,0.073627042,2.313410665,0.668747274,0.231341066,0.066874727,2.870304296,0.736270417,2.408130358,0.560972273,2.313410665,0.668747274,0.231341066,0.066874727,0.215751045,0.399580407,2.114858549,absolute
100.902000000,299,0.003621681,-0.627844923,0.627855368,0.012590191,-0.065667167,0.066863217,0.025180382,-0.131334334,0.133726433,-0.647551976,-0.020119227,-0.187563722,0.286159627,-0.375220686,0.048737560,2.406661637,0.492644405,0.240666164,0.049264441,2.861596268,0.487375599,2.456566455,0.454965141,2.406661637,0.492644405,0.240666164,0.049264441,0.215552407,0.399612999,2.193083332,absolute
101.201000000,300,-0.001533950,-0.661229374,0.661231153,0.012535720,-0.073757035,0.074814734,0.025071439,-0.147514070,0.149629469,-0.851941025,-0.026540298,-0.374839000,0.263466349,-0.188119744,0.019683456,2.349329477,0.262264008,0.234932948,0.026226401,2.634663495,0.196834561,2.363922884,0.292739669,2.349329477,0.262264008,0.234932948,0.026226401,0.215535414,0.399617520,2.138210254,absolute
101.501000000,301,0.002235506,0.096716453,0.096742286,0.012508533,-0.071908449,0.072988276,0.025017066,-0.143816898,0.145976552,-0.802609825,-0.024990513,-0.341345235,0.231119986,-0.243751035,0.001059057,2.149185568,0.070404512,0.214918557,0.007040451,2.311199856,0.010590567,2.150338439,0.172703033,2.149185568,0.070404512,0.214918557,0.007040451,0.215042368,0.399654242,1.961967202,absolute
101.800000000,302,0.003620342,-0.171030575,0.171068888,0.012526275,-0.062266857,0.063514322,0.025052551,-0.124533715,0.127028644,-0.559950615,-0.017367149,-0.078526259,0.218248130,-0.411996326,-0.035960412,2.055983517,-0.181944592,0.205598352,-0.018194459,2.182481300,-0.359604122,2.064018424,0.218093095,2.055983517,-0.181944592,0.205598352,-0.018194459,0.215251538,0.399612765,1.930415286,absolute
102.012000000,303,0.002979285,0.663841013,0.663847698,0.012523729,-0.056388709,0.057762707,0.025047457,-0.112777419,0.115525414,-0.411397204,-0.012700206,0.115322550,0.224748296,-0.403546068,-0.057459289,2.106003166,-0.389560876,0.210600317,-0.038956088,2.247482960,-0.574592888,2.141729911,0.232923545,2.106003166,-0.389560876,0.210600317,-0.038956088,0.214721254,0.399699849,2.049360819,absolute
102.308000000,304,0.000239515,0.525475540,0.525475594,0.012586184,-0.044966235,0.046694479,0.025172368,-0.089932470,0.093388957,-0.122586489,-0.003626950,0.388761154,0.253578704,-0.157587454,-0.080432992,2.352217659,-0.552244070,0.235221766,-0.055224407,2.535787039,-0.804329921,2.416174958,0.311841295,2.352217659,-0.552244070,0.235221766,-0.055224407,0.214844277,0.399567119,2.339724239,absolute
102.604000000,305,0.004400007,-0.038767710,0.039016604,0.012604118,-0.036213309,0.038344068,0.025208237,-0.072426618,0.076688136,0.099416633,0.003347484,0.399087541,0.290319989,0.128863258,-0.077418723,2.611530651,-0.523117859,0.261153065,-0.052311786,2.903199887,-0.774187229,2.663408462,0.384846426,2.611530651,-0.523117859,0.261153065,-0.052311786,0.215261926,0.399385066,2.567706262,absolute
102.900000000,306,0.000572025,0.303633557,0.303634095,0.012653697,-0.026454543,0.029325055,0.025307394,-0.052909085,0.058650111,0.348063684,0.011158962,0.192672174,0.315022551,0.372520870,-0.050056885,2.779086847,-0.319572021,0.277908685,-0.031957202,3.150225511,-0.500568854,2.797400576,0.412921011,2.779086847,-0.319572021,0.277908685,-0.031957202,0.215116787,0.399381838,2.662862580,absolute
103.104000000,307,-0.000979342,-0.048508691,0.048518576,0.012665521,-0.019948360,0.023629483,0.025331041,-0.039896719,0.047258966,0.512496728,0.016324778,-0.016464865,0.317644793,0.419168628,-0.025288552,2.786438424,-0.144341773,0.278643842,-0.014434177,3.176447934,-0.252885518,2.790174482,0.404832265,2.786438424,-0.144341773,0.278643842,-0.014434177,0.215409392,0.399315855,2.627880115,absolute
103.400000000,308,0.004491157,1.000000000,1.000000000,0.012647716,-0.010368785,0.016354706,0.025295432,-0.020737570,0.032709412,0.754458537,0.023926232,-0.300708666,0.299233096,0.292400497,0.006649633,2.680399080,0.076124478,0.268039908,0.007612448,2.992330956,0.066496330,2.681479846,0.312080434,2.680399080,0.076124478,0.268039908,0.007612448,0.214819328,0.399520045,2.486698253,absolute
103.700000000,309,-0.010863206,0.721091201,0.721173023,0.012626312,-0.000693962,0.012645368,0.025252623,-0.001387923,0.025290736,0.999226638,0.031615849,-0.419487103,0.266448298,0.001019183,0.017435782,2.423497463,0.159809659,0.242349746,0.015980966,2.664482976,0.174357819,2.428760811,0.241424246,2.423497463,0.159809659,0.242349746,0.015980966,0.215079494,0.399510901,2.221388442,absolute
103.902000000,310,-0.010412548,-0.409190461,0.409322922,0.012568899,0.004611360,0.013388124,0.025137797,0.009222720,0.026776247,-0.867785515,0.035793786,-0.383660864,0.240430433,-0.169203463,0.009056579,2.246627091,0.104156364,0.224662709,0.010415636,2.404304328,0.090565790,2.249040203,0.158261855,2.246627091,0.104156364,0.224662709,0.010415636,0.215341721,0.399614913,2.052660715,absolute
104.104000000,311,0.004486312,-0.870150725,0.870162290,0.012651413,0.009759928,0.015978562,0.025302826,0.019519856,0.031957124,-0.736953815,0.039903985,-0.284110247,0.223803894,-0.308408717,-0.009485276,2.120476823,-0.027292479,0.212047682,-0.002729248,2.238038943,-0.094852756,2.120652455,0.135592194,2.120476823,-0.027292479,0.212047682,-0.002729248,0.215671316,0.399605471,1.952056833,absolute
104.404000000,312,-0.007881636,0.309884807,0.309985022,0.012632011,0.021283382,0.024749749,0.025264022,0.042566765,0.049499498,-0.446862414,0.049017475,0.069686008,0.220008323,-0.413554895,-0.046158738,2.113468648,-0.315241628,0.211346865,-0.031524163,2.200083229,-0.461587377,2.136849786,0.170056356,2.113468648,-0.315241628,0.211346865,-0.031524163,0.214936670,0.399636955,2.028663368,absolute
104.728000000,313,-0.005798899,0.696912933,0.696937059,0.011326594,0.030273592,0.032323090,0.022653189,0.060547184,0.064646179,-0.218147463,0.056202767,0.292269813,0.243554257,-0.238935208,-0.076038261,2.325202568,-0.528103869,0.232520257,-0.052810387,2.435542574,-0.760382608,2.384420407,0.257154291,2.325202568,-0.528103869,0.232520257,-0.052810387,0.214718592,0.399623221,2.305389374,absolute
105.000000000,314,0.000059015,-0.002737793,0.002738429,0.008236633,0.035064441,0.036018844,0.016473267,0.070128881,0.072037688,-0.051838309,0.061427523,0.271498564,0.267193403,-0.044609935,-0.082702870,2.482813619,-0.541912941,0.248281362,-0.054191294,2.671934031,-0.827028696,2.541266044,0.342136703,2.482813619,-0.541912941,0.248281362,-0.054191294,0.215220180,0.399437726,2.455223225,absolute
105.200000000,315,-0.007144909,0.227759604,0.227871645,0.008217452,0.037887353,0.038768261,0.016434904,0.075774707,0.077536522,0.057264857,0.064855100,0.270718128,0.281893392,0.049235280,-0.080924362,2.604051697,-0.499561865,0.260405170,-0.049956187,2.818933918,-0.809243625,2.651536780,0.376931242,2.604051697,-0.499561865,0.260405170,-0.049956187,0.215095862,0.399447669,2.552514079,absolute
105.400000000,316,-0.001342660,0.272410032,0.272413341,0.008212745,0.040796917,0.041615353,0.016425489,0.081593833,0.083230705,0.167092675,0.068305443,0.238286402,0.298156352,0.138000260,-0.073058460,2.713900300,-0.413683575,0.271390030,-0.041368357,2.981563519,-0.730584602,2.745248429,0.414813042,2.713900300,-0.413683575,0.271390030,-0.041368357,0.215099124,0.399426587,2.627766247,absolute
105.701000000,317,0.006659360,0.579628224,0.579666478,0.008241838,0.044707759,0.045461100,0.016483676,0.089415519,0.090922201,0.319596947,0.073096506,0.147705283,0.313794152,0.232096163,-0.054175950,2.814946269,-0.245085087,0.281494627,-0.024508509,3.137941522,-0.541759501,2.825595370,0.438567716,2.814946269,-0.245085087,0.281494627,-0.024508509,0.214947863,0.399452436,2.678697506,absolute
106.000000000,318,0.003133695,0.086329880,0.086386736,0.008336049,0.048618453,0.049327920,0.016672098,0.097236907,0.098655841,0.467962537,0.077757548,0.027645848,0.318634612,0.273748635,-0.031780932,2.824760718,-0.039715360,0.282476072,-0.003971536,3.186346122,-0.317809317,2.825039898,0.456158144,2.824760718,-0.039715360,0.282476072,-0.003971536,0.215319457,0.399348529,2.646121840,absolute
106.206000000,319,0.003815335,-0.425761351,0.425778445,0.008451321,0.051114160,0.051808129,0.016902643,0.102228321,0.103616258,0.562928499,0.080740992,-0.054062625,0.315037105,0.269891855,-0.014078243,2.774252174,0.086126177,0.277425217,0.008612618,3.150371055,-0.140782427,2.775588738,0.439264075,2.774252174,0.086126177,0.277425217,0.008612618,0.215686934,0.399320697,2.577663068,absolute
106.501000000,320,-0.002628690,0.168688517,0.168708997,0.008503512,0.056307730,0.056946205,0.017007024,0.112615461,0.113892409,0.763330965,0.087036821,-0.202567292,0.300598738,0.186272956,0.005735414,2.629779816,0.232653600,0.262977982,0.023265360,3.005987383,0.057354143,2.640051056,0.415044615,2.629779816,0.232653600,0.262977982,0.023265360,0.215364506,0.399368763,2.420164300,absolute
106.703000000,321,0.001060112,-0.163206309,0.163209752,0.008515348,0.058173040,0.058792974,0.017030696,0.116346081,0.117585948,0.835909129,0.089316931,-0.239488412,0.286405919,0.135696707,0.014028841,2.466751073,0.271111382,0.246675107,0.027111138,2.864059189,0.140288410,2.481604771,0.418292229,2.466751073,0.271111382,0.246675107,0.027111138,0.215602791,0.399340092,2.254797373,absolute
107.001000000,322,-0.002210699,-0.016211713,0.016361749,0.008526683,0.062494677,0.063073679,0.017053366,0.124989355,0.126147359,-0.996972760,0.094567102,-0.275182119,0.262051659,-0.002617159,0.016854561,2.291631573,0.272093601,0.229163157,0.027209360,2.620516591,0.168545611,2.307728362,0.344800727,2.291631573,0.272093601,0.229163157,0.027209360,0.215044323,0.399584565,2.080497189,absolute
107.202000000,323,0.010072943,-0.036535058,0.037898214,0.008583370,0.064735965,0.065302522,0.017166740,0.129471930,0.130605044,-0.908379769,0.097350333,-0.263925412,0.246334633,-0.078136390,0.012041019,2.152552767,0.179155432,0.215255277,0.017915543,2.463346332,0.120410193,2.159995390,0.316296764,2.152552767,0.179155432,0.215255277,0.017915543,0.215080047,0.399587043,1.949971958,absolute
107.500000000,324,0.002289046,0.424357846,0.424364020,0.008495237,0.069610294,0.070126757,0.016990475,0.139220587,0.140253514,-0.719320212,0.103289814,-0.174817875,0.227732525,-0.212239757,-0.003928945,2.034808824,0.050702302,0.203480882,0.005070230,2.277325249,-0.039289446,2.035440413,0.258674953,2.034808824,0.050702302,0.203480882,0.005070230,0.214817744,0.399661929,1.853143371,absolute
107.700000000,325,0.004480140,0.176540523,0.176597361,0.008556741,0.072161060,0.072666611,0.017113482,0.144322119,0.145333222,-0.621848092,0.106351991,-0.102871325,0.220603065,-0.255479600,-0.018741429,2.008033940,-0.115314424,0.200803394,-0.011531442,2.206030646,-0.187414293,2.011342268,0.210715654,2.008033940,-0.115314424,0.200803394,-0.011531442,0.214996826,0.399607152,1.865509668,absolute
107.901000000,326,0.004101078,0.292751036,0.292779760,0.008547073,0.075400599,0.075883482,0.017094146,0.150801199,0.151766964,-0.497200430,0.110267912,0.002419855,0.218665325,-0.275129355,-0.035063463,2.001603535,-0.222873061,0.200160354,-0.022287306,2.186653250,-0.350634632,2.013973464,0.224869775,2.001603535,-0.222873061,0.200160354,-0.022287306,0.214941236,0.399607535,1.891994784,absolute
108.205000000,327,-0.001575974,-0.254081307,0.254086194,0.008593955,0.078572688,0.079041276,0.017187911,0.157145375,0.158082552,-0.376237901,0.114068062,0.104351638,0.225783712,-0.254724540,-0.058524917,2.128017507,-0.419362130,0.212801751,-0.041936213,2.257837124,-0.585249166,2.168945160,0.210645773,2.128017507,-0.419362130,0.212801751,-0.041936213,0.215319293,0.399519911,2.080620642,absolute
108.500000000,328,-0.003705860,0.135518526,0.135569187,0.008617255,0.083443297,0.083887073,0.017234511,0.166886595,0.167774145,-0.190931557,0.119889633,0.226950617,0.243194900,-0.155208364,-0.075783949,2.267677042,-0.527386634,0.226767704,-0.052738663,2.431949004,-0.757839489,2.328195831,0.283008473,2.267677042,-0.527386634,0.226767704,-0.052738663,0.215097297,0.399496459,2.252153609,absolute
108.702000000,329,0.000692244,0.041099511,0.041105340,0.008587643,0.086108929,0.086536092,0.017175286,0.172217857,0.173072184,-0.086896633,0.123157986,0.265096481,0.258532716,-0.074222761,-0.081699392,2.402630439,-0.550065930,0.240263044,-0.055006593,2.585327159,-0.816993922,2.464793207,0.323463513,2.402630439,-0.550065930,0.240263044,-0.055006593,0.215182149,0.399445794,2.384638869,absolute
109.000000000,330,-0.001741008,0.169739902,0.169748830,0.008618544,0.089438306,0.089852601,0.017237087,0.178876612,0.179705202,0.040473710,0.127159444,0.272993527,0.283025266,0.034899934,-0.080610742,2.623484167,-0.475586412,0.262348417,-0.047558641,2.830252659,-0.806107417,2.666242977,0.389868367,2.623484167,-0.475586412,0.262348417,-0.047558641,0.215130766,0.399430188,2.562385637,absolute
109.201000000,331,-0.001965775,0.041678045,0.041724377,0.008617191,0.093041630,0.093439825,0.017234383,0.186083261,0.186879651,0.177110458,0.131452014,0.233517539,0.297769689,0.145238133,-0.073345990,2.723300456,-0.388447069,0.272330046,-0.038844707,2.977696887,-0.733459901,2.750864682,0.428662336,2.723300456,-0.388447069,0.272330046,-0.038844707,0.215252218,0.399371827,2.628871350,absolute
109.402000000,332,0.001355306,0.391759379,0.391761724,0.008650477,0.095392412,0.095783834,0.017300954,0.190784823,0.191567669,0.269229366,0.134346015,0.182588037,0.309364258,0.206097458,-0.061693009,2.791170321,-0.272745632,0.279117032,-0.027274563,3.093642583,-0.616930086,2.804464644,0.458205640,2.791170321,-0.272745632,0.279117032,-0.027274563,0.215053104,0.399416196,2.662363881,absolute
109.700000000,333,0.000699009,0.129713715,0.129715599,0.008748621,0.099162582,0.099547757,0.017497243,0.198325163,0.199095514,0.416018985,0.138957546,0.071772821,0.318217476,0.265696129,-0.038831755,2.812561857,-0.068582162,0.281256186,-0.006858216,3.182174762,-0.388317548,2.813397894,0.488717113,2.812561857,-0.068582162,0.281256186,-0.006858216,0.215272698,0.399349578,2.639104221,absolute
109.900000000,334,0.000951502,0.470539267,0.470540229,0.008734998,0.102062935,0.102436043,0.017469995,0.204125871,0.204872087,0.530438506,0.142552142,-0.026290498,0.317501445,0.274093673,-0.022409277,2.777455627,0.055796529,0.277745563,0.005579653,3.175014450,-0.224092769,2.778016021,0.486200613,2.777455627,0.055796529,0.277745563,0.005579653,0.215089429,0.399405394,2.585302224,absolute
110.202000000,335,0.002151147,0.112186767,0.112207389,0.008774125,0.106325759,0.106687171,0.017548249,0.212651519,0.213374341,0.692104748,0.147631037,-0.156098331,0.306698698,0.226456171,-0.000402251,2.645530193,0.202893983,0.264553019,0.020289398,3.066986976,-0.004022513,2.653299073,0.469510656,2.645530193,0.202893983,0.264553019,0.020289398,0.215378220,0.399343265,2.438079353,absolute
110.512000000,336,0.009254166,1.000000000,1.000000000,0.008705600,0.110508281,0.110850654,0.017411201,0.221016561,0.221701308,0.852208545,0.152660846,-0.246056249,0.286724571,0.123229016,0.013815493,2.490744638,0.285030571,0.249074464,0.028503057,2.867245712,0.138154933,2.507000454,0.404135512,2.490744638,0.285030571,0.249074464,0.028503057,0.214849971,0.399514310,2.278772271,absolute
110.802000000,337,0.005876520,0.246073923,0.246144082,0.008688860,0.107654671,0.108004743,0.017377720,0.215309341,0.216009485,0.741039420,0.149168365,-0.189109116,0.265487845,0.200067525,0.026112292,2.252916199,0.289133725,0.225291620,0.028913373,2.654878452,0.261122922,2.271393781,0.402937040,2.252916199,0.289133725,0.225291620,0.028913373,0.215294351,0.399375741,2.040601895,absolute
111.025000000,338,-0.003534169,0.006883792,0.007738019,0.008632555,0.104094319,0.104451655,0.017265111,0.208188638,0.208903311,0.606372164,0.144937668,-0.090169209,0.254973100,0.259704113,0.040800660,2.084039478,0.384887459,0.208403948,0.038488746,2.549731000,0.408006604,2.119282638,0.466265042,2.084039478,0.384887459,0.208403948,0.038488746,0.215394366,0.399332642,1.868700944,absolute
111.301000000,339,0.004631467,-1.000000000,1.000000000,0.008699239,0.099384735,0.099764735,0.017398479,0.198769470,0.199529469,0.427415781,0.139315587,0.062291214,0.250230186,0.268419822,0.063219026,1.979998771,0.483375331,0.197999877,0.048337533,2.502301856,0.632190261,2.038147896,0.543089676,1.979998771,0.483375331,0.197999877,0.048337533,0.215985887,0.399317030,1.766014511,absolute
111.501000000,340,0.003228196,-0.008162854,0.008778009,0.008741421,0.097715637,0.098105852,0.017482842,0.195431274,0.196211703,0.363298675,0.137301289,0.114595317,0.253295792,0.250225895,0.079367825,1.929511132,0.608213500,0.192951113,0.060821350,2.532957921,0.793678248,2.023100806,0.631304364,1.929511132,0.608213500,0.192951113,0.060821350,0.215312511,0.399347933,1.726876294,absolute
111.816000000,341,0.002478525,0.108639139,0.108667409,0.008726923,0.093508114,0.093914465,0.017453847,0.187016229,0.187828929,0.198904135,0.132136682,0.223172477,0.267147760,0.160973317,0.099595916,1.934281456,0.812640355,0.193428146,0.081264036,2.671477603,0.995959156,2.098053645,0.759647248,1.934281456,0.812640355,0.193428146,0.081264036,0.215186697,0.399395514,1.768066200,absolute
112.100000000,342,0.001742392,-0.431368845,0.431372364,0.008752184,0.089333805,0.089761514,0.017504368,0.178667610,0.179523029,0.038807181,0.127107088,0.273168636,0.288953933,0.033469715,0.110798682,2.031298644,0.994709507,0.203129864,0.099470951,2.889539329,1.107986822,2.261773903,0.865684020,2.031298644,0.994709507,0.203129864,0.099470951,0.215504710,0.399403313,1.910889080,absolute
112.300000000,343,0.002799174,-0.202506807,0.202526152,0.008761043,0.086428382,0.086871290,0.017522087,0.172856764,0.173742581,-0.074327662,0.123552852,0.267782130,0.305361175,-0.063690891,0.111808668,2.142922657,1.072238874,0.214292266,0.107223887,3.053611749,1.118086681,2.396208195,0.911842445,2.142922657,1.072238874,0.214292266,0.107223887,0.215336419,0.399438964,2.041628866,absolute
112.500000000,344,-0.007351840,-0.150399012,0.150578592,0.008730699,0.084744504,0.085193052,0.017461398,0.169489009,0.170386104,-0.140036909,0.121488535,0.249215675,0.319699289,-0.117307293,0.108109107,2.272755064,1.116233457,0.227275506,0.111623346,3.196992886,1.081091072,2.532072809,0.924905693,2.272755064,1.116233457,0.227275506,0.111623346,0.215293884,0.399458792,2.178741019,absolute
112.703000000,345,0.008991061,0.059514570,0.060189893,0.008694789,0.081729033,0.082190232,0.017389578,0.163458066,0.164380464,-0.259290960,0.117742059,0.188847254,0.334773529,-0.200206336,0.098155483,2.441836782,1.122225769,0.244183678,0.112222577,3.347735290,0.981554830,2.687370005,0.916755377,2.441836782,1.122225769,0.244183678,0.112222577,0.215146078,0.399503654,2.341042235,absolute
113.001000000,346,-0.002567736,-0.063544954,0.063596811,0.008733173,0.077607770,0.078097595,0.017466347,0.155215540,0.156195189,-0.417925110,0.112758420,0.070175658,0.347766152,-0.266102857,0.077363620,2.591803121,1.029120597,0.259180312,0.102912060,3.477661518,0.773636204,2.788643509,0.921963868,2.591803121,1.029120597,0.259180312,0.102912060,0.215209438,0.399530476,2.458573011,absolute
113.302000000,347,-0.000894852,-0.180272144,0.180274365,0.008822332,0.073180843,0.073710713,0.017644665,0.146361685,0.147421427,-0.590064445,0.107350503,-0.076831091,0.349589120,-0.264254643,0.054523753,2.712814809,0.867749281,0.271281481,0.086774928,3.495891202,0.545237526,2.848219269,0.846889880,2.712814809,0.867749281,0.271281481,0.086774928,0.215264475,0.399557781,2.541055087,absolute
113.604000000,348,-0.005362742,-0.383935881,0.383973332,0.008763002,0.068796519,0.069352370,0.017526004,0.137593037,0.138704740,-0.759467514,0.102028549,-0.200269445,0.339073173,-0.188696975,0.030618496,2.754343957,0.630048397,0.275434396,0.063004840,3.390731734,0.306184957,2.825486085,0.714056672,2.754343957,0.630048397,0.275434396,0.063004840,0.215366065,0.399568967,2.549417483,absolute
113.900000000,349,-0.003515794,-0.004542594,0.005744212,0.008721021,0.065637340,0.066214173,0.017442042,0.131274681,0.132428345,-0.883479716,0.098132591,-0.256820979,0.319496923,-0.098448853,0.015858344,2.664972703,0.440323255,0.266497270,0.044032326,3.194969235,0.158583445,2.701104233,0.600227994,2.664972703,0.440323255,0.266497270,0.044032326,0.215084924,0.399581251,2.450226528,absolute
114.200000000,350,0.003585464,-0.353950462,0.353968622,0.008734414,0.060845383,0.061469103,0.017468827,0.121690765,0.122938205,0.931043662,0.092305671,-0.268728904,0.295260031,0.059143580,0.012166415,2.530066429,0.343374968,0.253006643,0.034337497,2.952600309,0.121664150,2.553261151,0.477169327,2.530066429,0.343374968,0.253006643,0.034337497,0.215762964,0.399339606,2.314980037,absolute
114.404000000,351,-0.000585983,0.168252993,0.168254013,0.008717135,0.059996680,0.060626645,0.017434270,0.119993360,0.121253289,0.898652673,0.091288078,-0.261458554,0.279063202,0.086178252,0.015331952,2.375294446,0.275566893,0.237529445,0.027556689,2.790632020,0.153319522,2.391225798,0.432954640,2.375294446,0.275566893,0.237529445,0.027556689,0.215404795,0.399379083,2.163435407,absolute
114.700000000,352,-0.006092159,-0.411564675,0.411609762,0.008676833,0.059099375,0.059732935,0.017353666,0.118198750,0.119465870,0.863604108,0.090186995,-0.250213786,0.254853082,0.114299452,0.020555884,2.175055030,0.233974465,0.217505503,0.023397446,2.548530820,0.205558844,2.187603354,0.374555220,2.175055030,0.233974465,0.217505503,0.023397446,0.215764251,0.399340839,1.966256951,absolute
114.902000000,353,0.001626213,-0.389545867,0.389549261,0.008709765,0.059668395,0.060300725,0.017419530,0.119336791,0.120601450,0.886316810,0.090900535,-0.257793283,0.238711289,0.096195126,0.024035129,2.062384314,0.236044485,0.206238431,0.023604449,2.387112889,0.240351292,2.075848274,0.324757134,2.062384314,0.236044485,0.206238431,0.023604449,0.215753385,0.399343960,1.853837238,absolute
115.200000000,354,-0.004974924,-0.244682862,0.244733433,0.008580755,0.059995531,0.060606048,0.017161509,0.119991061,0.121212096,0.900897661,0.091358606,-0.261956037,0.214502223,0.084298692,0.029269107,1.864717165,0.190958265,0.186471717,0.019095826,2.145022229,0.292691073,1.874469302,0.298195394,1.864717165,0.190958265,0.186471717,0.019095826,0.215654575,0.399352066,1.662177910,absolute
115.402000000,355,-0.003776848,0.097097938,0.097171365,0.008578042,0.060178376,0.060786674,0.017156085,0.120356752,0.121573348,0.905302891,0.091497001,-0.263213203,0.198365382,0.080700866,0.032769183,1.728953911,0.164583491,0.172895391,0.016458349,1.983653820,0.327691833,1.736769804,0.302450616,1.728953911,0.164583491,0.172895391,0.016458349,0.215427298,0.399377595,1.531630203,absolute
115.700000000,356,-0.000981489,-0.046563500,0.046573843,0.008592222,0.060134735,0.060745474,0.017184444,0.120269470,0.121490949,0.902277253,0.091401947,-0.262446657,0.174161524,0.083203048,0.038026262,1.498926467,0.099823598,0.149892647,0.009982360,1.741615239,0.380262623,1.502246752,0.370869096,1.498926467,0.099823598,0.149892647,0.009982360,0.215512916,0.399361637,1.317904921,absolute
115.900000000,357,0.005584203,0.625781536,0.625806451,0.008642108,0.060659808,0.061272330,0.017284216,0.121319617,0.122544659,0.918074649,0.091898237,-0.266038389,0.158027225,0.070024998,0.041535010,1.391525513,0.094296787,0.139152551,0.009429679,1.580272247,0.415350096,1.394716867,0.372425237,1.391525513,0.094296787,0.139152551,0.009429679,0.215074944,0.399478518,1.215389580,absolute
116.200000000,358,0.000552234,0.081524059,0.081525929,0.008632114,0.060179309,0.060795252,0.017264228,0.120358618,0.121590503,0.899633187,0.091318882,-0.261573795,0.133829900,0.085323858,0.046825041,1.162967523,0.031254377,0.116296752,0.003125438,1.338298996,0.468250406,1.163387423,0.470857361,1.162967523,0.031254377,0.116296752,0.003125438,0.215415727,0.399382533,1.016549430,absolute
116.400000000,359,-0.004168176,0.175866875,0.175916262,0.008637857,0.060759139,0.061370071,0.017275713,0.121518279,0.122740141,0.919724908,0.091950082,-0.266307383,0.117702300,0.068621491,0.050366387,1.054702859,0.027136779,0.105470286,0.002713678,1.177023004,0.503663871,1.055051907,0.491975901,1.054702859,0.027136779,0.105470286,0.002713678,0.215354944,0.399403418,0.918197894,absolute
116.601000000,360,-0.001106519,-0.032877375,0.032895990,0.008638963,0.059955966,0.060575156,0.017277926,0.119911932,0.121150313,0.890653802,0.091036786,-0.259091373,0.101575765,0.092677931,0.053914818,0.893186727,-0.022938905,0.089318673,-0.002293891,1.015757653,0.539148177,0.893481238,0.575296028,0.893186727,-0.022938905,0.089318673,-0.002293891,0.215476993,0.399370939,0.798521188,absolute
116.801000000,361,-0.004167515,0.045374551,0.045565535,0.008591770,0.060274694,0.060883965,0.017183540,0.120549388,0.121767931,0.902798848,0.091418334,-0.262338654,0.085448813,0.082695969,0.057461476,0.759324133,-0.050955775,0.075932413,-0.005095578,0.854488126,0.574614761,0.761031951,0.632767478,0.759324133,-0.050955775,0.075932413,-0.005095578,0.215424263,0.399383103,0.706138920,absolute
117.104000000,362,0.001163767,0.001459542,0.001866713,0.008612690,0.060187225,0.060800333,0.017225379,0.120374451,0.121600666,0.897775890,0.091260533,-0.261124470,0.061257408,0.086866270,0.062775093,0.583722322,-0.068879509,0.058372232,-0.006887951,0.612574079,0.627750927,0.587772180,0.697227645,0.583722322,-0.068879509,0.058372232,-0.006887951,0.215444346,0.399377512,0.595729221,absolute
117.400000000,363,-0.004455362,0.396272351,0.396297396,0.008622382,0.060592517,0.061202930,0.017244763,0.121185035,0.122405860,0.914196312,0.091776396,-0.265460024,0.037058702,0.073342555,0.068057993,0.382262253,-0.111194007,0.038226225,-0.011119401,0.370587021,0.680579933,0.398106188,0.791860015,0.382262253,-0.111194007,0.038226225,-0.011119401,0.215183504,0.399453861,0.537286286,absolute
117.700000000,364,0.000343343,0.008717428,0.008724187,-0.007953821,0.060384388,0.060905973,-0.015907642,0.120768776,0.121811947,0.895257063,0.091181402,0.260587497,0.041900531,-0.088983991,0.067009186,0.221284892,-0.162426181,0.022128489,-0.016242618,0.419005305,0.670091855,0.274498211,0.855674963,0.221284892,-0.162426181,0.022128489,-0.016242618,0.215381205,0.399371682,0.561828882,absolute
117.900000000,365,-0.000201718,0.479149154,0.479149196,-0.007952429,0.060973171,0.061489582,-0.015904858,0.121946343,0.122979165,0.872897887,0.090478967,0.253735455,0.058040087,-0.107069243,0.063515692,0.223950373,-0.250617085,0.022395037,-0.025061709,0.580400869,0.635156917,0.336099231,0.954804975,0.223950373,-0.250617085,0.022395037,-0.025061709,0.215076508,0.399461447,0.650139095,absolute
118.204000000,366,-0.001089813,0.119742829,0.119747788,-0.007955239,0.060450792,0.060971995,-0.015910478,0.120901585,0.121943989,0.893328840,0.091120825,0.260095233,0.082250736,-0.090578860,0.058291892,0.310520822,-0.327580734,0.031052082,-0.032758073,0.822507360,0.582918924,0.451367165,1.044576394,0.310520822,-0.327580734,0.031052082,-0.032758073,0.215321180,0.399387183,0.733174825,absolute
118.500000000,367,-0.006886727,0.205298083,0.205413558,-0.007993714,0.060147663,0.060676526,-0.015987427,0.120295325,0.121353051,0.902019932,0.091393863,0.262324346,0.106455156,-0.083397707,0.053041817,0.360454195,-0.424854051,0.036045419,-0.042485405,1.064551561,0.530418167,0.557160831,1.186717368,0.360454195,-0.424854051,0.036045419,-0.042485405,0.215273254,0.399397622,0.836939858,absolute
118.700000000,368,0.001663670,0.003897843,0.004238039,-0.008003561,0.060314026,0.060842738,-0.016007122,0.120628052,0.121685475,0.897042109,0.091237481,0.260861305,0.122590633,-0.087447134,0.049536313,0.389340603,-0.490694803,0.038934060,-0.049069480,1.225906333,0.495363128,0.626392445,1.293117343,0.389340603,-0.490694803,0.038934060,-0.049069480,0.215410528,0.399359464,0.906889336,absolute
118.901000000,369,0.000351102,0.060065948,0.060066974,-0.007980524,0.060465365,0.060989746,-0.015961048,0.120930731,0.121979493,0.891335612,0.091058206,0.259376883,0.138727566,-0.092153874,0.046032195,0.412170242,-0.542500250,0.041217024,-0.054250025,1.387275665,0.460321954,0.681315514,1.398743351,0.412170242,-0.542500250,0.041217024,-0.054250025,0.215378109,0.399369276,0.962208579,absolute
119.200000000,370,0.001622034,-0.149788241,0.149797023,-0.007916348,0.059703690,0.060226233,-0.015832695,0.119407380,0.120452466,0.921921688,0.092019096,0.266904915,0.162936613,-0.066814598,0.040802636,0.452530725,-0.657108066,0.045253073,-0.065710807,1.629366130,0.408026356,0.797856546,1.587278459,0.452530725,-0.657108066,0.045253073,-0.065710807,0.215527334,0.399342742,1.082709064,absolute
119.405000000,371,0.000471350,-0.540153471,0.540153676,-0.007898998,0.059668948,0.060189514,-0.015797997,0.119337897,0.120379028,0.923242395,0.092060587,0.267169891,0.179076391,-0.065704158,0.037311052,0.486305811,-0.718242082,0.048630581,-0.071824208,1.790763913,0.373110517,0.867389780,1.700782595,0.486305811,-0.718242082,0.048630581,-0.071824208,0.215788436,0.399331266,1.149847746,absolute
119.605000000,372,-0.004199024,0.041273513,0.041486560,-0.007890590,0.060318674,0.060832588,-0.015781181,0.120637347,0.121665177,0.898537051,0.091284446,0.261360250,0.201672086,-0.086251113,0.032431356,0.523692625,-0.788482199,0.052369262,-0.078848220,2.016720859,0.324313557,0.946550655,1.862108402,0.523692625,-0.788482199,0.052369262,-0.078848220,0.215410698,0.399355933,1.227190765,absolute
119.900000000,373,0.005311448,-0.005397012,0.007572267,-0.007785469,0.060413017,0.060912611,-0.015570938,0.120826034,0.121825222,0.895532472,0.091190054,0.260483561,0.219429163,-0.088696917,0.028614222,0.552737313,-0.895607105,0.055273731,-0.089560711,2.194291630,0.286142218,1.052440318,2.022679421,0.552737313,-0.895607105,0.055273731,-0.089560711,0.215447797,0.399345972,1.338158320,absolute
120.101000000,374,-0.001842373,-0.580656242,0.580659164,-0.007834431,0.059837460,0.060348156,-0.015668862,0.119674919,0.120696311,0.918350409,0.091906901,0.266108767,0.235570283,-0.069797071,0.025132457,0.558782321,-0.981322249,0.055878232,-0.098132225,2.355702831,0.251324567,1.129261280,2.179068951,0.558782321,-0.981322249,0.055878232,-0.098132225,0.215832030,0.399324489,1.422603358,absolute
120.401000000,375,0.001493748,0.097309177,0.097320641,-0.007796200,0.060266714,0.060768887,-0.015592400,0.120533429,0.121537773,0.901556292,0.091379298,0.262253731,0.259775150,-0.083796052,0.019878735,0.628329567,-1.056003082,0.062832957,-0.105600308,2.597751501,0.198787352,1.228796384,2.335192024,0.628329567,-1.056003082,0.062832957,-0.105600308,0.215393805,0.399356894,1.512808185,absolute
120.601000000,376,-0.004927466,0.026629308,0.027081358,-0.007794922,0.060630497,0.061129518,-0.015589843,0.121260993,0.122259035,0.888354779,0.090964560,0.258386213,0.275909552,-0.094536187,0.016372063,0.664244790,-1.126275922,0.066424479,-0.112627592,2.759095524,0.163720625,1.307562081,2.460181028,0.664244790,-1.126275922,0.066424479,-0.112627592,0.215442604,0.399346461,1.590266349,absolute
120.900000000,377,-0.005476680,0.125936636,0.126055663,-0.007815273,0.059781268,0.060289953,-0.015630546,0.119562535,0.120579906,0.918365780,0.091907383,0.266047829,0.298493434,-0.069767356,0.011438485,0.703606912,-1.232499159,0.070360691,-0.123249916,2.984934341,0.114384853,1.419195851,2.649254873,0.703606912,-1.232499159,0.070360691,-0.123249916,0.215388607,0.399352870,1.703319747,absolute
121.101000000,378,-0.009798681,-0.463527318,0.463630875,-0.007813896,0.059664745,0.060174237,-0.015627793,0.119329491,0.120348474,0.923649160,0.092073366,0.267003928,0.316232796,-0.065301620,0.007536503,0.725563931,-1.299511708,0.072556393,-0.129951171,3.162327964,0.075365032,1.488345960,2.797875087,0.725563931,-1.299511708,0.072556393,-0.129951171,0.215780522,0.399315876,1.773666903,absolute
121.305000000,379,-0.008190927,-0.340616183,0.340714654,0.008711344,0.058905326,0.059545990,0.017422688,0.117810652,0.119091980,0.844828182,0.089597132,-0.243113652,0.316459180,0.128890118,0.008326405,0.756855212,-1.362410532,0.075685521,-0.136241053,3.164591805,0.083264049,1.558522464,2.808410671,0.756855212,-1.362410532,0.075685521,-0.136241053,0.215730836,0.399333522,1.842975231,absolute
121.600000000,380,0.000542413,-0.213557983,0.213558672,0.008737769,0.055209749,0.055896914,0.017475537,0.110419498,0.111793828,0.702823716,0.085135930,-0.163706155,0.296899890,0.221169409,0.023108508,0.575660035,-1.376737157,0.057566004,-0.137673716,2.968998897,0.231085080,1.492243169,2.883255669,0.575660035,-1.376737157,0.057566004,-0.137673716,0.215590352,0.399332125,1.812200947,absolute
121.802000000,381,0.008641559,-0.242639142,0.242792977,0.008780258,0.051438403,0.052182394,0.017560516,0.102876806,0.104364788,0.556939997,0.080552858,-0.048980352,0.288854443,0.270886508,0.037444670,0.438038449,-1.321332945,0.043803845,-0.132133294,2.888544427,0.374446697,1.392048287,2.980041634,0.438038449,-1.321332945,0.043803845,-0.132133294,0.215552220,0.399331452,1.734988786,absolute
122.100000000,382,0.002039984,-0.315565964,0.315572557,0.008735025,0.048252046,0.049036319,0.017470050,0.096504092,0.098072638,0.432816768,0.076653411,0.057621633,0.286193066,0.268941625,0.060202594,0.290606542,-1.168715429,0.029060654,-0.116871543,2.861930662,0.602025938,1.204303914,3.122055848,0.290606542,-1.168715429,0.029060654,-0.116871543,0.215550625,0.399339095,1.569849796,absolute
122.300000000,383,-0.007817133,-0.609128082,0.609178240,0.008759130,0.045175618,0.046016941,0.017518260,0.090351236,0.092033881,0.314917539,0.072949498,0.151138735,0.291471284,0.229956890,0.077478439,0.247714034,-1.040324390,0.024771403,-0.104032439,2.914712843,0.774784395,1.069409688,3.226066110,0.247714034,-1.040324390,0.024771403,-0.104032439,0.215701185,0.399347939,1.440028208,absolute
122.500000000,384,0.003830084,0.221348318,0.221381452,0.008773270,0.043446686,0.044323637,0.017546540,0.086893372,0.088647274,0.250192440,0.070916099,0.194441193,0.301258494,0.194676442,0.090700815,0.242081802,-0.904877372,0.024208180,-0.090487737,3.012584939,0.907008149,0.936699876,3.310380155,0.242081802,-0.904877372,0.024208180,-0.090487737,0.215140029,0.399411747,1.304567348,absolute
122.708000000,385,-0.002750715,0.125570212,0.125600337,0.008785976,0.046017492,0.046848724,0.017571953,0.092034984,0.093697448,0.348810905,0.074014289,0.125800820,0.309777605,0.244634483,0.104757021,0.265451780,-0.771592653,0.026545178,-0.077159265,3.097776051,1.047570208,0.815977862,3.366216613,0.265451780,-0.771592653,0.026545178,-0.077159265,0.215233982,0.399379472,1.172048440,absolute
123.000000000,386,-0.000146130,0.052468349,0.052468552,0.008770878,0.049251939,0.050026810,0.017541756,0.098503877,0.100053621,0.472797029,0.077909428,0.023495099,0.313164764,0.274253363,0.127419298,0.196559759,-0.543447803,0.019655976,-0.054344780,3.131647644,1.274192975,0.577902460,3.452326590,0.196559759,-0.543447803,0.019655976,-0.054344780,0.215323782,0.399355098,0.942989607,absolute
123.200000000,387,0.002121868,-0.391809128,0.391814873,0.008804244,0.052355031,0.053090149,0.017608487,0.104710062,0.106180299,0.594800894,0.081742293,-0.080762474,0.309110341,0.263108006,0.143348421,0.149534618,-0.444062711,0.014953462,-0.044406271,3.091103408,1.433484210,0.468564076,3.489700473,0.149534618,-0.444062711,0.014953462,-0.044406271,0.215657258,0.399333905,0.845984666,absolute
123.400000000,388,-0.002422023,0.131023581,0.131045966,0.008838649,0.055470410,0.056170171,0.017677298,0.110940821,0.112340342,0.712463275,0.085438765,-0.170308156,0.298961306,0.216086140,0.158291944,0.036667893,-0.355542689,0.003666789,-0.035554269,2.989613061,1.582919442,0.357428508,3.532353408,0.036667893,-0.355542689,0.003666789,-0.035554269,0.215353350,0.399371531,0.775773145,absolute
123.601000000,389,0.000984202,0.211770825,0.211773112,0.008840961,0.058339247,0.059005342,0.017681922,0.116678494,0.118010683,0.821999864,0.088879959,-0.233383805,0.285650180,0.146061177,0.167938652,-0.098584084,-0.308414765,-0.009858408,-0.030841477,2.856501798,1.679386524,0.323787722,3.561444445,-0.098584084,-0.308414765,-0.009858408,-0.030841477,0.215335647,0.399393258,0.774298259,absolute
123.801000000,390,-0.001432028,0.589306828,0.589308568,0.008918926,0.061301408,0.061946831,0.017837852,0.122602815,0.123893661,0.937046825,0.092494266,-0.269970655,0.269933069,0.054100178,0.172752362,-0.239786424,-0.307891473,-0.023978642,-0.030789147,2.699330693,1.727523624,0.390249521,3.575097768,-0.239786424,-0.307891473,-0.023978642,-0.030789147,0.215122243,0.399470664,0.841013133,absolute
124.001000000,391,0.003448698,-0.296257520,0.296277592,0.008964125,0.063483242,0.064113006,0.017928251,0.126966484,0.128226012,-0.978241829,0.095155551,-0.274432227,0.253505380,-0.018788171,0.172199234,-0.371709582,-0.352505383,-0.037170958,-0.035250538,2.535053796,1.721992338,0.512277326,3.571108250,-0.371709582,-0.352505383,-0.037170958,-0.035250538,0.215214631,0.399590954,0.954006778,absolute
124.300000000,392,-0.002606302,-0.277161001,0.277173255,0.008898953,0.067206793,0.067793395,0.017797907,0.134413587,0.135586790,-0.835686168,0.099634069,-0.239459140,0.231392947,-0.135901788,0.161608365,-0.522028403,-0.527585087,-0.052202840,-0.052758509,2.313929468,1.616083653,0.742199217,3.554992647,-0.522028403,-0.527585087,-0.052202840,-0.052758509,0.215233533,0.399595965,1.184575816,absolute
124.500000000,393,0.000897644,0.551822998,0.551823729,0.008867048,0.070924771,0.071476903,0.017734096,0.141849542,0.142953806,-0.692738740,0.104124895,-0.156556690,0.221544701,-0.226155830,0.150553139,-0.576828972,-0.621953257,-0.057682897,-0.062195326,2.215447006,1.505531385,0.848267362,3.510412518,-0.576828972,-0.621953257,-0.057682897,-0.062195326,0.214720954,0.399695534,1.292407652,absolute
124.700000000,394,-0.004116470,0.950822560,0.950831471,0.008843904,0.073446640,0.073977182,0.017687808,0.146893279,0.147954365,-0.595826896,0.107169471,-0.081585547,0.214549306,-0.262767166,0.133898630,-0.592433009,-0.754008563,-0.059243301,-0.075400856,2.145493059,1.338986296,0.958908642,3.446283017,-0.592433009,-0.754008563,-0.059243301,-0.075400856,0.214477139,0.399757001,1.407934290,absolute
124.901000000,395,0.003552294,-0.356066603,0.356084322,0.008819093,0.075231236,0.075746387,0.017638186,0.150462471,0.151492775,-0.527720056,0.109309110,-0.023918240,0.213725358,-0.273958900,0.117481544,-0.561353494,-0.889748479,-0.056135349,-0.088974848,2.137253585,1.174815440,1.052031416,3.397779325,-0.561353494,-0.889748479,-0.056135349,-0.088974848,0.215343223,0.399563863,1.505185737,absolute
125.203000000,396,-0.001783306,0.295118889,0.295124277,0.008778568,0.079600059,0.080082661,0.017557136,0.159200117,0.160165322,-0.359631456,0.114589769,0.117377239,0.222424355,-0.248691529,0.094560541,-0.436927256,-1.053661716,-0.043692726,-0.105366172,2.224243547,0.945605412,1.140661404,3.328498023,-0.436927256,-1.053661716,-0.043692726,-0.105366172,0.214944745,0.399587213,1.592755334,absolute
125.500000000,397,-0.001424487,0.417614390,0.417616819,0.008738078,0.083971849,0.084425266,0.017476156,0.167943699,0.168850532,-0.192413367,0.119843080,0.226389750,0.240996055,-0.156376554,0.078557496,-0.213167466,-1.122841785,-0.021316747,-0.112284178,2.409960552,0.785574959,1.142897214,3.243895045,-0.213167466,-1.122841785,-0.021316747,-0.112284178,0.214895884,0.399559789,1.581437569,absolute
125.702000000,398,0.004439706,0.085031772,0.085147597,0.008761245,0.085768313,0.086214633,0.017522489,0.171536625,0.172429265,-0.123428122,0.122010316,0.254636439,0.256642717,-0.104003673,0.073422200,-0.077133775,-1.114427891,-0.007713378,-0.111442789,2.566427172,0.734221998,1.117094062,3.225820964,-0.077133775,-1.114427891,-0.007713378,-0.111442789,0.215130219,0.399476165,1.541857235,absolute
125.905000000,399,-0.002800741,-0.020221621,0.020414654,0.008726543,0.083124861,0.083581667,0.017453086,0.166249722,0.167163334,-0.225921955,0.118790377,0.208742896,0.271355579,-0.179331507,0.066090204,0.075947856,-1.095449344,0.007594786,-0.109544934,2.713555794,0.660902043,1.098078932,3.168871381,0.075947856,-1.095449344,0.007594786,-0.109544934,0.215186832,0.399488940,1.501408660,absolute
126.228000000,400,-0.001166743,-0.918854566,0.918855307,0.008652373,0.078604035,0.079078808,0.017304745,0.157208070,0.158157616,-0.399490624,0.113337557,0.085463136,0.289015232,-0.261603310,0.042724429,0.247222433,-1.160214926,0.024722243,-0.116021493,2.890152323,0.427244288,1.186262031,3.083035057,0.247222433,-1.160214926,0.024722243,-0.116021493,0.215759517,0.399510227,1.560042457,absolute
126.500000000,401,0.003309613,-0.053893068,0.053994596,0.008670087,0.074740946,0.075242138,0.017340174,0.149481891,0.150484276,-0.552095174,0.108543343,-0.044890041,0.292036936,-0.271832052,0.024914293,0.443463092,-1.297510771,0.044346309,-0.129751077,2.920369362,0.249142933,1.371201558,2.920137385,0.443463092,-1.297510771,0.044346309,-0.129751077,0.215175158,0.399558944,1.712355395,absolute
126.701000000,402,-0.000418110,-0.172885048,0.172885553,0.008695452,0.072400258,0.072920561,0.017390904,0.144800516,0.145841123,-0.645627755,0.105604931,-0.121507086,0.289113218,-0.246793682,0.008739744,0.474743308,-1.402047815,0.047474331,-0.140204781,2.891132183,0.087397445,1.480242981,2.838552867,0.474743308,-1.402047815,0.047474331,-0.140204781,0.215238546,0.399568346,1.820209744,absolute
126.906000000,403,0.006239777,0.473502066,0.473543177,0.008691174,0.069904633,0.070442843,0.017382348,0.139809265,0.140885687,-0.740300849,0.102630688,-0.188589667,0.280059480,-0.200447608,-0.006893442,0.498414471,-1.536902390,0.049841447,-0.153690239,2.800594802,-0.068934418,1.615699830,2.730378040,0.498414471,-1.536902390,0.049841447,-0.153690239,0.214798704,0.399665395,1.957225763,absolute
127.200000000,404,0.010137609,-0.893591325,0.893648828,0.008755887,0.065238910,0.065823863,0.017511774,0.130477821,0.131647727,-0.921671562,0.096932759,-0.266956190,0.260050958,-0.067050396,-0.021060197,0.447280482,-1.731738602,0.044728048,-0.173173860,2.600509579,-0.210601968,1.788568818,2.636333099,0.447280482,-1.731738602,0.044728048,-0.173173860,0.215646659,0.399562597,2.143851448,absolute
127.403000000,405,0.001506185,-0.241711933,0.241716625,0.008746241,0.062595831,0.063203914,0.017492483,0.125191662,0.126407829,0.975396947,0.093699070,-0.274133176,0.243950167,0.021230808,-0.024367898,0.353565046,-1.884529424,0.035356505,-0.188452942,2.439501670,-0.243678978,1.917409552,2.653963411,0.353565046,-1.884529424,0.035356505,-0.188452942,0.215692534,0.399347792,2.288034958,absolute
127.700000000,406,-0.009002770,-0.079089427,0.079600172,0.008721378,0.058870103,0.059512616,0.017442757,0.117740205,0.119025231,0.834703556,0.089279057,-0.238955991,0.221466593,0.136593191,-0.019949641,0.185091280,-1.942973572,0.018509128,-0.194297357,2.214665932,-0.199496408,1.951769731,2.675609443,0.185091280,-1.942973572,0.018509128,-0.194297357,0.215531127,0.399347963,2.342519319,absolute
127.901000000,407,-0.005120242,0.110694444,0.110812801,0.008678729,0.056471806,0.057134798,0.017357458,0.112943611,0.114269597,0.744355831,0.086440700,-0.191033579,0.206626314,0.197931302,-0.009650031,0.050931197,-1.944309103,0.005093120,-0.194430910,2.066263136,-0.096500309,1.944976060,2.734220211,0.050931197,-1.944309103,0.005093120,-0.194430910,0.215369755,0.399367339,2.349438082,absolute
128.104000000,408,0.002099653,-0.510121595,0.510125916,0.008685396,0.052352660,0.053068231,0.017370792,0.104705321,0.106136462,0.583737148,0.081394715,-0.071582932,0.197104032,0.265801873,0.003750082,-0.069347924,-1.914715917,-0.006934792,-0.191471592,1.971040322,0.037500820,1.915971340,2.823886397,-0.069347924,-1.914715917,-0.006934792,-0.191471592,0.215713657,0.399333599,2.331541393,absolute
128.400000000,409,-0.001472810,-0.720266452,0.720267958,0.008683841,0.048523513,0.049294426,0.017367682,0.097047026,0.098588851,0.435561179,0.076739630,0.055328652,0.192192178,0.269564352,0.029399477,-0.218260135,-1.775929627,-0.021826013,-0.177592963,1.921921783,0.293994771,1.789291347,2.977409218,-0.218260135,-1.775929627,-0.021826013,-0.177592963,0.215792378,0.399338382,2.218150692,absolute
128.601000000,410,0.000837107,0.012272883,0.012301398,0.008633918,0.046772979,0.047563180,0.017267836,0.093545957,0.095126359,0.371017202,0.074711921,0.108452395,0.195523066,0.252832364,0.043830940,-0.271471904,-1.659234904,-0.027147190,-0.165923490,1.955230662,0.438309401,1.681296363,3.059067902,-0.271471904,-1.659234904,-0.027147190,-0.165923490,0.215289319,0.399364345,2.115364592,absolute
128.803000000,411,0.001240454,-0.064579194,0.064591106,0.008613014,0.043534626,0.044378459,0.017226029,0.087069251,0.088756918,0.244573900,0.070739587,0.198164079,0.203894169,0.191520638,0.057987988,-0.275028199,-1.537136494,-0.027502820,-0.153713649,2.038941690,0.579879877,1.561547025,3.136274057,-0.275028199,-1.537136494,-0.027502820,-0.153713649,0.215300065,0.399380106,1.997628181,absolute
129.100000000,412,0.001173816,0.109899818,0.109906086,0.008643934,0.044217006,0.045053981,0.017287868,0.088434013,0.090107963,0.268514286,0.071491697,0.182955687,0.218940119,0.205580138,0.077660947,-0.264818692,-1.293551731,-0.026481869,-0.129355173,2.189401191,0.776609468,1.320380634,3.210726183,-0.264818692,-1.293551731,-0.026481869,-0.129355173,0.215195567,0.399397019,1.759684392,absolute
129.302000000,413,-0.005748597,-0.064874624,0.065128820,0.008671754,0.043410062,0.044267740,0.017343508,0.086820124,0.088535480,0.236383408,0.070482275,0.202890485,0.228962437,0.186234422,0.090783991,-0.235056936,-1.198246101,-0.023505694,-0.119824610,2.289624367,0.907839909,1.221083732,3.287797738,-0.235056936,-1.198246101,-0.023505694,-0.119824610,0.215300631,0.399382030,1.659890834,absolute
129.603000000,414,0.001809020,-0.385078584,0.385082833,0.008661728,0.043311102,0.044168734,0.017323457,0.086622203,0.088337468,0.232936905,0.070374000,0.204773249,0.243984269,0.183917392,0.110476514,-0.204816564,-0.993965836,-0.020481656,-0.099396584,2.439842691,1.104765137,1.014848712,3.376224855,-0.204816564,-0.993965836,-0.020481656,-0.099396584,0.215512878,0.399374228,1.455360221,absolute
129.805000000,415,-0.002521226,-0.094154860,0.094188610,0.008636140,0.043418930,0.044269474,0.017272279,0.086837859,0.088538949,0.237433367,0.070515261,0.202143246,0.253998037,0.186780836,0.123605751,-0.198821759,-0.830426099,-0.019882176,-0.083042610,2.539980374,1.236057506,0.853895543,3.430946169,-0.198821759,-0.830426099,-0.019882176,-0.083042610,0.215324321,0.399380404,1.297667527,absolute
130.100000000,416,-0.005188834,-0.432407969,0.432439100,0.009499848,0.043832842,0.044850476,0.018999696,0.087665685,0.089700952,0.252688975,0.070994530,0.212152851,0.269738065,0.215767867,0.144203958,-0.171706073,-0.616668188,-0.017170607,-0.061666819,2.697380648,1.442039578,0.640127042,3.531279695,-0.171706073,-0.616668188,-0.017170607,-0.061666819,0.215548909,0.399364547,1.087331109,absolute
130.300000000,417,-0.011290462,-0.043684801,0.045120244,0.009480536,0.044504225,0.045502820,0.018961072,0.089008450,0.091005639,0.276173760,0.071732326,0.195697577,0.280755251,0.230850754,0.158643621,-0.131993286,-0.510309714,-0.013199329,-0.051030971,2.807552509,1.586436206,0.527103626,3.610716401,-0.131993286,-0.510309714,-0.013199329,-0.051030971,0.215302193,0.399369799,0.973720169,absolute
130.502000000,418,-0.001881448,0.520539912,0.520543312,0.009466000,0.044861348,0.045849162,0.018932000,0.089722695,0.091698325,0.288411747,0.072116794,0.186575697,0.291602408,0.238069564,0.173205630,-0.125526262,-0.331595001,-0.012552626,-0.033159500,2.916024083,1.732056299,0.354559004,3.675552365,-0.125526262,-0.331595001,-0.012552626,-0.033159500,0.214940572,0.399461928,0.806450184,absolute
130.800000000,419,0.001994868,-0.720611406,0.720614167,0.009436098,0.048604830,0.049512317,0.018872196,0.097209661,0.099024633,0.421189716,0.076288137,0.074179237,0.299260294,0.293458196,0.199005150,-0.141070866,-0.124141365,-0.014107087,-0.012414137,2.992602940,1.990051502,0.187915055,3.780174996,-0.141070866,-0.124141365,-0.014107087,-0.012414137,0.215798560,0.399334144,0.633547469,absolute
131.007000000,420,-0.001600361,-0.423278267,0.423281292,0.009421601,0.048770534,0.049672241,0.018843202,0.097541067,0.099344482,0.423640807,0.076365140,0.071951905,0.298825188,0.294162029,0.217159067,-0.206159132,0.018447985,-0.020615913,0.001844799,2.988251876,2.171590667,0.206982887,3.852309059,-0.206159132,0.018447985,-0.020615913,0.001844799,0.215601980,0.399342600,0.568298462,absolute
131.300000000,421,-0.002709077,1.000000000,1.000000000,0.009344676,0.045300958,0.046254727,0.018689351,0.090601916,0.092509454,0.300743463,0.072504206,0.177352911,0.307414397,0.245308185,0.242659729,-0.275198878,0.228597010,-0.027519888,0.022859701,3.074143973,2.426597289,0.357758320,4.006158105,-0.275198878,0.228597010,-0.027519888,0.022859701,0.214628830,0.399550168,0.518802628,absolute
131.501000000,422,-0.003650262,0.587945928,0.587957259,0.009345426,0.043706523,0.044694487,0.018690852,0.087413047,0.089388974,0.246593037,0.070803020,0.216270425,0.319587699,0.211689669,0.256088245,-0.244520548,0.340791404,-0.024452055,0.034079140,3.195876994,2.560882452,0.419439005,4.094525553,-0.244520548,0.340791404,-0.024452055,0.034079140,0.214882149,0.399484968,0.463136883,absolute
131.703000000,423,0.005024658,0.365535115,0.365569648,0.009376626,0.046686611,0.047618912,0.018753253,0.093373223,0.095237825,0.351813884,0.074108631,0.135928076,0.328664188,0.270574576,0.271707780,-0.205345202,0.489321431,-0.020534520,0.048932143,3.286641880,2.717077804,0.530661959,4.142085494,-0.205345202,0.489321431,-0.020534520,0.048932143,0.215063853,0.399426604,0.429912611,absolute
132.000000000,424,0.004181092,0.166304071,0.166356622,0.009438545,0.051071348,0.051936198,0.018877090,0.102142696,0.103872397,0.506913211,0.078981220,-0.006574560,0.330586362,0.302669531,0.298547623,-0.253232714,0.695369965,-0.025323271,0.069536996,3.305863623,2.985476227,0.740044725,4.232227950,-0.253232714,0.695369965,-0.025323271,0.069536996,0.215247909,0.399379217,0.554152160,absolute
132.301000000,425,0.003556312,0.262486957,0.262511047,0.009469119,0.056364519,0.057154381,0.018938238,0.112729039,0.114308762,0.691621563,0.084784004,-0.171439321,0.318289774,0.249521497,0.322483965,-0.450053722,0.861186334,-0.045005372,0.086118633,3.182897738,3.224839650,0.971694528,4.334188887,-0.450053722,0.861186334,-0.045005372,0.086118633,0.215250122,0.399401138,0.809860959,absolute
132.503000000,426,0.002546672,0.108603167,0.108633022,0.009469345,0.059448246,0.060197695,0.018938691,0.118896493,0.120395390,0.800443232,0.088202737,-0.245109638,0.303826692,0.177561636,0.333307054,-0.559259393,0.915770539,-0.055925939,0.091577054,3.038266920,3.333070536,1.073036229,4.334228288,-0.559259393,0.915770539,-0.055925939,0.091577054,0.215386008,0.399382258,0.930984615,absolute
132.806000000,427,-0.001377201,1.000000000,1.000000000,0.009474860,0.064382640,0.065076088,0.018949719,0.128765279,0.130152176,0.973803211,0.093649002,-0.301736059,0.277394343,0.024888988,0.338357768,-0.780866104,0.896905766,-0.078086610,0.089690577,2.773943427,3.383577682,1.189197976,4.338226369,-0.780866104,0.896905766,-0.078086610,0.089690577,0.214854990,0.399560112,1.113019855,absolute
133.017000000,428,-0.002411629,-0.000674620,0.002504209,0.009472071,0.066940671,0.067607497,0.018944143,0.133881343,0.135214993,-0.935781924,0.096489468,-0.296651557,0.258338384,-0.060673996,0.332807187,-0.863226070,0.837255628,-0.086322607,0.083725563,2.583383836,3.328071871,1.202562362,4.252444638,-0.863226070,0.837255628,-0.086322607,0.083725563,0.215021480,0.399614556,1.163678430,absolute
133.300000000,429,-0.004443647,0.363636639,0.363663789,0.009470819,0.072845944,0.073459023,0.018941638,0.145691889,0.146918046,-0.727752889,0.103024893,-0.198618764,0.239719295,-0.228520836,0.315888019,-0.962861003,0.671897786,-0.096286100,0.067189779,2.397192945,3.158880193,1.174115814,4.180316260,-0.962861003,0.671897786,-0.096286100,0.067189779,0.214829079,0.399680177,1.208741641,absolute
133.600000000,430,0.000413139,0.339296885,0.339297137,0.009560022,0.077368399,0.077956803,0.019120044,0.154736798,0.155913606,-0.569125547,0.108008318,-0.065220969,0.231710383,-0.295593921,0.292041523,-0.966807266,0.461187804,-0.096680727,0.046118780,2.317103833,2.920415227,1.071172480,4.102666405,-0.966807266,0.461187804,-0.096680727,0.046118780,0.214872716,0.399657206,1.183280861,absolute
133.826000000,431,-0.001330024,0.000582806,0.001452111,0.000445908,0.078722149,0.078723412,0.000891817,0.157444299,0.157446825,-0.442317635,0.111992106,-0.000012700,0.232437682,0.000069314,0.279382066,-0.870746893,0.297689510,-0.087074689,0.029768951,2.324376821,2.793820663,0.920227796,4.054563636,-0.870746893,0.297689510,-0.087074689,0.029768951,0.215105504,0.399518575,1.090616609,absolute
134.100000000,432,-0.001965039,0.001752441,0.002632950,0.000421657,0.078703272,0.078704401,0.000843314,0.157406543,0.157408802,-0.305085196,0.116303391,0.000055370,0.232437667,-0.000078829,0.279381738,-0.807052438,0.297595918,-0.080705244,0.029759592,2.324376674,2.793817384,0.860172639,4.004618570,-0.807052438,0.297595918,-0.080705244,0.029759592,0.215135789,0.399502886,1.027255471,absolute
134.303000000,433,-0.004686992,0.002502362,0.005313163,0.000371023,0.078744071,0.078744945,0.000742046,0.157488142,0.157489890,-0.200999109,0.119573351,0.000049055,0.232438403,-0.000035876,0.279381389,-0.724330535,0.326460769,-0.072433054,0.032646077,2.324384029,2.793813888,0.794500697,3.922052002,-0.724330535,0.326460769,-0.072433054,0.032646077,0.215158609,0.399491319,0.942323359,absolute
134.602000000,434,-0.000018272,0.004424284,0.004424321,0.000371793,0.078745946,0.078746824,0.000743587,0.157491893,0.157493648,0.002815326,0.125976371,0.000039573,0.232437633,0.000000350,0.279381492,-0.635839179,0.435319976,-0.063583918,0.043531998,2.324376334,2.793814920,0.770580912,3.784887619,-0.635839179,0.435319976,-0.063583918,0.043531998,0.215204290,0.399467182,0.851798338,absolute
134.900000000,435,0.006057988,-0.004774875,0.007713537,0.000353321,0.078763896,0.078764689,0.000706642,0.157527793,0.157529378,0.189230994,0.131832792,-0.000037980,0.232437969,-0.000025677,0.279381547,-0.625185194,0.510916525,-0.062518519,0.051091652,2.324379692,2.793815466,0.807398428,3.729820450,-0.625185194,0.510916525,-0.062518519,0.051091652,0.215253547,0.399444133,0.847799133,absolute
135.200000000,436,0.000068359,0.006806474,0.006806818,0.000401213,0.078892620,0.078893640,0.000802426,0.157785239,0.157787280,0.318539530,0.135895139,-0.000016009,0.232437742,-0.000024971,0.279381135,-0.677858117,0.656954407,-0.067785812,0.065695441,2.324377418,2.793811345,0.943970720,3.685047596,-0.677858117,0.656954407,-0.067785812,0.065695441,0.215274597,0.399430809,0.929518396,absolute
135.400000000,437,0.009446264,0.001671146,0.009592947,0.000410961,0.078891054,0.078892125,0.000821922,0.157782109,0.157784249,0.482599860,0.141049246,0.000007876,0.232437782,0.000143937,0.279382406,-0.707430711,0.681826131,-0.070743071,0.068182613,2.324377822,2.793824063,0.982519762,3.694915187,-0.707430711,0.681826131,-0.070743071,0.068182613,0.215316532,0.399410366,0.964997999,absolute
135.700000000,438,0.006958024,-0.006406591,0.009458251,0.000488632,0.078936587,0.078938099,0.000977263,0.157873174,0.157876199,0.644706410,0.146141974,0.000019554,0.232437688,-0.000040008,0.279381743,-0.814910722,0.725288494,-0.081491072,0.072528849,2.324376885,2.793817431,1.090927534,3.759513085,-0.814910722,0.725288494,-0.081491072,0.072528849,0.215358302,0.399390969,1.080584776,absolute
135.901000000,439,-0.000885173,-0.000652335,0.001099578,0.000535538,0.078920537,0.078922354,0.001071077,0.157841074,0.157844708,0.750971580,0.149480393,-0.000017218,0.232437649,0.000017113,0.279381633,-0.930892605,0.707126765,-0.093089260,0.070712677,2.324376494,2.793816328,1.169012106,3.866658795,-0.930892605,0.707126765,-0.093089260,0.070712677,0.215377508,0.399379381,1.186862934,absolute
136.200000000,440,-0.002095302,-0.003167734,0.003798003,0.000538499,0.078918412,0.078920250,0.001076997,0.157836825,0.157840499,0.926764396,0.155003087,-0.000040647,0.232437924,0.000009520,0.279381496,-1.002161442,0.659081510,-0.100216144,0.065908151,2.324379242,2.793814962,1.199464877,3.952589004,-1.002161442,0.659081510,-0.100216144,0.065908151,0.215418900,0.399359059,1.244972947,absolute
136.400000000,441,-0.002056539,-0.008461285,0.008707623,0.000584393,0.078905570,0.078907734,0.001168785,0.157811140,0.157815468,-0.956585930,0.158667744,-0.000053140,0.232438126,-0.000007293,0.279381536,-1.053152329,0.562451904,-0.105315233,0.056245190,2.324381264,2.793815356,1.193935498,4.048050892,-1.053152329,0.562451904,-0.105315233,0.056245190,0.214940690,0.399574113,1.278510492,absolute
136.603000000,442,-0.001870144,0.004368555,0.004752022,0.000587099,0.078987100,0.078989282,0.001174197,0.157974201,0.157978564,-0.822127528,0.162891880,0.000084383,0.232438495,0.000052763,0.279381934,-1.057612437,0.523174969,-0.105761244,0.052317497,2.324384953,2.793819338,1.179939030,4.073540498,-1.057612437,0.523174969,-0.105761244,0.052317497,0.214962863,0.399559423,1.278565093,absolute
136.901000000,443,0.006169877,-0.008271867,0.010319456,0.000606001,0.078955740,0.078958066,0.001212001,0.157911480,0.157916132,-0.674287670,0.167536406,0.000004249,0.232437891,0.000006969,0.279381328,-1.032848297,0.411919254,-0.103284830,0.041191925,2.324378914,2.793813282,1.111959117,4.116356849,-1.032848297,0.411919254,-0.103284830,0.041191925,0.215005778,0.399540520,1.247915473,absolute
137.201000000,444,0.000731036,0.007591712,0.007626828,0.000540076,0.078981954,0.078983800,0.001080151,0.157963907,0.157967600,-0.579024970,0.170529172,-0.000007960,0.232437918,-0.000031401,0.279381707,-0.953023095,0.324765774,-0.095302309,0.032476577,2.324379178,2.793817065,1.006839524,4.103362028,-0.953023095,0.324765774,-0.095302309,0.032476577,0.215016293,0.399531421,1.170429798,absolute
137.408000000,445,-0.004426143,0.006914571,0.008209874,0.000517965,0.078970926,0.078972625,0.001035930,0.157941853,0.157945250,-0.723175878,0.166000537,0.000148325,0.232438292,0.000175695,0.279382290,-0.888231210,0.268840785,-0.088823121,0.026884079,2.324382916,2.793822901,0.928024811,4.086125819,-0.888231210,0.268840785,-0.088823121,0.026884079,0.214983275,0.399548684,1.110930580,absolute
137.706000000,446,-0.007191922,-0.005668739,0.009157420,0.000464437,0.078960792,0.078962158,0.000928874,0.157921584,0.157924315,-0.854300710,0.161881129,0.000054711,0.232437882,0.000026952,0.279381518,-0.817535770,0.152141106,-0.081753577,0.015214111,2.324378816,2.793815177,0.831571795,4.104883574,-0.817535770,0.152141106,-0.081753577,0.015214111,0.214961413,0.399563060,1.061728805,absolute
138.011000000,447,0.005344301,-0.003610320,0.006449494,0.000451958,0.078997406,0.078998699,0.000903916,0.157994812,0.157997397,0.991071913,0.157023367,0.000134303,0.232438302,-0.000003768,0.279381466,-0.828563716,0.011948727,-0.082856372,0.001194873,2.324383020,2.793814659,0.828649868,4.204741512,-0.828563716,0.011948727,-0.082856372,0.001194873,0.215434942,0.399350940,1.113559012,absolute
138.300000000,448,-0.003905730,0.002290256,0.004527692,0.000423802,0.079024866,0.079026003,0.000847604,0.158049732,0.158052005,0.812312933,0.151407488,-0.000040179,0.232437893,0.000026881,0.279381483,-0.870629433,-0.048128614,-0.087062943,-0.004812861,2.324378931,2.793814829,0.871958700,4.276063725,-0.870629433,-0.048128614,-0.087062943,-0.004812861,0.215389245,0.399373131,1.174603926,absolute
138.600000000,449,-0.000709909,0.001575112,0.001727701,0.000345516,0.079027864,0.079028619,0.000691032,0.158055728,0.158057238,0.587103829,0.144332335,0.000050454,0.232438353,-0.000179751,0.279380807,-0.967909663,-0.102510818,-0.096790966,-0.010251082,2.324383534,2.793808073,0.973322960,4.384958109,-0.967909663,-0.102510818,-0.096790966,-0.010251082,0.215339056,0.399398697,1.285297901,absolute
138.801000000,450,-0.002477948,-0.002312927,0.003389670,0.000363309,0.079076273,0.079077107,0.000726618,0.158152545,0.158154214,0.501049124,0.141628847,-0.000000421,0.232437829,0.000127688,0.279381848,-1.046601263,-0.110906823,-0.104660126,-0.011090682,2.324378288,2.793818478,1.052461176,4.449823840,-1.046601263,-0.110906823,-0.104660126,-0.011090682,0.215321844,0.399408573,1.361202311,absolute
139.100000000,451,-0.002724033,0.004490654,0.005252269,0.000309838,0.079065661,0.079066268,0.000619677,0.158131322,0.158132536,0.314722233,0.135775215,-0.000012149,0.232438028,-0.000018460,0.279381783,-1.180387101,-0.038144573,-0.118038710,-0.003814457,2.324380277,2.793817828,1.181003267,4.505930028,-1.180387101,-0.038144573,-0.118038710,-0.003814457,0.215275064,0.399431163,1.462650130,absolute
139.301000000,452,0.000053213,-0.000406681,0.000410148,0.000319068,0.079116558,0.079117202,0.000638137,0.158233117,0.158234403,0.203707723,0.132287591,0.000067497,0.232438092,0.000050251,0.279381636,-1.218951524,0.027002284,-0.121895152,0.002700228,2.324380923,2.793816356,1.219250565,4.495605069,-1.218951524,0.027002284,-0.121895152,0.002700228,0.215253479,0.399442887,1.481774609,absolute
139.600000000,453,0.007084774,0.006328608,0.009499753,0.000301559,0.079187493,0.079188067,0.000603118,0.158374985,0.158376134,0.001603356,0.125938296,0.000040455,0.232438219,0.000000204,0.279381596,-1.234974196,0.102490362,-0.123497420,0.010249036,2.324382188,2.793815964,1.239219730,4.462314574,-1.234974196,0.102490362,-0.123497420,0.010249036,0.215204273,0.399467098,1.480274560,absolute
139.800000000,454,0.003657989,-0.004682030,0.005941573,0.000309592,0.079129679,0.079130285,0.000619183,0.158259359,0.158260570,-0.083179754,0.123274756,0.000209378,0.232438472,-0.000055994,0.279381413,-1.221340525,0.179335696,-0.122134053,0.017933570,2.324384718,2.793814131,1.234436702,4.405413146,-1.221340525,0.179335696,-0.122134053,0.017933570,0.215191652,0.399475943,1.453301904,absolute
140.009000000,455,-0.002715845,-0.006490258,0.007035571,0.000300021,0.079125807,0.079126376,0.000600041,0.158251613,0.158252751,-0.189603408,0.119931358,0.000001169,0.232438335,-0.000000792,0.279381368,-1.182231061,0.249859754,-0.118223106,0.024985975,2.324383347,2.793813677,1.208346051,4.332210310,-1.182231061,0.249859754,-0.118223106,0.024985975,0.215167794,0.399488938,1.405386940,absolute
140.301000000,456,0.000005342,-0.003326536,0.003326540,0.000250905,0.079143430,0.079143827,0.000501809,0.158286859,0.158287655,-0.379928384,0.113952122,0.000024218,0.232437824,-0.000061129,0.279381757,-1.086880393,0.319553233,-0.108688039,0.031955323,2.324378244,2.793817569,1.132882720,4.214103641,-1.086880393,0.319553233,-0.108688039,0.031955323,0.215122936,0.399510864,1.304456167,absolute
140.600000000,457,-0.003562179,0.004102327,0.005433066,0.000221407,0.079194343,0.079194653,0.000442814,0.158388687,0.158389306,-0.545411131,0.108753329,-0.000013300,0.232437941,-0.000092596,0.279381149,-0.967227304,0.328623359,-0.096722730,0.032862336,2.324379414,2.793811485,1.021529231,4.112399213,-0.967227304,0.328623359,-0.096722730,0.032862336,0.215080088,0.399531456,1.184431816,absolute
140.800000000,458,0.007224670,0.026148346,0.027128064,0.009279820,0.079549073,0.080088514,0.018559640,0.159098146,0.160177028,-0.577247596,0.107753157,-0.072760128,0.232253002,-0.293909562,0.264851762,-0.890224023,0.279250282,-0.089022402,0.027925028,2.322530015,2.648517618,0.932994925,3.991893814,-0.890224023,0.279250282,-0.089022402,0.027925028,0.215082632,0.399598549,1.111839245,absolute
141.010000000,459,-0.002880556,0.180511996,0.180534978,0.009261376,0.080241050,0.080773754,0.018522752,0.160482101,0.161547507,-0.551937581,0.108548294,-0.049175857,0.231992187,-0.298704729,0.244873668,-0.813391130,0.155875408,-0.081339113,0.015587541,2.319921870,2.448736679,0.828192171,3.882636111,-0.813391130,0.155875408,-0.081339113,0.015587541,0.214986281,0.399622042,1.056869207,absolute
141.301000000,460,0.000489329,0.283167183,0.283167606,0.009327612,0.080863750,0.081399941,0.018655223,0.161727500,0.162799882,-0.531409951,0.109193189,-0.029798640,0.231633161,-0.300999998,0.217632069,-0.704952971,-0.044696046,-0.070495297,-0.004469605,2.316331611,2.176320692,0.706368479,3.749810113,-0.704952971,-0.044696046,-0.070495297,-0.004469605,0.214925617,0.399634674,1.021570559,absolute
141.503000000,461,0.002748897,0.467047824,0.467055913,0.009340600,0.080528820,0.081068722,0.018681199,0.161057640,0.162137444,-0.542430295,0.108846974,-0.040231799,0.231410823,-0.300027149,0.199469242,-0.633106913,-0.174558137,-0.063310691,-0.017455814,2.314108232,1.994692416,0.656730467,3.659470600,-0.633106913,-0.174558137,-0.063310691,-0.017455814,0.214806440,0.399668397,1.024057208,absolute
141.716000000,462,0.010684333,0.546149331,0.546253830,0.009306781,0.079784184,0.080325165,0.018613563,0.159568367,0.160650330,-0.568240883,0.108036111,-0.064384850,0.231195499,-0.295708197,0.181307620,-0.557500288,-0.303079715,-0.055750029,-0.030307971,2.311954987,1.813076204,0.634558023,3.565373676,-0.557500288,-0.303079715,-0.055750029,-0.030307971,0.214754278,0.399684756,1.044152774,absolute
142.003000000,463,0.002183049,-0.069507482,0.069541755,0.009304651,0.080114447,0.080652967,0.018609302,0.160228893,0.161305934,-0.558611997,0.108338611,-0.055455203,0.230874198,-0.297754513,0.154064163,-0.448117759,-0.491421784,-0.044811776,-0.049142178,2.308741979,1.540641625,0.665060069,3.424844130,-0.448117759,-0.491421784,-0.044811776,-0.049142178,0.215159316,0.399581470,1.110775980,absolute
142.300000000,464,0.004291088,0.197376589,0.197423229,0.009354790,0.080568482,0.081109755,0.018709581,0.161136963,0.162219510,-0.543958046,0.108798979,-0.041671446,0.230555744,-0.299831418,0.126821465,-0.338108144,-0.680454730,-0.033810814,-0.068045473,2.305557436,1.268214650,0.759826136,3.284247258,-0.338108144,-0.680454730,-0.033810814,-0.068045473,0.214990291,0.399614163,1.213452385,absolute
142.605000000,465,-0.003111608,0.588281737,0.588289966,0.009319478,0.080318488,0.080857357,0.018638956,0.160636975,0.161714713,-0.553225357,0.108507837,-0.050391105,0.230237554,-0.298545957,0.099578071,-0.225460991,-0.864689847,-0.022546099,-0.086468985,2.302375538,0.995780711,0.893600129,3.138679374,-0.225460991,-0.864689847,-0.022546099,-0.086468985,0.214736027,0.399685342,1.338812173,absolute
142.901000000,466,0.009152669,-0.156776332,0.157043273,0.009323512,0.080411940,0.080950651,0.018647025,0.160823879,0.161901302,-0.550639317,0.108589080,-0.047938691,0.229933027,-0.298787766,0.072335031,-0.075858084,-1.068017853,-0.007585808,-0.106801785,2.299330271,0.723350306,1.070708449,2.974982286,-0.075858084,-1.068017853,-0.007585808,-0.106801785,0.215227579,0.399571228,1.496177989,absolute
143.203000000,467,0.000228588,-0.634303907,0.634303948,0.009300729,0.080280492,0.080817455,0.018601458,0.160560985,0.161634910,-0.554126423,0.108479530,-0.051258695,0.229627916,-0.298534168,0.045091164,-0.001901394,-1.238150672,-0.000190139,-0.123815067,2.296279159,0.450911643,1.238152132,2.852115944,-0.001901394,-1.238150672,-0.000190139,-0.123815067,0.215541672,0.399559664,1.652082514,absolute
143.500000000,468,0.005276416,0.336334326,0.336375711,0.009290035,0.080703265,0.081236209,0.018580069,0.161406529,0.162472418,-0.539983069,0.108923856,-0.037907177,0.229299542,-0.300194620,0.016032759,0.154934726,-1.442929826,0.015493473,-0.144292983,2.292995425,0.160327590,1.451224053,2.672403019,0.154934726,-1.442929826,0.015493473,-0.144292983,0.214912412,0.399630263,1.843536005,absolute
143.702000000,469,-0.003753189,0.080569966,0.080657336,0.009260228,0.081238413,0.081764489,0.018520457,0.162476826,0.163528977,-0.521669504,0.109499194,-0.020589291,0.229117780,-0.301974945,-0.000313622,0.171107045,-1.554110864,0.017110705,-0.155411086,2.291177804,-0.003136218,1.563501902,2.626827435,0.171107045,-1.554110864,0.017110705,-0.155411086,0.215082362,0.399580345,1.954186063,absolute
144.012000000,470,0.008137773,-0.569421025,0.569479172,0.009286460,0.080849257,0.081380837,0.018572920,0.161698513,0.162761674,-0.538646419,0.108965848,-0.036663299,0.228746099,-0.300490744,-0.034822064,0.289908141,-1.711005627,0.028990814,-0.171100563,2.287460990,-0.348220636,1.735392459,2.418139847,0.289908141,-1.711005627,0.028990814,-0.171100563,0.215511288,0.399551669,2.111868128,absolute
144.217000000,471,-0.009479860,-0.396205014,0.396318408,0.009268272,0.080480446,0.081012364,0.018536545,0.160960892,0.162024727,-0.551276018,0.108569078,-0.048547530,0.228708566,-0.298760719,-0.038453942,0.418732748,-1.886428652,0.041873275,-0.188642865,2.287085657,-0.384539418,1.932343183,2.397167884,0.418732748,-1.886428652,0.041873275,-0.188642865,0.215393911,0.399559466,2.295013804,absolute
144.503000000,472,-0.000801824,0.012952681,0.012977476,0.009298492,0.080566125,0.081100940,0.018596984,0.161132251,0.162201880,-0.549585009,0.108622202,-0.046947298,0.228318688,-0.298935450,-0.072962592,0.506618762,-2.055385462,0.050661876,-0.205538546,2.283186881,-0.729625922,2.116901502,2.216716634,0.506618762,-2.055385462,0.050661876,-0.205538546,0.215131020,0.399567213,2.472196947,absolute
144.800000000,473,0.003325999,-0.103376726,0.103430216,0.009280569,0.080300904,0.080835414,0.018561138,0.160601807,0.161670827,-0.561920476,0.108234672,-0.058541514,0.227993899,-0.297134293,-0.100205773,0.666240147,-2.256608826,0.066624015,-0.225660883,2.279938994,-1.002057732,2.352904445,2.043996677,0.666240147,-2.256608826,0.066624015,-0.225660883,0.215209120,0.399562049,2.694192402,absolute
145.100000000,474,0.003027541,0.084115485,0.084169952,0.009279664,0.077926593,0.078477169,0.018559328,0.155853186,0.156954338,-0.645403842,0.105611965,-0.133492731,0.223374887,-0.271619775,-0.126793722,0.735839817,-2.425994596,0.073583982,-0.242599460,2.233748869,-1.267937221,2.535135108,1.893364310,0.735839817,-2.425994596,0.073583982,-0.242599460,0.215075017,0.399589540,2.873172757,absolute
145.301000000,475,0.002284966,-0.110035639,0.110059361,0.009302454,0.074084512,0.074666262,0.018604907,0.148169025,0.149332523,-0.778591534,0.101427750,-0.232364370,0.213002033,-0.193966730,-0.141583388,0.765010578,-2.564720794,0.076501058,-0.256472079,2.130020335,-1.415833879,2.676384490,1.784150436,0.765010578,-2.564720794,0.076501058,-0.256472079,0.215175180,0.399581239,3.014864094,absolute
145.602000000,476,-0.001686678,-0.588168152,0.588170571,0.009264471,0.067711333,0.068342191,0.018528942,0.135422667,0.136684382,0.997439283,0.094391551,-0.302677718,0.189448796,0.002435013,-0.154597264,0.706275071,-2.766178544,0.070627507,-0.276617854,1.894487956,-1.545972643,2.854920001,1.703159505,0.706275071,-2.766178544,0.070627507,-0.276617854,0.215932472,0.399339157,3.203269919,absolute
145.804000000,477,0.002624565,-0.466270024,0.466277411,0.009310272,0.065047730,0.065710641,0.018620543,0.130095460,0.131421282,0.904963062,0.091486325,-0.289362297,0.171406963,0.089056224,-0.155497366,0.599757690,-2.878961764,0.059975769,-0.287896176,1.714069627,-1.554973655,2.940770329,1.730501548,0.599757690,-2.878961764,0.059975769,-0.287896176,0.215818121,0.399337306,3.300705134,absolute
146.100000000,478,0.002466570,0.072305834,0.072347892,0.009304705,0.063310165,0.063990269,0.018609410,0.126620331,0.127980539,0.844461064,0.089585598,-0.267196084,0.145396629,0.142052783,-0.147554468,0.410626524,-2.965699926,0.041062652,-0.296569993,1.453966291,-1.475544677,2.993992350,1.819098825,0.410626524,-2.965699926,0.041062652,-0.296569993,0.215435544,0.399360352,3.370716570,absolute
146.300000000,479,-0.000007330,-0.262133290,0.262133290,0.009271095,0.064101236,0.064768215,0.018542191,0.128202471,0.129536429,0.872800808,0.090475918,-0.278957356,0.129560666,0.117812417,-0.143615777,0.277113015,-3.000788537,0.027711302,-0.300078854,1.295606658,-1.436157769,3.013556614,1.866922264,0.277113015,-3.000788537,0.027711302,-0.300078854,0.215659185,0.399345693,3.400689542,absolute
146.600000000,480,-0.002330905,0.318616285,0.318624811,0.009337387,0.065011926,0.065679048,0.018674774,0.130023852,0.131358095,0.906610722,0.091538087,-0.289744317,0.102786462,0.087534536,-0.138573285,0.073423122,-3.083118589,0.007342312,-0.308311859,1.027864622,-1.385732849,3.083992735,1.947325584,0.073423122,-3.083118589,0.007342312,-0.308311859,0.215282041,0.399415823,3.485422483,absolute
146.800000000,481,0.004291855,-0.503297527,0.503315826,0.009315025,0.064727625,0.065394458,0.018630049,0.129455250,0.130788916,0.895986579,0.091204320,-0.286673141,0.083149071,0.097158526,-0.134888772,-0.065502729,-3.143582597,-0.006550273,-0.314358260,0.831490712,-1.348887722,3.144264962,2.006371583,-0.065502729,-3.143582597,-0.006550273,-0.314358260,0.215811183,0.399347426,3.554080847,absolute
147.100000000,482,0.001276979,0.222211750,0.222215419,0.009309997,0.064483831,0.065152440,0.018619993,0.128967661,0.130304880,0.886389915,0.090902832,-0.283644843,0.058157249,0.105767383,-0.130198016,-0.285576276,-3.257487857,-0.028557628,-0.325748786,0.581572488,-1.301980158,3.269981796,2.139148742,-0.285576276,-3.257487857,-0.028557628,-0.325748786,0.215324554,0.399402270,3.691036039,absolute
147.301000000,483,-0.008620539,-0.829099930,0.829144745,0.009315295,0.063636441,0.064314628,0.018630590,0.127272883,0.128629256,0.857099260,0.089982639,-0.272753039,0.038517604,0.131396965,-0.126523950,-0.398432014,-3.276585317,-0.039843201,-0.327658532,0.385176043,-1.265239497,3.300721044,2.158599916,-0.398432014,-3.276585317,-0.039843201,-0.327658532,0.215995318,0.399344117,3.726926100,absolute
147.501000000,484,0.003959211,0.548966900,0.548981177,0.009336213,0.065997023,0.066654122,0.018672426,0.131994046,0.133308243,0.940080957,0.092589586,-0.297226037,0.020549098,0.056620557,-0.124154823,-0.533538103,-3.334112251,-0.053353810,-0.333411225,0.205490979,-1.241548228,3.376531861,2.219231438,-0.533538103,-3.334112251,-0.053353810,-0.333411225,0.215117868,0.399469982,3.807902579,absolute
147.800000000,485,0.006281847,0.753446189,0.753472376,0.009357165,0.071213706,0.071825821,0.018714329,0.142427413,0.143651641,-0.877752576,0.098312514,-0.280680714,-0.003709089,-0.113428220,-0.130819928,-0.706085770,-3.465091706,-0.070608577,-0.346509171,-0.037090889,-1.308199284,3.536299993,2.258260186,-0.706085770,-3.465091706,-0.070608577,-0.346509171,0.214524234,0.399746485,3.972970806,absolute
148.011000000,486,-0.004474404,0.042022664,0.042260201,0.009380305,0.074095361,0.074686764,0.018760610,0.148190723,0.149373528,-0.777948490,0.101447952,-0.231994114,-0.018605111,-0.194454247,-0.143937717,-0.757041983,-3.642720256,-0.075704198,-0.364272026,-0.186051106,-1.439377166,3.720554183,2.276126392,-0.757041983,-3.642720256,-0.075704198,-0.364272026,0.215006743,0.399618921,4.157569572,absolute
148.300000000,487,0.001592264,0.505186380,0.505188890,0.009366423,0.079597661,0.080146849,0.018732847,0.159195321,0.160293699,-0.584023212,0.107540294,-0.078967387,-0.028508396,-0.292175872,-0.168959813,-0.776419937,-3.828698072,-0.077641994,-0.382869807,-0.285083961,-1.689598129,3.906629858,2.194802864,-0.776419937,-3.828698072,-0.077641994,-0.382869807,0.214740299,0.399684261,4.342996175,absolute
148.600000000,488,-0.000022489,-0.212652902,0.212652904,0.009399838,0.083902571,0.084427474,0.018799676,0.167805143,0.168854949,-0.432116375,0.112312588,0.064103494,-0.024006492,-0.296013816,-0.195491866,-0.663111246,-4.017353059,-0.066311125,-0.401735306,-0.240064921,-1.954918664,4.071712431,2.105374985,-0.663111246,-4.017353059,-0.066311125,-0.401735306,0.215233993,0.399556271,4.503396317,absolute
148.801000000,489,0.002199407,0.161236910,0.161251910,0.009386426,0.086942135,0.087447355,0.018772852,0.173884270,0.174894710,-0.325610331,0.115658574,0.157802233,-0.013475487,-0.258621624,-0.210171037,-0.480322231,-4.103121489,-0.048032223,-0.410312149,-0.134754874,-2.101710373,4.131139722,2.031025174,-0.480322231,-4.103121489,-0.048032223,-0.410312149,0.215007732,0.399560504,4.556054092,absolute
149.100000000,490,0.000490225,0.426919344,0.426919626,0.009438180,0.093282982,0.093759234,0.018876359,0.186565965,0.187518469,-0.102364170,0.122672059,0.287134535,0.010216183,-0.095659182,-0.222927130,-0.297936781,-4.138281245,-0.029793678,-0.413828124,0.102161826,-2.229271301,4.148992406,1.950486571,-0.297936781,-4.138281245,-0.029793678,-0.413828124,0.214874841,0.399537222,4.566702552,absolute
149.300000000,491,-0.004560597,0.342304170,0.342334550,0.009403803,0.095549935,0.096011570,0.018807606,0.191099870,0.192023140,-0.023955120,0.125135352,0.301939734,0.026464338,-0.022766144,-0.223864066,-0.150842208,-4.085963997,-0.015084221,-0.408596400,0.264643377,-2.238640656,4.088747383,1.893470834,-0.150842208,-4.085963997,-0.015084221,-0.408596400,0.214948814,0.399496087,4.500350569,absolute
149.600000000,492,-0.005641922,1.000000000,1.000000000,0.009385002,0.096609475,0.097064252,0.018770003,0.193218950,0.194128503,0.014056008,0.126329507,0.302450558,0.055298239,0.013364375,-0.220238016,0.034524586,-3.942611150,0.003452459,-0.394261115,0.552982395,-2.202380159,3.942762309,1.815820035,0.034524586,-3.942611150,0.003452459,-0.394261115,0.214535864,0.399600890,4.345941723,absolute
149.802000000,493,-0.008680299,0.942622827,0.942662793,0.009333273,0.095898060,0.096351170,0.018666546,0.191796121,0.192702340,-0.010183920,0.125567987,0.302595220,0.073320309,-0.009684454,-0.217974253,0.154916175,-3.846460472,0.015491617,-0.384646047,0.733203085,-2.179742532,3.849578832,1.764189457,0.154916175,-3.846460472,0.015491617,-0.384646047,0.214572766,0.399596155,4.246475690,absolute
150.101000000,494,-0.007497311,0.249764969,0.249877468,0.009241303,0.095175158,0.095622761,0.018482606,0.190350316,0.191245521,-0.032234316,0.124875254,0.301262495,0.100356100,-0.030612692,-0.214605649,0.337848054,-3.652361621,0.033784805,-0.365236162,1.003561004,-2.146056493,3.667954023,1.646854235,0.337848054,-3.652361621,0.033784805,-0.365236162,0.215027798,0.399474242,4.053696914,absolute
150.400000000,495,-0.000514019,-0.742962373,0.742962551,0.009208766,0.094420739,0.094868737,0.018417532,0.188841478,0.189737475,-0.057747148,0.124073744,0.297798735,0.127395794,-0.054626674,-0.211267831,0.494987567,-3.550506123,0.049498757,-0.355050612,1.273957938,-2.112678312,3.584843989,1.635280910,0.494987567,-3.550506123,0.049498757,-0.355050612,0.215681431,0.399415827,3.959784758,absolute
150.700000000,496,0.000249252,-0.208843339,0.208843488,0.009174419,0.095155379,0.095596633,0.018348838,0.190310759,0.191193265,-0.033591056,0.124832630,0.300975843,0.154437419,-0.031880237,-0.207944300,0.669224953,-3.396569354,0.066922495,-0.339656935,1.544374188,-2.079443002,3.461870219,1.581362706,0.669224953,-3.396569354,0.066922495,-0.339656935,0.215343861,0.399417814,3.823025847,absolute
150.900000000,497,0.002214173,-0.054497348,0.054542309,0.009198155,0.095826836,0.096267277,0.018396311,0.191653672,0.192534554,-0.010076842,0.125571351,0.302689760,0.170663105,-0.009585553,-0.205947927,0.776255909,-3.310495968,0.077625591,-0.331049597,1.706631051,-2.059479274,3.400287751,1.559051209,0.776255909,-3.310495968,0.077625591,-0.331049597,0.215252195,0.399412295,3.752085352,absolute
151.204000000,498,0.003542698,-0.209626902,0.209656835,0.009214550,0.095249212,0.095693889,0.018429101,0.190498424,0.191387778,-0.028822678,0.124982433,0.301452905,0.199505304,-0.027371141,-0.202399595,0.944425613,-3.161278419,0.094442561,-0.316127842,1.995053036,-2.023995948,3.299336445,1.548298873,0.944425613,-3.161278419,0.094442561,-0.316127842,0.215358360,0.399411166,3.634563162,absolute
151.500000000,499,0.003772365,0.320364254,0.320386463,0.009231094,0.096243889,0.096685569,0.018462187,0.192487779,0.193371139,0.005533785,0.126061774,0.302696709,0.226547767,0.005262882,-0.199077496,1.112736652,-3.017257912,0.111273665,-0.301725791,2.265477667,-1.990774959,3.215902387,1.543528134,1.112736652,-3.017257912,0.111273665,-0.301725791,0.215026423,0.399460918,3.532683289,absolute
151.800000000,500,0.002484260,-0.610971289,0.610976340,0.009265040,0.093897326,0.094353319,0.018530080,0.187794651,0.188706637,-0.076521885,0.123483919,0.294081650,0.253594052,-0.072091565,-0.195794529,1.280327723,-2.872190441,0.128032772,-0.287219044,2.535940518,-1.957945293,3.144633048,1.553192738,1.280327723,-2.872190441,0.128032772,-0.287219044,0.215627262,0.399410907,3.440488694,absolute
152.105000000,501,0.005131953,-0.045941294,0.046227042,0.009227627,0.094955744,0.095403053,0.018455255,0.189911489,0.190806106,-0.039727566,0.124639846,0.300225608,0.280639138,-0.037666286,-0.192506737,1.454219444,-2.729254069,0.145421944,-0.272925407,2.806391381,-1.925067374,3.092504157,1.573240347,1.454219444,-2.729254069,0.145421944,-0.272925407,0.215271948,0.399409473,3.365044792,absolute
152.400000000,502,-0.002559779,0.220892635,0.220907466,0.009200612,0.095390704,0.095833385,0.018401223,0.190781407,0.191666769,-0.021855268,0.125201321,0.301898292,0.307683410,-0.020761077,-0.189209484,1.625636519,-2.585266532,0.162563652,-0.258526653,3.076834096,-1.892094836,3.053898678,1.608247931,1.625636519,-2.585266532,0.162563652,-0.258526653,0.215107552,0.399443105,3.301224558,absolute
152.602000000,503,-0.008707644,0.345770498,0.345880124,0.009175996,0.095809100,0.096247507,0.018351993,0.191618201,0.192495014,-0.006750915,0.125675838,0.302691574,0.325716394,-0.006420635,-0.187025040,1.747596243,-2.450478133,0.174759624,-0.245047813,3.257163937,-1.870250400,3.009806590,1.617238030,1.747596243,-2.450478133,0.174759624,-0.245047813,0.215033267,0.399459929,3.235876425,absolute
152.900000000,504,-0.001272398,0.634546558,0.634547833,0.009153700,0.095622656,0.096059787,0.018307400,0.191245313,0.192119573,-0.013219719,0.125472615,0.302558064,0.352763212,-0.012572760,-0.183746365,1.907904802,-2.343595416,0.190790480,-0.234359542,3.527632118,-1.837463649,3.022009300,1.696963743,1.907904802,-2.343595416,0.190790480,-0.234359542,0.214852161,0.399510557,3.223516345,absolute
153.103000000,505,0.003417283,0.338660998,0.338678239,0.009147559,0.097389221,0.097817883,0.018295118,0.194778442,0.195635765,0.047781747,0.127389032,0.299317644,0.370406127,0.045271355,-0.179751754,2.027494085,-2.202163385,0.202749408,-0.220216338,3.704061272,-1.797517542,2.993368644,1.724707451,2.027494085,-2.202163385,0.202749408,-0.220216338,0.215063838,0.399436662,3.170682293,absolute
153.403000000,506,-0.004101449,-0.374826455,0.374848894,0.009148456,0.102132611,0.102541526,0.018296913,0.204265222,0.205083051,0.212568620,0.132565965,0.237763948,0.391569305,0.187521107,-0.163128886,2.139024605,-2.053199800,0.213902461,-0.205319980,3.915693051,-1.631288860,2.964971447,1.826077656,2.139024605,-2.053199800,0.213902461,-0.205319980,0.215577129,0.399324504,3.116813381,absolute
153.705000000,507,-0.000943481,-0.287824384,0.287825931,0.009108280,0.107148761,0.107535194,0.018216561,0.214297523,0.215070387,0.387619431,0.138065348,0.104670430,0.401088492,0.284049777,-0.137957219,2.135397191,-1.822710194,0.213539719,-0.182271019,4.010884922,-1.379572188,2.807524463,1.927128829,2.135397191,-1.822710194,0.213539719,-0.182271019,0.215577932,0.399298576,2.936499440,absolute
154.001000000,508,-0.003735138,1.000000000,1.000000000,0.009072688,0.108773296,0.109151013,0.018145377,0.217546592,0.218302025,0.445341231,0.139878732,0.051698245,0.403429539,0.298104059,-0.110817550,2.034441686,-1.615253105,0.203444169,-0.161525311,4.034295391,-1.108175502,2.597690430,2.063139001,2.034441686,-1.615253105,0.203444169,-0.161525311,0.214754880,0.399483304,2.714852274,absolute
154.204000000,509,-0.011127749,-0.102116736,0.102721247,0.009019071,0.108250428,0.108625498,0.018038142,0.216500855,0.217250995,0.426107359,0.139274482,0.069644978,0.404730652,0.294603475,-0.092699871,1.957187800,-1.482614280,0.195718780,-0.148261428,4.047306520,-0.926998705,2.455347061,2.162707777,1.957187800,-1.482614280,0.195718780,-0.148261428,0.215464667,0.399303231,2.564217812,absolute
154.500000000,510,0.000442853,-0.078117560,0.078118816,0.008979370,0.107328106,0.107703071,0.017958739,0.214656212,0.215406141,0.392738280,0.138226162,0.100125679,0.406701285,0.285800363,-0.065526533,1.847029628,-1.292915161,0.184702963,-0.129291516,4.067012855,-0.655265330,2.254583789,2.309745188,1.847029628,-1.292915161,0.184702963,-0.129291516,0.215436090,0.399307523,2.350683962,absolute
154.801000000,511,-0.003176612,0.077652324,0.077717272,0.008968877,0.107943565,0.108315529,0.017937755,0.215887129,0.216631059,0.415241611,0.138933125,0.079650509,0.408667252,0.292023928,-0.038352837,1.729252569,-1.101416845,0.172925257,-0.110141685,4.086672519,-0.383528369,2.050227674,2.464303692,1.729252569,-1.101416845,0.172925257,-0.110141685,0.215339283,0.399323440,2.131702334,absolute
155.101000000,512,-0.008867064,-0.223998688,0.224174122,0.008912503,0.107018962,0.107389436,0.017825007,0.214037923,0.214778871,0.384747987,0.137975139,0.107273112,0.410644374,0.283211729,-0.011178957,1.615681196,-0.909658189,0.161568120,-0.090965819,4.106443739,-0.111789566,1.854158502,2.615433498,1.615681196,-0.909658189,0.161568120,-0.090965819,0.215522593,0.399309726,1.916726668,absolute
155.402000000,513,-0.000759243,-0.038174586,0.038182135,0.008877056,0.107675511,0.108040815,0.017754112,0.215351021,0.216081630,0.409702805,0.138759118,0.084781786,0.412629603,0.290807096,0.015994005,1.460639275,-0.698546358,0.146063927,-0.069854636,4.126296032,0.159940054,1.619084342,2.800486541,1.460639275,-0.698546358,0.146063927,-0.069854636,0.215408337,0.399312360,1.660088508,absolute
155.700000000,514,-0.000832240,-0.357639064,0.357640032,0.008928388,0.107267639,0.107638574,0.017856775,0.214535279,0.215277148,0.396045929,0.138330074,0.097142243,0.414478760,0.286800992,0.041355005,1.389161455,-0.525542683,0.138916145,-0.052554268,4.144787599,0.413550053,1.485249022,2.911248979,1.389161455,-0.525542683,0.138916145,-0.052554268,0.215610542,0.399308126,1.494178960,absolute
155.902000000,515,-0.000963679,0.222992333,0.222994416,0.008933958,0.107598075,0.107968335,0.017867917,0.215196150,0.215936670,0.408520916,0.138721988,0.085835609,0.415921345,0.290404495,0.061281669,1.273279189,-0.377711501,0.127327919,-0.037771150,4.159213450,0.612816692,1.328121181,3.051190368,1.273279189,-0.377711501,0.127327919,-0.037771150,0.215233099,0.399356950,1.312744036,absolute
156.105000000,516,-0.001387185,-0.417157936,0.417160243,0.008885573,0.106245760,0.106616673,0.017771146,0.212491520,0.213233345,0.362795597,0.137285484,0.126460235,0.417231129,0.274984818,0.079397860,1.244056896,-0.257641261,0.124405690,-0.025764126,4.172311290,0.793978601,1.270455265,3.111362745,1.244056896,-0.257641261,0.124405690,-0.025764126,0.215634230,0.399313234,1.220345193,absolute
156.400000000,517,0.000438975,-0.449780813,0.449781028,0.008851099,0.107175800,0.107540662,0.017702199,0.214351600,0.215081324,0.394974253,0.138296407,0.098137126,0.419169449,0.286559451,0.106575571,1.080639331,-0.054700407,0.108063933,-0.005470041,4.191694487,1.065755713,1.082022874,3.306672965,1.080639331,-0.054700407,0.108063933,-0.005470041,0.215664777,0.399310380,0.976886265,absolute
156.601000000,518,0.007073418,0.321270705,0.321348563,0.008817162,0.107606270,0.107966901,0.017634325,0.215212541,0.215933803,0.409097480,0.138740101,0.085263213,0.420448485,0.290402014,0.124693076,1.044500281,0.054344991,0.104450028,0.005434499,4.204484852,1.246930757,1.045913101,3.377538052,1.044500281,0.054344991,0.104450028,0.005434499,0.215164569,0.399378203,0.898245869,absolute
156.901000000,519,0.011587376,-0.478768971,0.478909172,0.008865811,0.107205806,0.107571778,0.017731622,0.214411611,0.215143555,0.396122336,0.138332475,0.097059171,0.422388560,0.286782268,0.151867853,0.889542951,0.276460750,0.088954295,0.027646075,4.223885600,1.518678532,0.931513397,3.558222297,0.889542951,0.276460750,0.088954295,0.027646075,0.215681654,0.399311507,0.684968143,absolute
157.203000000,520,-0.001633755,0.158283389,0.158291820,0.008871079,0.107396356,0.107762114,0.017742157,0.214792712,0.215524229,0.401679007,0.138507043,0.092016699,0.424315647,0.288365019,0.179044860,0.815866611,0.442936903,0.081586661,0.044293690,4.243156465,1.790448602,0.928348763,3.682676136,0.815866611,0.442936903,0.081586661,0.044293690,0.215262115,0.399353961,0.602183720,absolute
157.501000000,521,-0.004681968,0.048740673,0.048965029,0.008978614,0.107086640,0.107462384,0.017957229,0.214173280,0.214924768,0.392690379,0.138224657,0.100127997,0.426244544,0.285669205,0.206221726,0.700859318,0.636183112,0.070085932,0.063618311,4.262445440,2.062217260,0.946537234,3.836465704,0.700859318,0.636183112,0.070085932,0.063618311,0.215327413,0.399337203,0.540219599,absolute
157.800000000,522,-0.000761984,0.295631059,0.295632041,0.008907365,0.112168383,0.112521498,0.017814731,0.224336767,0.225042995,0.571926850,0.143855537,-0.067836710,0.420350917,0.295082056,0.232478099,0.525080608,0.821026966,0.052508061,0.082102697,4.203509170,2.324780990,0.974574227,3.973929145,0.525080608,0.821026966,0.052508061,0.082102697,0.215229362,0.399374561,0.523257628,absolute
158.002000000,523,0.004567379,0.371514616,0.371542690,0.008943412,0.115545088,0.115890690,0.017886824,0.231090177,0.231781380,0.692018371,0.147628323,-0.171737583,0.409055775,0.249289208,0.246574737,0.444244048,0.894111555,0.044424405,0.089411155,4.090557754,2.465747365,0.998392832,3.970597281,0.444244048,0.894111555,0.044424405,0.089411155,0.215222182,0.399392753,0.545158424,absolute
158.300000000,524,0.002926268,-0.057211980,0.057286767,0.008942922,0.118436208,0.118773360,0.017885844,0.236872415,0.237546721,0.791839245,0.150764288,-0.240187559,0.385012711,0.184095586,0.259003643,0.188325222,0.869545707,0.018832522,0.086954571,3.850127111,2.590036427,0.889705640,4.045847425,0.188325222,0.869545707,0.018832522,0.086954571,0.215531313,0.399333749,0.470998362,absolute
158.501000000,525,-0.009561939,-0.491574992,0.491667981,0.008915493,0.118866105,0.119199987,0.017830986,0.237732209,0.238399974,0.805633913,0.151197660,-0.248038398,0.368065663,0.173587376,0.265540667,0.062038098,0.868249444,0.006203810,0.086824944,3.680656629,2.655406666,0.870462993,4.035880450,0.062038098,0.868249444,0.006203810,0.086824944,0.215813761,0.399328477,0.493491467,absolute
158.704000000,526,-0.002990044,-1.000000000,1.000000000,0.008908961,0.119088772,0.119421544,0.017817922,0.238177544,0.238843089,0.813480827,0.151444179,-0.252209770,0.361287732,0.167399370,0.268155955,-0.091466553,0.830018786,-0.009146655,0.083001879,3.612877320,2.681559552,0.835043302,4.141300127,-0.091466553,0.830018786,-0.009146655,0.083001879,0.216148402,0.399317439,0.529273664,absolute
159.000000000,527,0.004547748,0.036449772,0.036732382,0.008935476,0.119381520,0.119715455,0.017870953,0.238763040,0.239430909,0.826186619,0.151843343,-0.258829828,0.325704659,0.157286919,0.281895484,-0.307745465,0.758353954,-0.030774546,0.075835395,3.257046588,2.818954839,0.818417980,4.117501474,-0.307745465,0.758353954,-0.030774546,0.075835395,0.215462734,0.399352589,0.634530377,absolute
159.300000000,528,0.001343025,0.327014440,0.327017197,0.008914816,0.120172441,0.120502654,0.017829633,0.240344882,0.241005308,0.851441395,0.152636745,-0.270448244,0.300231604,0.136261197,0.291546511,-0.523629622,0.701116248,-0.052362962,0.070111625,3.002316038,2.915465113,0.875072553,4.163608253,-0.523629622,0.701116248,-0.052362962,0.070111625,0.215273158,0.399411185,0.798124841,absolute
159.601000000,529,-0.002984974,0.109385420,0.109426140,0.008845235,0.122322694,0.122642080,0.017690470,0.244645389,0.245284160,0.927402524,0.155023134,-0.294916118,0.275050001,0.068453057,0.294576680,-0.750989517,0.569030353,-0.075098952,0.056903035,2.750500009,2.945766803,0.942221204,4.231938687,-0.750989517,0.569030353,-0.075098952,0.056903035,0.215432934,0.399380934,0.981199918,absolute
159.903000000,530,-0.005637613,-0.230790712,0.230859558,0.008903158,0.121884369,0.122209106,0.017806317,0.243768738,0.244418212,0.910511625,0.154492491,-0.290771050,0.246013411,0.083970226,0.295771006,-0.923802696,0.485149508,-0.092380270,0.048514951,2.460134114,2.957710058,1.043446916,4.191012289,-0.923802696,0.485149508,-0.092380270,0.048514951,0.215640968,0.399358271,1.142668806,absolute
160.205000000,531,-0.007535085,0.010511346,0.012933132,0.008933138,0.121562607,0.121890395,0.017866276,0.243125215,0.243780791,0.900368289,0.154173829,-0.287990949,0.218790701,0.093205682,0.296861521,-1.119899460,0.356418841,-0.111989946,0.035641884,2.187907007,2.968615211,1.175248565,4.214872892,-1.119899460,0.356418841,-0.111989946,0.035641884,0.215470872,0.399368411,1.336060848,absolute
160.500000000,532,-0.002221259,-0.605656567,0.605660640,0.008952416,0.121468539,0.121797996,0.017904832,0.242937078,0.243595991,0.895064947,0.154007219,-0.286470252,0.193381247,0.098015392,0.297864525,-1.307993719,0.234219913,-0.130799372,0.023421991,1.933812467,2.978645252,1.328798907,4.247490764,-1.307993719,0.234219913,-0.130799372,0.023421991,0.215866259,0.399354307,1.532781328,absolute
160.701000000,533,-0.004494416,0.501017425,0.501037583,0.008915268,0.122472644,0.122796704,0.017830535,0.244945287,0.245593407,0.929864907,0.155100492,-0.295269934,0.173417729,0.066132238,0.298665218,-1.440635618,0.105590712,-0.144063562,0.010559071,1.734177291,2.986652177,1.444500046,4.287184645,-1.440635618,0.105590712,-0.144063562,0.010559071,0.215147523,0.399464426,1.681659766,absolute
160.901000000,534,0.005643049,-0.051333032,0.051642271,0.008969274,0.121534800,0.121865317,0.017938548,0.243069599,0.243730633,0.897718702,0.154090589,-0.287287590,0.155269188,0.095627084,0.299409351,-1.547535333,0.065378769,-0.154753533,0.006537877,1.552691881,2.994093511,1.548915747,4.264830456,-1.547535333,0.065378769,-0.154753533,0.006537877,0.215493392,0.399371117,1.794386016,absolute
161.200000000,535,0.009758958,0.017021970,0.019621028,0.008956226,0.122349446,0.122676815,0.017912452,0.244698891,0.245353629,0.927292478,0.155019677,-0.294770967,0.129862783,0.068526772,0.300452917,-1.736156557,-0.060928336,-0.173615656,-0.006092834,1.298627833,3.004529169,1.737225332,4.313576938,-1.736156557,-0.060928336,-0.173615656,-0.006092834,0.215451502,0.399380322,2.005157868,absolute
161.400000000,536,0.000109914,0.224031369,0.224031396,0.008973020,0.121876930,0.122206797,0.017946040,0.243753860,0.244413594,0.911049805,0.154509398,-0.290838536,0.111714968,0.083457233,0.301199393,-1.855888999,-0.147221220,-0.185588900,-0.014722122,1.117149683,3.011993930,1.861719115,4.338156218,-1.855888999,-0.147221220,-0.185588900,-0.014722122,0.215304143,0.399419709,2.142115155,absolute
161.700000000,537,-0.002663907,-0.605994422,0.606000277,0.008914965,0.121539139,0.121865659,0.017829930,0.243078277,0.243731318,0.896594798,0.154055281,-0.286705346,0.082677785,0.096559079,0.302392525,-2.041473658,-0.274290824,-0.204147366,-0.027429082,0.826777855,3.023925249,2.059817990,4.370937657,-2.041473658,-0.274290824,-0.204147366,-0.027429082,0.215833819,0.399367634,2.355685201,absolute
161.900000000,538,-0.009849203,0.287444253,0.287612943,0.008911521,0.122885938,0.123208640,0.017823042,0.245771875,0.246417279,0.945767362,0.155600083,-0.298447805,0.064526874,0.051346395,0.302934527,-2.176379695,-0.364999045,-0.217637969,-0.036499905,0.645268735,3.029345266,2.206774315,4.413986086,-2.176379695,-0.364999045,-0.217637969,-0.036499905,0.215258797,0.399440395,2.510836978,absolute
162.200000000,539,0.001997251,0.233482972,0.233491514,0.008886980,0.127286315,0.127596177,0.017773960,0.254572630,0.255192354,-0.901275734,0.160405365,-0.288279590,0.039004939,-0.092392017,0.294401679,-2.323666656,-0.517432280,-0.232366666,-0.051743228,0.390049394,2.944016789,2.380580369,4.398395669,-2.323666656,-0.517432280,-0.232366666,-0.051743228,0.214826351,0.399668241,2.699077641,absolute
162.400000000,540,0.001045958,0.486384323,0.486385447,0.008905657,0.131945519,0.132245721,0.017811313,0.263891039,0.264491443,-0.737409829,0.165553365,-0.205466912,0.026116853,-0.222399212,0.281743670,-2.378627456,-0.661770823,-0.237862746,-0.066177082,0.261168534,2.817436704,2.468969258,4.367311288,-2.378627456,-0.661770823,-0.237862746,-0.066177082,0.214696805,0.399712829,2.802156004,absolute
162.607000000,541,-0.002648495,0.198892956,0.198910589,0.008878173,0.134391799,0.134684734,0.017756347,0.268783598,0.269369469,-0.652101408,0.168233408,-0.139305501,0.018582450,-0.268997394,0.265325085,-2.371254814,-0.830472448,-0.237125481,-0.083047245,0.185824499,2.653250852,2.512475648,4.321456079,-2.371254814,-0.830472448,-0.237125481,-0.083047245,0.214899046,0.399653966,2.863809138,absolute
162.900000000,542,0.005328628,-0.278206981,0.278258007,0.008930874,0.135623028,0.135916762,0.017861748,0.271246055,0.271833524,-0.610293486,0.169546842,-0.102788865,0.015113800,-0.284683213,0.240148878,-2.275927858,-1.027455393,-0.227592786,-0.102745539,0.151137998,2.401488780,2.497100759,4.200988790,-2.275927858,-1.027455393,-0.227592786,-0.102745539,0.215220999,0.399604054,2.870944321,absolute
163.102000000,543,-0.009232546,0.315144293,0.315279504,0.008895445,0.136325048,0.136614962,0.017790890,0.272650097,0.273229923,-0.587299759,0.170269212,-0.081991757,0.012676778,-0.291422447,0.220318564,-2.192157537,-1.162128890,-0.219215754,-0.116212889,0.126767779,2.203185641,2.481148569,4.086900600,-2.192157537,-1.162128890,-0.219215754,-0.116212889,0.214836011,0.399664836,2.869288689,absolute
163.401000000,544,-0.004495305,0.216934655,0.216981225,0.008863297,0.135993215,0.136281740,0.017726593,0.271986431,0.272563480,-0.597017120,0.169963932,-0.090821116,0.009360050,-0.288696282,0.193275957,-2.073675507,-1.351335037,-0.207367551,-0.135133504,0.093600499,1.932759574,2.475123530,3.934763360,-2.073675507,-1.351335037,-0.207367551,-0.135133504,0.214901262,0.399646212,2.881582719,absolute
163.700000000,545,0.002682752,0.053224162,0.053291731,0.008942278,0.135949844,0.136243621,0.017884556,0.271899687,0.272487242,-0.600045794,0.169868783,-0.093619858,0.006064361,-0.287991315,0.166230838,-1.957179200,-1.543453609,-0.195717920,-0.154345361,0.060643614,1.662308380,2.492548789,3.787943880,-1.957179200,-1.543453609,-0.195717920,-0.154345361,0.215010727,0.399614528,2.914433541,absolute
163.900000000,546,0.002812201,0.003629051,0.004591131,0.009013788,0.136256506,0.136554326,0.018027577,0.272513012,0.273108651,-0.590239296,0.170176863,-0.084695429,0.005119740,-0.290707667,0.148092841,-1.875368600,-1.670495896,-0.187536860,-0.167049590,0.051197397,1.480928413,2.511486398,3.693661019,-1.875368600,-1.670495896,-0.187536860,-0.167049590,0.215046371,0.399602929,2.941962593,absolute
164.101000000,547,-0.005476161,-0.195195747,0.195272548,0.009053706,0.135983697,0.136284759,0.018107411,0.271967394,0.272569518,-0.599213095,0.169894943,-0.092825826,0.004249345,-0.288110071,0.129951080,-1.744151774,-1.813083550,-0.174415177,-0.181308355,0.042493448,1.299510803,2.515817435,3.588919720,-1.744151774,-1.813083550,-0.174415177,-0.181308355,0.215175909,0.399598530,2.955490983,absolute
164.302000000,548,0.004605531,0.286511348,0.286548361,0.009069338,0.136736733,0.137037174,0.018138676,0.273473467,0.274074349,-0.573702239,0.170696390,-0.069455339,0.003372738,-0.294588226,0.111808492,-1.656441011,-1.935920044,-0.165644101,-0.193592004,0.033727376,1.118084920,2.547858560,3.490503616,-1.656441011,-1.935920044,-0.165644101,-0.193592004,0.214868043,0.399648943,2.992771302,absolute
164.503000000,549,0.001129235,-0.031561110,0.031581305,0.009053957,0.135788685,0.136090194,0.018107914,0.271577369,0.272180389,-0.605880956,0.169685466,-0.098823993,0.002473139,-0.286055419,0.093666984,-1.570399789,-2.060278865,-0.157039979,-0.206027887,0.024731387,0.936669838,2.590541352,3.395017672,-1.570399789,-2.060278865,-0.157039979,-0.206027887,0.215072046,0.399599960,3.039558111,absolute
164.800000000,550,-0.002428083,-0.132810309,0.132832503,0.009047828,0.136126881,0.136427237,0.018095656,0.272253762,0.272854474,-0.593261727,0.170081911,-0.087420658,0.001228674,-0.289786773,0.068268888,-1.486674578,-2.230982321,-0.148667458,-0.223098232,0.012286744,0.682688880,2.680948231,3.276639272,-1.486674578,-2.230982321,-0.148667458,-0.223098232,0.215142342,0.399594473,3.133068001,absolute
165.102000000,551,0.003515008,-0.035935383,0.036106883,0.009067551,0.136344089,0.136645275,0.018135102,0.272688179,0.273290550,-0.583666345,0.170383359,-0.078644480,-0.000141254,-0.292281729,0.039240694,-1.358307689,-2.424954483,-0.135830769,-0.242495448,-0.001412535,0.392406942,2.779461103,3.127089679,-1.358307689,-2.424954483,-0.135830769,-0.242495448,0.215083901,0.399592666,3.233207029,absolute
165.400000000,552,-0.012534687,-0.092717837,0.093561293,0.009045299,0.138926165,0.139220318,0.018090598,0.277852331,0.278440635,-0.492095666,0.173260136,0.007515456,0.002172262,-0.302587436,0.012312968,-1.219400722,-2.600195326,-0.121940072,-0.260019533,0.021722615,0.123129678,2.871925113,2.992805743,-1.219400722,-2.600195326,-0.121940072,-0.260019533,0.215135431,0.399574790,3.325133790,absolute
165.603000000,553,0.000213544,0.271279375,0.271279459,0.009056652,0.143495077,0.143780597,0.018113305,0.286990154,0.287561194,-0.335068310,0.178193296,0.149918402,0.011078298,-0.262966049,-0.003403324,-1.085283882,-2.689362783,-0.108528388,-0.268936278,0.110782984,-0.034033243,2.900088496,2.912275900,-1.085283882,-2.689362783,-0.108528388,-0.268936278,0.214923769,0.399584688,3.351437962,absolute
165.903000000,554,0.001776133,-0.021687822,0.021760429,0.009064110,0.148106303,0.148383406,0.018128220,0.296212607,0.296766812,-0.175314080,0.183212123,0.257844120,0.033275758,-0.158357249,-0.018615430,-0.862205272,-2.725315463,-0.086220527,-0.272531546,0.332757582,-0.186154296,2.858451032,2.806292154,-0.862205272,-2.725315463,-0.086220527,-0.272531546,0.215145389,0.399483399,3.305306699,absolute
166.214000000,555,-0.001297287,0.072769820,0.072781382,0.009019866,0.151108211,0.151377176,0.018039732,0.302216423,0.302754353,-0.070667963,0.186499678,0.295405310,0.062044136,-0.066682088,-0.021043299,-0.624005411,-2.580002729,-0.062400541,-0.258000273,0.620441360,-0.210432994,2.654391989,2.676473145,-0.624005411,-2.580002729,-0.062400541,-0.258000273,0.215109404,0.399461020,3.095370398,absolute
166.500000000,556,0.004097998,0.242045660,0.242080348,0.008961127,0.151115525,0.151380989,0.017922254,0.302231051,0.302761978,-0.071140900,0.186484820,0.295033173,0.087467825,-0.067058928,-0.020566000,-0.453848102,-2.478307745,-0.045384810,-0.247830774,0.874678253,-0.205660005,2.519521260,2.632472227,-0.453848102,-2.478307745,-0.045384810,-0.247830774,0.215007081,0.399488411,2.954501307,absolute
166.800000000,557,-0.003633397,-0.390427939,0.390444845,0.007284056,0.150503414,0.150679577,0.014568112,0.301006828,0.301359155,-0.096245121,0.185696148,0.234093398,0.113655341,-0.073020103,-0.020070384,-0.278733661,-2.337620871,-0.027873366,-0.233762087,1.136553407,-0.200703838,2.354180067,2.563094202,-0.278733661,-2.337620871,-0.027873366,-0.233762087,0.215430096,0.399442141,2.781314752,absolute
167.100000000,558,0.001548625,1.000000000,1.000000000,0.006542316,0.151335273,0.151476621,0.013084632,0.302670547,0.302953243,-0.057383697,0.186917016,0.217256683,0.136602582,-0.039596093,-0.019624097,-0.115254657,-2.195413520,-0.011525466,-0.219541352,1.366025817,-0.196240966,2.198436754,2.488148457,-0.115254657,-2.195413520,-0.011525466,-0.219541352,0.214539876,0.399619722,2.615905572,absolute
167.302000000,559,0.001547436,-0.022678465,0.022731197,0.006541829,0.150570791,0.150712835,0.013083657,0.301141582,0.301425670,-0.091382738,0.185848904,0.211868073,0.147192955,-0.062552671,-0.019409692,-0.025219891,-2.098444054,-0.002521989,-0.209844405,1.471929551,-0.194096921,2.098595599,2.422394363,-0.025219891,-2.098444054,-0.002521989,-0.209844405,0.215203370,0.399445493,2.509433308,absolute
167.513000000,560,0.006800233,-0.220787704,0.220892403,0.006564138,0.151033803,0.151176379,0.013128276,0.302067606,0.302352758,-0.069357610,0.186540844,0.215550005,0.160431015,-0.047724597,-0.019145464,0.070691068,-1.992589876,0.007069107,-0.199258988,1.604310152,-0.191454638,1.993843434,2.365602595,0.070691068,-1.992589876,0.007069107,-0.199258988,0.215342114,0.399433089,2.396392662,absolute
167.724000000,561,-0.007640179,-0.003944134,0.008598171,0.006543343,0.150627585,0.150769641,0.013086686,0.301255169,0.301539282,-0.089215360,0.185916994,0.212091539,0.174993194,-0.061051755,-0.018848105,0.159260006,-1.911969585,0.015926001,-0.191196958,1.749931945,-0.188481047,1.918591005,2.345346447,0.159260006,-1.911969585,0.015926001,-0.191196958,0.215198360,0.399443521,2.312089887,absolute
168.001000000,562,-0.001960048,-0.289320043,0.289326683,0.006533993,0.150668909,0.150810521,0.013067987,0.301337818,0.301621042,-0.087526568,0.185970049,0.212574279,0.193526642,-0.059971302,-0.018469784,0.312174121,-1.715797314,0.031217412,-0.171579731,1.935266422,-0.184697837,1.743964766,2.231298775,0.312174121,-1.715797314,0.031217412,-0.171579731,0.215391958,0.399433331,2.117443616,absolute
168.300000000,563,-0.008060711,-0.035926101,0.036819286,0.006471079,0.151128478,0.151266955,0.012942157,0.302256956,0.302533910,-0.066941018,0.186616764,0.215973009,0.213384526,-0.046101073,-0.018067395,0.440079973,-1.614343703,0.044007997,-0.161434370,2.133845256,-0.180673945,1.673253111,2.219065075,0.440079973,-1.614343703,0.044007997,-0.161434370,0.215234834,0.399432317,2.026289514,absolute
168.600000000,564,0.000261104,-0.262525917,0.262526047,0.006521801,0.150825218,0.150966157,0.013043602,0.301650437,0.301932313,-0.080816032,0.186180867,0.213572099,0.231918018,-0.055419997,-0.017696750,0.596418415,-1.416968914,0.059641841,-0.141696891,2.319180176,-0.176967504,1.537373029,2.122619039,0.596418415,-1.416968914,0.059641841,-0.141696891,0.215387254,0.399427563,1.855931278,absolute
168.800000000,565,-0.000101719,0.004384843,0.004386023,0.006500699,0.151373527,0.151513048,0.013001397,0.302747054,0.303026096,-0.054590909,0.187004754,0.217274435,0.246480172,-0.037632777,-0.017421525,0.687640451,-1.318518593,0.068764045,-0.131851859,2.464801718,-0.174215248,1.487057723,2.113701094,0.687640451,-1.318518593,0.068764045,-0.131851859,0.215221672,0.399426053,1.781716394,absolute
169.001000000,566,-0.001657455,0.188410815,0.188418105,0.006468597,0.151118835,0.151257215,0.012937194,0.302237671,0.302514430,-0.066859985,0.186619309,0.215765335,0.259718350,-0.045999316,-0.017137357,0.767778875,-1.268726499,0.076777888,-0.126872650,2.597183503,-0.171373570,1.482953583,2.133284965,0.767778875,-1.268726499,0.076777888,-0.126872650,0.215102741,0.399461280,1.757356359,absolute
169.300000000,567,0.002919972,-0.138024727,0.138055610,0.006417977,0.153133357,0.153267790,0.012835954,0.306266714,0.306535580,0.026496190,0.189552180,0.219967253,0.278803705,0.018352533,-0.012126409,0.890829751,-1.058638076,0.089082975,-0.105863808,2.788037053,-0.121264092,1.383579496,2.116144025,0.890829751,-1.058638076,0.089082975,-0.105863808,0.215341485,0.399397923,1.606908017,absolute
169.501000000,568,-0.001162719,-0.082278970,0.082287185,0.006447613,0.155392816,0.155526521,0.012895226,0.310785631,0.311053043,0.133130123,0.192902184,0.201520535,0.289790159,0.089568613,-0.004804850,0.941989446,-0.977845599,0.094198945,-0.097784560,2.897901594,-0.048048499,1.357765124,2.165667329,0.941989446,-0.977845599,0.094198945,-0.097784560,0.215332143,0.399374303,1.557165853,absolute
169.703000000,569,0.005754829,0.259493761,0.259557566,0.006451746,0.156771703,0.156904404,0.012903491,0.313543407,0.313808808,0.199923222,0.195000551,0.178665005,0.297729617,0.129741893,0.004045773,0.957391663,-0.836373584,0.095739166,-0.083637358,2.977296172,0.040457729,1.271266915,2.202009850,0.957391663,-0.836373584,0.095739166,-0.083637358,0.215128637,0.399408676,1.441565883,absolute
170.002000000,570,0.012081597,-0.017439993,0.021215992,0.006495346,0.159866455,0.159998353,0.012990693,0.319732909,0.319996705,0.347278278,0.199629847,0.101850210,0.305933927,0.195736587,0.023407891,0.909403202,-0.632548396,0.090940320,-0.063254840,3.059339273,0.234078908,1.107759747,2.318031060,0.909403202,-0.632548396,0.090940320,-0.063254840,0.215353930,0.399337521,1.243580691,absolute
170.301000000,571,0.008949726,-0.281494549,0.281636785,0.006527445,0.161264774,0.161396825,0.013054890,0.322529549,0.322793649,0.412711866,0.201685503,0.059813886,0.306747186,0.212625656,0.043212750,0.735479505,-0.440300969,0.073547951,-0.044030097,3.067471857,0.432127500,0.857201870,2.489843321,0.735479505,-0.440300969,0.073547951,-0.044030097,0.215545529,0.399325317,0.987574625,absolute
170.601000000,572,0.004462273,-0.649738147,0.649753470,0.006527066,0.160383444,0.160516204,0.013054132,0.320766888,0.321032407,0.372284281,0.200415433,0.086181853,0.306570912,0.203141827,0.063073019,0.633068634,-0.315103922,0.063306863,-0.031510392,3.065709116,0.630730190,0.707153716,2.610046337,0.633068634,-0.315103922,0.063306863,-0.031510392,0.215770931,0.399323284,0.827371504,absolute
170.868000000,573,-0.001471781,-0.167280043,0.167286517,0.006561941,0.161749584,0.161882633,0.013123883,0.323499168,0.323765267,0.438837736,0.202506272,0.042135732,0.306416059,0.216583724,0.080285586,0.526051856,-0.215393533,0.052605186,-0.021539353,3.064160593,0.802855861,0.568440787,2.734744556,0.526051856,-0.215393533,0.052605186,-0.021539353,0.215473432,0.399329500,0.688725899,absolute
171.100000000,574,-0.011438287,-0.329758928,0.329957248,0.006621698,0.161343619,0.161479442,0.013243395,0.322687238,0.322958884,0.417312474,0.201830036,0.056685034,0.306275136,0.213281365,0.096174378,0.394086353,-0.087096997,0.039408635,-0.008709700,3.062751361,0.961743782,0.403596259,2.867375090,0.394086353,-0.087096997,0.039408635,-0.008709700,0.215569677,0.399330064,0.518150064,absolute
171.300000000,575,-0.007069810,-0.143026145,0.143200769,0.006630979,0.161239270,0.161375562,0.013261959,0.322478540,0.322751124,0.412406157,0.201675899,0.059961244,0.306155925,0.212366859,0.109415459,0.291916319,0.008797893,0.029191632,0.000879789,3.061559247,1.094154585,0.292048866,2.974713616,0.291916319,0.008797893,0.029191632,0.000879789,0.215444745,0.399335415,0.397954089,absolute
171.600000000,576,0.000554001,0.122933783,0.122935031,0.006614346,0.161719220,0.161854427,0.013228692,0.323438439,0.323708854,0.433442861,0.202336787,0.045808392,0.305986263,0.215876771,0.129276372,0.133875866,0.149342921,0.013387587,0.014934292,3.059862626,1.292763720,0.200564343,3.141466162,0.133875866,0.149342921,0.013387587,0.014934292,0.215276444,0.399359712,0.262934307,absolute
171.801000000,577,-0.009487383,0.334506418,0.334640933,0.006563874,0.162060933,0.162193805,0.013127748,0.324121865,0.324387610,0.450557224,0.202874450,0.034148962,0.305869606,0.218078186,0.142516508,-0.017161041,0.256873009,-0.001716104,0.025687301,3.058696060,1.425165076,0.257445614,3.290258844,-0.017161041,0.256873009,-0.001716104,0.025687301,0.215141031,0.399398717,0.272539594,absolute
172.100000000,578,0.005537030,0.079475573,0.079668221,0.006571030,0.160882831,0.161016968,0.013142060,0.321765663,0.322033935,0.395148691,0.201133740,0.071416405,0.305678705,0.208908639,0.162377813,-0.166208532,0.396988183,-0.016620853,0.039698818,3.056787050,1.623778132,0.430377617,3.448581462,-0.166208532,0.396988183,-0.016620853,0.039698818,0.215289220,0.399357659,0.381505111,absolute
172.300000000,579,-0.000675196,0.167835942,0.167837300,0.006581583,0.161438592,0.161572696,0.013163165,0.322877183,0.323145392,0.421931041,0.201975132,0.053572681,0.305553053,0.214034000,0.175617670,-0.217106396,0.478866064,-0.021710640,0.047886606,3.055530531,1.756176700,0.525783124,3.513072005,-0.217106396,0.478866064,-0.021710640,0.047886606,0.215237837,0.399372666,0.439591556,absolute
172.508000000,580,0.001971409,-0.018207075,0.018313493,0.006601647,0.161338645,0.161473651,0.013203294,0.322677289,0.322947302,0.415669789,0.201778429,0.057788028,0.305427854,0.212997361,0.188858656,-0.365350186,0.587786690,-0.036535019,0.058778669,3.054278538,1.888586555,0.692079440,3.658680213,-0.365350186,0.587786690,-0.036535019,0.058778669,0.215356179,0.399343113,0.610516883,absolute
172.805000000,581,0.003115083,0.434103081,0.434114258,0.006544021,0.161571048,0.161703518,0.013088041,0.323142095,0.323407035,0.427550863,0.202151684,0.049796703,0.305242546,0.214993860,0.208719511,-0.515541711,0.727813030,-0.051554171,0.072781303,3.052425456,2.087195114,0.891905299,3.818155229,-0.515541711,0.727813030,-0.051554171,0.072781303,0.215062612,0.399422597,0.801013704,absolute
173.100000000,582,0.000088800,0.290263826,0.290263840,0.006535379,0.161603614,0.161735708,0.013070758,0.323207227,0.323471415,0.428369485,0.202177402,0.049256891,0.305064798,0.215179179,0.228579228,-0.615219004,0.855515881,-0.061521900,0.085551588,3.050647976,2.285792275,1.053756065,3.935005880,-0.615219004,0.855515881,-0.061521900,0.085551588,0.215154097,0.399398256,0.947397896,absolute
173.300000000,583,0.009208205,0.415222298,0.415324388,0.006565946,0.161924530,0.162057598,0.013131891,0.323849059,0.324115195,0.441488587,0.202589551,0.040315997,0.304938700,0.216848532,0.241819669,-0.767260897,0.962446942,-0.076726090,0.096244694,3.049386999,2.418196691,1.230850681,4.084851098,-0.767260897,0.962446942,-0.076726090,0.096244694,0.215076666,0.399419831,1.132248478,absolute
173.602000000,584,-0.001260515,-0.128155745,0.128161944,0.006529176,0.162323909,0.162455168,0.013058353,0.324647819,0.324910336,0.460989340,0.203202185,0.026973444,0.303764340,0.218988461,0.261606519,-0.918668772,1.099128002,-0.091866877,0.109912800,3.037643405,2.616065194,1.432492470,4.237157594,-0.918668772,1.099128002,-0.091866877,0.109912800,0.215434216,0.399342603,1.332624925,absolute
173.900000000,585,-0.002759590,0.331937551,0.331949022,0.006529745,0.165188537,0.165317544,0.013059490,0.330377074,0.330635088,0.599814369,0.207563502,-0.068065799,0.295959139,0.209901421,0.279728050,-1.099706363,1.181318890,-0.109970636,0.118131889,2.959591386,2.797280502,1.613960472,4.369122354,-1.099706363,1.181318890,-0.109970636,0.118131889,0.215176182,0.399401141,1.529807659,absolute
174.113000000,586,-0.012076954,-0.003296828,0.012518861,0.006538317,0.166693365,0.166821544,0.013076634,0.333386729,0.333643087,0.672518614,0.209882102,-0.113869697,0.287082055,0.189111908,0.289501838,-1.187422481,1.216334057,-0.118742248,0.121633406,2.870820549,2.895018381,1.699835488,4.391732864,-1.187422481,1.216334057,-0.118742248,0.121633406,0.215415028,0.399343276,1.623399832,absolute
174.401000000,587,0.003301324,-0.023353853,0.023586038,0.006558126,0.169623981,0.169750712,0.013116252,0.339247963,0.339501423,0.810933756,0.214196013,-0.183037531,0.269788976,0.123608813,0.299006144,-1.432245061,1.149215468,-0.143224506,0.114921547,2.697889757,2.990061440,1.836306648,4.521805779,-1.432245061,1.149215468,-0.143224506,0.114921547,0.215470928,0.399344633,1.810324348,absolute
174.701000000,588,0.006339149,-0.424298902,0.424346254,0.006583458,0.171017250,0.171143921,0.013166916,0.342034500,0.342287842,0.877130279,0.216275638,-0.204423437,0.250161878,0.083076541,0.301298333,-1.583226533,1.078896242,-0.158322653,0.107889624,2.501618780,3.012983333,1.915887094,4.519585612,-1.583226533,1.078896242,-0.158322653,0.107889624,0.215749518,0.399338959,1.923047824,absolute
174.906000000,589,0.000345585,0.056485725,0.056486782,0.006607330,0.171819591,0.171946586,0.013214660,0.343639182,0.343893173,0.912808760,0.217396511,-0.212413742,0.238244309,0.059684502,0.301297234,-1.683390405,0.981643562,-0.168339041,0.098164356,2.382443093,3.012972341,1.948698884,4.545030103,-1.683390405,0.981643562,-0.168339041,0.098164356,0.215441194,0.399361839,1.986105095,absolute
175.209000000,590,0.001816805,0.088620809,0.088639430,0.006551735,0.171934755,0.172059540,0.013103470,0.343869510,0.344119080,0.915925568,0.217494428,-0.212864279,0.215735304,0.057568323,0.301316080,-1.848721990,0.770149952,-0.184872199,0.077014995,2.157353039,3.013160804,2.002724131,4.591267235,-1.848721990,0.770149952,-0.184872199,0.077014995,0.215414808,0.399370187,2.097173897,absolute
175.501000000,591,0.000536568,-0.029677371,0.029682221,0.006641234,0.171496956,0.171625499,0.013282467,0.342993911,0.343250997,0.893476003,0.216789154,-0.208436493,0.197197457,0.072480530,0.301352341,-1.983932198,0.664888186,-0.198393220,0.066488819,1.971974575,3.013523405,2.092382199,4.600574507,-1.983932198,0.664888186,-0.198393220,0.066488819,0.215479543,0.399355219,2.215382532,absolute
175.800000000,592,0.000382009,0.153190305,0.153190782,0.006686579,0.172083360,0.172213220,0.013373158,0.344166720,0.344426440,0.919657849,0.217611681,-0.213749396,0.177335254,0.055126490,0.301398098,-2.143137977,0.465934170,-0.214313798,0.046593417,1.773352545,3.013980981,2.193202006,4.672412713,-2.143137977,0.465934170,-0.214313798,0.046593417,0.215362318,0.399386614,2.359438963,absolute
176.100000000,593,-0.004550207,-0.046520398,0.046742399,0.006642869,0.171466118,0.171594748,0.013285739,0.342932237,0.343189495,0.891814644,0.216736961,-0.208019555,0.157474132,0.073554774,0.301470358,-2.270774100,0.364130822,-0.227077410,0.036413082,1.574741316,3.014703579,2.299783961,4.670495129,-2.270774100,0.364130822,-0.227077410,0.036413082,0.215477628,0.399359980,2.486501306,absolute
176.300000000,594,0.000488461,0.325980600,0.325980966,0.006672077,0.171951206,0.172080603,0.013344154,0.343902412,0.344161206,0.912506018,0.217387000,-0.212468964,0.145556670,0.059918109,0.301512187,-2.366498387,0.263391202,-0.236649839,0.026339120,1.455566699,3.015121871,2.381110989,4.709586309,-2.366498387,0.263391202,-0.236649839,0.026339120,0.215237996,0.399421504,2.585317581,absolute
176.502000000,595,0.004136587,0.461277888,0.461296436,0.006696738,0.171718561,0.171849092,0.013393477,0.343437121,0.343698184,0.902168493,0.217062237,-0.210455729,0.130991612,0.066799591,0.301560391,-2.464298385,0.161411670,-0.246429838,0.016141167,1.309916116,3.015603908,2.469578963,4.731924389,-2.464298385,0.161411670,-0.246429838,0.016141167,0.215142684,0.399447132,2.689993554,absolute
176.805000000,596,-0.007909842,-0.291038171,0.291145638,0.006699747,0.172040106,0.172170511,0.013399494,0.344080212,0.344341021,0.912633870,0.217391016,-0.212492006,0.111130407,0.059832480,0.301623501,-2.619843447,-0.029727307,-0.261984345,-0.002972731,1.111304070,3.016235011,2.620012099,4.816570173,-2.619843447,-0.029727307,-0.261984345,-0.002972731,0.215630403,0.399360520,2.867756670,absolute
177.105000000,597,0.001002383,-0.004852310,0.004954763,0.000108228,0.171722143,0.171722177,0.000216456,0.343444287,0.343444355,0.910821780,0.217334088,0.000080799,0.099214495,-0.000023248,0.301663006,-2.753238920,-0.144421530,-0.275323892,-0.014442153,0.992144946,3.016630057,2.757024144,4.901035344,-2.753238920,-0.144421530,-0.275323892,-0.014442153,0.215417964,0.399361531,3.018049654,absolute
177.400000000,598,0.000096338,-0.001024291,0.001028812,0.000054802,0.171710734,0.171710743,0.000109604,0.343421468,0.343421486,0.899396946,0.216975166,-0.000097502,0.099213342,0.000031885,0.301663010,-2.813095406,-0.350329417,-0.281309541,-0.035032942,0.992133416,3.016630099,2.834825650,5.080962780,-2.813095406,-0.350329417,-0.281309541,-0.035032942,0.215412761,0.399363037,3.119919950,absolute
177.601000000,599,-0.000874259,0.000942868,0.001285819,0.000113544,0.171711186,0.171711224,0.000227089,0.343422372,0.343422448,0.886598377,0.216573087,0.000087247,0.099213985,-0.000032468,0.301663008,-2.837634883,-0.452371597,-0.283763488,-0.045237160,0.992139850,3.016630077,2.873466859,5.167315272,-2.837634883,-0.452371597,-0.283763488,-0.045237160,0.215408387,0.399364849,3.169625875,absolute
177.900000000,600,0.004578084,0.370203853,0.370232159,0.006780258,0.170926493,0.171060918,0.013560516,0.341852985,0.342121837,0.900559495,0.217011689,-0.209905387,0.095241491,0.067794724,0.301676782,-2.845820582,-0.564498488,-0.284582058,-0.056449849,0.952414908,3.016767815,2.901267538,5.220350675,-2.845820582,-0.564498488,-0.284582058,-0.056449849,0.215190301,0.399434794,3.209198497,absolute
178.101000000,601,-0.008727477,0.099792830,0.100173738,0.006797117,0.171388331,0.171523062,0.013594234,0.342776662,0.343046124,0.924116798,0.217751763,-0.214503241,0.082000017,0.052127572,0.301725660,-2.934555325,-0.657198798,-0.293455532,-0.065719880,0.820000171,3.017256604,3.007245453,5.253409319,-2.934555325,-0.657198798,-0.293455532,-0.065719880,0.215368232,0.399389239,3.322408268,absolute
178.320000000,602,0.001049982,0.053464138,0.053474447,0.006789933,0.170872480,0.171007332,0.013579865,0.341744961,0.342014665,0.898772409,0.216955546,-0.209704215,0.067436292,0.069032281,0.301783772,-3.046415702,-0.758675410,-0.304641570,-0.075867541,0.674362923,3.017837719,3.139464446,5.301532325,-3.046415702,-0.758675410,-0.304641570,-0.075867541,0.215387792,0.399380896,3.461279596,absolute
178.609000000,603,0.000482918,0.756776528,0.756776682,0.007483888,0.171282060,0.171445480,0.014967775,0.342564120,0.342890960,0.916634779,0.217516709,-0.234546192,0.048500721,0.062871647,0.301853904,-3.186884329,-0.901660186,-0.318688433,-0.090166019,0.485007210,3.018539039,3.311981705,5.371289364,-3.186884329,-0.901660186,-0.318688433,-0.090166019,0.214930795,0.399511790,3.642168949,absolute
178.900000000,604,-0.001874196,-0.911860018,0.911861944,0.007418149,0.170361843,0.170523272,0.014836298,0.340723686,0.341046545,0.876556447,0.216257611,-0.224574103,0.026653776,0.091737719,0.301942324,-3.342317314,-1.068133773,-0.334231731,-0.106813377,0.266537761,3.019423240,3.508845221,5.452701834,-3.342317314,-1.068133773,-0.334231731,-0.106813377,0.216003022,0.399354583,3.849047375,absolute
179.102000000,605,-0.003776113,-0.102214457,0.102284184,0.007421806,0.171449264,0.171609829,0.014843611,0.342898529,0.343219658,0.924238391,0.217755583,-0.235888863,0.012105553,0.057229184,0.301575328,-3.462639293,-1.230458780,-0.346263929,-0.123045878,0.121055527,3.015753279,3.674765256,5.556364406,-3.462639293,-1.230458780,-0.346263929,-0.123045878,0.215482853,0.399377103,4.023052016,absolute
179.400000000,606,-0.003404364,0.004193400,0.005401324,0.007359806,0.174935241,0.175089992,0.014719611,0.349870481,0.350179983,-0.926309925,0.222450746,-0.236436533,-0.008284297,-0.055735322,0.294220091,-3.577400092,-1.367357159,-0.357740009,-0.136735716,-0.082842973,2.942200912,3.829811617,5.548352929,-3.577400092,-1.367357159,-0.357740009,-0.136735716,0.214943219,0.399614335,4.183784895,absolute
179.702000000,607,-0.000844930,0.334278173,0.334279241,0.007398449,0.178207080,0.178360591,0.014796897,0.356414160,0.356721181,-0.781670535,0.226994727,-0.187799354,-0.023635774,-0.153708179,0.278919033,-3.614867909,-1.593618987,-0.361486791,-0.159361899,-0.236357744,2.789190328,3.950555843,5.533836682,-3.614867909,-1.593618987,-0.361486791,-0.159361899,0.214760316,0.399671697,4.317320939,absolute
179.904000000,608,0.003391096,-0.188881866,0.188912304,0.007366116,0.180433995,0.180584291,0.014732232,0.360867991,0.361168583,-0.683522489,0.230078138,-0.132325980,-0.029592658,-0.203499291,0.265683840,-3.583032314,-1.744260611,-0.358303231,-0.174426061,-0.295926582,2.656838395,3.985042740,5.493153607,-3.583032314,-1.744260611,-0.358303231,-0.174426061,0.215122475,0.399599137,4.361434904,absolute
180.201000000,609,0.011590515,0.140574235,0.141051251,0.007417476,0.181933492,0.182084636,0.014834952,0.363866985,0.364169272,-0.617595068,0.232149309,-0.087677430,-0.033066570,-0.226431324,0.244134766,-3.463677627,-1.937535048,-0.346367763,-0.193753505,-0.330665705,2.441347662,3.968766151,5.384271305,-3.463677627,-1.937535048,-0.346367763,-0.193753505,0.214921338,0.399619794,4.358254592,absolute
180.501000000,610,0.000576465,0.040816730,0.040820801,0.007414956,0.182682388,0.182832810,0.014829912,0.365364777,0.365665621,-0.585210103,0.233166713,-0.064189628,-0.032213465,-0.234030731,0.222318148,-3.309947087,-2.095467757,-0.330994709,-0.209546776,-0.322134648,2.223181475,3.917490886,5.251452595,-3.309947087,-2.095467757,-0.330994709,-0.209546776,0.214993047,0.399596748,4.318628235,absolute
180.800000000,611,0.007682600,0.009015424,0.011844839,0.007442660,0.182742995,0.182894492,0.014885321,0.365485990,0.365788985,-0.582989670,0.233236470,-0.062572766,-0.030941663,-0.234537322,0.200507552,-3.140870481,-2.238137713,-0.314087048,-0.223813771,-0.309416626,2.005075521,3.856725009,5.101175304,-3.140870481,-2.238137713,-0.314087048,-0.223813771,0.215018003,0.399588333,4.268440723,absolute
181.004000000,612,-0.002261178,0.459622100,0.459627662,0.007448567,0.182793567,0.182945263,0.014897133,0.365587135,0.365890527,-0.583526483,0.233219606,-0.063004780,-0.030000954,-0.234567607,0.184513274,-2.982975269,-2.355140935,-0.298297527,-0.235514093,-0.300009539,1.845132744,3.800635509,4.984034920,-2.982975269,-2.355140935,-0.298297527,-0.235514093,0.214724699,0.399669656,4.220695022,absolute
181.322000000,613,-0.004323928,-0.085624602,0.085733709,0.007450351,0.182943023,0.183094667,0.014900702,0.365886045,0.366189335,-0.579243663,0.233354154,-0.059773637,-0.028729614,-0.235120857,0.162702910,-2.894768615,-2.485555964,-0.289476862,-0.248555596,-0.287296141,1.627029097,3.815451976,4.869524472,-2.894768615,-2.485555964,-0.289476862,-0.248555596,0.215083933,0.399582068,4.242075474,absolute
181.539000000,614,-0.005355707,-0.021728385,0.022378702,0.007449339,0.183354162,0.183505426,0.014898677,0.366708324,0.367010852,-0.567856497,0.233711893,-0.051376242,-0.027790002,-0.237340349,0.146708094,-2.760191407,-2.572921070,-0.276019141,-0.257292107,-0.277900023,1.467080935,3.773404224,4.741664973,-2.760191407,-2.572921070,-0.276019141,-0.257292107,0.215046000,0.399580741,4.205687178,absolute
181.800000000,615,-0.003324847,0.077798744,0.077869758,0.007483940,0.183635529,0.183787967,0.014967880,0.367271059,0.367575935,-0.555533463,0.234099032,-0.042105428,-0.026659057,-0.238888702,0.127807529,-2.567655261,-2.699915469,-0.256765526,-0.269991547,-0.266590566,1.278075287,3.725908892,4.595574957,-2.567655261,-2.699915469,-0.256765526,-0.269991547,0.214985670,0.399591605,4.165337279,absolute
182.003000000,616,0.001271853,-0.266136075,0.266139114,0.010899942,0.182794485,0.183119175,0.021799884,0.365588969,0.366238351,-0.589194867,0.233041528,-0.098241658,-0.025481024,-0.341370563,0.108094563,-2.435495661,-2.783803938,-0.243549566,-0.278380394,-0.254810241,1.080945629,3.698811090,4.437530632,-2.435495661,-2.783803938,-0.243549566,-0.278380394,0.215216709,0.399597212,4.142501532,absolute
182.300000000,617,-0.002131567,-0.205326952,0.205338016,0.010850519,0.183093297,0.183414528,0.021701038,0.366186594,0.366829056,-0.581650933,0.233278528,-0.090129001,-0.023681750,-0.343620515,0.078293918,-2.236276986,-2.965932148,-0.223627699,-0.296593215,-0.236817501,0.782939179,3.714523962,4.248749752,-2.236276986,-2.965932148,-0.223627699,-0.296593215,0.215181336,0.399595360,4.163703077,absolute
182.503000000,618,0.002437310,0.401606778,0.401614174,0.010835897,0.183977847,0.184296676,0.021671794,0.367955694,0.368593352,-0.554644404,0.234126963,-0.060714516,-0.022267744,-0.350187840,0.054878544,-2.118151510,-3.095105241,-0.211815151,-0.309510524,-0.222677439,0.548785440,3.750498937,4.107403225,-2.118151510,-3.095105241,-0.211815151,-0.309510524,0.214791978,0.399666135,4.201910552,absolute
182.800000000,619,-0.001701698,-0.335712690,0.335717003,0.010795170,0.182951029,0.183269241,0.021590340,0.365902058,0.366538482,-0.583504923,0.233220283,-0.092183082,-0.020376199,-0.343291610,0.022947547,-1.946494905,-3.290793362,-0.194649491,-0.329079336,-0.203761990,0.229475473,3.823370681,3.928028855,-1.946494905,-3.290793362,-0.194649491,-0.329079336,0.215273741,0.399588026,4.276933302,absolute
183.100000000,620,0.002683113,0.236459281,0.236474503,0.010823254,0.183694247,0.184012824,0.021646507,0.367388495,0.368025647,-0.561344141,0.233916484,-0.068047896,-0.018510104,-0.348712915,-0.008985141,-1.719668235,-3.496808280,-0.171966823,-0.349680828,-0.185101035,-0.089851405,3.896784185,3.736609645,-1.719668235,-3.496808280,-0.171966823,-0.349680828,0.214907047,0.399632006,4.350267627,absolute
183.300000000,621,-0.004380302,-0.175382945,0.175437637,0.010799660,0.182552758,0.182871928,0.021599321,0.365105516,0.365743857,-0.596500043,0.232812029,-0.106065278,-0.017269801,-0.339076619,-0.030273657,-1.657873012,-3.614418890,-0.165787301,-0.361441889,-0.172698014,-0.302736567,3.976501834,3.629460647,-1.657873012,-3.614418890,-0.165787301,-0.361441889,0.215173349,0.399589522,4.429510831,absolute
183.505000000,622,-0.010749985,0.202431244,0.202716479,0.010783586,0.182966808,0.183284311,0.021567172,0.365933616,0.366568621,-0.583617322,0.233216752,-0.092297226,-0.016040974,-0.343232746,-0.051563226,-1.478763973,-3.759090048,-0.147876397,-0.375909005,-0.160409739,-0.515632261,4.039492651,3.501153568,-1.478763973,-3.759090048,-0.147876397,-0.375909005,0.214929902,0.399627380,4.490381898,absolute
183.800000000,623,0.000159852,-0.234860898,0.234860952,0.010767799,0.182738038,0.183055008,0.021535597,0.365476076,0.366110016,-0.591019216,0.232984215,-0.100256228,-0.014212857,-0.341004878,-0.083498299,-1.370965326,-3.940326522,-0.137096533,-0.394032652,-0.142128567,-0.834982995,4.172016183,3.339640430,-1.370965326,-3.940326522,-0.137096533,-0.394032652,0.215220640,0.399582475,4.620692159,absolute
184.001000000,624,0.006733499,-0.256230097,0.256318557,0.010769640,0.183439952,0.183755819,0.021539280,0.366879904,0.367511639,-0.570792409,0.233619658,-0.078378112,-0.012991121,-0.346588417,-0.104787997,-1.254501415,-4.067531767,-0.125450141,-0.406753177,-0.129911212,-1.047879972,4.256593530,3.222266298,-1.254501415,-4.067531767,-0.125450141,-0.406753177,0.215241099,0.399576359,4.702679882,absolute
184.301000000,625,0.004962836,-0.025300934,0.025783076,0.010811436,0.183108804,0.183427700,0.021622873,0.366217607,0.366855400,-0.579240197,0.233354263,-0.087579711,-0.011164498,-0.344512346,-0.136723748,-1.080950701,-4.258056863,-0.108095070,-0.425805686,-0.111644983,-1.367237484,4.393119924,3.048998238,-1.080950701,-4.258056863,-0.108095070,-0.425805686,0.215092380,0.399580689,4.834595664,absolute
184.600000000,626,-0.004922538,0.055869692,0.056086129,0.010844135,0.183446663,0.183766899,0.021688270,0.366893326,0.367533799,-0.571840290,0.233586738,-0.079529498,-0.009336959,-0.346375722,-0.168657920,-0.851923104,-4.459706320,-0.085192310,-0.445970632,-0.093369586,-1.686579200,4.540347282,2.875002167,-0.851923104,-4.459706320,-0.085192310,-0.445970632,0.215043115,0.399588613,4.975054187,absolute
184.800000000,627,-0.005929469,-0.398695288,0.398739378,0.010890515,0.179725979,0.180055633,0.021781029,0.359451958,0.360111265,-0.681834846,0.230131157,-0.192209150,-0.010652555,-0.299048853,-0.189823557,-0.791716837,-4.575876588,-0.079171684,-0.457587659,-0.106525553,-1.898235568,4.643862842,2.763919052,-0.791716837,-4.575876588,-0.079171684,-0.457587659,0.215326093,0.399581319,5.076348771,absolute
185.002000000,628,0.005499091,0.166477723,0.166568521,0.010841429,0.175970821,0.176304470,0.021682858,0.351941641,0.352608941,-0.794939749,0.226577862,-0.284263237,-0.020334508,-0.213515026,-0.208644416,-0.670878300,-4.768103094,-0.067087830,-0.476810309,-0.203345076,-2.086444157,4.815068515,2.722109837,-0.670878300,-4.768103094,-0.067087830,-0.476810309,0.214935032,0.399624220,5.243097447,absolute
185.300000000,629,0.002939614,-0.379851221,0.379862595,0.010864247,0.168481000,0.168830919,0.021728495,0.336961999,0.337661837,0.982738477,0.219593418,-0.354878796,-0.046933704,0.019263493,-0.225419764,-0.729836867,-4.998263651,-0.072983687,-0.499826365,-0.469337041,-2.254197638,5.051267304,2.756403172,-0.729836867,-4.998263651,-0.072983687,-0.499826365,0.215733571,0.399347270,5.479809040,absolute
185.600000000,630,0.007280562,-0.066814701,0.067210199,0.010849366,0.162825794,0.163186850,0.021698733,0.325651589,0.326373700,0.813633585,0.214280831,-0.296124302,-0.078286463,0.196342143,-0.222987981,-0.883426096,-5.178627018,-0.088342610,-0.517862702,-0.782864630,-2.229879808,5.253438822,2.950461441,-0.883426096,-5.178627018,-0.088342610,-0.517862702,0.215458606,0.399340244,5.685179536,absolute
185.800000000,631,0.002085709,-0.865454217,0.865456730,0.010873785,0.157234469,0.157610016,0.021747570,0.314468937,0.315220033,0.647478886,0.209060927,-0.158830155,-0.094144018,0.317921776,-0.212385855,-1.043787966,-5.232424024,-0.104378797,-0.523242402,-0.941440182,-2.123858551,5.335518202,3.110249888,-1.043787966,-5.232424024,-0.104378797,-0.523242402,0.215908212,0.399311054,5.770898929,absolute
186.043000000,632,-0.002224895,0.451039493,0.451044981,0.010821437,0.153594623,0.153975361,0.021642875,0.307189246,0.307950721,0.538639464,0.205641636,-0.043044528,-0.108010557,0.352855144,-0.186443439,-1.209118467,-5.224156798,-0.120911847,-0.522415680,-1.080105574,-1.864434395,5.362255283,3.362198530,-1.209118467,-5.224156798,-0.120911847,-0.522415680,0.214993514,0.399414184,5.801090029,absolute
186.302000000,633,-0.006169084,-0.266938152,0.267009428,0.010748914,0.145679699,0.146075713,0.021497828,0.291359398,0.292151425,0.304860808,0.198297262,0.204519406,-0.106385169,0.290731355,-0.161183141,-1.399640381,-5.073860401,-0.139964038,-0.507386040,-1.063851685,-1.611831407,5.263368937,3.478275262,-1.399640381,-5.073860401,-0.139964038,-0.507386040,0.215370002,0.399348213,5.706511287,absolute
186.505000000,634,-0.000951281,1.000000000,1.000000000,0.010661207,0.144550582,0.144943203,0.021322414,0.289101163,0.289886405,0.270605214,0.197221091,0.234487522,-0.097239799,0.266995540,-0.141941856,-1.482899762,-4.927933339,-0.148289976,-0.492793334,-0.972397989,-1.419418556,5.146214016,3.545460202,-1.482899762,-4.927933339,-0.148289976,-0.492793334,0.214532260,0.399541766,5.591356406,absolute
186.801000000,635,-0.002903293,0.736154089,0.736159814,0.010703200,0.144936180,0.145330846,0.021406400,0.289872361,0.290661692,0.282533145,0.197595818,0.224365922,-0.082763716,0.275649095,-0.113417252,-1.557556064,-4.688488740,-0.155755606,-0.468848874,-0.827637157,-1.134172523,4.940435969,3.628490786,-1.557556064,-4.688488740,-0.155755606,-0.468848874,0.214708944,0.399492445,5.387808071,absolute
187.001000000,636,0.003090002,0.119564268,0.119604190,0.010687983,0.144672060,0.145066323,0.021375965,0.289344120,0.290132645,0.275665626,0.197380069,0.230121301,-0.073101427,0.270581129,-0.094408247,-1.596171862,-4.524188087,-0.159617186,-0.452418809,-0.731014271,-0.944082470,4.797503774,3.683158140,-1.596171862,-4.524188087,-0.159617186,-0.452418809,0.215110579,0.399381564,5.246168334,absolute
187.304000000,637,-0.000585336,-0.264749464,0.264750111,0.009617134,0.144133885,0.144454373,0.019234267,0.288267769,0.288908747,0.258926518,0.196854194,0.219818534,-0.058370934,0.232506633,-0.065534044,-1.700652399,-4.237096982,-0.170065240,-0.423709698,-0.583709342,-0.655340445,4.565655421,3.751871758,-1.700652399,-4.237096982,-0.170065240,-0.423709698,0.215362154,0.399364550,5.016760638,absolute
187.612000000,638,-0.004685595,-0.204124930,0.204178701,0.008671757,0.143787878,0.144049135,0.017343515,0.287575756,0.288098269,0.247624830,0.196499141,0.205024230,-0.046584040,0.201987130,-0.042461243,-1.763320217,-3.988390212,-0.176332022,-0.398839021,-0.465840401,-0.424612435,4.360797481,3.792619927,-1.763320217,-3.988390212,-0.176332022,-0.398839021,0.215323593,0.399375023,4.813264493,absolute
187.901000000,639,0.003238192,0.184006409,0.184034900,0.008682679,0.143943492,0.144205124,0.017365359,0.287886984,0.288410248,0.255374880,0.196742616,0.200055545,-0.034025833,0.206928400,-0.017841868,-1.836656800,-3.762950139,-0.183665680,-0.376295014,-0.340258329,-0.178418678,4.187254704,3.884337032,-1.836656800,-3.762950139,-0.183665680,-0.376295014,0.215073967,0.399411277,4.640565882,absolute
188.203000000,640,0.012758129,0.832846836,0.832944549,0.008792951,0.144643127,0.144910145,0.017585901,0.289286254,0.289820291,0.282159174,0.197584070,0.182121489,-0.023067170,0.223212724,0.003716571,-1.872614756,-3.576937592,-0.187261476,-0.357693759,-0.230671704,0.037165707,4.037470565,3.969599431,-1.872614756,-3.576937592,-0.187261476,-0.357693759,0.214661026,0.399523503,4.490986865,absolute
188.500000000,641,-0.003528459,0.037938948,0.038102674,0.008788954,0.143470150,0.143739103,0.017577908,0.286940301,0.287478206,0.239812688,0.196253715,0.209974880,-0.011476359,0.196947143,0.026882653,-1.948798691,-3.344889798,-0.194879869,-0.334488980,-0.114763588,0.268826530,3.871188977,4.052484479,-1.948798691,-3.344889798,-0.194879869,-0.334488980,0.215165164,0.399389221,4.324623098,absolute
188.702000000,642,-0.004962692,0.751453902,0.751470289,0.008812298,0.147566772,0.147829661,0.017624596,0.295133544,0.295659323,0.391714058,0.201025838,0.096068030,-0.007863054,0.271416165,0.043687070,-2.010898962,-3.191647498,-0.201089896,-0.319164750,-0.078630544,0.436870704,3.772310749,4.110937312,-2.010898962,-3.191647498,-0.201089896,-0.319164750,0.214748154,0.399496656,4.224904901,absolute
188.914000000,643,-0.004421266,0.428255891,0.428278713,0.008817783,0.148038851,0.148301229,0.017635566,0.296077702,0.296602459,0.409089658,0.201571708,0.081107552,-0.007847860,0.276222939,0.047140651,-2.107547112,-3.066707891,-0.210754711,-0.306670789,-0.078478602,0.471406508,3.721082117,4.078648369,-2.107547112,-3.066707891,-0.210754711,-0.306670789,0.214964852,0.399436477,4.172315736,absolute
189.208000000,644,0.001824839,0.292070267,0.292075968,0.008789474,0.148430081,0.148690093,0.017578948,0.296860161,0.297380185,0.376032055,0.200533173,0.109348693,-0.013517285,0.266431163,0.086310645,-2.361330382,-2.904946427,-0.236133038,-0.290494643,-0.135172854,0.863106452,3.743607207,4.376528287,-2.361330382,-2.904946427,-0.236133038,-0.290494643,0.215038347,0.399418087,4.190047812,absolute
189.500000000,645,-0.008315258,0.000909787,0.008364880,0.008840027,0.148686098,0.148948655,0.017680054,0.297372196,0.297897310,0.382200087,0.200726948,0.104130930,-0.011172417,0.268410203,0.112114323,-2.506730389,-2.732635027,-0.250673039,-0.273263503,-0.111724175,1.121143228,3.708232926,4.537362847,-2.506730389,-2.732635027,-0.250673039,-0.273263503,0.215227028,0.399367885,4.149517372,absolute
189.702000000,646,-0.000222166,0.324464393,0.324464469,0.008803081,0.148909891,0.149169869,0.017606161,0.297819782,0.298339738,0.391870247,0.201030745,0.095919098,-0.009615891,0.271418729,0.129317136,-2.669436236,-2.604222049,-0.266943624,-0.260422205,-0.096158912,1.293171356,3.729324644,4.670271035,-2.669436236,-2.604222049,-0.266943624,-0.260422205,0.215018819,0.399425245,4.164370064,absolute
189.907000000,647,0.010884341,0.613742208,0.613838714,0.008812907,0.149217194,0.149477217,0.017625815,0.298434389,0.298954434,0.402909915,0.201377566,0.086488408,-0.008218835,0.274703761,0.144799992,-2.756384541,-2.489373195,-0.275638454,-0.248937319,-0.082188354,1.447999916,3.714112901,4.759646233,-2.756384541,-2.489373195,-0.275638454,-0.248937319,0.214834137,0.399476383,4.144103319,absolute
190.200000000,648,-0.001206152,-0.283490866,0.283493432,0.008759869,0.148241646,0.148500239,0.017519739,0.296483292,0.297000477,0.365799647,0.200211713,0.117876973,-0.005732588,0.262827011,0.172325322,-2.849153884,-2.322299285,-0.284915388,-0.232229929,-0.057325885,1.723253222,3.675697461,4.915363534,-2.849153884,-2.322299285,-0.284915388,-0.232229929,0.215403757,0.399365660,4.098655097,absolute
190.400000000,649,0.006894544,-0.048273023,0.048762891,0.008720720,0.147557219,0.147814694,0.017441440,0.295114438,0.295629389,0.342354689,0.199475167,0.136790069,-0.004110296,0.253239777,0.189521249,-3.048046321,-2.182706678,-0.304804632,-0.218270668,-0.041102961,1.895212493,3.748972502,5.066668840,-3.048046321,-2.182706678,-0.304804632,-0.218270668,0.215241218,0.399374485,4.161272485,absolute
190.700000000,650,-0.001196035,-0.412491118,0.412492852,0.008708539,0.144007097,0.144270172,0.017417078,0.288014194,0.288540345,0.212482454,0.195395111,0.226209237,0.005391574,0.178308766,0.213424008,-3.137761621,-2.007158538,-0.313776162,-0.200715854,0.053915739,2.134240075,3.724813202,5.228574074,-3.137761621,-2.007158538,-0.313776162,-0.200715854,0.215438089,0.399390038,4.127399223,absolute
190.900000000,651,-0.005742763,-0.127105803,0.127235468,0.008707285,0.144350117,0.144612493,0.017414570,0.288700234,0.289224986,0.225476612,0.195803334,0.218624474,0.012915430,0.187289805,0.227028216,-3.216504754,-1.846240821,-0.321650475,-0.184624082,0.129154296,2.270282158,3.708707053,5.304639094,-3.216504754,-1.846240821,-0.321650475,-0.184624082,0.215254834,0.399394679,4.101201369,absolute
191.101000000,652,0.000283589,0.031606722,0.031607995,0.008745968,0.144938361,0.145201998,0.017491935,0.289876721,0.290403997,0.246880376,0.196475753,0.205456610,0.022121611,0.201468377,0.243648263,-3.255421498,-1.699148734,-0.325542150,-0.169914873,0.221216106,2.436482629,3.672175860,5.402819245,-3.255421498,-1.699148734,-0.325542150,-0.169914873,0.215158992,0.399398730,4.055715769,absolute
191.303000000,653,-0.000125415,-0.625908626,0.625908639,0.008755255,0.144384992,0.144650200,0.017510509,0.288769984,0.289300401,0.225168448,0.195793653,0.218762169,0.031330449,0.187040848,0.260268883,-3.367106588,-1.490542983,-0.336710659,-0.149054298,0.313304486,2.602688833,3.682271739,5.504541069,-3.367106588,-1.490542983,-0.336710659,-0.149054298,0.215584330,0.399382939,4.050616522,absolute
191.610000000,654,-0.001938566,0.394342159,0.394346924,0.008706155,0.140987078,0.141255631,0.017412309,0.281974156,0.282511262,0.098535436,0.191815360,0.274141086,0.048759693,0.087681407,0.279047876,-3.336102393,-1.328748617,-0.333610239,-0.132874862,0.487596934,2.790478755,3.590982047,5.620383500,-3.336102393,-1.328748617,-0.333610239,-0.132874862,0.214884846,0.399498087,3.949221068,absolute
191.900000000,655,0.006225268,0.097951670,0.098149293,0.008675557,0.137395819,0.137669446,0.017351113,0.274791638,0.275338892,-0.034122718,0.187647781,0.286204022,0.069758193,-0.030799048,0.286461248,-3.294029902,-1.097884506,-0.329402990,-0.109788451,0.697581932,2.864612479,3.472172718,5.624441963,-3.294029902,-1.097884506,-0.329402990,-0.109788451,0.215055403,0.399478790,3.815203340,absolute
192.200000000,656,-0.002842013,-0.008131183,0.008613546,0.008693330,0.135946325,0.136223996,0.017386660,0.271892649,0.272447993,-0.086854398,0.185991166,0.277325658,0.097335417,-0.077607055,0.288270266,-3.152400578,-0.910216241,-0.315240058,-0.091021624,0.973354165,2.882702662,3.281177077,5.604291750,-3.152400578,-0.910216241,-0.315240058,-0.091021624,0.215121336,0.399474595,3.613238703,absolute
192.403000000,657,-0.001537517,0.361835304,0.361838571,0.008692464,0.136515109,0.136791572,0.017384928,0.273030219,0.273583143,-0.062762383,0.186748039,0.282105647,0.114573079,-0.056356083,0.289361952,-3.036391711,-0.716602975,-0.303639171,-0.071660297,1.145730785,2.893619516,3.119806796,5.524839817,-3.036391711,-0.716602975,-0.303639171,-0.071660297,0.214889307,0.399531114,3.437525791,absolute
192.700000000,658,0.000614454,0.321549647,0.321550234,0.008706812,0.136396710,0.136674325,0.017413624,0.272793421,0.273348650,-0.065448385,0.186663656,0.282014694,0.140431861,-0.058816852,0.291006084,-2.887057111,-0.599862154,-0.288705711,-0.059986215,1.404318615,2.910060845,2.948717241,5.543957528,-2.887057111,-0.599862154,-0.288705711,-0.059986215,0.214922734,0.399521484,3.258994725,absolute
192.900000000,659,-0.001204978,0.316568455,0.316570748,0.008666119,0.135850145,0.136126278,0.017332239,0.271700290,0.272252556,-0.085721182,0.186026767,0.277529767,0.157669639,-0.076599820,0.292101447,-2.783668406,-0.475899232,-0.278366841,-0.047589923,1.576696389,2.921014473,2.824055572,5.527368620,-2.783668406,-0.475899232,-0.278366841,-0.047589923,0.214927000,0.399524991,3.123770475,absolute
193.224000000,660,-0.001876811,1.000000000,1.000000000,0.008704555,0.136469956,0.136747279,0.017409110,0.272939912,0.273494557,-0.063161622,0.186735497,0.282325484,0.185250430,-0.056768328,0.293861682,-2.619556568,-0.290712388,-0.261955657,-0.029071239,1.852504302,2.938616822,2.635638501,5.516148618,-2.619556568,-0.290712388,-0.261955657,-0.029071239,0.214493440,0.399638965,2.916920370,absolute
193.500000000,661,-0.001609331,0.154955781,0.154964137,0.008814006,0.136305826,0.136590501,0.017628012,0.272611652,0.273181001,-0.070888822,0.186492740,0.280576358,0.207658929,-0.063539366,0.295292136,-2.479567612,-0.114358956,-0.247956761,-0.011435896,2.076589289,2.952921365,2.482203358,5.492428813,-2.479567612,-0.114358956,-0.247956761,-0.011435896,0.215049541,0.399485627,2.743172954,absolute
193.800000000,662,0.004547164,-0.161612501,0.161676458,0.008838795,0.135471921,0.135759956,0.017677590,0.270943841,0.271519911,-0.103020798,0.185483284,0.272874766,0.235239933,-0.091534334,0.297065289,-2.307572173,0.148783364,-0.230757217,0.014878336,2.352399328,2.970652890,2.312363688,5.447777712,-2.307572173,0.148783364,-0.230757217,0.014878336,0.215259687,0.399459740,2.535255261,absolute
194.101000000,663,-0.005582188,-0.080294847,0.080488653,0.008823728,0.134072943,0.134362987,0.017647456,0.268145886,0.268725974,-0.155220716,0.183843375,0.254260056,0.261058901,-0.134849582,0.297066005,-2.156974675,0.275091353,-0.215697467,0.027509135,2.610589015,2.970660051,2.174445906,5.476837969,-2.156974675,0.275091353,-0.215697467,0.027509135,0.215203821,0.399475642,2.375437279,absolute
194.303000000,664,-0.002016365,-1.000000000,1.000000000,0.008822157,0.129998995,0.130298002,0.017644313,0.259997991,0.260596003,-0.304515656,0.179153136,0.165784377,0.277104972,-0.235125992,0.290904818,-2.029887369,0.376798821,-0.202988737,0.037679882,2.771049718,2.909048184,2.064562928,5.427824956,-2.029887369,0.376798821,-0.202988737,0.037679882,0.215790479,0.399495376,2.245792539,absolute
194.603000000,665,-0.007079184,-0.631906068,0.631945720,0.008786209,0.125880481,0.126186738,0.017572418,0.251760961,0.252373476,-0.454391311,0.174444654,0.041116858,0.294988467,-0.284994233,0.272554734,-1.775256758,0.422037844,-0.177525676,0.042203784,2.949884665,2.725547337,1.824733542,5.256721169,-1.775256758,0.422037844,-0.177525676,0.042203784,0.215536417,0.399538538,1.990920311,absolute
194.926000000,666,0.012220008,-1.000000000,1.000000000,0.008763843,0.121141525,0.121458116,0.017527687,0.242283050,0.242916233,-0.627065237,0.169019942,-0.111854681,0.301401896,-0.265161864,0.246032164,-1.569879075,0.243882590,-0.156987908,0.024388259,3.014018961,2.460321640,1.588709863,5.091632672,-1.569879075,0.243882590,-0.156987908,0.024388259,0.215759655,0.399554484,1.792411620,absolute
195.200000000,667,-0.009061882,0.733219695,0.733275691,0.008794337,0.121754863,0.122072057,0.017588673,0.243509727,0.244144114,-0.603943711,0.169746326,-0.092309700,0.300023046,-0.272562675,0.221889141,-1.456145728,0.122930725,-0.145614573,0.012293072,3.000230461,2.218891410,1.461325543,4.924666478,-1.456145728,0.122930725,-0.145614573,0.012293072,0.214629582,0.399708276,1.693545378,absolute
195.400000000,668,-0.000448012,-0.065983464,0.065984985,0.008793618,0.121293448,0.121611793,0.017587236,0.242586896,0.243223586,-0.619145479,0.169268749,-0.105385250,0.299035167,-0.268274689,0.204643134,-1.343381401,-0.009823808,-0.134338140,-0.000982381,2.990351667,2.046431345,1.343417320,4.796814314,-1.343381401,-0.009823808,-0.134338140,-0.000982381,0.215151268,0.399573837,1.611406378,absolute
195.700000000,669,-0.000184370,-0.080412123,0.080412334,0.008817505,0.121200037,0.121520358,0.017635011,0.242400074,0.243040716,-0.623156743,0.169142731,-0.108686112,0.297582980,-0.266750114,0.178774522,-1.092711348,-0.228716079,-0.109271135,-0.022871608,2.975829797,1.787745224,1.116391120,4.540830676,-1.092711348,-0.228716079,-0.109271135,-0.022871608,0.215162565,0.399572134,1.450958390,absolute
195.900000000,670,0.010555235,0.164502533,0.164840822,0.008916439,0.121351504,0.121678636,0.017832878,0.242703008,0.243357271,-0.618828957,0.169278693,-0.104983771,0.296611177,-0.268035552,0.161528706,-0.980529658,-0.356418418,-0.098052966,-0.035641842,2.966111775,1.615287056,1.043298854,4.411757141,-0.980529658,-0.356418418,-0.098052966,-0.035641842,0.215006363,0.399600956,1.414521711,absolute
196.204000000,671,-0.001448372,0.002478952,0.002871060,0.008960666,0.120727966,0.121060048,0.017921333,0.241455931,0.242120096,-0.638474989,0.168661494,-0.121341571,0.295133031,-0.261103712,0.135661613,-0.866143328,-0.525893364,-0.086614333,-0.052589336,2.951330306,1.356616126,1.013295661,4.256400701,-0.866143328,-0.525893364,-0.086614333,-0.052589336,0.215109494,0.399573441,1.423234511,absolute
196.407000000,672,0.001181640,-1.000000000,1.000000000,0.008948903,0.120586091,0.120917692,0.017897807,0.241172183,0.241835384,-0.630977320,0.168897041,-0.115201510,0.294033319,-0.263988233,0.116692513,-0.742316112,-0.640731727,-0.074231611,-0.064073173,2.940333189,1.166925134,0.980596938,4.102380918,-0.742316112,-0.640731727,-0.074231611,-0.064073173,0.215769198,0.399547284,1.414251704,absolute
196.700000000,673,0.006851603,-0.221856333,0.221962107,0.008979326,0.120372603,0.120707050,0.017958653,0.240745207,0.241414100,-0.640173853,0.168608123,-0.122729923,0.292711681,-0.260445035,0.094276600,-0.565288071,-0.837976761,-0.056528807,-0.083797676,2.927116805,0.942765995,1.010819299,3.920195988,-0.565288071,-0.837976761,-0.056528807,-0.083797676,0.215261006,0.399564284,1.463135229,absolute
196.902000000,674,-0.004884329,0.091115648,0.091246469,0.008961937,0.120670049,0.121002384,0.017923875,0.241340097,0.242004768,-0.629685388,0.168937628,-0.114040636,0.291579119,-0.264248627,0.075309908,-0.368142510,-1.008579526,-0.036814251,-0.100857953,2.915791194,0.753099078,1.073667345,3.726624756,-0.368142510,-1.008579526,-0.036814251,-0.100857953,0.215058020,0.399584684,1.524155274,absolute
197.200000000,675,0.000703080,-0.095158114,0.095160711,0.008963960,0.118923663,0.119261017,0.017927920,0.237847326,0.238522034,-0.693414995,0.166935503,-0.164396313,0.289151326,-0.236405857,0.049555514,-0.182622843,-1.207941220,-0.018262284,-0.120794122,2.891513262,0.495555143,1.221668160,3.514571474,-0.182622843,-1.207941220,-0.018262284,-0.120794122,0.215171646,0.399570118,1.655999142,absolute
197.404000000,676,0.002164321,0.301804484,0.301812245,0.008977987,0.116685481,0.117030363,0.017955973,0.233370963,0.234060726,-0.775299681,0.164363020,-0.219099828,0.281119373,-0.186772471,0.032461830,-0.091484325,-1.367387903,-0.009148433,-0.136738790,2.811193729,0.324618299,1.370444840,3.359825126,-0.091484325,-1.367387903,-0.009148433,-0.136738790,0.214895822,0.399631431,1.793383986,absolute
197.700000000,677,0.009472119,0.139504094,0.139825296,0.009003852,0.112666808,0.113026010,0.018007705,0.225333615,0.226052019,-0.923525964,0.159706354,-0.279639792,0.262796661,-0.068506709,0.017038723,-0.087477475,-1.603927967,-0.008747747,-0.160392797,2.627966608,0.170387228,1.606311686,3.243737193,-0.087477475,-1.603927967,-0.008747747,-0.160392797,0.214963109,0.399602601,2.026229267,absolute
197.900000000,678,-0.012964526,-0.513936091,0.514099586,0.009012652,0.109616265,0.109986151,0.018025304,0.219232530,0.219972302,0.962603286,0.156128999,-0.285962111,0.248203669,0.033751760,0.011736291,-0.149724277,-1.701836277,-0.014972428,-0.170183628,2.482036695,0.117362908,1.708409808,3.199320473,-0.149724277,-1.701836277,-0.014972428,-0.170183628,0.215858935,0.399335260,2.132738360,absolute
198.202000000,679,0.000937884,0.036470587,0.036482644,0.009074328,0.108288404,0.108667943,0.018148656,0.216576807,0.217335886,0.913289642,0.154579765,-0.277209348,0.220729054,0.077439258,0.009156212,-0.277321966,-1.907709865,-0.027732197,-0.190770987,2.207290537,0.091562117,1.927761501,3.189104537,-0.277321966,-1.907709865,-0.027732197,-0.190770987,0.215476364,0.399352238,2.359106980,absolute
198.509000000,680,-0.004160327,0.471949269,0.471967605,0.009045152,0.109159646,0.109533754,0.018090304,0.218319293,0.219067507,0.944690584,0.155566255,-0.283697992,0.194868447,0.049797445,0.007563614,-0.441587715,-2.178361314,-0.044158771,-0.217836131,1.948684473,0.075636143,2.222669054,3.285407991,-0.441587715,-2.178361314,-0.044158771,-0.217836131,0.215194214,0.399436630,2.660151263,absolute
198.716000000,681,0.002024721,0.835820079,0.835822531,0.009071751,0.108966317,0.109343290,0.018143503,0.217932635,0.218686579,0.936151289,0.155297985,-0.282096349,0.177627941,0.057356071,0.006508449,-0.552539533,-2.299961887,-0.055253953,-0.229996189,1.776279413,0.065084493,2.365401576,3.319162855,-0.552539533,-2.299961887,-0.055253953,-0.229996189,0.214949953,0.399503275,2.806448337,absolute
199.000000000,682,-0.006255567,-0.350039758,0.350095650,0.009012533,0.107931873,0.108307502,0.018025066,0.215863745,0.216615003,0.895669797,0.154026221,-0.272492848,0.153490634,0.092655014,0.005020029,-0.690980793,-2.429279659,-0.069098079,-0.242927966,1.534906344,0.050200288,2.525639349,3.332025564,-0.690980793,-2.429279659,-0.069098079,-0.242927966,0.215703617,0.399344660,2.970385860,absolute
199.301000000,683,-0.000224247,0.207273869,0.207273990,0.009015447,0.108696430,0.109069667,0.018030895,0.217392861,0.218139334,0.924368371,0.154927813,-0.279721458,0.125906586,0.067742510,0.003320186,-0.844965848,-2.621906584,-0.084496585,-0.262190658,1.259065858,0.033201862,2.754698063,3.387705755,-0.844965848,-2.621906584,-0.084496585,-0.262190658,0.215341190,0.399394618,3.201954398,absolute
199.501000000,684,0.010524439,-0.120960030,0.121417020,0.009061246,0.108015737,0.108395137,0.018122491,0.216031475,0.216790274,0.899074754,0.154133191,-0.273582304,0.108664729,0.089772302,0.002272886,-0.949769957,-2.752047669,-0.094976996,-0.275204767,1.086647294,0.022728861,2.911327762,3.441857057,-0.949769957,-2.752047669,-0.094976996,-0.275204767,0.215543993,0.399353416,3.359953183,absolute
199.706000000,685,0.002514223,-0.239311439,0.239324646,0.009007118,0.108232878,0.108607017,0.018014236,0.216465756,0.217214033,0.907604600,0.154401164,-0.275733075,0.091422903,0.082362972,0.001233940,-1.064931046,-2.944466583,-0.106493105,-0.294446658,0.914229034,0.012339403,3.131127846,3.558057934,-1.064931046,-2.944466583,-0.106493105,-0.294446658,0.215618339,0.399353972,3.580634390,absolute
200.000000000,686,-0.004090108,0.334982438,0.335007407,0.008975196,0.108463626,0.108834335,0.017950391,0.216927253,0.217668669,0.917246431,0.154704071,-0.278289991,0.065559280,0.074024578,-0.000302736,-1.214656273,-3.076522514,-0.121465627,-0.307652251,0.655592801,-0.003027360,3.307624623,3.597805450,-1.214656273,-3.076522514,-0.121465627,-0.307652251,0.215237543,0.399424503,3.758564087,absolute
200.300000000,687,-0.001342835,-0.532940288,0.532941980,0.008892944,0.105939725,0.106312322,0.017785887,0.211879449,0.212624643,0.822945539,0.151741521,-0.244498480,0.041422516,0.152008174,-0.000841722,-1.389398228,-3.328527603,-0.138939823,-0.332852760,0.414225159,-0.008417223,3.606871698,3.778384610,-1.389398228,-3.328527603,-0.138939823,-0.332852760,0.215766711,0.399347741,4.058769403,absolute
200.600000000,688,-0.003446430,-0.078270241,0.078346082,0.008907102,0.101963595,0.102351899,0.017814205,0.203927190,0.204703798,0.675902083,0.147122015,-0.151286861,0.017716531,0.245314483,0.008885004,-1.585335843,-3.421810008,-0.158533584,-0.342181001,0.177165306,0.088850037,3.771216443,3.928249515,-1.585335843,-3.421810008,-0.158533584,-0.342181001,0.215405917,0.399354533,4.224212273,absolute
200.810000000,689,-0.004399382,-0.202595849,0.202643610,0.008927680,0.099096653,0.099497991,0.017855361,0.198193307,0.198995982,0.571238339,0.143833906,-0.063920407,0.004224194,0.280827119,0.024425551,-1.751261156,-3.463565752,-0.175126116,-0.346356575,0.042241940,0.244255506,3.881134287,4.118809517,-1.751261156,-3.463565752,-0.175126116,-0.346356575,0.215441776,0.399353319,4.334750762,absolute
201.113000000,690,0.002063197,0.128874973,0.128891487,0.008879766,0.094119606,0.094537561,0.017759533,0.188239211,0.189075122,0.387604249,0.138064871,0.099484699,-0.002101513,0.269937296,0.049253668,-2.075530225,-3.418916406,-0.207553022,-0.341891641,-0.021015134,0.492536683,3.999601868,4.418200711,-2.075530225,-3.418916406,-0.207553022,-0.341891641,0.215153627,0.399394190,4.452721451,absolute
201.400000000,691,0.003843061,0.046384241,0.046543173,0.008925199,0.093565816,0.093990537,0.017850398,0.187131632,0.187981074,0.374061203,0.137639404,0.110961161,-0.000572013,0.265665064,0.075117157,-2.155837989,-3.273899672,-0.215583799,-0.327389967,-0.005720131,0.751171566,3.919956185,4.563354607,-2.155837989,-3.273899672,-0.215583799,-0.327389967,0.215200356,0.399382350,4.372050280,absolute
201.701000000,692,-0.007019726,0.429755165,0.429812492,0.008858637,0.093710186,0.094127968,0.017717274,0.187420371,0.188255936,0.378948751,0.137792951,0.106804057,0.000904517,0.267174901,0.099254690,-2.288120760,-3.078983262,-0.228812076,-0.307898326,0.009045175,0.992546903,3.836096264,4.674861412,-2.288120760,-3.078983262,-0.228812076,-0.307898326,0.214948010,0.399454228,4.285426542,absolute
202.003000000,693,0.007527112,-0.598391244,0.598438583,0.008922007,0.092958489,0.093385667,0.017844014,0.185916977,0.186771334,0.352047264,0.136947816,0.129000824,0.002513900,0.257255419,0.125114659,-2.566955975,-2.839034717,-0.256695598,-0.283903472,0.025138998,1.251146586,3.827450992,4.842369197,-2.566955975,-2.839034717,-0.256695598,-0.283903472,0.215611352,0.399365857,4.269650946,absolute
202.300000000,694,0.001636984,-0.570481689,0.570484038,0.008973676,0.093010695,0.093442582,0.017947351,0.186021390,0.186885165,0.355421678,0.137053826,0.126292259,0.004127662,0.258661334,0.150973955,-2.761887523,-2.643377371,-0.276188752,-0.264337737,0.041276619,1.509739548,3.823017998,5.010599699,-2.761887523,-2.643377371,-0.276188752,-0.264337737,0.215590880,0.399368469,4.257191549,absolute
202.600000000,695,-0.005224984,0.316175427,0.316218597,0.008955263,0.094295853,0.094720139,0.017910526,0.188591707,0.189440277,0.405771105,0.138635600,0.083963204,0.005760519,0.275297886,0.176832541,-2.949170613,-2.457462033,-0.294917061,-0.245746203,0.057605191,1.768325406,3.838844481,5.186326274,-2.949170613,-2.457462033,-0.294917061,-0.245746203,0.215024360,0.399435882,4.263096941,absolute
202.802000000,696,-0.001570770,0.319768828,0.319772686,0.008963083,0.093480242,0.093908959,0.017926166,0.186960485,0.187817918,0.374169427,0.137642804,0.110853897,0.006854120,0.265662194,0.194070737,-3.010892973,-2.352842542,-0.301089297,-0.235284254,0.068541203,1.940707374,3.821170570,5.283700004,-3.010892973,-2.352842542,-0.301089297,-0.235284254,0.215009912,0.399440752,4.240461384,absolute
203.100000000,697,-0.002595039,0.163961647,0.163982182,0.008977656,0.093541854,0.093971680,0.017955312,0.187083708,0.187943361,0.376426789,0.137713721,0.108946826,0.008385146,0.266392016,0.218204742,-3.190877585,-2.168258434,-0.319087759,-0.216825843,0.083851456,2.182047416,3.857854897,5.445090567,-3.190877585,-2.168258434,-0.319087759,-0.216825843,0.215110021,0.399413981,4.265406570,absolute
203.301000000,698,0.010362859,0.441303408,0.441425063,0.008969600,0.093794635,0.094222542,0.017939200,0.187589271,0.188445083,0.385619876,0.138002530,0.101271157,0.009580527,0.269592943,0.237167370,-3.371512478,-2.030407982,-0.337151248,-0.203040798,0.095805273,2.371673700,3.935689643,5.603625213,-3.371512478,-2.030407982,-0.337151248,-0.203040798,0.214932208,0.399463164,4.332073323,absolute
203.501000000,699,-0.006480426,0.033207556,0.033833972,0.009012807,0.092311944,0.092750880,0.018025614,0.184623888,0.185501759,0.330136630,0.136259473,0.146445422,0.011548998,0.247868448,0.254294400,-3.430664856,-1.929031824,-0.343066486,-0.192903182,0.115489980,2.542943999,3.935813148,5.707344557,-3.430664856,-1.929031824,-0.343066486,-0.192903182,0.215176020,0.399399087,4.325938765,absolute
203.801000000,700,0.001712660,0.318145587,0.318150197,0.008966163,0.087794800,0.088251453,0.017932326,0.175589600,0.176502906,0.163436568,0.131022436,0.250806555,0.024093429,0.141429419,0.276636588,-3.569533652,-1.710059097,-0.356953365,-0.171005910,0.240934293,2.766365885,3.958013720,5.878609239,-3.569533652,-1.710059097,-0.356953365,-0.171005910,0.214941705,0.399481746,4.332714657,absolute
204.100000000,701,0.002800526,-0.186367716,0.186388756,0.008986714,0.088644979,0.089099345,0.017973428,0.177289958,0.178198690,0.193784323,0.131975839,0.236113162,0.039846315,0.164599539,0.297059235,-3.606442919,-1.468917705,-0.360644292,-0.146891770,0.398463153,2.970592350,3.894117326,5.979006788,-3.606442919,-1.468917705,-0.360644292,-0.146891770,0.215282647,0.399412433,4.253968007,absolute
204.300000000,702,0.003424569,0.102757310,0.102814359,0.008975247,0.086178928,0.086645038,0.017950494,0.172357855,0.173290076,0.104450742,0.129169341,0.272446590,0.051209302,0.092754400,0.307577246,-3.672063862,-1.255297703,-0.367206386,-0.125529770,0.512093019,3.075772459,3.880699078,6.022070870,-3.672063862,-1.255297703,-0.367206386,-0.125529770,0.215071675,0.399456151,4.224693244,absolute
204.502000000,703,0.006423772,0.348239069,0.348298312,0.008972707,0.083145728,0.083628473,0.017945414,0.166291456,0.167256947,-0.006620220,0.125679944,0.287838076,0.068600551,-0.005987330,0.314945063,-3.635416053,-1.083012183,-0.363541605,-0.108301218,0.686005514,3.149450631,3.793305322,6.048836734,-3.635416053,-1.083012183,-0.363541605,-0.108301218,0.214890753,0.399529625,4.125868722,absolute
204.800000000,704,-0.003349908,0.149313757,0.149351330,0.009805032,0.078401469,0.079012208,0.019610065,0.156802937,0.158024415,-0.176370697,0.120347076,0.269194428,0.095009476,-0.166561291,0.313409408,-3.501915950,-0.935011816,-0.350191595,-0.093501182,0.950094758,3.134094083,3.624591345,6.031419581,-3.501915950,-0.935011816,-0.350191595,-0.093501182,0.214993883,0.399543547,3.949234955,absolute
205.101000000,705,-0.005544212,-0.134968656,0.135082480,0.009757350,0.071667456,0.072328626,0.019514700,0.143334912,0.144657251,-0.400608049,0.113302452,0.097297058,0.118030987,-0.301407428,0.297261870,-3.221170339,-0.784761285,-0.322117034,-0.078476128,1.180309874,2.972618699,3.315386648,5.787135078,-3.221170339,-0.784761285,-0.322117034,-0.078476128,0.215159228,0.399575896,3.634696060,absolute
205.326000000,706,-0.008205342,1.000000000,1.000000000,0.009808331,0.075788401,0.076420449,0.019616661,0.151576801,0.152840898,-0.260023545,0.117719044,0.216791507,0.132858073,-0.230893730,0.285561404,-3.099598668,-0.808101965,-0.309959867,-0.080810196,1.328580726,2.855614036,3.203207875,5.747311344,-3.099598668,-0.808101965,-0.309959867,-0.080810196,0.214441299,0.399718095,3.527278016,absolute
205.600000000,707,-0.005384963,0.364511160,0.364550934,0.009836660,0.081014918,0.081609906,0.019673321,0.162029835,0.163219812,-0.086353300,0.123175056,0.305110814,0.160462172,-0.084864771,0.280218429,-2.836419116,-0.653084572,-0.283641912,-0.065308457,1.604621724,2.802184293,2.910634443,5.626875391,-2.836419116,-0.653084572,-0.283641912,-0.065308457,0.214890508,0.399543569,3.227772672,absolute
205.800000000,708,0.004572480,0.129224097,0.129304968,0.008850369,0.084059349,0.084523980,0.017700738,0.168118697,0.169047959,0.029741521,0.126822282,0.283628763,0.176907823,0.026578455,0.284591172,-2.779769916,-0.609362102,-0.277976992,-0.060936210,1.769078226,2.845911717,2.845776336,5.712349480,-2.779769916,-0.609362102,-0.277976992,-0.060936210,0.215076925,0.399464975,3.160196145,absolute
206.100000000,709,0.004563606,0.197340719,0.197393479,0.007074135,0.087465554,0.087751163,0.014148269,0.174931109,0.175502326,0.174198315,0.131360526,0.193297445,0.194140164,0.117784207,0.297585741,-2.922793847,-0.388621312,-0.292279385,-0.038862131,1.941401637,2.975857411,2.948516644,5.914398937,-2.922793847,-0.388621312,-0.292279385,-0.038862131,0.215080166,0.399449077,3.235321972,absolute
206.300000000,710,-0.001561095,0.330780801,0.330784484,0.008441292,0.089684027,0.090080409,0.016882585,0.179368054,0.180160818,0.261455583,0.134101794,0.186403420,0.202322853,0.200327401,0.310901498,-3.042289908,-0.236502692,-0.304228991,-0.023650269,2.023228526,3.109014983,3.051468730,6.070581976,-3.042289908,-0.236502692,-0.304228991,-0.023650269,0.215011444,0.399448663,3.318801926,absolute
206.507000000,711,0.006087164,0.243718319,0.243794324,0.009287992,0.092409969,0.092875557,0.018575984,0.184819938,0.185751115,0.361050123,0.137230649,0.127372319,0.206100678,0.273014236,0.328306799,-3.163414159,-0.083628772,-0.316341416,-0.008362877,2.061006776,3.283067986,3.164519381,6.215241038,-3.163414159,-0.083628772,-0.316341416,-0.008362877,0.215097633,0.399412122,3.412868359,absolute
206.800000000,712,-0.001826229,0.256754882,0.256761377,0.009243363,0.092421660,0.092882738,0.018486727,0.184843320,0.185765476,0.341063170,0.136602740,0.144120011,0.208029977,0.264240098,0.338953195,-3.368457343,0.050087084,-0.336845734,0.005008708,2.080299768,3.389531954,3.368829706,6.390684322,-3.368457343,0.050087084,-0.336845734,0.005008708,0.215081148,0.399418536,3.600525042,absolute
207.005000000,713,0.007188816,-0.319467854,0.319548727,0.009198211,0.087688958,0.088170065,0.018396422,0.175377916,0.176340131,0.171851475,0.131286798,0.258502999,0.216164381,0.154914768,0.354979546,-3.546533268,0.221603135,-0.354653327,0.022160314,2.161643806,3.549795463,3.553449897,6.607582741,-3.546533268,0.221603135,-0.354653327,0.022160314,0.215407545,0.399395463,3.766139773,absolute
207.210000000,714,0.001035762,0.626741249,0.626742105,0.009226077,0.085571816,0.086067742,0.018452155,0.171143632,0.172135484,0.094680294,0.128862394,0.288043459,0.230988408,0.088297149,0.368025587,-3.542137600,0.347423371,-0.354213760,0.034742337,2.309884078,3.680255874,3.559134976,6.734532664,-3.542137600,0.347423371,-0.354213760,0.034742337,0.214770810,0.399535964,3.757269823,absolute
207.519000000,715,0.000770967,-0.102666124,0.102669019,0.009277543,0.079948002,0.080484507,0.018555086,0.159896003,0.160969013,-0.104735959,0.122597547,0.285089829,0.256918357,-0.097343934,0.374695247,-3.512210275,0.672529367,-0.351221028,0.067252937,2.569183570,3.746952472,3.576019682,6.814354594,-3.512210275,0.672529367,-0.351221028,0.067252937,0.215212631,0.399476497,3.737410787,absolute
207.800000000,716,-0.001809381,-0.131003060,0.131015555,0.009282732,0.075676305,0.076243506,0.018565463,0.151352610,0.152487013,-0.257822720,0.117788185,0.207731571,0.279447483,-0.218201320,0.368847466,-3.344471732,0.805635054,-0.334447173,0.080563505,2.794474828,3.688474662,3.440136481,6.782140450,-3.344471732,0.805635054,-0.334447173,0.080563505,0.215214989,0.399520448,3.582778060,absolute
208.100000000,717,0.000868107,-0.410329274,0.410330192,0.009249518,0.071059726,0.071659181,0.018499036,0.142119452,0.143318362,-0.422156657,0.112625482,0.072968614,0.299758509,-0.292404527,0.348837220,-3.050580712,0.914372721,-0.305058071,0.091437272,2.997585093,3.488372202,3.184669552,6.573110598,-3.050580712,0.914372721,-0.305058071,0.091437272,0.215385698,0.399554372,3.306293170,absolute
208.304000000,718,0.002443975,-0.664214045,0.664218541,0.009274178,0.067767739,0.068399392,0.018548356,0.135535477,0.136798783,-0.538397113,0.108973680,-0.036231071,0.305461344,-0.298895275,0.331794948,-2.876768020,0.871642050,-0.287676802,0.087164205,3.054613440,3.317949482,3.005919844,6.416050661,-2.876768020,0.871642050,-0.287676802,0.087164205,0.215540454,0.399570340,3.128134173,absolute
208.600000000,719,0.004202425,-0.114266149,0.114343401,0.009291167,0.065016285,0.065676808,0.018582334,0.130032569,0.131353615,-0.635869712,0.105911488,-0.124666495,0.306082488,-0.274106343,0.304744767,-2.730082043,0.735173980,-0.273008204,0.073517398,3.060824880,3.047447672,2.827335980,6.235480144,-2.730082043,0.735173980,-0.273008204,0.073517398,0.215168730,0.399595013,2.964306894,absolute
208.800000000,720,-0.001171679,-0.412546442,0.412548106,0.009285752,0.065569146,0.066223395,0.018571505,0.131138291,0.132446790,-0.615170647,0.106561769,-0.106555778,0.305719719,-0.281535130,0.286680319,-2.531161398,0.613900264,-0.253116140,0.061390026,3.057197195,2.866803186,2.604544405,6.025389891,-2.531161398,0.613900264,-0.253116140,0.061390026,0.215368690,0.399584775,2.754879063,absolute
209.006000000,721,-0.006749215,-0.041261434,0.041809782,0.009247964,0.065154225,0.065807278,0.018495928,0.130308449,0.131614556,-0.630847063,0.106069280,-0.120405300,0.305361653,-0.276221191,0.268614037,-2.407747100,0.496481800,-0.240774710,0.049648180,3.053616531,2.686140368,2.458401976,5.883969523,-2.407747100,0.496481800,-0.240774710,0.049648180,0.215124007,0.399594703,2.624659969,absolute
209.303000000,722,0.013178062,0.175694506,0.176188027,0.009279087,0.066323776,0.066969730,0.018558175,0.132647551,0.133939459,-0.590371762,0.107340849,-0.084370548,0.304846684,-0.289144424,0.241514760,-2.208548164,0.328329225,-0.220854816,0.032832922,3.048466841,2.415147597,2.232819982,5.656060261,-2.208548164,0.328329225,-0.220854816,0.032832922,0.214994393,0.399618067,2.424590816,absolute
209.601000000,723,0.002588930,0.014025676,0.014262613,0.009299326,0.065961921,0.066614206,0.018598653,0.131923842,0.133228412,-0.603526098,0.106927593,-0.096233939,0.304342906,-0.285381550,0.214415743,-2.015927077,0.153916400,-0.201592708,0.015391640,3.043429061,2.144157434,2.021794311,5.436740191,-2.015927077,0.153916400,-0.201592708,0.015391640,0.215099255,0.399589669,2.244511940,absolute
209.902000000,724,0.003741765,-0.113232705,0.113294512,0.009298688,0.065422046,0.066079571,0.018597376,0.130844093,0.132159143,-0.621600194,0.106359779,-0.112285659,0.303840000,-0.279487989,0.187316423,-1.819993374,-0.019452288,-0.181999337,-0.001945229,3.038399997,1.873164227,1.820097325,5.214017973,-1.819993374,-0.019452288,-0.181999337,-0.001945229,0.215182803,0.399584712,2.077867676,absolute
210.201000000,725,0.003255442,0.210127805,0.210153022,0.009323625,0.065579669,0.066239135,0.018647250,0.131159339,0.132478270,-0.615021990,0.106566439,-0.106470086,0.303328991,-0.281706049,0.160217747,-1.624772267,-0.188026853,-0.162477227,-0.018802685,3.033289906,1.602177465,1.635615791,4.990227922,-1.624772267,-0.188026853,-0.162477227,-0.018802685,0.214975275,0.399622682,1.931321567,absolute
210.500000000,726,0.002943605,0.127293391,0.127327422,0.009377282,0.066231862,0.066892398,0.018754563,0.132463724,0.133784797,-0.592631749,0.107269849,-0.086425421,0.302810578,-0.288551814,0.133118226,-1.493317592,-0.346714347,-0.149331759,-0.034671435,3.028105782,1.331182262,1.533038900,4.822717736,-1.493317592,-0.346714347,-0.149331759,-0.034671435,0.215035652,0.399602672,1.864258539,absolute
210.800000000,727,-0.003815655,-0.077685220,0.077778870,0.009373631,0.065842089,0.066505982,0.018747261,0.131684177,0.133011963,-0.606560325,0.106832270,-0.098914385,0.302289354,-0.284349258,0.106020206,-1.298063500,-0.516349889,-0.129806350,-0.051634989,3.022893540,1.060202062,1.396991789,4.599585394,-1.298063500,-0.516349889,-0.129806350,-0.051634989,0.215169414,0.399578381,1.768840990,absolute
211.005000000,728,-0.008467951,-0.252340535,0.252482577,0.009362514,0.065550480,0.066215724,0.018725028,0.131100960,0.132431448,-0.615180520,0.106561459,-0.106680945,0.301948038,-0.281839431,0.087952933,-1.101540270,-0.636067600,-0.110154027,-0.063606760,3.019480375,0.879529327,1.271995659,4.390882052,-1.101540270,-0.636067600,-0.110154027,-0.063606760,0.215283776,0.399574685,1.675285202,absolute
211.300000000,729,-0.000066700,0.344666932,0.344666938,0.009348931,0.066325871,0.066981517,0.018697861,0.132651742,0.133963034,-0.587493066,0.107431286,-0.081742280,0.301444637,-0.289860431,0.060854495,-0.970584731,-0.794135274,-0.097058473,-0.079413527,3.014446369,0.608544954,1.254067604,4.224687526,-0.970584731,-0.794135274,-0.097058473,-0.079413527,0.214901842,0.399636339,1.682399798,absolute
211.601000000,730,0.000141210,-0.313815276,0.313815308,0.009326172,0.062739262,0.063428640,0.018652344,0.125478523,0.126857281,-0.716552557,0.103376762,-0.189449197,0.296696395,-0.234121834,0.034429366,-0.717082701,-0.988355691,-0.071708270,-0.098835569,2.966963952,0.344293661,1.221087454,3.917672017,-0.717082701,-0.988355691,-0.071708270,-0.098835569,0.215312117,0.399578727,1.672041281,absolute
211.802000000,731,0.000330095,0.300637169,0.300637350,0.009338995,0.059858297,0.060582444,0.018677990,0.119716594,0.121164889,-0.819232904,0.100150964,-0.253704831,0.286305839,-0.161864939,0.019767619,-0.695374742,-1.107964940,-0.069537474,-0.110796494,2.863058388,0.197676187,1.308102572,3.790401705,-0.695374742,-1.107964940,-0.069537474,-0.110796494,0.214887297,0.399644512,1.761097170,absolute
212.016000000,732,-0.009732543,-0.176315064,0.176583477,0.009317973,0.055987884,0.056757975,0.018635946,0.111975767,0.113515950,-0.957294328,0.095813636,-0.298489938,0.271389173,-0.040288573,0.009741739,-0.673516522,-1.270374732,-0.067351652,-0.127037473,2.713891731,0.097417390,1.437872200,3.653134265,-0.673516522,-1.270374732,-0.067351652,-0.127037473,0.215158619,0.399585270,1.891694984,absolute
212.310000000,733,0.006148523,0.080156740,0.080392209,0.009306355,0.051595029,0.052427619,0.018612711,0.103190058,0.104855239,0.884792478,0.090852647,-0.281569242,0.243242197,0.106605982,0.004657644,-0.750250268,-1.492587047,-0.075025027,-0.149258705,2.432421965,0.046576438,1.670536308,3.535311412,-0.750250268,-1.492587047,-0.075025027,-0.149258705,0.215443359,0.399366262,2.124159011,absolute
212.600000000,734,-0.006303245,0.284031364,0.284101296,0.009324619,0.051206481,0.052048556,0.018649237,0.102412961,0.104097112,0.858473726,0.090025819,-0.271846186,0.223675935,0.129516833,0.008124151,-0.906414465,-1.691467176,-0.090641447,-0.169146718,2.236759350,0.081241515,1.919022769,3.608606065,-0.906414465,-1.691467176,-0.090641447,-0.169146718,0.215293561,0.399405127,2.372757021,absolute
212.800000000,735,0.006005306,0.040944289,0.041382345,0.009367939,0.051701805,0.052543648,0.018735879,0.103403610,0.105087295,0.875842314,0.090571469,-0.278531653,0.204030488,0.114509021,0.011066617,-1.048207526,-1.879291919,-0.104820753,-0.187929192,2.040304884,0.110666169,2.151854348,3.674077040,-1.048207526,-1.879291919,-0.104820753,-0.187929192,0.215453923,0.399363523,2.605592231,absolute
213.005000000,736,0.011377908,0.288864101,0.289088093,0.009421756,0.052908749,0.053741094,0.018843512,0.105817498,0.107482189,0.918968434,0.091926316,-0.291544127,0.186016583,0.075863762,0.011928902,-1.167066876,-2.012602677,-0.116706688,-0.201260268,1.860165832,0.119289017,2.326502660,3.702580190,-1.167066876,-2.012602677,-0.116706688,-0.201260268,0.215302103,0.399413223,2.780065592,absolute
213.300000000,737,0.004257509,0.832321317,0.832332206,0.009487707,0.054833326,0.055648092,0.018975414,0.109666651,0.111296185,0.987138811,0.094067952,-0.301062229,0.159019938,0.012170928,0.010114564,-1.324545266,-2.219926236,-0.132454527,-0.221992624,1.590199378,0.101145636,2.585051770,3.726004693,-1.324545266,-2.219926236,-0.132454527,-0.221992624,0.214960600,0.399520022,3.038351034,absolute
213.600000000,738,-0.001665700,-0.018397836,0.018473087,0.009502204,0.053734824,0.054568518,0.019004407,0.107469648,0.109137036,0.950119710,0.092904963,-0.297571713,0.133439110,0.047016018,0.001442789,-1.427807227,-2.400702491,-0.142780723,-0.240070249,1.334391101,0.014427886,2.793207104,3.669140818,-1.427807227,-2.400702491,-0.142780723,-0.240070249,0.215496673,0.399369280,3.246667465,absolute
213.800000000,739,0.000151641,0.053604569,0.053604783,0.009497996,0.051047687,0.051923774,0.018995992,0.102095374,0.103847548,0.854060545,0.089887175,-0.270065430,0.115472283,0.133293484,0.001869743,-1.517322209,-2.630093911,-0.151732221,-0.263009391,1.154722826,0.018697434,3.036389413,3.762435416,-1.517322209,-2.630093911,-0.151732221,-0.263009391,0.215412045,0.399374417,3.489992312,absolute
214.100000000,740,-0.004628592,-0.340696833,0.340728273,0.009517332,0.053561888,0.054400877,0.019034663,0.107123776,0.108801755,0.941998438,0.092649825,-0.296180513,0.088687211,0.054574564,0.002850232,-1.685424744,-2.747826177,-0.168542474,-0.274782618,0.886872109,0.028502321,3.223539245,3.784799998,-1.685424744,-2.747826177,-0.168542474,-0.274782618,0.215691659,0.399366869,3.676828477,absolute
214.300000000,741,-0.007643708,-0.337947063,0.338033494,0.009477366,0.056804595,0.057589778,0.018954731,0.113609191,0.115179556,-0.941263536,0.096317259,-0.296055596,0.072201461,-0.055258579,-0.004306227,-1.746760202,-2.971575947,-0.174676020,-0.297157595,0.722014605,-0.043062266,3.446945722,3.830279549,-1.746760202,-2.971575947,-0.174676020,-0.297157595,0.215212623,0.399604065,3.900537404,absolute
214.502000000,742,0.007024294,0.232941780,0.233047664,0.009447715,0.060766428,0.061496488,0.018895430,0.121532856,0.122992976,-0.801939834,0.100694242,-0.244762368,0.059304686,-0.175561290,-0.016823367,-1.748725101,-3.141919684,-0.174872510,-0.314191968,0.593046863,-0.168233669,3.595789035,3.785063335,-1.748725101,-3.141919684,-0.174872510,-0.314191968,0.214873912,0.399654900,4.049502639,absolute
214.801000000,743,-0.006736503,0.302541706,0.302616695,-0.008614761,0.065473709,0.066038024,-0.017229522,0.130947417,0.132076049,-0.662130593,0.105086479,0.146852220,0.051960584,0.262938813,-0.031303784,-1.704724230,-3.351554890,-0.170472423,-0.335155489,0.519605840,-0.313037839,3.760186815,3.765664634,-1.704724230,-3.351554890,-0.170472423,-0.335155489,0.214797261,0.399536728,4.213698029,absolute
215.100000000,744,-0.001389805,-0.274927912,0.274931425,-0.008535564,0.064805112,0.065364810,-0.017071128,0.129610224,0.130729620,-0.639348887,0.105802187,0.127598534,0.057108979,0.272606713,-0.006536904,-1.486410234,-3.365985357,-0.148641023,-0.336598536,0.571089794,-0.065369044,3.679575085,3.889392550,-1.486410234,-3.365985357,-0.148641023,-0.336598536,0.215180868,0.399473286,4.132080719,absolute
215.300000000,745,0.001172791,-0.142219666,0.142224502,-0.008592542,0.065558541,0.066119241,-0.017185084,0.131117081,0.132238482,-0.666088827,0.104962127,0.150200192,0.061151147,0.261248460,0.012924909,-1.330504861,-3.315282255,-0.133050486,-0.331528225,0.611511475,0.129249087,3.572301725,3.954266507,-1.330504861,-3.315282255,-0.133050486,-0.331528225,0.215085625,0.399480436,4.023470119,absolute
215.600000000,746,0.003847555,0.079385266,0.079478450,0.009521516,0.065637489,0.066324500,0.019043033,0.131274978,0.132648999,-0.648805912,0.105505086,-0.135689918,0.065197902,-0.268794465,0.032384456,-1.095540600,-3.245117383,-0.109554060,-0.324511738,0.651979023,0.323844555,3.425054165,3.973828651,-1.095540600,-3.245117383,-0.109554060,-0.324511738,0.215000251,0.399620761,3.873194220,absolute
215.802000000,747,-0.000301673,0.306618510,0.306618659,0.009504208,0.065612074,0.066296865,0.019008416,0.131224149,0.132593730,-0.651030001,0.105435214,-0.137514263,0.061501262,-0.267741610,0.014697769,-0.914719095,-3.316878674,-0.091471910,-0.331687867,0.615012617,0.146977689,3.440696901,3.786605342,-0.914719095,-3.316878674,-0.091471910,-0.331687867,0.214851970,0.399661706,3.884405127,absolute
216.010000000,748,0.001923094,-0.185476235,0.185486205,0.009527665,0.064966573,0.065661496,0.019055330,0.129933146,0.131322992,-0.672611983,0.104757196,-0.155453902,0.058179151,-0.258002617,-0.001222827,-0.864307982,-3.431064046,-0.086430798,-0.343106405,0.581791511,-0.012228274,3.538252221,3.712093990,-0.864307982,-3.431064046,-0.086430798,-0.343106405,0.215171008,0.399602937,3.979859850,absolute
216.300000000,749,-0.005365317,-0.176970143,0.177051456,0.009503474,0.065309456,0.065997280,0.019006948,0.130618912,0.131994561,-0.662615883,0.105071233,-0.147384316,0.052287662,-0.262949041,-0.029526902,-0.695965710,-3.644425756,-0.069596571,-0.364442576,0.522876624,-0.295269024,3.710284000,3.564046500,-0.695965710,-3.644425756,-0.069596571,-0.364442576,0.215167672,0.399601524,4.145397530,absolute
216.600000000,750,0.004030135,0.001727221,0.004384665,0.000500471,0.066050972,0.066052868,0.001000942,0.132101944,0.132105736,-0.571973018,0.107918862,0.000055431,0.050071539,0.000240958,-0.040138336,-0.518787295,-3.820020574,-0.051878730,-0.382002057,0.500715392,-0.401383363,3.855087216,3.567417288,-0.518787295,-3.820020574,-0.051878730,-0.382002057,0.215044845,0.399532003,4.282888460,absolute
216.800000000,751,-0.004200264,0.002057886,0.004677297,0.000535541,0.066030808,0.066032980,0.001071081,0.132061616,0.132065959,-0.453232651,0.111649201,-0.000007280,0.050071493,0.000049194,-0.040138758,-0.378382610,-3.824137109,-0.037838261,-0.382413711,0.500714926,-0.401387584,3.842811214,3.533840232,-0.378382610,-3.824137109,-0.037838261,-0.382413711,0.215070393,0.399519156,4.265144630,absolute
217.007000000,752,-0.006397086,0.006588441,0.009183151,0.000513719,0.065998506,0.066000505,0.001027438,0.131997012,0.132001011,-0.308331625,0.116201401,-0.000015551,0.050071592,0.000022627,-0.040138782,-0.241120710,-3.765104222,-0.024112071,-0.376510422,0.500715923,-0.401387824,3.772817117,3.444547807,-0.241120710,-3.765104222,-0.024112071,-0.376510422,0.215099992,0.399503336,4.189521862,absolute
217.307000000,753,-0.003721206,0.006010047,0.007068808,0.000484487,0.066036140,0.066037918,0.000968974,0.132072281,0.132075835,-0.151484662,0.121128894,-0.000031691,0.050072010,0.000016334,-0.040138875,-0.083952332,-3.591258508,-0.008395233,-0.359125851,0.500720097,-0.401388752,3.592239645,3.243009545,-0.083952332,-3.591258508,-0.008395233,-0.359125851,0.215136409,0.399484536,4.001935046,absolute
217.600000000,754,0.001442858,0.006132552,0.006300003,0.000445116,0.066107517,0.066109016,0.000890232,0.132215035,0.132218032,-0.010438037,0.125560004,0.000015129,0.050071612,-0.000000496,-0.040138804,-0.056762448,-3.402524257,-0.005676245,-0.340252426,0.500716121,-0.401388038,3.402997693,3.052474564,-0.056762448,-3.402524257,-0.005676245,-0.340252426,0.215169171,0.399467480,3.811704078,absolute
217.800000000,755,0.003079796,-0.007763147,0.008351742,0.000423155,0.066037709,0.066039064,0.000846310,0.132075417,0.132078129,0.154199910,0.130732258,-0.000073432,0.050071583,-0.000038644,-0.040138936,-0.083843863,-3.262926089,-0.008384386,-0.326292609,0.500715828,-0.401389356,3.264003133,2.920633922,-0.083843863,-3.262926089,-0.008384386,-0.326292609,0.215215836,0.399446875,3.674562890,absolute
218.101000000,756,0.010318645,-0.005977301,0.011924872,0.000427061,0.066036219,0.066037600,0.000854123,0.132072437,0.132075199,0.331064787,0.136288632,-0.000061441,0.050071513,-0.000104689,-0.040139581,-0.217380919,-3.109984554,-0.021738092,-0.310998455,0.500715127,-0.401395806,3.117572516,2.802162547,-0.217380919,-3.109984554,-0.021738092,-0.310998455,0.215255862,0.399425969,3.535977489,absolute
218.405000000,757,-0.003387762,0.004071889,0.005296906,0.000369811,0.066027500,0.066028535,0.000739623,0.132055000,0.132057071,0.502091496,0.141661594,-0.000000083,0.050071630,0.000012703,-0.040138565,-0.353860524,-3.157952589,-0.035386052,-0.315795259,0.500716300,-0.401385653,3.177716448,2.885994251,-0.353860524,-3.157952589,-0.035386052,-0.315795259,0.215286172,0.399407993,3.602602153,absolute
218.620000000,758,0.003364293,-0.006100452,0.006966633,0.000357800,0.066007540,0.066008509,0.000715599,0.132015079,0.132017019,0.606552624,0.144943337,0.000046082,0.050071693,-0.000132481,-0.040138888,-0.383006560,-3.172779071,-0.038300656,-0.317277907,0.500716933,-0.401388876,3.195813051,2.908877933,-0.383006560,-3.172779071,-0.038300656,-0.317277907,0.215317495,0.399394229,3.621935085,absolute
218.900000000,759,-0.000737945,0.005686495,0.005734177,0.000390941,0.066070232,0.066071389,0.000781882,0.132140464,0.132142777,0.793749214,0.150824292,-0.000047549,0.050071425,0.000035993,-0.040138691,-0.491248791,-3.339058505,-0.049124879,-0.333905851,0.500714245,-0.401386911,3.375001789,3.100629785,-0.491248791,-3.339058505,-0.049124879,-0.333905851,0.215351758,0.399373977,3.804623735,absolute
219.200000000,760,0.005115421,0.001598428,0.005359338,0.000437399,0.066014530,0.066015979,0.000874799,0.132029061,0.132031959,0.962182494,0.156115779,-0.000031096,0.050071419,0.000003712,-0.040138775,-0.490193243,-3.524844927,-0.049019324,-0.352484493,0.500714188,-0.401387748,3.558766805,3.276870806,-0.490193243,-3.524844927,-0.049019324,-0.352484493,0.215393421,0.399353354,3.987127373,absolute
219.405000000,761,0.000777068,-0.001779632,0.001941887,0.000413733,0.066044269,0.066045565,0.000827466,0.132088538,0.132091130,-0.938414804,0.159238607,-0.000002602,0.050071691,-0.000000510,-0.040138706,-0.415793507,-3.795581013,-0.041579351,-0.379558101,0.500716910,-0.401387056,3.818287505,3.515756527,-0.415793507,-3.795581013,-0.041579351,-0.379558101,0.214909470,0.399570432,4.242296771,absolute
219.700000000,762,0.003876301,-0.004208912,0.005721944,0.000412642,0.065994314,0.065995604,0.000825284,0.131988628,0.131991208,-0.773995182,0.164404002,0.000004763,0.050071504,0.000004094,-0.040139012,-0.280371597,-3.960770263,-0.028037160,-0.396077026,0.500715040,-0.401390116,3.970681214,3.644075104,-0.280371597,-3.960770263,-0.028037160,-0.396077026,0.214948731,0.399551033,4.388364619,absolute
219.903000000,763,0.005489025,0.001171658,0.005612680,0.000403045,0.065988013,0.065989244,0.000806090,0.131976026,0.131978487,-0.636589305,0.168720735,-0.000043619,0.050071750,-0.000095333,-0.040138735,-0.155398177,-4.027202823,-0.015539818,-0.402720282,0.500717503,-0.401387345,4.030199892,3.684701570,-0.155398177,-4.027202823,-0.015539818,-0.402720282,0.214976614,0.399535432,4.442205428,absolute
220.200000000,764,0.002623550,0.006024100,0.006570601,0.000425692,0.066012307,0.066013680,0.000851385,0.132024615,0.132027360,-0.764024385,0.164717244,0.000111941,0.050072249,0.000102487,-0.040137980,-0.013140718,-4.074400508,-0.001314072,-0.407440051,0.500722487,-0.401379805,4.074421698,3.708791781,-0.013140718,-4.074400508,-0.001314072,-0.407440051,0.214944116,0.399551094,4.479761782,absolute
220.400000000,765,0.005467669,-0.011069057,0.012345826,0.000381481,0.065989943,0.065991046,0.000762961,0.131979886,0.131982091,-0.880008108,0.161073508,0.000136647,0.050072318,0.000054098,-0.040138211,0.122393151,-4.164505321,0.012239315,-0.416450532,0.500723184,-0.401382107,4.166303476,3.782093328,0.122393151,-4.164505321,0.012239315,-0.416450532,0.214929404,0.399562994,4.565006303,absolute
220.616000000,766,0.000252145,-0.001258190,0.001283207,0.000393545,0.065983813,0.065984986,0.000787090,0.131967626,0.131969973,0.958848638,0.156011043,-0.000015887,0.050071392,0.000002065,-0.040138662,0.254081061,-4.356334334,0.025408106,-0.435633433,0.500713924,-0.401386617,4.363737620,3.962630341,0.254081061,-4.356334334,0.025408106,-0.435633433,0.215393821,0.399353648,4.755845339,absolute
220.900000000,767,0.002824734,-0.001166759,0.003056215,0.000481078,0.065984913,0.065986667,0.000962156,0.131969827,0.131973334,0.834465862,0.152103443,-0.000091670,0.050071814,0.000052492,-0.040138566,0.225985990,-4.451685450,0.022598599,-0.445168545,0.500718142,-0.401385657,4.457417752,4.059606652,0.225985990,-4.451685450,0.022598599,-0.445168545,0.215365866,0.399367968,4.851065043,absolute
221.200000000,768,0.001412993,0.000293912,0.001443237,0.000363422,0.065925619,0.065926620,0.000726843,0.131851237,0.131853241,0.645217696,0.146158036,-0.000029099,0.050071662,0.000059295,-0.040138556,0.153812107,-4.672726703,0.015381211,-0.467272670,0.500716622,-0.401385557,4.675257534,4.285405224,0.153812107,-4.672726703,0.015381211,-0.467272670,0.215321717,0.399390137,5.072489791,absolute
221.400000000,769,0.004404569,0.002070522,0.004866959,0.000302736,0.065942726,0.065943421,0.000605472,0.131885451,0.131886841,0.537582718,0.142776584,-0.000015106,0.050071448,0.000127348,-0.040138043,-0.004854392,-4.780582103,-0.000485439,-0.478058210,0.500714482,-0.401380429,4.780584568,4.408288465,-0.004854392,-4.780582103,-0.000485439,-0.478058210,0.215296580,0.399402775,5.184661010,absolute
221.601000000,770,0.001479742,-0.002372792,0.002796386,0.000351112,0.066030548,0.066031482,0.000702225,0.132061096,0.132062963,0.461833457,0.140396851,-0.000013900,0.050071772,-0.000115368,-0.040139469,-0.157796768,-4.816971202,-0.015779677,-0.481697120,0.500717717,-0.401394690,4.819555102,4.464410069,-0.157796768,-4.816971202,-0.015779677,-0.481697120,0.215281953,0.399411325,5.229706914,absolute
221.900000000,771,-0.008580271,0.004118067,0.009517327,0.000365850,0.066000707,0.066001721,0.000731699,0.132001414,0.132003442,0.247709867,0.133669960,0.000019164,0.050071756,0.000018890,-0.040138526,-0.353583555,-4.755673295,-0.035358356,-0.475567330,0.500717557,-0.401385258,4.768799621,4.437302638,-0.353583555,-4.755673295,-0.035358356,-0.475567330,0.215227615,0.399438518,5.186397975,absolute
222.104000000,772,-0.002773930,-0.008112825,0.008573950,0.000383258,0.065960847,0.065961960,0.000766516,0.131921694,0.131923920,0.162889144,0.131005238,0.000027040,0.050072297,0.000015187,-0.040138033,-0.407504877,-4.711729739,-0.040750488,-0.471172974,0.500722974,-0.401380334,4.729318910,4.404996006,-0.407504877,-4.711729739,-0.040750488,-0.471172974,0.215217129,0.399446460,5.148971240,absolute
222.401000000,773,0.005788293,0.003819800,0.006935071,0.000411915,0.065905411,0.065906698,0.000823830,0.131810821,0.131813396,-0.053503559,0.124207061,0.000020342,0.050071410,-0.000003452,-0.040138602,-0.548130843,-4.470157989,-0.054813084,-0.447015799,0.500714098,-0.401386024,4.503638514,4.201783076,-0.548130843,-4.470157989,-0.054813084,-0.447015799,0.215161324,0.399471873,4.929088144,absolute
222.700000000,774,-0.004376390,0.128830793,0.128905104,0.009403075,0.066253164,0.066917110,0.018806151,0.132506329,0.133834220,-0.041404378,0.124587168,0.298637326,0.071707178,-0.039066033,-0.038697569,-0.509485188,-4.316756957,-0.050948519,-0.431675696,0.717071776,-0.386975690,4.346718967,4.116749055,-0.509485188,-4.316756957,-0.050948519,-0.431675696,0.215047559,0.399475301,4.771561003,absolute
222.901000000,775,-0.007329944,0.575652248,0.575698913,0.009392243,0.066267289,0.066929573,0.018784486,0.132534577,0.133859146,-0.040933948,0.124601947,0.298659240,0.091539095,-0.038620045,-0.037378898,-0.424055503,-4.094831369,-0.042405550,-0.409483137,0.915390948,-0.373788980,4.116730136,3.954778535,-0.424055503,-4.094831369,-0.042405550,-0.409483137,0.214761349,0.399554356,4.539558351,absolute
223.107000000,776,0.002211085,0.303949275,0.303957317,0.009379615,0.066382095,0.067041477,0.018759230,0.132764189,0.134082954,-0.036967557,0.124726555,0.299067635,0.109568050,-0.034889823,-0.036175381,-0.337966198,-3.938439176,-0.033796620,-0.393843918,1.095680498,-0.361753806,3.952913393,3.853313002,-0.337966198,-3.938439176,-0.033796620,-0.393843918,0.214945930,0.399500813,4.373035007,absolute
223.409000000,777,0.001313307,1.000000000,1.000000000,0.009399284,0.066599880,0.067259874,0.018798567,0.133199761,0.134519747,-0.030035619,0.124944328,0.299888516,0.136613066,-0.028381669,-0.034378851,-0.207273510,-3.736582915,-0.020727351,-0.373658292,1.366130659,-0.343788508,3.742327376,3.739873603,-0.207273510,-3.736582915,-0.020727351,-0.373658292,0.214501207,0.399621893,4.157653681,absolute
223.700000000,778,0.006895003,0.498078309,0.498126031,0.009300035,0.066266696,0.066916109,0.018600070,0.132533392,0.133832218,-0.040514258,0.124615132,0.298679991,0.161854557,-0.038222403,-0.032713755,-0.084444702,-3.550877039,-0.008444470,-0.355087704,1.618545566,-0.327137549,3.551881002,3.645911704,-0.084444702,-3.550877039,-0.008444470,-0.355087704,0.214834248,0.399530799,3.961728155,absolute
223.900000000,779,0.001541947,-0.109274187,0.109285065,0.009259929,0.065952537,0.066599425,0.018519857,0.131905074,0.133198850,-0.052060887,0.124252384,0.297400086,0.181688365,-0.049079410,-0.031403925,-0.000571654,-3.379679825,-0.000057165,-0.337967982,1.816883648,-0.314039247,3.379679873,3.563887755,-0.000571654,-3.379679825,-0.000057165,-0.337967982,0.215233728,0.399439725,3.785276282,absolute
224.101000000,780,0.003491479,0.329593504,0.329611997,0.009322114,0.065904975,0.066561006,0.018644227,0.131809950,0.133122012,-0.052983358,0.124223403,0.297088008,0.199719398,-0.049912751,-0.030224079,0.082308987,-3.236651669,0.008230899,-0.323665167,1.997193983,-0.302240792,3.237698070,3.503933752,0.082308987,-3.236651669,0.008230899,-0.323665167,0.214952157,0.399500197,3.638570407,absolute
224.334000000,781,-0.003824636,-1.000000000,1.000000000,0.009301492,0.064959455,0.065622012,0.018602983,0.129918910,0.131244025,-0.086698502,0.123164211,0.290028479,0.219553222,-0.081008675,-0.028944854,0.212448379,-2.995740839,0.021244838,-0.299574084,2.195532223,-0.289448537,3.003264472,3.355091586,0.212448379,-2.995740839,0.021244838,-0.299574084,0.215821028,0.399426092,3.395168606,absolute
224.601000000,782,-0.001731695,0.134298028,0.134309192,0.009288749,0.065813493,0.066465756,0.018577497,0.131626987,0.132931513,-0.054887853,0.124163572,0.296485267,0.244798465,-0.051637329,-0.027340636,0.290500345,-2.853343166,0.029050035,-0.285334317,2.447984655,-0.273406361,2.868093038,3.363155136,0.290500345,-2.853343166,0.029050035,-0.285334317,0.215091506,0.399460870,3.253678010,absolute
224.902000000,783,-0.000635881,0.266382251,0.266383010,0.009227310,0.065822530,0.066466147,0.018454619,0.131645060,0.132932294,-0.056728937,0.124105733,0.296458581,0.271847743,-0.053401193,-0.025608147,0.429010362,-2.626554301,0.042901036,-0.262655430,2.718477429,-0.256081474,2.661360063,3.295572921,0.429010362,-2.626554301,0.042901036,-0.262655430,0.215012904,0.399482262,3.033593940,absolute
225.108000000,784,-0.000303134,-0.332507640,0.332507778,0.009281740,0.065922055,0.066572277,0.018563480,0.131844110,0.133144553,-0.054448104,0.124177387,0.297044577,0.289880461,-0.051312025,-0.024452875,0.501036366,-2.389076504,0.050103637,-0.238907650,2.898804609,-0.244528754,2.441049771,3.216889429,0.501036366,-2.389076504,0.050103637,-0.238907650,0.215410437,0.399423394,2.803090054,absolute
225.405000000,785,-0.003733520,-1.000000000,1.000000000,0.009285815,0.061122196,0.061823533,0.018571631,0.122244393,0.123647066,-0.221740746,0.118921734,0.230924642,0.317777303,-0.193174303,-0.030330810,0.648310061,-2.265037479,0.064831006,-0.226503748,3.177773033,-0.303308104,2.355992512,3.201025627,0.648310061,-2.265037479,0.064831006,-0.226503748,0.215828547,0.399456653,2.699364599,absolute
225.700000000,786,-0.006816019,-0.426964174,0.427018575,0.009265329,0.056596643,0.057350033,0.018530659,0.113193285,0.114700066,-0.379315060,0.113971391,0.111474639,0.336108104,-0.279792299,-0.047376249,0.840753563,-2.200478136,0.084075356,-0.220047814,3.361081035,-0.473762495,2.355625305,3.055093693,0.840753563,-2.200478136,0.084075356,-0.220047814,0.215439558,0.399511839,2.674128919,absolute
225.901000000,787,-0.006264667,-0.110861827,0.111038691,0.009171450,0.052775844,0.053566830,0.018342901,0.105551689,0.107133660,-0.513016372,0.109771040,-0.012311699,0.342910819,-0.300909554,-0.064010971,0.999824701,-2.209517618,0.099982470,-0.220951762,3.429108194,-0.640109709,2.425204639,2.892137527,0.999824701,-2.209517618,0.099982470,-0.220951762,0.215219162,0.399547132,2.724486140,absolute
226.202000000,788,-0.001439076,-0.092365802,0.092377011,0.009208582,0.048939639,0.049798456,0.018417164,0.097879277,0.099596912,-0.647284237,0.105552891,-0.134379435,0.341213315,-0.269392002,-0.090731019,1.225785750,-2.318239092,0.122578575,-0.231823909,3.412133147,-0.907310191,2.622362139,2.602082878,1.225785750,-2.318239092,0.122578575,-0.231823909,0.215189947,0.399565254,2.899614515,absolute
226.522000000,789,-0.001023023,-0.825956639,0.825957273,0.009186410,0.042584893,0.043564472,0.018372821,0.085169786,0.087128944,-0.868791973,0.098594020,-0.275868987,0.324541441,-0.120624236,-0.113859166,1.359086108,-2.527245648,0.135908611,-0.252724565,3.245414410,-1.138591656,2.869509647,2.342348046,1.359086108,-2.527245648,0.135908611,-0.252724565,0.215622280,0.399558387,3.142243049,absolute
226.800000000,790,-0.005238843,0.190168879,0.190241026,0.009198729,0.040480334,0.041512336,0.018397459,0.080960668,0.083024672,-0.942728095,0.096271248,-0.296081390,0.301928469,-0.053854848,-0.124934420,1.416299251,-2.835287609,0.141629925,-0.283528761,3.019284695,-1.249344198,3.169346841,2.254945418,1.416299251,-2.835287609,0.141629925,-0.283528761,0.214931340,0.399612232,3.450776991,absolute
227.112000000,791,0.001446316,0.514884213,0.514886244,0.009219780,0.046653494,0.047555787,0.018439559,0.093306989,0.095111574,-0.725776383,0.103086987,-0.196146105,0.281340320,-0.228526538,-0.144660562,1.471463999,-3.110839639,0.147146400,-0.311083964,2.813403199,-1.446605620,3.441297656,2.137867088,1.471463999,-3.110839639,0.147146400,-0.311083964,0.214768205,0.399670026,3.728667647,absolute
227.402000000,792,-0.003470075,-0.342315355,0.342332943,0.009188934,0.050615883,0.051443212,0.018377868,0.101231765,0.102886425,-0.586029706,0.107477258,-0.080395332,0.274766221,-0.290184361,-0.168812029,1.559869997,-3.236588888,0.155987000,-0.323658889,2.747662209,-1.688120285,3.592868219,1.951564847,1.559869997,-3.236588888,0.155987000,-0.323658889,0.215352358,0.399553664,3.876758999,absolute
227.703000000,793,0.006214882,0.798874459,0.798898633,0.009291928,0.057075452,0.057826872,0.018583857,0.114150904,0.115653745,-0.357721832,0.114649762,0.130208696,0.286866984,-0.271643980,-0.202035560,1.796224030,-3.332660137,0.179622403,-0.333266014,2.868669840,-2.020355601,3.785900732,1.694781169,1.796224030,-3.332660137,0.179622403,-0.333266014,0.214646027,0.399653603,4.053585429,absolute
228.002000000,794,0.006711055,-0.142864549,0.143022088,0.009327398,0.060241645,0.060959463,0.018654796,0.120483290,0.121918926,-0.245794189,0.118166072,0.215767720,0.300845128,-0.210139898,-0.213331743,1.948232740,-3.319707230,0.194823274,-0.331970723,3.008451284,-2.133317429,3.849164442,1.591095258,1.948232740,-3.319707230,0.194823274,-0.331970723,0.215280603,0.399470930,4.103097524,absolute
228.208000000,795,0.002368689,-0.182237956,0.182253349,0.009352397,0.057928900,0.058678998,0.018704793,0.115857801,0.117357996,-0.328612299,0.115564265,0.154431200,0.316415407,-0.258549683,-0.225476004,2.033333494,-3.255017915,0.203333349,-0.325501792,3.164154066,-2.254760045,3.837914372,1.509725462,2.033333494,-3.255017915,0.203333349,-0.325501792,0.215300881,0.399491753,4.081750053,absolute
228.504000000,796,-0.000240504,-0.441844807,0.441844873,0.009330385,0.055863826,0.056637648,0.018660770,0.111727652,0.113275295,-0.401823906,0.113264254,0.091428505,0.322530052,-0.286972721,-0.234403922,2.244548567,-2.974929607,0.224454857,-0.297492961,3.225300517,-2.344039218,3.726688132,1.166146247,2.244548567,-2.974929607,0.224454857,-0.297492961,0.215464208,0.399503834,3.937509922,absolute
228.704000000,797,-0.001263520,-0.008233704,0.008330088,0.009414941,0.050560196,0.051429315,0.018829881,0.101120391,0.102858631,-0.589292520,0.107374754,-0.083377751,0.327825698,-0.289387316,-0.265915996,2.475398457,-2.990325234,0.247539846,-0.299032523,3.278256982,-2.659159962,3.881963746,0.868476970,2.475398457,-2.990325234,0.247539846,-0.299032523,0.215159685,0.399548139,4.074300037,absolute
229.000000000,798,0.008582256,-0.437024825,0.437109086,0.009424183,0.044701896,0.045684513,0.018848366,0.089403792,0.091369027,-0.796903543,0.100852461,-0.241904022,0.316671280,-0.179374630,-0.290257813,2.586945010,-3.242555661,0.258694501,-0.324255566,3.166712798,-2.902578127,4.148066019,0.672097769,2.586945010,-3.242555661,0.258694501,-0.324255566,0.215403299,0.399553566,4.346167243,absolute
229.300000000,799,0.000082792,-0.135612061,0.135612086,0.009421475,0.040372654,0.041457393,0.018842950,0.080745309,0.082914786,-0.950852412,0.096016015,-0.297545438,0.294559508,-0.046310117,-0.305354895,2.611732098,-3.532649781,0.261173210,-0.353264978,2.945595082,-3.053548947,4.393262913,0.583953852,2.611732098,-3.532649781,0.261173210,-0.353264978,0.215160859,0.399560822,4.604979254,absolute
229.600000000,800,-0.002619232,-0.191360424,0.191378348,0.009419924,0.035176195,0.036415652,0.018839847,0.070352391,0.072831303,0.865198344,0.090237079,-0.274592020,0.267826831,0.123777124,-0.306861379,2.511055529,-3.709524056,0.251105553,-0.370952406,2.678268306,-3.068613787,4.479505396,0.662364012,2.511055529,-3.709524056,0.251105553,-0.370952406,0.215638772,0.399322290,4.706543996,absolute
229.803000000,801,-0.002909722,-0.696087338,0.696093419,0.009457398,0.031192661,0.032594854,0.018914796,0.062385322,0.065189707,0.722888993,0.085766299,-0.193966081,0.251236907,0.230178851,-0.299951395,2.365878924,-3.900960285,0.236587892,-0.390096028,2.512369071,-2.999513950,4.562332104,0.913271514,2.365878924,-3.900960285,0.236587892,-0.390096028,0.215911757,0.399303666,4.807767555,absolute
230.100000000,802,-0.000792627,-0.423378331,0.423379073,0.009471305,0.027077662,0.028686328,0.018942611,0.054155324,0.057372656,0.575409217,0.081133085,-0.070717197,0.233479170,0.292898973,-0.279911457,2.161262078,-3.925597283,0.216126208,-0.392559728,2.334791697,-2.799114569,4.481223917,1.139770080,2.161262078,-3.925597283,0.216126208,-0.392559728,0.215669055,0.399309241,4.742377953,absolute
230.301000000,803,-0.003961695,-0.541205603,0.541220102,0.009495241,0.023443480,0.025293406,0.018990483,0.046886961,0.050586812,0.446478128,0.077082596,0.050403796,0.228632917,0.296935430,-0.262604697,1.909824733,-3.935658183,0.190982473,-0.393565818,2.286329172,-2.626046974,4.374566933,1.362658105,1.909824733,-3.935658183,0.190982473,-0.393565818,0.215693640,0.399313649,4.654251921,absolute
230.600000000,804,0.000675003,-0.158377498,0.158378936,0.009500378,0.019217832,0.021437869,0.019000756,0.038435664,0.042875739,0.300267191,0.072489244,0.176753579,0.233394323,0.243710367,-0.236257785,1.702689109,-3.772062346,0.170268911,-0.377206235,2.333943232,-2.362577850,4.138551020,1.544386064,1.702689109,-3.772062346,0.170268911,-0.377206235,0.215390609,0.399340780,4.428618393,absolute
230.800000000,805,-0.005032411,-0.308490754,0.308531798,0.009487608,0.015005259,0.017753098,0.018975215,0.030010518,0.035506196,0.150599935,0.067787308,0.268148734,0.243995611,0.137265819,-0.221745339,1.677996230,-3.656601779,0.167799623,-0.365660178,2.439956115,-2.217453395,4.023233515,1.628413627,1.677996230,-3.656601779,0.167799623,-0.365660178,0.215445056,0.399368387,4.311606420,absolute
231.002000000,806,0.004472417,-0.515712269,0.515731661,0.009485646,0.013048357,0.016131866,0.018971292,0.026096714,0.032263732,0.082151502,0.065636937,0.291100862,0.258558690,0.076842979,-0.211089807,1.637864724,-3.490106413,0.163786472,-0.349010641,2.585586895,-2.110898074,3.855313688,1.673437467,1.637864724,-3.490106413,0.163786472,-0.349010641,0.215567900,0.399379409,4.141379990,absolute
231.204000000,807,0.000277480,0.033255225,0.033256383,0.009485761,0.013184917,0.016242589,0.018971523,0.026369834,0.032485179,0.089199402,0.065858353,0.289373956,0.273514829,0.083282228,-0.200950646,1.616567120,-3.314749872,0.161656712,-0.331474987,2.735148290,-2.009506463,3.687933834,1.718977659,1.616567120,-3.314749872,0.161656712,-0.331474987,0.215212421,0.399394975,3.969718748,absolute
231.500000000,808,-0.003031944,0.036723973,0.036848920,0.009526011,0.012761928,0.015925191,0.019052022,0.025523856,0.031850381,0.075260177,0.065420440,0.292956531,0.295948825,0.070585946,-0.185739155,1.603278954,-3.044333816,0.160327895,-0.304433382,2.959488250,-1.857391547,3.440708036,1.802258473,1.603278954,-3.044333816,0.160327895,-0.304433382,0.215211178,0.399398294,3.712953406,absolute
231.800000000,809,0.001136905,-1.000000000,1.000000000,0.009545008,0.010349555,0.014079079,0.019090017,0.020699110,0.028158159,-0.009700273,0.062751329,0.301097047,0.319271836,-0.009178565,-0.172138119,1.596413872,-2.770324704,0.159641387,-0.277032470,3.192718361,-1.721381188,3.197379586,1.910096994,1.596413872,-2.770324704,0.159641387,-0.277032470,0.215877535,0.399390792,3.457307754,absolute
232.100000000,810,-0.001246738,-0.083672303,0.083681590,0.009589289,0.006842366,0.011780172,0.019178578,0.013684733,0.023560343,-0.135014866,0.058814454,0.274427542,0.344254294,-0.123924216,-0.170227507,1.669934670,-2.520192057,0.166993467,-0.252019206,3.442542945,-1.702275073,3.023251529,1.952211128,1.669934670,-2.520192057,0.166993467,-0.252019206,0.215261557,0.399448381,3.261958638,absolute
232.300000000,811,-0.001027617,-0.002238540,0.002463140,0.009533604,0.011184049,0.014696005,0.019067208,0.022368097,0.029392009,0.018152695,0.063626355,0.300780029,0.363846734,0.017171615,-0.167765719,1.764120024,-2.362482148,0.176412002,-0.236248215,3.638467345,-1.677657192,2.948464237,1.995535792,1.764120024,-2.362482148,0.176412002,-0.236248215,0.215242063,0.399401100,3.166547334,absolute
232.600000000,812,-0.007226717,0.829177557,0.829209049,0.009518074,0.016688226,0.019211731,0.019036148,0.033376452,0.038423463,0.211235797,0.069692240,0.237172981,0.386002324,0.185449499,-0.152736887,1.810030875,-2.083554619,0.181003087,-0.208355462,3.860023238,-1.527368869,2.759965872,2.124102464,1.810030875,-2.083554619,0.181003087,-0.208355462,0.214752469,0.399501068,2.951352018,absolute
232.802000000,813,-0.003565094,0.180945194,0.180980311,0.009550937,0.018128002,0.020490117,0.019101875,0.036256005,0.040980233,0.261465996,0.071270268,0.205047834,0.392875190,0.220378972,-0.142157498,1.763779755,-1.891694502,0.176377976,-0.189169450,3.928751903,-1.421574975,2.586392683,2.215426995,1.763779755,-1.891694502,0.176377976,-0.189169450,0.215192039,0.399373115,2.765341704,absolute
233.101000000,814,-0.000147750,0.829270928,0.829270941,0.009494596,0.024953142,0.026698439,0.018989191,0.049906285,0.053396878,0.504788974,0.078914485,-0.004532113,0.396826980,0.301214306,-0.110447919,1.647855133,-1.779556984,0.164785513,-0.177955698,3.968269796,-1.104479194,2.425334946,2.416620415,1.647855133,-1.779556984,0.164785513,-0.177955698,0.214852244,0.399464786,2.607994086,absolute
233.406000000,815,0.002365555,0.040512279,0.040581284,0.009497540,0.028728936,0.030258140,0.018995080,0.057457872,0.060516280,0.636762440,0.083060554,-0.125473524,0.383400798,0.273840230,-0.085295281,1.478896410,-1.729118515,0.147889641,-0.172911852,3.834007981,-0.852952810,2.275298976,2.512810549,1.478896410,-1.729118515,0.147889641,-0.172911852,0.215411469,0.399324056,2.475209481,absolute
233.700000000,816,-0.004247477,-0.121417384,0.121491655,0.009506328,0.031705236,0.033099732,0.019012657,0.063410471,0.066199464,0.741580079,0.086353497,-0.207183660,0.362458175,0.218445000,-0.071318205,1.214829123,-1.824694413,0.121482912,-0.182469441,3.624581754,-0.713182048,2.192103898,2.653745933,1.214829123,-1.824694413,0.121482912,-0.182469441,0.215549070,0.399322573,2.438198552,absolute
233.900000000,817,-0.006872367,0.613118420,0.613156935,0.009521286,0.030357206,0.031815325,0.019042573,0.060714413,0.063630649,0.695569465,0.084908031,-0.173535723,0.348445503,0.245979750,-0.059953311,1.022939288,-1.925158897,0.102293929,-0.192515890,3.484455029,-0.599533109,2.180055404,2.795772429,1.022939288,-1.925158897,0.102293929,-0.192515890,0.215045858,0.399436973,2.460983086,absolute
234.200000000,818,0.008200989,0.273759814,0.273882624,0.009544598,0.036004201,0.037247843,0.019089197,0.072008401,0.074495686,0.894945132,0.091171602,-0.284818693,0.322882767,0.097570088,-0.051987812,0.773831051,-2.146110344,0.077383105,-0.214611034,3.228827666,-0.519878125,2.281360143,2.944764780,0.773831051,-2.146110344,0.077383105,-0.214611034,0.215334030,0.399390401,2.606049302,absolute
234.400000000,819,0.005024447,-0.967696230,0.967709273,0.009569799,0.036401514,0.037638428,0.019139597,0.072803029,0.075276857,0.909387548,0.091625324,-0.289276856,0.304892950,0.084646604,-0.053384587,0.680491562,-2.221516073,0.068049156,-0.222151607,3.048929502,-0.533845874,2.323403200,2.908217492,0.680491562,-2.221516073,0.068049156,-0.222151607,0.216146327,0.399321633,2.661654895,absolute
234.601000000,820,0.003790085,-0.266333825,0.266360791,0.009584274,0.034347229,0.035659367,0.019168549,0.068694458,0.071318734,0.836347003,0.089330688,-0.262250603,0.287196897,0.148117801,-0.050250499,0.575154433,-2.461635011,0.057515443,-0.246163501,2.871968968,-0.502504992,2.527933850,3.018865257,0.575154433,-2.461635011,0.057515443,-0.246163501,0.215655561,0.399335037,2.883468234,absolute
234.901000000,821,-0.008507008,0.330219985,0.330329544,0.009552150,0.029540072,0.031046086,0.019104299,0.059080145,0.062092172,0.665746293,0.083971108,-0.149868101,0.265510842,0.261321232,-0.034546593,0.377767930,-2.560864554,0.037776793,-0.256086455,2.655108421,-0.345465932,2.588577963,3.177148212,0.377767930,-2.560864554,0.037776793,-0.256086455,0.215191540,0.399396216,2.964721725,absolute
235.200000000,822,0.011602388,-0.094081421,0.094794141,0.009598190,0.023895085,0.025750735,0.019196381,0.047790170,0.051501470,0.466744467,0.077719281,0.031417924,0.255046600,0.299626026,-0.009902286,0.028744608,-2.626381672,0.002874461,-0.262638167,2.550465999,-0.099022863,2.626538966,3.570241073,0.028744608,-2.626381672,0.002874461,-0.262638167,0.215389516,0.399337122,3.031470030,absolute
235.404000000,823,-0.001041331,0.066072370,0.066080576,0.009561754,0.020624544,0.022733212,0.019123507,0.041249088,0.045466425,0.351935761,0.074112460,0.135085730,0.255948690,0.269154689,0.008046736,-0.064539605,-2.547844817,-0.006453960,-0.254784482,2.559486898,0.080467359,2.548662114,3.713965534,-0.064539605,-2.547844817,-0.006453960,-0.254784482,0.215239899,0.399364977,2.960459785,absolute
235.704000000,824,-0.003469666,-0.222623511,0.222650548,0.009545780,0.015250839,0.017991943,0.019091560,0.030501677,0.035983885,0.166677478,0.068292399,0.261040154,0.268831756,0.150723425,0.031519195,-0.309693144,-2.313184688,-0.030969314,-0.231318469,2.688317558,0.315191948,2.333823739,3.987032971,-0.309693144,-2.313184688,-0.030969314,-0.231318469,0.215372086,0.399382727,2.762917928,absolute
236.000000000,825,-0.003926867,0.273246742,0.273274957,0.009602390,0.020010889,0.022195530,0.019204780,0.040021778,0.044391061,0.336402062,0.073624454,0.148105892,0.280851604,0.262335477,0.055443863,-0.387681356,-2.108536296,-0.038768136,-0.210853630,2.808516042,0.554438631,2.143880161,4.160181879,-0.387681356,-2.108536296,-0.038768136,-0.210853630,0.215100758,0.399405726,2.579364159,absolute
