stamp,ekf_x,ekf_y,pseudo_x,pseudo_y,gps_x,gps_y,odom_x,odom_y,ann_x,ann_y,kf_imu_x,kf_imu_y,complementary_x,complementary_y,ekf_error_m,pseudo_error_m,odom_error_m,ann_error_m,kf_imu_error_m,complementary_error_m
3.240000000,0.000009611,-0.000000001,nan,nan,nan,nan,nan,nan,nan,nan,nan,nan,nan,nan,nan,nan,nan,nan,nan,nan
3.340000000,-0.000010938,0.000000001,nan,nan,0.019616964,-0.087162746,-0.000015404,0.000000207,nan,nan,nan,nan,nan,nan,0.089345391,nan,0.089346574,nan,nan,nan
3.460000000,0.000018685,-0.000000000,nan,nan,-0.070051883,0.076728657,0.000015952,-0.000000459,nan,nan,0.000000000,0.000000000,nan,nan,0.103909438,nan,0.103907934,nan,0.103896839,nan
3.540000000,0.000002095,-0.000000001,nan,nan,0.016511879,0.143205381,-0.000001539,-0.000000034,nan,nan,0.000000000,0.000000000,0.000009343,-0.000000000,0.144153926,nan,0.144154375,nan,0.144154165,0.144153095
3.640000000,0.041921218,-0.107279830,-0.015397468,-0.184468754,-0.017773797,0.022989178,0.000020971,-0.000000519,0.009182303,0.036897305,0.004804817,-0.154647195,0.000001047,-0.000000000,0.143295182,0.207471541,0.029071978,0.030332611,0.179065560,0.029059377
3.700000000,0.075464949,0.012288130,-0.030744757,-0.146170326,0.038998198,0.154261721,-0.000002929,-0.000000060,0.021145049,0.034696661,-0.004728134,-0.106936105,0.023363018,-0.130963512,0.146582142,0.308420970,0.159115635,0.120890606,0.264832583,0.285653449
3.880000000,0.023104244,-0.093325868,0.026068808,-0.124718749,-0.024768972,-0.260153568,0.000001506,-0.000000166,-0.000380708,0.039955866,0.023791647,-0.089478978,0.035368408,-0.047323988,0.173560729,0.144661916,0.261330001,0.301098754,0.177448441,0.221162689
3.940000000,0.001378572,0.072273205,-0.000729361,0.088384662,0.083253270,-0.182032154,-0.000013142,0.000000219,-0.002726654,0.048605153,0.002626553,0.061382479,0.023447945,-0.091402423,0.267160405,0.283157795,0.200172626,0.246142468,0.256420263,0.108583724
4.040000000,0.021108848,-0.056599787,0.007482148,-0.035776324,-0.094439467,0.033647391,-0.000022935,0.000000486,0.059505497,0.037211201,0.022270063,-0.060980636,0.002002563,0.066827842,0.146615028,0.123319374,0.100232707,0.153986210,0.150251715,0.101990232
4.140000000,0.068725145,0.047285996,0.064814641,0.116408741,-0.118142744,0.098109069,-0.000000198,-0.000000126,-0.026748518,0.052780602,0.068383936,0.049687280,0.021689455,-0.058790212,0.193655862,0.183870287,0.153567820,0.102017520,0.192709294,0.210167619
4.240000000,-0.085592420,0.068020235,-0.123564842,0.077457104,0.242827777,-0.064102864,0.000022607,-0.000000756,0.030999975,0.037691306,-0.086219997,0.067630857,0.068554541,0.048486638,0.354000478,0.392788462,0.251124333,0.235017171,0.354437880,0.207479051
4.340000000,0.034278648,0.037037426,-0.013038494,0.062032424,0.089546795,-0.015281479,0.000000307,-0.000000168,0.064925045,0.038305665,0.032385169,0.037532939,-0.085906209,0.067825546,0.076104112,0.128456923,0.090841026,0.058972981,0.077825537,0.194140501
4.440000000,-0.113447899,0.127840728,-0.172393973,0.165718252,0.144813477,-0.142004609,0.000003391,-0.000000270,0.054095163,0.036905711,-0.114741431,0.126953559,0.033331909,0.037285182,0.373517663,0.441943351,0.202818128,0.200595900,0.373774326,0.211123114
4.520000000,-0.040740648,-0.022953881,-0.087493952,-0.005361120,0.007888947,-0.042783080,0.000018891,-0.000000634,0.032653920,0.038140324,-0.041642719,-0.022734630,-0.114094665,0.127397144,0.052516994,0.102461214,0.043500294,0.084628017,0.053435254,0.209383166
4.640000000,-0.087815082,0.214483541,-0.063948767,0.287859052,0.063988779,-0.075132693,-0.000000412,-0.000000198,0.049969356,0.031180527,-0.088656349,0.212065135,-0.041191684,-0.022844255,0.326989259,0.384877932,0.098688947,0.107233600,0.325243182,0.117460676
4.740000000,-0.021014850,0.003497015,0.036746882,-0.001907766,-0.166451990,0.099423401,0.000012139,-0.000000471,0.052493577,0.030610182,-0.088656349,0.212065135,-0.088235716,0.213274338,0.174223515,0.227063399,0.193895365,0.229504729,0.136895296,0.138129727
4.840000000,-0.030788651,-0.027217677,0.001678432,-0.059710573,-0.054045140,-0.005044599,0.000017886,-0.000000541,0.041028578,0.037804847,-0.020608572,0.003981500,-0.020811711,0.003739258,0.032132688,0.078060779,0.054297820,0.104283684,0.034633431,0.034374655
4.940000000,0.011109781,0.066057863,0.032313445,0.091918379,-0.097140410,0.015073395,-0.000005889,-0.000000085,0.057232023,0.029298965,-0.022599173,-0.034287777,-0.026693912,-0.030752727,0.119655839,0.150543855,0.098297126,0.155026497,0.089403139,0.084040124
5.020000000,-0.082178102,0.041631729,-0.093033229,0.045691506,-0.078284203,0.009791785,0.041200142,-0.000892406,0.046820401,0.034050634,0.011698215,0.064776353,0.011403998,0.065417108,0.032077164,0.038811387,0.119961080,0.127434900,0.105452066,0.105537434
5.120000000,0.126013991,0.016462549,0.178488919,0.055802514,0.044153858,0.172884275,0.123599762,-0.002689829,0.126805527,-0.091606217,0.111856976,0.016222308,-0.083178212,0.043194900,0.176546984,0.178196654,0.192712006,0.277103805,0.170665415,0.181749250
5.240000000,0.164697897,-0.051192069,0.151626204,-0.099302657,0.167899760,-0.073743863,0.247185475,-0.005473854,0.266456395,-0.122097621,0.068973193,0.126799612,0.118935483,0.016342429,0.022777958,0.030299845,0.104628002,0.109779307,0.223616080,0.102533119
5.340000000,0.277858111,0.048812994,0.262854962,0.093514593,0.533004033,0.102116652,0.350180656,-0.007839625,0.339701213,-0.113710636,0.237005540,0.050645897,0.116835545,0.037803772,0.260654410,0.270285989,0.213341909,0.289736775,0.300440255,0.421108486
5.420000000,0.257585039,0.032089170,0.165361655,0.047073849,0.345296702,0.098822668,0.453166659,-0.010313389,0.409082923,-0.051477015,0.223800645,0.033122354,0.257431825,0.049729445,0.110212048,0.187228634,0.153449036,0.163274850,0.138122494,0.100649794
5.540000000,0.402434528,0.008609523,0.363731656,-0.018570270,0.387390207,0.030422026,0.535558543,-0.012243852,0.560755968,-0.029108967,0.356871737,0.009654039,0.240692842,0.032605762,0.026497488,0.054405626,0.154188953,0.183302008,0.036914581,0.146713618
5.640000000,0.622761764,-0.015121333,0.662263226,-0.040819811,0.607885456,-0.094048251,0.659140184,-0.015095133,0.552866515,-0.032838274,0.356871737,0.009654039,0.379653132,0.009131781,0.080316641,0.076093420,0.094130983,0.082302765,0.271591701,0.250471780
5.720000000,0.631398691,-0.156583750,0.665712687,-0.210516705,0.667124711,-0.128192068,0.741552837,-0.016841175,0.613658578,0.029786389,0.612406994,-0.161299421,0.603686553,-0.015969396,0.045633717,0.082336745,0.133934937,0.166780755,0.063954088,0.128912095
5.820000000,0.551618460,0.060751693,0.450252049,0.022391265,0.775128574,0.045874752,0.865139678,-0.019413987,0.653804800,0.046608274,0.511105634,0.060714476,0.621902842,-0.158941585,0.224004675,0.325724164,0.111196306,0.121325991,0.264439654,0.255788696
5.940000000,0.884797707,-0.053831907,0.848914972,-0.088571071,0.879045268,0.020951729,0.968112336,-0.021458899,0.839145298,0.044731437,0.828074957,-0.049359206,0.531362047,0.060733085,0.075004552,0.113591719,0.098648893,0.046448704,0.086842388,0.349951681
6.020000000,0.988307962,-0.029941666,0.971702236,-0.011663976,0.914121444,-0.039169451,1.071100769,-0.023448439,0.893737590,0.066989430,0.944981157,-0.027144159,0.856436332,-0.051595556,0.074758220,0.063812998,0.157764567,0.108098147,0.033119926,0.059008307
6.140000000,1.037973482,-0.133021931,1.012147243,-0.186189242,0.920278455,0.111440792,1.174139165,-0.025426125,0.953513082,0.015451343,0.974009544,-0.124464405,0.966644559,-0.028542913,0.271319263,0.311485973,0.288405639,0.101580090,0.241946878,0.147462718
6.220000000,1.007002116,-0.030990008,0.970198190,-0.035072875,1.049867856,0.017864263,1.277157920,-0.027385605,1.037985554,0.058014541,0.968056441,-0.028591449,1.005991513,-0.128743168,0.064993935,0.095653522,0.231750564,0.041871636,0.094081034,0.153032260
6.320000000,1.148295323,0.074233546,1.053642565,0.085986976,1.115361577,-0.031212135,1.359558951,-0.029045983,1.038010962,0.130522741,1.114780607,0.074571359,0.987529279,-0.029790729,0.110469105,0.132457042,0.244206981,0.179279915,0.105785089,0.127840201
6.440000000,1.223297579,0.105784091,1.077079868,0.147735227,1.189107251,0.050581172,1.483116020,-0.031838376,1.270368751,0.113175013,1.167182133,0.103542471,1.131537965,0.074402452,0.064933356,0.148287035,0.305342657,0.102573975,0.057320241,0.062303098
6.540000000,1.327984121,-0.013930208,1.218887059,-0.017916763,1.443115765,0.023710426,1.586137789,-0.033916842,1.241068086,0.145586078,1.274647584,-0.011328876,1.195239856,0.104663281,0.121128497,0.228059938,0.154195335,0.235959614,0.172073474,0.260760102
6.640000000,1.542954462,-0.060991771,1.485861772,-0.085148571,1.372772426,0.177178671,1.689118005,-0.035964597,1.401430827,0.052015684,1.494376952,-0.055959569,1.301315853,-0.012629542,0.292723563,0.285665507,0.381450623,0.128402014,0.262946952,0.202813213
6.720000000,1.511585746,-0.056313474,1.471970514,-0.126426736,1.596315432,0.004169102,1.771518477,-0.037710524,1.472953447,0.164203777,1.483289114,-0.052662340,1.518665707,-0.058475670,0.104102169,0.180324517,0.180138863,0.202062556,0.126509926,0.099768969
6.840000000,1.657983604,-0.193243252,1.573626642,-0.189087809,1.688966362,-0.159708434,1.895107975,-0.040480340,1.597555883,0.160318820,1.611510078,-0.184595000,1.497437430,-0.054487907,0.045656492,0.119022681,0.238137992,0.332826260,0.081356113,0.218528468
6.940000000,1.730201415,0.001096496,1.638091787,0.073596719,1.642378264,-0.116446414,1.998086107,-0.042880862,1.572218803,0.204939194,1.683314997,0.003762273,1.634746841,-0.188919126,0.146728463,0.190091469,0.363235406,0.328954494,0.126987971,0.072873400
7.040000000,1.824472462,-0.120108523,1.795270771,-0.121711334,1.962594865,-0.143467458,2.101084153,-0.045414018,1.811866724,0.165650243,1.786119675,-0.115569648,1.706758206,0.002429385,0.140083682,0.168732573,0.169687241,0.343908019,0.178666674,0.294513641
7.140000000,1.889430944,-0.087863561,1.765598353,-0.059549652,1.836739302,0.089090560,2.204090143,-0.047751264,1.801287236,0.193223452,1.844502056,-0.084294341,1.805296068,-0.117839086,0.184632527,0.164787582,0.392010619,0.110002310,0.173558590,0.209304934
7.220000000,2.009833757,0.027955775,1.997261003,0.017956947,1.840951169,-0.051961560,2.286473203,-0.049554333,1.891854206,0.209574848,1.990501640,0.029677811,1.866966500,-0.086078951,0.186837119,0.171234815,0.445528537,0.266444013,0.170382893,0.042904473
7.340000000,2.220072563,-0.036578623,2.232094606,-0.095902652,2.037868441,0.072920411,2.410086300,-0.052115724,1.938919505,0.233284911,2.187812371,-0.034208726,2.000167699,0.028816793,0.212575588,0.257342242,0.392657828,0.188434776,0.184281942,0.058021333
7.420000000,2.196064615,0.193372710,2.172676302,0.237780925,2.143520018,0.028039015,2.492474895,-0.053688334,2.086223125,0.140335556,2.187812371,-0.034208726,2.203942467,-0.035393675,0.173482465,0.211758726,0.358397636,0.126069216,0.076397603,0.087604671
7.540000000,2.285738721,0.202431482,2.254543630,0.194666677,2.197185940,-0.045795426,2.616104933,-0.055938512,2.137636015,0.249073145,2.168926478,0.201968034,2.182495546,0.197670372,0.263549223,0.247208268,0.419041770,0.300821655,0.249369865,0.243908595
7.640000000,2.311046049,0.020115557,2.240878463,0.019521235,2.265892778,0.123771609,2.719083692,-0.057568497,2.340350599,0.068265741,2.245086356,0.026088497,2.227332599,0.202199758,0.113063676,0.107209404,0.488125228,0.092870170,0.099874409,0.087394862
7.740000000,2.390728734,0.141574526,2.347894832,0.147957679,2.391886934,-0.083035062,2.822077443,-0.059280377,2.292920176,0.254938451,2.342047932,0.141067334,2.278066202,0.023102027,0.224612575,0.235144534,0.430845865,0.352165465,0.229577460,0.155628534
7.820000000,2.620842645,-0.036493251,2.638876387,-0.039160564,2.457760817,-0.121096463,2.904486066,-0.060502890,2.395993419,0.236392336,2.594280157,-0.029168980,2.366388333,0.141320930,0.183720946,0.198787175,0.450815959,0.362785684,0.164584909,0.277870148
7.940000000,2.727240555,-0.079489306,2.692287439,-0.065860162,2.645523152,-0.003631262,3.028134456,-0.062482049,2.571099016,0.214657426,2.678775909,-0.069826948,2.607561401,-0.032831116,0.111499672,0.077841727,0.387110870,0.230627195,0.074078436,0.047892859
8.040000000,2.732659209,-0.064862961,2.652560990,-0.084133022,2.665744262,0.030691243,3.130646507,-0.053959441,2.587066937,0.203149110,2.681528889,-0.060202395,2.703008232,-0.074658127,0.116654259,0.115578590,0.472546121,0.189556950,0.092254039,0.111745663
8.120000000,2.741967281,0.049439049,2.630645439,0.046916292,2.693158601,-0.022981123,3.210854191,-0.035114579,2.812354469,0.149755156,2.728234767,0.055990539,2.707094049,-0.062532678,0.087332517,0.093773898,0.517837758,0.209870143,0.086410999,0.041934738
8.240000000,2.954989840,0.158443180,2.909997120,0.215739513,2.641685357,0.073629035,3.324872908,0.012103807,2.851453542,0.320133172,2.923821115,0.159412373,2.735101024,0.052714794,0.324581482,0.303622447,0.685952319,0.323677279,0.294888737,0.095728221
8.320000000,3.003672600,0.020344406,3.021334550,-0.047552104,2.879354538,0.007026738,3.411266524,0.068019353,2.943497392,0.334771848,2.989898158,0.028049644,2.939405478,0.158927776,0.125029360,0.152109086,0.535397478,0.333962816,0.112524906,0.163340261
8.440000000,3.050345581,0.146951977,3.040251634,0.115853630,2.928504599,0.159596677,3.487276477,0.137361379,3.051340420,0.311499757,3.003760350,0.130715214,2.996785379,0.024197025,0.122495360,0.120003559,0.559214109,0.195353998,0.080607487,0.151642114
8.540000000,3.047580112,0.333872461,2.940736789,0.328729134,2.947032830,-0.034937533,3.550990293,0.218233339,3.130099555,0.398893266,3.015571189,0.325149527,3.027052965,0.138833596,0.382270281,0.363721164,0.654874117,0.470874281,0.366551766,0.191310291
8.620000000,3.126236353,0.428100770,3.125822039,0.427258179,3.024492680,0.306135637,3.591988987,0.289622353,3.126830394,0.554270455,3.102933276,0.417417746,3.031575650,0.329510994,0.158830943,0.157918679,0.567736511,0.268409939,0.136149311,0.024424900
8.720000000,3.092262514,0.629349835,3.019314130,0.610937465,3.151559570,0.673708892,3.629451053,0.385490809,3.197551834,0.577644557,3.077598393,0.635133634,3.114584815,0.422759258,0.074053135,0.146386846,0.558076995,0.106506548,0.083416463,0.253658927
8.820000000,3.205623049,0.560581368,3.179080938,0.492918873,2.953114824,0.588900316,3.653045363,0.506636793,3.245652924,0.666325496,3.184392678,0.562051477,3.084930453,0.632241734,0.254091256,0.245505850,0.704748215,0.302610638,0.232831068,0.138758202
8.940000000,3.061776674,0.655022226,3.005156204,0.621088824,3.098048977,0.635631377,3.656276190,0.609566377,3.257026365,0.775960729,3.034215848,0.632086860,3.195007864,0.561316422,0.041130099,0.094024216,0.558835400,0.212052203,0.063931464,0.122162752
9.020000000,3.241523692,0.690802080,3.255740447,0.690799418,3.124155751,0.632796472,3.657983880,0.712571866,3.293084117,0.853780463,3.218550025,0.687014618,3.047996261,0.643554543,0.130919381,0.143801509,0.539756042,0.278155923,0.108857183,0.076915564
9.120000000,3.063267599,0.838512377,3.015752979,0.767192533,3.127390591,0.799966735,3.668569042,0.815021402,3.197282639,0.912014010,3.042465367,0.836186457,3.230036859,0.688908349,0.074816606,0.116349064,0.541387808,0.132058663,0.092326388,0.151229036
9.240000000,3.179508215,1.049789199,3.186952364,1.042646892,3.149983412,0.829365769,3.679656965,0.917448481,3.188264792,0.999279269,3.162222178,1.028007034,3.052866483,0.837349417,0.222392002,0.216461407,0.536947517,0.174172504,0.199017938,0.097444531
9.340000000,3.000633796,0.900056272,2.989422248,0.780913419,3.178068342,0.937210492,3.690580566,1.019895424,3.177038345,1.090169100,2.986367564,0.867690933,3.170865197,1.038898117,0.181282802,0.244981885,0.519139266,0.152962075,0.203917036,0.101942427
9.420000000,3.137204855,0.969605002,3.129148007,0.909350119,3.206035273,1.096319251,3.701394828,1.122338505,3.146021327,1.162115209,3.124878169,0.960563800,2.993500680,0.883873602,0.144201690,0.202161095,0.496042428,0.089054936,0.158164529,0.300506418
9.540000000,3.219059507,1.255286141,3.239167937,1.213840155,2.902342278,1.202558991,3.712434072,1.224760113,3.083124297,1.262350894,3.210417977,1.234118070,3.131041512,0.965084401,0.321076246,0.337014524,0.810395955,0.190413262,0.309687927,0.329693070
9.620000000,3.013683499,1.356651933,3.024984602,1.350687531,3.214083926,1.220366827,3.723585942,1.327181520,3.067218777,1.343636126,3.010996902,1.354632507,3.214738742,1.244702105,0.242350906,0.229656352,0.520578220,0.191741211,0.243457619,0.024344087
9.740000000,3.000299476,1.311840122,3.020778521,1.216088958,3.129083460,1.254477606,3.734719782,1.429560397,3.083819144,1.432884447,3.002896653,1.265140891,3.012340200,1.355642220,0.140981462,0.114907128,0.630435832,0.184059390,0.126636550,0.154477402
9.840000000,2.984095296,1.399751436,2.936319104,1.369534638,2.898323810,1.467475087,3.748277714,1.552456814,3.045720688,1.486374299,2.981371539,1.367482464,3.001598064,1.288490506,0.109285135,0.105052244,0.854191743,0.148603566,0.129982499,0.206642328
9.940000000,3.095997440,1.459051113,3.118349792,1.351846173,3.070889383,1.296678277,3.757269033,1.634381503,2.991443185,1.590789565,3.087925105,1.427525219,2.982733418,1.383616950,0.164302624,0.072773534,0.764957837,0.304652504,0.131951271,0.123813598
10.040000000,3.004446562,1.592601379,3.053901673,1.487333592,3.138043237,1.523915491,3.768399225,1.736830046,3.002541114,1.702225950,3.002508337,1.561086303,3.091961272,1.443288166,0.150219249,0.091749867,0.665342978,0.223954114,0.140539597,0.092867179
10.120000000,3.114219257,1.642655292,3.122093914,1.608755137,2.956389746,1.663015328,3.777262310,1.818734629,2.949308282,1.801875204,3.108168621,1.634823959,3.003477449,1.576843841,0.159137317,0.174361806,0.835511979,0.139040326,0.154374804,0.098197642
10.240000000,3.070964996,1.773186523,3.083986843,1.693531681,3.065130679,1.614724219,3.790577011,1.941678122,2.906101102,1.847494731,3.070585428,1.747435745,3.111193939,1.638739626,0.158569673,0.081031914,0.795720576,0.281908704,0.132823581,0.051947702
10.320000000,3.020060641,1.781675513,3.017219294,1.684008867,2.968246648,1.880883084,3.799358287,2.023602742,2.974322313,1.956033862,3.019346303,1.773430463,3.070775212,1.760311134,0.111923331,0.202873797,0.843276619,0.075395976,0.118984203,0.158270975
10.420000000,2.913743533,1.964042587,2.823110426,1.974386661,3.212749851,2.035647564,3.810421923,2.126023122,2.865738578,2.033066067,2.915243960,1.958581944,3.019703472,1.777552988,0.307460649,0.394425886,0.604466415,0.347020875,0.307325340,0.322303761
10.540000000,2.929342435,1.973555657,2.934903519,1.904772863,2.965280939,2.036869977,3.823578068,2.248948949,2.876660095,2.111416514,2.934045888,1.948044652,2.914493747,1.961312266,0.072803017,0.135544957,0.884110542,0.115805182,0.094157139,0.091040138
10.640000000,2.972015703,2.176853274,2.968688824,2.149011101,2.968040111,2.339980269,3.834486619,2.351358237,2.911129880,2.208398121,2.978416706,2.153818053,2.931694161,1.960800155,0.163175432,0.190970269,0.866521211,0.143361906,0.186451184,0.380918084
10.740000000,2.913467670,2.226787458,2.870646443,2.163226510,3.031193175,2.208537761,3.845620930,2.453792094,2.760935923,2.273645649,2.924085303,2.202940700,2.975216205,2.165335664,0.119131633,0.166818352,0.850554088,0.277989243,0.107254013,0.070709564
10.840000000,3.032980681,2.370540997,3.060781246,2.329234531,3.032307905,2.101899905,3.856779555,2.556217323,2.770957670,2.384102830,3.041493450,2.348443470,2.918776486,2.214864079,0.268641935,0.229110810,0.941359559,0.384632859,0.246714620,0.160157072
10.940000000,2.926278822,2.452591532,2.895400352,2.416045707,2.975128301,2.413800853,3.865811747,2.638136442,2.757584412,2.452338607,2.937082921,2.430640553,3.037237065,2.359492234,0.062377787,0.079759546,0.918500657,0.220930989,0.041605606,0.082504090
11.040000000,2.951882195,2.380030315,2.983779020,2.268504654,2.996294459,2.388224593,3.868871550,2.761502182,2.828388597,2.557948731,2.964621090,2.354672110,2.931680871,2.441616042,0.045161880,0.120372339,0.949066351,0.238743925,0.046140778,0.083818630
11.120000000,3.034421908,2.582644643,3.057605312,2.505524477,3.037536542,2.588447092,3.857219249,2.843012913,2.852134028,2.666850847,3.042520794,2.561173601,2.958251642,2.367351213,0.006585542,0.085316562,0.858302684,0.201298885,0.027725189,0.234881850
11.240000000,2.950307708,2.662082990,2.954694900,2.579424000,2.779990121,2.865755017,3.819822867,2.960646420,2.937862979,2.781901405,2.969366802,2.622352343,3.038471351,2.571909122,0.265500236,0.335420946,1.044153494,0.178760364,0.308396481,0.391354004
11.340000000,2.821869329,2.772431184,2.880301631,2.664045387,2.832838880,2.653124294,3.771436664,3.051490108,2.963121073,2.875470387,2.830679782,2.750057096,2.959837255,2.642217666,0.119810120,0.048703008,1.019637740,0.257703774,0.096956845,0.127465845
11.440000000,2.791030495,2.782719141,2.840121038,2.744497841,2.814977754,2.879956691,3.708949726,3.133240694,2.893939635,3.002367136,2.803973307,2.762332173,2.826274555,2.761244140,0.100142960,0.137772584,0.929160198,0.145668445,0.118138161,0.119248847
11.540000000,2.685824780,2.847724819,2.712278143,2.771878828,2.610715225,2.670766279,3.634056953,3.203830300,2.853701433,3.018610514,2.713367866,2.814236310,2.797501901,2.772525657,0.192238836,0.143313551,1.153856812,0.424308743,0.176412059,0.212706918
11.640000000,2.667424976,2.729007563,2.774604638,2.682299558,2.796945342,2.893982361,3.548719704,3.261342780,2.757390774,3.040316364,2.689460006,2.705552507,2.699596323,2.830980565,0.209743198,0.212858441,0.836730763,0.151585634,0.216930651,0.115957138
11.740000000,2.599738404,2.817806927,2.621957130,2.750315114,2.579807263,2.896086578,3.456758587,3.307794608,2.331671436,3.307973032,2.619671798,2.792385517,2.678442491,2.717280035,0.080777188,0.151742976,0.968786420,0.480855320,0.111099465,0.204207463
11.840000000,2.506576226,2.777371786,2.544890807,2.766426481,2.581800250,2.769043261,3.364576446,3.353761124,2.549694089,3.146337876,2.530309122,2.754885140,2.609705101,2.805096222,0.075683671,0.037002088,0.977053505,0.378658199,0.053402141,0.045590533
11.940000000,2.359616936,2.929728884,2.363396903,2.949166240,2.465262303,2.968704262,3.290857221,3.390615666,2.461715529,3.123805409,2.397610095,2.909489580,2.518442674,2.766128463,0.112605611,0.103722196,0.927154896,0.155141694,0.089906617,0.209439983
12.020000000,2.307354134,2.999136973,2.322380762,2.985582725,2.362756718,2.965378845,3.198720627,3.436683614,2.161800335,3.336132836,2.308261950,2.987544227,2.378613515,2.919609232,0.064877250,0.045148805,0.959668610,0.421713160,0.058830128,0.048438575
12.140000000,2.252480102,2.917995001,2.269054327,2.868754263,2.220564415,3.098085962,3.104156435,3.477350474,2.227736570,3.303373196,2.277851163,2.902969485,2.307808042,2.993340600,0.182897144,0.234402005,0.961548973,0.205412483,0.203352430,0.136319629
12.240000000,2.166154205,2.927385059,2.217716721,2.913328190,2.102084765,2.789279157,2.988765322,3.521741722,2.083902389,3.116397311,2.193574561,2.912481447,2.265165633,2.910482243,0.152243664,0.169584527,1.150088614,0.327623085,0.153457444,0.203188478
12.340000000,2.054351063,2.808627885,2.136796710,2.796610917,2.000462500,3.203058620,2.892609215,3.558678691,2.107634630,3.202617099,2.082726198,2.800046195,2.179864383,2.919933253,0.398094941,0.428703571,0.960412097,0.107173040,0.411322660,0.335179070
12.420000000,1.934096751,2.812257263,1.990642881,2.808527062,1.822349926,3.048511204,2.796358931,3.595485399,1.956304089,3.337629559,1.939942932,2.805294078,2.068538630,2.804337040,0.261348957,0.293112448,1.117082947,0.318642654,0.270153077,0.346741835
12.520000000,1.923549117,2.927517279,2.034035295,2.890765343,1.903652481,3.233410351,2.719427435,3.624926071,1.744808066,3.366971957,1.949373321,2.921725119,1.937019841,2.808775671,0.306539471,0.366613257,0.904860947,0.207533734,0.315020759,0.425943649
12.620000000,1.812868071,2.991691862,1.861174711,2.984747922,1.892411426,2.967792482,2.603986182,3.669121200,1.822381183,3.299881539,1.818696277,2.985955121,1.936461219,2.924621199,0.083056159,0.035541796,0.999099897,0.339392659,0.075919725,0.061677743
12.720000000,1.732137515,2.926789069,1.737027742,2.909849025,1.903015261,3.040650696,2.526938016,3.698461831,1.675396968,3.345750474,1.738525784,2.925812406,1.815782174,2.988823491,0.205337951,0.211331335,0.906639451,0.380652023,0.200610620,0.101467584
12.840000000,1.584872519,2.927932835,1.647887404,2.906720369,1.685860398,3.109581249,2.411347899,3.742261756,1.662113916,3.280449930,1.611761806,2.927697044,1.735331649,2.926300737,0.207833342,0.206384314,0.962609338,0.172510874,0.196398741,0.189839803
12.940000000,1.532472113,3.010725699,1.585492160,2.984427612,1.627386022,3.073076463,2.315065397,3.778962617,1.595838232,3.277766011,1.560653603,3.009090384,1.598317162,2.927814940,0.113561737,0.098049551,0.985483731,0.207106432,0.092452335,0.148141516
13.020000000,1.565137744,2.916398137,1.625320295,2.860019430,1.527859592,3.019639578,2.217897160,3.813123806,1.506274659,3.052882636,1.577070913,2.918198436,1.546562858,3.009908041,0.109765458,0.187021871,1.051555546,0.039635971,0.112747769,0.021083523
13.120000000,1.404010228,3.016589365,1.426367641,3.025999229,1.426455045,2.804605848,2.139303565,3.837847663,1.402429779,3.320497332,1.412231724,3.021676831,1.571104329,2.917298286,0.213168434,0.221393399,1.255285490,0.516450614,0.217536467,0.183365758
13.240000000,1.203521021,2.977587510,1.235530623,2.939540862,1.510623156,2.978813777,2.020000051,3.870275642,1.341682896,3.042242589,1.229335904,2.982430159,1.408120976,3.019133098,0.307104584,0.277881744,1.026727363,0.180455052,0.281310498,0.110146923
13.340000000,1.102832553,3.199483708,1.119234795,3.303005570,1.250348321,3.249586213,1.920667808,3.897434291,1.345848993,3.052263744,1.124842299,3.202604980,1.216428462,2.980008835,0.155792049,0.141578192,0.932220654,0.219218008,0.134011185,0.271702999
13.420000000,1.173664172,3.067093344,1.238640017,3.080828584,1.020799451,3.187445283,1.821293971,3.924762372,1.300733897,3.046938665,1.181738601,3.071010933,1.113837426,3.201044344,0.194556450,0.242531715,1.088314277,0.313217821,0.198641304,0.094026588
13.540000000,0.906275291,3.079470248,0.953380142,3.047503662,1.157582365,2.991075054,1.722001296,3.952107028,1.195717658,3.048211354,0.930080907,3.082775187,1.177701386,3.069052138,0.266399992,0.211855459,1.114518365,0.068693940,0.245287235,0.080530744
13.640000000,0.924974361,2.991190331,0.955283935,2.992803924,0.925165667,2.944119295,1.642476018,3.973790284,0.981019654,2.960932306,0.949780364,2.995895762,0.918178099,3.081122717,0.047071425,0.057247735,1.254893018,0.058329625,0.057329624,0.137181500
13.740000000,0.841892901,2.986544637,0.863242308,2.956061164,1.052382118,3.191912762,1.642454749,3.973796010,1.262040049,2.876336816,0.849550792,2.994704514,0.937377362,2.993543047,0.294077842,0.302324071,0.979554554,0.378872835,0.282898639,0.229295961
13.840000000,0.868831945,2.997819584,0.887243523,3.017542866,1.028533048,3.114278577,1.642479044,3.973789454,1.263897284,2.885046652,0.882915338,3.005928666,0.845721847,2.990624575,0.197654090,0.171232380,1.056261631,0.328547712,0.181505429,0.220703982
13.940000000,0.943611820,3.141539669,1.008353309,3.189452345,0.894824023,2.915347856,1.642467830,3.973792528,1.262367121,2.882204190,0.934170216,3.140718833,0.875873642,3.001874125,0.231393573,0.296685304,1.295868969,0.369034458,0.228779807,0.088577154
14.040000000,0.925023281,3.041525168,0.968914875,3.078358077,0.866964668,3.022680726,1.642443118,3.973799219,1.247863540,2.875782466,0.912722128,3.045322322,0.938891018,3.141129251,0.061040278,0.116162869,1.227189152,0.408243860,0.051052787,0.138576524
14.120000000,0.989846582,2.994158839,1.048154645,2.982891582,0.989681288,2.997684412,1.520927251,3.996154329,1.049188463,3.005851359,0.982847112,2.996470465,0.918872705,3.043423745,0.003529445,0.060315514,1.131001525,0.060064989,0.006941154,0.084296750
14.240000000,0.832510308,3.069989213,0.915620308,3.072684134,0.742423126,2.924146440,1.419322334,4.013055539,0.741783626,2.951565699,0.842659908,3.072056838,0.986346847,2.995314652,0.171422912,0.228168162,1.282152707,0.027426716,0.178675399,0.254093873
14.340000000,0.674498814,2.979475699,0.688901625,2.922657050,0.663237589,2.792373823,1.317759325,4.030189364,0.752020788,2.941569466,0.699874990,2.984997615,0.837585108,3.071023025,0.187440462,0.132786904,1.400209276,0.173613929,0.196077088,0.328698091
14.440000000,0.627874331,2.915055385,0.688592535,2.967224865,0.609527907,3.134964820,1.216164441,4.047445204,0.816610298,2.952322168,0.647284830,2.922164843,0.687186902,2.982236657,0.220673403,0.185439769,1.095731873,0.276118552,0.216123611,0.171338295
14.520000000,0.544810153,2.961935977,0.560183548,2.930285743,0.518278821,3.115228721,1.134896647,4.061174548,0.630602933,2.853143880,0.549283808,2.964954662,0.637579581,2.918610114,0.155571774,0.189630988,1.129172728,0.285140615,0.153439246,0.229981626
14.640000000,0.329105084,2.905063902,0.328360809,2.879929390,0.448368583,2.842993370,1.012215808,4.075024277,0.639379504,2.901745627,0.367728993,2.918847220,0.547046980,2.963445320,0.134448998,0.125563272,1.354925772,0.199842437,0.110709304,0.155711587
14.720000000,0.360748630,2.939033760,0.398968999,2.994737071,0.366575195,2.950959035,0.929956043,4.071229565,0.403407287,2.840989500,0.370360379,2.944531059,0.348417038,2.911955561,0.013272567,0.054459847,1.253955358,0.115973711,0.007459658,0.043023129
14.820000000,0.188349539,2.992555385,0.204115564,3.026798793,0.136801357,2.776203982,0.828955493,4.051265082,0.321852613,2.891839986,0.196677264,2.996838927,0.365554505,2.941782410,0.222407609,0.259478250,1.450812930,0.218210112,0.228615185,0.282390188
14.920000000,0.132150681,2.919495696,0.148108998,2.972739367,0.224383440,2.750564939,0.714221682,4.005843936,0.131088500,2.849084940,0.140466985,2.923030432,0.192513401,2.994697156,0.192469433,0.234902676,1.347466833,0.135683958,0.191797596,0.246203653
15.040000000,0.028156020,2.766227108,0.038778373,2.817652975,0.202760456,3.011110184,0.626965339,3.951258394,0.182262225,2.850537470,0.054065709,2.785665033,0.136308833,2.921263064,0.300756430,0.253605630,1.031420593,0.161875799,0.270065999,0.111751167
15.120000000,-0.010600014,2.877676640,-0.024293190,2.893848657,0.004654946,2.958349003,0.549791795,3.883181555,-0.097058774,2.744906790,0.014658487,2.895792300,0.041110865,2.775946071,0.082102034,0.070698581,1.073540606,0.236438701,0.063351496,0.186010387
15.240000000,-0.077223794,2.700012636,-0.067474017,2.818723539,-0.025213625,2.624383143,0.496612191,3.820275610,-0.142716840,2.708908156,0.014658487,2.895792300,0.002029236,2.886734470,0.091787133,0.198882202,1.304783881,0.144746271,0.274322284,0.263761999
15.340000000,-0.080239729,2.522218176,-0.055507257,2.616581143,-0.040328093,2.354041303,0.433214459,3.714388689,0.044728287,2.587022833,-0.004122434,2.555192493,-0.061352138,2.711582608,0.172847908,0.262978278,1.440412288,0.248022139,0.204383588,0.358158897
15.440000000,-0.175170883,2.516247159,-0.152085584,2.568716860,-0.169107388,2.492246051,0.390720923,3.620520271,0.063969614,2.502874684,-0.128508392,2.548323341,-0.042181081,2.538705334,0.024755184,0.078342366,1.259527868,0.233319216,0.069231069,0.135161948
15.540000000,0.029032283,2.394850366,0.078433750,2.464485282,-0.082806575,2.398008971,0.350233183,3.525832986,-0.121088240,2.489508662,0.069666379,2.451536307,-0.151839637,2.532285250,0.111883453,0.174406257,1.208101999,0.099185076,0.161595722,0.150982393
15.620000000,0.041658043,2.335390151,0.005137139,2.350499641,0.194461516,2.143072008,0.325872830,3.447115502,-0.164489182,2.390114541,0.058219815,2.370052117,0.049349331,2.423193336,0.245632183,0.280837930,1.310648072,0.435747194,0.264729619,0.315476632
15.740000000,0.058703617,2.144771567,0.102001198,2.188787705,0.080792184,1.934655179,0.290316333,3.328730133,-0.013297425,2.337756316,0.097039075,2.191299963,0.049938929,2.352721134,0.211274233,0.255016006,1.409732368,0.413936446,0.257158525,0.419202894
15.840000000,-0.093031172,2.165330175,-0.100125347,2.265966302,0.049588183,2.248627951,0.260624500,3.230065906,-0.042115367,2.239785815,-0.065201862,2.227224848,0.077871346,2.168035765,0.165162949,0.150714165,1.003870901,0.092128847,0.116768348,0.085410993
15.920000000,0.060282084,1.867374109,0.073784253,1.793772763,0.113029127,2.090260950,0.236990588,3.151121282,0.014832080,2.165716237,0.083258827,1.883640874,-0.079116517,2.196277512,0.229043215,0.299074247,1.068078222,0.123839252,0.208753746,0.219452637
16.020000000,0.068268870,1.965071130,0.061534085,2.030869938,0.122731322,1.866087697,0.201444034,3.032731622,-0.020059757,2.067783152,0.085393249,1.989448063,0.071770456,1.875507492,0.112977337,0.175779090,1.169296257,0.247124156,0.128887204,0.051824149
16.140000000,0.099073926,1.806283154,0.078229645,1.881983480,-0.006764098,1.739977820,0.171754004,2.934107767,0.023814476,1.973404849,0.107584131,1.845933156,0.076831060,1.977259596,0.124892292,0.165497866,1.207400117,0.235421382,0.155891150,0.251576612
16.240000000,0.091862348,1.604083406,0.106897500,1.645747195,-0.043014898,1.835392563,0.147910655,2.855178393,0.000735255,1.877197216,0.094440758,1.635890482,0.103329029,1.826108155,0.267760710,0.241741789,1.037504557,0.060512023,0.242270794,0.146638143
16.340000000,-0.038805387,1.626686881,-0.090794534,1.725193553,0.070708432,1.909650209,0.117993205,2.756617486,-0.022788717,1.805503568,-0.039672954,1.663428329,0.093151553,1.619986944,0.303416416,0.245168240,0.848286165,0.139957993,0.269831919,0.290531411
16.440000000,0.029234352,1.593719118,0.036492447,1.690844002,0.112745639,1.645335350,0.082045633,2.638319208,-0.012353367,1.721535589,0.023412201,1.631620953,-0.039239171,1.645057605,0.098175203,0.088800825,0.993458319,0.146479479,0.090380019,0.151985064
16.520000000,-0.011404620,1.590976632,-0.062963686,1.645753936,-0.008944504,1.539047303,0.052076281,2.539776130,0.058446384,1.646429881,-0.015859584,1.609092803,0.026323276,1.612670035,0.051987569,0.119600910,1.002587513,0.126777560,0.070386010,0.081634080
16.620000000,0.091935886,1.523719668,0.130250002,1.624591349,0.077287658,1.497138169,0.028078524,2.460920020,-0.027568469,1.556880122,0.084630615,1.543885157,-0.013632102,1.600034717,0.030350399,0.138019285,0.965037303,0.120681019,0.047320185,0.137310242
16.720000000,0.127601061,1.233689253,0.159273582,1.236813980,0.019521710,1.329553804,-0.002068612,2.362429073,0.091338978,1.465181331,0.119309627,1.243783053,0.088283250,1.533802413,0.144468537,0.167723763,1.033100896,0.153468388,0.131583624,0.215512513
16.840000000,-0.112701093,1.032571115,-0.131560141,1.047215219,0.169647210,1.319983769,-0.038340774,2.244231759,0.107229938,1.362301827,-0.122603554,1.060230023,0.123455344,1.238736153,0.402897751,0.406360123,0.947361256,0.075410436,0.391001940,0.093460492
16.940000000,0.087589305,1.091420866,0.064339899,1.116099554,0.186745289,0.997321469,-0.062392399,2.165429290,0.141732331,1.257855484,0.073674573,1.140099632,-0.117652323,1.046400569,0.136698961,0.170561757,1.194380789,0.264393909,0.182127951,0.308328825
17.040000000,0.062266363,0.990751124,0.067240194,1.088577125,0.070990322,0.975446073,-0.110914497,2.007863564,0.164821149,1.162872842,0.047077315,1.052450211,0.080631939,1.115760249,0.017616812,0.113193190,1.048320199,0.209602047,0.080631688,0.140645045
17.140000000,0.090509121,0.879578651,0.070990322,0.975446073,0.098652702,1.019608257,-0.129204763,1.948821463,0.079980535,1.113544291,0.066082112,0.942093451,0.054671839,1.021600667,0.140266205,0.052110514,0.956742498,0.095773839,0.084079655,0.044025969
17.240000000,0.079385615,0.769003513,0.060535237,0.771258376,0.117630010,0.790362923,-0.159706225,1.850439729,0.136390784,1.021405740,0.067589093,0.794354289,0.078295616,0.910836051,0.043804773,0.060206285,1.095754635,0.231803256,0.050199844,0.126731879
17.320000000,0.159093517,0.829011010,0.160948820,0.921264328,-0.013641868,0.734299657,-0.190302456,1.752082848,0.183369455,0.899639560,0.146970494,0.841775653,0.073487354,0.781678901,0.196996837,0.255807929,1.033001253,0.257197871,0.193254807,0.099178093
17.440000000,0.015635583,0.647089992,-0.003019857,0.707375317,0.262036580,0.736070486,-0.220976403,1.653684330,0.113120097,0.867958448,0.002377791,0.678564044,0.153032005,0.835393331,0.261975151,0.266605190,1.036974786,0.198923486,0.265950517,0.147468725
17.520000000,0.165897408,0.619909827,0.130599639,0.653100738,0.227704985,0.730498761,-0.245493839,1.575010276,0.129807400,0.799536969,0.153032771,0.631656388,0.009006687,0.662827018,0.126688946,0.124176898,0.968047946,0.119792368,0.123877982,0.228928833
17.640000000,0.209504294,0.439925366,0.190587179,0.474620641,0.170253278,0.569826602,-0.282342755,1.457012934,0.135623754,0.704234491,0.190315816,0.486193912,0.159465089,0.625783107,0.135701781,0.097353185,0.995963230,0.138797278,0.086005420,0.056986976
17.720000000,0.181154209,0.398363220,0.164391608,0.412607517,0.077195780,0.590888979,-0.306818748,1.378361495,0.143054833,0.634710117,0.171618636,0.404386531,0.199910055,0.463059639,0.218800190,0.198462572,0.876116500,0.079105669,0.209042673,0.177198006
17.820000000,0.032139895,0.339583815,-0.031743454,0.354823766,0.009161613,0.231528971,-0.337365809,1.279965197,0.216902878,0.500475837,0.023184802,0.367008089,0.176386422,0.401374875,0.110471040,0.129903160,1.104219079,0.339836504,0.136202941,0.238352193
17.940000000,0.134192527,0.152081882,0.127199587,0.200826422,0.238957936,0.241406114,-0.367897198,1.181570630,0.169578253,0.459651909,0.119891935,0.174139242,0.027662348,0.353295952,0.137675740,0.118897602,1.119009593,0.229008225,0.136753591,0.239092369
18.020000000,0.077053345,0.083895684,0.053931453,0.084325821,0.092749549,0.158808743,-0.367894781,1.181578356,0.620242227,-0.028993873,0.067503014,0.076374889,0.127042231,0.163110562,0.076539776,0.083991370,1.121717825,0.559927091,0.086213270,0.034561448
18.140000000,0.083422419,0.161282695,0.077838740,0.211918221,0.338164467,0.295270040,-0.367899501,1.181563169,0.626216882,-0.029196978,0.073074155,0.159659572,0.072278179,0.080135286,0.287830018,0.273344123,1.133155698,0.433881366,0.297763451,0.342021169
18.220000000,0.106006395,0.267944357,0.027169081,0.300467013,0.171381238,0.069114454,-0.367900340,1.181560470,0.620966187,-0.029263027,0.098822018,0.254708603,0.078248287,0.160471133,0.209301697,0.272619061,1.236268887,0.460222506,0.199273753,0.130459915
18.320000000,0.139924410,0.325138090,0.121268288,0.346700232,0.163483319,0.276305048,-0.367907148,1.181539003,0.613851295,-0.029150843,0.133189963,0.324128351,0.102414206,0.261326480,0.054218891,0.082082828,1.049678208,0.544182520,0.056610561,0.062879202
18.440000000,0.205103842,0.262829403,0.202532469,0.273633998,0.248302942,0.371689504,-0.367902932,1.181552272,0.631023909,-0.032030751,0.194933366,0.246231209,0.136557186,0.324633221,0.117118247,0.108211914,1.017638139,0.556296129,0.136338166,0.121249361
18.540000000,0.220233178,0.294606616,0.194593814,0.285964966,-0.046565417,0.188917967,-0.367898560,1.181566203,0.628859093,-0.029498918,0.209494599,0.282651244,0.200018604,0.254530306,0.286969651,0.259953640,1.043362597,0.709862102,0.272676840,0.255163983
18.640000000,0.318010089,0.234953750,0.618545533,-0.029732511,0.196081736,0.207414836,-0.367903105,1.181551725,0.618545533,-0.029732511,0.291316885,0.186887926,0.214863888,0.288628930,0.124999660,0.484473451,1.125620531,0.484473451,0.097422214,0.083357652
18.720000000,0.443837672,0.160810301,0.630999269,-0.029520541,0.170375770,0.169021708,-0.367894090,1.181580522,0.630999269,-0.029520541,0.402867713,0.077656663,0.304663487,0.210920838,0.273585159,0.501590503,1.146738765,0.501590503,0.249800070,0.140672414
18.820000000,0.559847977,0.089160247,0.640709417,-0.029274779,0.221526336,0.205694996,-0.373426068,1.161705298,0.640709417,-0.029274779,0.500911934,-0.001998664,0.423352692,0.119233482,0.357829402,0.480546824,1.126021341,0.480546824,0.348127805,0.219566554
18.920000000,0.287408976,0.146419588,0.154788331,0.385587463,0.010266315,0.168076689,-0.391244317,1.060360911,0.154788331,0.385587463,0.273560095,0.072172900,0.530379956,0.043580792,0.277987562,0.261146606,0.978458952,0.261146606,0.280216258,0.534805972
19.040000000,0.259380969,0.158496847,0.183241325,0.320194096,0.209396109,-0.014832105,-0.392296528,0.957468177,0.183241325,0.320194096,0.273560095,0.072172900,0.280484536,0.109296244,0.180392383,0.336045575,1.143416751,0.336045575,0.108105911,0.143043390
19.120000000,0.267384682,0.132210841,0.238214215,0.178690998,0.072720412,0.117872703,-0.376170673,0.855809260,0.238214215,0.178690998,0.260153912,0.129642507,0.256784415,0.146671830,0.195191599,0.176315241,0.863743925,0.176315241,0.187802677,0.186303374
19.240000000,0.318107309,0.072250668,0.297424937,0.063283037,0.328669402,0.219705594,-0.343871119,0.758109944,0.297424937,0.063283037,0.281805205,0.110906973,0.263769297,0.130926674,0.147832720,0.159512485,0.861504496,0.159512485,0.118462623,0.109971453
19.340000000,0.383248336,0.004692061,0.386702180,-0.009958222,0.447802545,-0.052936040,-0.296214181,0.666899696,0.386702180,-0.009958222,0.332734659,0.059448631,0.299956257,0.091578820,0.086534640,0.074701723,1.035241217,0.074701723,0.160844436,0.206743972
19.440000000,0.464166599,-0.064784923,0.468301478,-0.144132318,0.527891618,-0.049510770,-0.234246661,0.584725524,0.468301478,-0.144132318,0.391201524,-0.003396237,0.357991498,0.032070346,0.065529976,0.111822280,0.991519255,0.111822280,0.144259252,0.188471561
19.540000000,0.545337333,-0.143259515,0.511059347,-0.220008324,0.377577523,-0.241877707,-0.159758416,0.513737989,0.511059347,-0.220008324,0.464041817,-0.083755128,0.427684062,-0.034090580,0.194599336,0.135261477,0.927191993,0.135261477,0.180218823,0.213743200
19.640000000,0.646367147,-0.198246730,0.651698982,-0.235308099,0.479800756,-0.281796000,-0.074603119,0.455972293,0.651698982,-0.235308099,0.553225251,-0.143019031,0.504689575,-0.113507321,0.186346031,0.178073370,0.922857363,0.178073370,0.157003833,0.170119172
19.740000000,0.737117462,-0.253766767,0.660798876,-0.310514768,0.793086752,-0.100454103,0.015923137,0.406805800,0.660798876,-0.310514768,0.553225251,-0.143019031,0.599796199,-0.170632881,0.163209479,0.248244970,0.928060285,0.248244970,0.243608934,0.205636326
19.840000000,0.830777288,-0.305115432,0.774326850,-0.324074741,0.869944243,-0.222722431,0.106509826,0.357711872,0.774326850,-0.324074741,0.694485761,-0.193048922,0.669123240,-0.213368374,0.091228597,0.139337635,0.959028722,0.139337635,0.177949982,0.201038738
19.940000000,0.950656660,-0.338057886,1.011209887,-0.341326960,0.918345512,-0.281929453,0.197019120,0.308528946,1.011209887,-0.341326960,0.841119987,-0.256708400,0.762631524,-0.249082177,0.064764275,0.110235457,0.932176424,0.110235457,0.081239666,0.159140785
20.040000000,1.050437428,-0.336102389,0.967071208,-0.290497008,0.984531181,-0.234204842,0.289008122,0.262245548,0.967071208,-0.290497008,0.945435478,-0.266657700,0.895888323,-0.297383143,0.121353795,0.058937752,0.854526369,0.058937752,0.050810058,0.108853360
20.120000000,1.101897096,-0.335058029,1.026029831,-0.302168422,0.909070990,-0.095498709,0.363789798,0.227573184,1.026029831,-0.302168422,0.980199824,-0.276346638,0.997936453,-0.301380045,0.307523292,0.237469453,0.633803618,0.237469453,0.194332922,0.224241377
20.220000000,1.191537993,-0.310670686,1.142791184,-0.212289550,1.238119922,-0.082483593,0.457198844,0.184194488,1.142791184,-0.212289550,1.092606781,-0.251069181,1.041048460,-0.305702333,0.232893163,0.161050162,0.825199933,0.161050162,0.222699741,0.297764617
20.320000000,1.297880831,-0.295417134,1.288615840,-0.230222330,1.174157255,-0.262563273,0.550540333,0.140537123,1.288615840,-0.230222330,1.196287661,-0.245805943,1.142072387,-0.280869933,0.128011326,0.118939919,0.742555045,0.118939919,0.027759016,0.036940121
20.420000000,1.381689809,-0.259814516,1.262461131,-0.180382226,1.264952921,-0.131569355,0.643779317,0.096753261,1.262461131,-0.180382226,1.292211159,-0.222686407,1.247084246,-0.270611539,0.173419499,0.048876430,0.661806514,0.048876430,0.095106934,0.140185657
20.520000000,1.459864218,-0.238219061,1.369814655,-0.201389518,1.417694547,-0.086217953,0.755618542,0.044102086,1.369814655,-0.201389518,1.374335807,-0.212028924,1.336950484,-0.241250462,0.157742252,0.124727596,0.674779926,0.124727596,0.133072839,0.174798977
20.640000000,1.559018178,-0.210302778,1.505206650,-0.176021888,1.332289630,-0.045534118,0.848849361,0.000227982,1.505206650,-0.176021888,1.440077151,-0.202013827,1.417100013,-0.225123993,0.280275839,0.216627223,0.485601342,0.216627223,0.190010655,0.198608469
20.740000000,1.631058456,-0.157665479,1.543533846,-0.076432015,1.457763505,-0.173579401,0.941978875,-0.043774257,1.543533846,-0.076432015,1.525943395,-0.158068885,1.499547665,-0.206158303,0.174024117,0.129592307,0.531867615,0.129592307,0.069921910,0.052983968
20.840000000,1.729694606,-0.141658313,1.562993071,-0.167387531,1.541717851,-0.108951491,1.035231059,-0.087631951,1.740070776,-0.145553316,1.525943395,-0.158068885,1.578500925,-0.157867182,0.190800935,0.062188470,0.506935295,0.201701702,0.051588292,0.061202446
20.920000000,1.790680135,-0.118320311,1.688773637,-0.094773527,1.715264821,-0.054453237,1.128466484,-0.131366707,1.688773637,-0.094773527,1.707148372,-0.159535239,1.677202708,-0.152353927,0.098825466,0.048244260,0.591817515,0.048244260,0.105394990,0.105039372
21.020000000,1.874092124,-0.097778339,1.811815912,-0.119518900,1.947731807,-0.282251001,1.221673557,-0.175328690,1.811815912,-0.119518900,1.800433803,-0.134235824,1.748914253,-0.138927775,0.198627707,0.212025629,0.733888931,0.212025629,0.208818569,0.245091752
21.140000000,1.963423218,-0.069638321,1.828386244,-0.067897504,1.871225588,-0.365401476,1.314620828,-0.219701860,1.828386244,-0.067897504,1.857257580,-0.120868916,1.837262964,-0.116007081,0.309800334,0.300572492,0.575358355,0.300572492,0.244931171,0.251696293
21.220000000,2.023318481,-0.048478309,1.983935651,-0.083152323,2.149520414,-0.018293726,1.407551213,-0.264177062,1.983935651,-0.083152323,1.952017664,-0.102642456,1.910340399,-0.095253618,0.129761462,0.177834055,0.781650119,0.177834055,0.214760434,0.251256650
21.320000000,2.089606188,-0.023054996,1.995287006,-0.048684964,2.215608048,0.067696794,1.500633171,-0.308333320,1.995287006,-0.048684964,2.020060116,-0.082341409,1.987668072,-0.075560382,0.155281538,0.249170775,0.807829017,0.249170775,0.246476076,0.269219708
21.440000000,2.185181482,0.005108444,2.102334025,-0.036921430,2.192876935,-0.004804925,1.593824281,-0.352255331,2.102334025,-0.036921430,2.096595828,-0.061999256,2.054833152,-0.052698203,0.012549696,0.096070226,0.692521383,0.096070226,0.111987691,0.146115885
21.540000000,2.269532030,0.027717456,2.142666016,-0.006258316,2.372098798,-0.016138125,1.686972236,-0.396204456,2.142666016,-0.006258316,2.183310581,-0.043468809,2.140888655,-0.028445406,0.111549333,0.229645405,0.783485048,0.229645405,0.190756276,0.231537468
21.640000000,2.354301369,0.047581252,2.311074696,0.005325314,2.395896852,-0.140683431,1.780214720,-0.440047814,2.311074696,0.005325314,2.258261547,-0.023010118,2.226421306,-0.007875676,0.192805018,0.168858970,0.684604646,0.168858970,0.181081434,0.215313400
21.720000000,2.417780009,0.072420770,2.360196896,0.009633289,2.454815065,-0.013029833,1.873470058,-0.483780229,2.360196896,0.009633289,2.360813281,0.008104179,2.306281458,0.012285567,0.093131096,0.097294476,0.748042748,0.097294476,0.096348232,0.150675485
21.840000000,2.512669816,0.102070458,2.465483508,0.085311576,2.752479537,-0.095747564,1.966752199,-0.527495970,2.465483508,0.085311576,2.426348340,0.031038422,2.389296645,0.040262475,0.310870828,0.339336312,0.896534515,0.339336312,0.349908908,0.387815090
21.940000000,2.593644701,0.136657411,2.539426035,0.121872173,2.814751832,-0.001076735,2.060368463,-0.570494520,2.539426035,0.121872173,2.511359744,0.066096313,2.469509078,0.066554440,0.260497713,0.301530643,0.945161828,0.301530643,0.310739404,0.351804683
22.020000000,2.648589018,0.144181980,2.617406544,0.063835195,2.723534136,-0.065024917,2.138469186,-0.596598585,2.617406544,0.063835195,2.592648509,0.077955493,2.552502222,0.101376862,0.222225778,0.166937097,0.790488178,0.166937097,0.193841288,0.238624113
22.120000000,2.725989735,0.158802594,2.660081994,0.026646999,2.947042363,0.008194372,2.239800076,-0.614735097,2.660081994,0.026646999,2.669529469,0.089210929,2.620618764,0.111068737,0.267482899,0.287553044,0.942461021,0.287553044,0.289097024,0.342250641
22.220000000,2.815377771,0.167346349,2.833182094,0.047026084,3.083107935,0.135073223,2.363230167,-0.614383318,2.833182094,0.047026084,2.777167510,0.108386189,2.697759602,0.124006762,0.269668306,0.264981556,1.039186753,0.264981556,0.307102167,0.385507204
22.320000000,2.883569740,0.178738674,2.847000102,0.058878790,3.034299015,0.119830535,2.444422447,-0.600665170,2.847000102,0.058878790,2.838371982,0.127066289,2.796272641,0.137866269,0.161831651,0.196966997,0.931165091,0.196966997,0.196060599,0.238708698
22.420000000,2.956305960,0.217204739,2.890689934,0.112305468,2.931767545,-0.020412730,2.561043659,-0.560238444,2.890689934,0.112305468,2.904794148,0.169733640,2.860970861,0.152902481,0.238881132,0.138929803,0.654864873,0.138929803,0.192050009,0.187217341
22.540000000,3.043792878,0.290670177,3.052179692,0.238958543,3.155196840,0.276678815,2.650599730,-0.509494825,3.052179692,0.238958543,2.941815596,0.218490634,2.930550054,0.193469189,0.112279122,0.109705751,0.934177305,0.109705751,0.221172828,0.239562143
22.640000000,3.097021978,0.364735060,3.028698484,0.272643961,3.113493244,0.423277846,2.745308504,-0.430425404,3.028698484,0.272643961,3.019535452,0.304418069,2.992804237,0.254580405,0.060815791,0.172860402,0.929714603,0.172860402,0.151511429,0.207423873
22.720000000,3.122674417,0.440864621,3.059548066,0.399023621,3.168031202,0.473466020,2.786380410,-0.384230148,3.059548066,0.399023621,3.019535452,0.304418069,3.058278715,0.334576565,0.055857758,0.131568467,0.938775822,0.131568467,0.225007104,0.177019459
22.840000000,3.155853692,0.559495532,3.125612891,0.528873138,3.182517490,0.580848852,2.854698965,-0.281381584,3.125612891,0.528873138,3.056193495,0.505612734,3.079571118,0.419881229,0.034160246,0.077068854,0.922445831,0.077068854,0.147031374,0.191072058
22.940000000,3.171098985,0.649077329,3.099497853,0.604928493,2.916601375,0.557570948,2.906868822,-0.192550683,3.099497853,0.604928493,3.064301346,0.598347082,3.106023593,0.532554133,0.270448611,0.188928184,0.750184766,0.188928184,0.153225242,0.191067051
23.040000000,3.164595228,0.742239601,3.088653432,0.685305815,3.064334585,0.616831348,2.948557946,-0.121458241,3.088653432,0.685305815,3.057492870,0.691742389,3.117700165,0.623712205,0.160559729,0.072664702,0.747312349,0.072664702,0.075222823,0.053807354
23.140000000,3.161311939,0.829281797,3.107221702,0.734615725,3.128648538,0.725767101,3.011019409,-0.014774297,3.107221702,0.734615725,3.062548662,0.780873610,3.111044049,0.716990995,0.108545797,0.023182050,0.749825429,0.023182050,0.086057661,0.019670742
23.240000000,3.159656997,0.897894015,3.132218954,0.791708919,3.166901278,0.779171497,3.062979383,0.074158347,3.132218954,0.791708919,3.069057142,0.842930551,3.111930300,0.805077703,0.118943331,0.036878863,0.712631252,0.036878863,0.116784810,0.060769564
23.340000000,3.142534541,0.981525598,3.058843940,0.892305411,3.097352504,0.930185268,3.115145452,0.163025675,3.058843940,0.892305411,3.065085878,0.925773659,3.114357069,0.870412283,0.068390393,0.054016600,0.767365903,0.054016600,0.032566815,0.062144710
23.420000000,3.139330339,1.043759263,3.144001207,0.985471261,2.959041257,1.023620456,3.167543446,0.251715746,3.144001207,0.985471261,3.074389468,1.005312415,3.103810209,0.953649628,0.181410376,0.188853234,0.799568661,0.188853234,0.116792097,0.160791686
23.520000000,3.136766604,1.119697988,3.105980332,1.043560246,2.910904686,1.135260708,3.211173645,0.321607824,3.105980332,1.043560246,3.083416412,1.079276823,3.106859903,1.024535839,0.226397448,0.215553897,0.867290299,0.215553897,0.181368385,0.225074308
23.620000000,3.133168048,1.190390482,3.141916961,1.071754882,3.028978278,1.126140024,3.269213637,0.406695886,3.141916961,1.071754882,3.095178606,1.128702369,3.110091508,1.099487405,0.122407637,0.125351066,0.758493833,0.125351066,0.066249899,0.085379847
23.720000000,3.126962318,1.264674490,3.140296304,1.149463856,3.032951751,1.367923429,3.338413649,0.509133804,3.140296304,1.149463856,3.101876219,1.215779777,3.114173327,1.159546425,0.139636421,0.243407966,0.911496896,0.243407966,0.167027762,0.223646865
23.840000000,3.112989355,1.371602994,3.074399379,1.323473615,3.125245811,1.531947950,3.396112406,0.594527030,3.074399379,1.323473615,3.099395473,1.285159967,3.114419269,1.240227134,0.160812703,0.214585433,0.975769795,0.214585433,0.248138164,0.291921648
23.920000000,3.101962474,1.432399408,3.086475617,1.361382530,3.011968253,1.410835303,3.442221288,0.662808669,3.086475617,1.361382530,3.097802404,1.381020002,3.106192414,1.328381480,0.092541724,0.089425523,0.862937726,0.089425523,0.090865030,0.125207130
24.040000000,3.094565148,1.542973870,3.096810605,1.458116023,2.950585423,1.414044792,3.511220522,0.765398207,3.096810605,1.458116023,3.098710774,1.471322309,3.099882439,1.406709705,0.193268902,0.152722223,0.857352965,0.152722223,0.158813834,0.149477097
24.120000000,3.098589457,1.597765028,3.099899444,1.550269249,3.123591239,1.578724265,3.568685606,0.850872032,3.099899444,1.550269249,3.109612023,1.545771215,3.096637961,1.507148090,0.031426736,0.037026869,0.853157587,0.037026869,0.035795558,0.076482861
24.240000000,3.113060295,1.673192963,3.144898670,1.529770021,2.798104125,1.684679809,3.626308291,0.936260884,3.144898670,1.529770021,3.135304233,1.583164577,3.104100740,1.571768122,0.315165570,0.379820350,1.116267453,0.379820350,0.352149478,0.326164035
24.340000000,3.108923444,1.754215115,3.115937908,1.681977705,3.085476931,1.944371435,3.684030230,1.021619642,3.115937908,1.681977705,3.138192441,1.678275408,3.124182264,1.628178770,0.191596360,0.264155902,1.099880413,0.264155902,0.271267434,0.318552828
24.420000000,3.087297202,1.822343134,3.081100266,1.761833887,3.046515621,2.100363939,3.730060024,1.089955291,3.081100266,1.761833887,3.138192441,1.678275408,3.123557942,1.716245261,0.280995917,0.340292072,1.219901056,0.340292072,0.431929818,0.391768654
24.540000000,3.097535657,1.919083219,3.127176654,1.838889244,3.157217575,1.919925455,3.799123306,1.192512462,3.127176654,1.838889244,3.122368772,1.827749532,3.098324284,1.791052522,0.059687861,0.086425254,0.970140521,0.086425254,0.098543595,0.141692105
24.620000000,3.114049230,1.956568657,3.138623925,1.851577318,2.904299077,2.129955312,3.845273083,1.260772374,3.138623925,1.851577318,3.140349516,1.883738878,3.109952214,1.873416375,0.272136103,0.363871464,1.280980507,0.363871464,0.341089933,0.328793916
24.740000000,3.111567362,2.062666317,3.135610123,1.979781980,3.185218436,2.307315563,3.914382718,1.363301496,3.135610123,1.979781980,3.140981201,1.985442246,3.127199373,1.920153767,0.255495077,0.331269125,1.192829874,0.331269125,0.324899007,0.391484952
24.840000000,3.114703489,2.139068247,3.096302047,2.085246729,2.956751360,2.282948629,3.971827221,1.448805442,3.096302047,2.085246729,3.145942460,2.045654715,3.126274281,2.024054282,0.213659635,0.241992635,1.313839359,0.241992635,0.303482576,0.309458081
24.940000000,3.126213719,2.218438806,3.186326515,2.120156317,3.087790483,2.433832590,4.028857169,1.534584425,3.186326515,2.120156317,3.161920964,2.142729243,3.130322975,2.092361481,0.218794029,0.328788920,1.301635037,0.328788920,0.300393886,0.344109766
25.040000000,3.116169126,2.296228621,3.179159475,2.207565037,3.077209373,2.536742591,4.074754310,1.626719676,3.179159475,2.207565037,3.160194160,2.223190781,3.144067342,2.180584024,0.243648994,0.344603665,1.350273160,0.344603665,0.324347364,0.362379515
25.120000000,3.120209645,2.370682822,3.159602815,2.341609730,3.073138849,2.659550412,4.110697855,1.723200960,3.159602815,2.341609730,3.155857774,2.321913516,3.138181643,2.259709701,0.292677543,0.329487929,1.397597577,0.329487929,0.347622056,0.405096481
25.220000000,3.107017563,2.453263537,3.163683284,2.384134101,3.055415488,2.500925595,4.130663865,1.803123754,3.163683284,2.384134101,3.144584613,2.406260774,3.138033710,2.346298169,0.070245611,0.159255043,1.281829349,0.159255043,0.130048303,0.175315177
25.340000000,3.053423121,2.579505261,3.070889317,2.572760691,3.109390241,2.678659213,4.140317385,1.926166491,3.070889317,2.572760691,3.097903357,2.517852232,3.125801088,2.429762155,0.113858793,0.112680158,1.276344810,0.112680158,0.161216729,0.249437490
25.440000000,2.988558550,2.687815217,2.935071287,2.711939381,2.798076626,2.749058391,4.129849378,2.028539180,2.935071287,2.711939381,3.032976602,2.636827965,3.075663239,2.548678746,0.200085207,0.141934345,1.514188429,0.141934345,0.260333762,0.342354100
25.540000000,2.894537241,2.795597295,2.899205758,2.808740294,2.892884037,2.659982627,4.103571166,2.128067925,2.899205758,2.808740294,2.927652392,2.746343137,3.010767576,2.662321591,0.135624744,0.148891933,1.322382915,0.148891933,0.093096596,0.117906741
25.620000000,2.868033078,2.854772934,2.966160854,2.806367932,2.776423814,2.782835166,4.067021515,2.224261211,2.966160854,2.806367932,2.882578044,2.816491129,2.911094816,2.770970216,0.116478753,0.191190835,1.406288480,0.191190835,0.111361772,0.135192662
25.740000000,2.726561918,2.956587710,2.610767166,2.993438004,2.709906021,3.029858748,4.015037019,2.313079892,2.610767166,2.993438004,2.757247061,2.900158043,2.875305561,2.835632032,0.075140295,0.105617154,1.489005994,0.105617154,0.138070441,0.255109829
25.840000000,2.609133107,3.024395676,2.668272423,2.979923033,2.675534972,2.764473210,3.950807952,2.393581762,2.668272423,2.979923033,2.641351791,2.957376555,2.741904489,2.928372877,0.268270193,0.215572195,1.328112058,0.215572195,0.195908629,0.176827638
25.940000000,2.547723826,3.065504437,2.642587494,2.996280347,2.402838131,2.969985732,3.884426116,2.472368081,2.642587494,2.996280347,2.579494502,2.993294548,2.625242449,2.990886116,0.173538721,0.241186989,1.562922354,0.241186989,0.178187469,0.223384213
26.020000000,2.492993083,3.083098953,2.536702212,3.017723518,2.242079158,2.915402049,3.824841835,2.529241864,2.536702212,3.017723518,2.504271966,3.019077241,2.563609164,3.029399493,0.301794713,0.311885279,1.629189179,0.311885279,0.281946119,0.341140677
26.140000000,2.349377354,3.128753628,2.413119802,3.084761169,2.237754489,3.071045723,3.725016561,2.602067149,2.413119802,3.084761169,2.381427534,3.054783643,2.498632524,3.051088097,0.125657735,0.175900843,1.559451626,0.175900843,0.144590453,0.261640318
26.220000000,2.288854094,3.147059325,2.354756745,3.131553635,2.255402513,2.722311083,3.641066744,2.661785635,2.354756745,3.131553635,2.289413196,3.073572055,2.365402444,3.091768636,0.426063466,0.421130300,1.386985468,0.421130300,0.352903665,0.385485237
26.320000000,2.219910633,3.163395409,2.325970663,3.071724601,1.941733125,2.988626626,3.562462753,2.728331297,2.325970663,3.071724601,2.213731912,3.088731031,2.289133645,3.110315690,0.328522227,0.393120540,1.641498762,0.393120540,0.289834836,0.368096930
26.440000000,2.121595094,3.161240295,2.164264480,3.048530138,2.060314908,2.953228837,3.484410994,2.795579733,2.164264480,3.048530138,2.138063876,3.087875181,2.216821272,3.126063220,0.216850242,0.141024294,1.432795486,0.141024294,0.155481638,0.233165104
26.520000000,2.064502614,3.135449043,2.124079443,3.041714320,2.028049270,2.992675615,3.421954269,2.849359075,2.124079443,3.041714320,2.068213299,3.077152124,2.129829485,3.124557738,0.147353650,0.107826661,1.401253288,0.107826661,0.093538387,0.166589635
26.640000000,1.991761249,3.140164233,2.118214947,3.083763303,2.026763163,2.766699113,3.328003947,2.929734877,2.118214947,3.083763303,2.025426897,3.088481412,2.066357956,3.106300584,0.375101760,0.329989590,1.311414594,0.329989590,0.321785073,0.341901896
26.740000000,1.877962227,3.121519878,1.794524133,3.060156869,1.658152290,2.862056764,3.265394877,2.983325542,1.794524133,3.060156869,1.911869737,3.081440864,2.008594073,3.114322822,0.340055166,0.240501416,1.611811046,0.240501416,0.335413068,0.431795794
26.840000000,1.806642616,3.097213729,1.920326171,3.041342527,1.818176108,2.901066434,3.171514666,3.063711111,1.920326171,3.041342527,1.849932502,3.069287312,1.894915982,3.101480371,0.196486088,0.173528146,1.363076866,0.173528146,0.171192091,0.214603714
26.920000000,1.734725132,3.081158536,1.845147914,3.056493107,1.560259248,2.863534521,3.108787114,3.117216957,1.845147914,3.056493107,1.757385430,3.062395638,1.828287559,3.083250521,0.278923925,0.344085117,1.569169630,0.344085117,0.280007991,0.346575094
27.020000000,1.590357542,3.063981912,1.504305506,3.035527131,1.557129267,2.837332039,3.030444877,3.184089364,1.504305506,3.035527131,1.607127838,3.053281472,1.746055281,3.071777087,0.229072659,0.205113734,1.513571779,0.205113734,0.221661938,0.301093871
27.140000000,1.522993302,3.051112700,1.715487169,3.041010947,1.423139551,2.934528252,2.936420263,3.264338573,1.715487169,3.041010947,1.569535467,3.046981068,1.598742690,3.058631692,0.153501483,0.311136134,1.548803849,0.311136134,0.184600650,0.215030524
27.240000000,1.473652794,3.037770294,1.622963474,3.018326529,1.248668531,3.060081446,2.858002834,3.331158860,1.622963474,3.018326529,1.529196057,3.038134051,1.546264384,3.049046884,0.226087829,0.376616752,1.632004861,0.376616752,0.281384757,0.297800359
27.340000000,1.396439569,3.023442366,1.431345917,2.995010510,1.281499983,2.980320274,2.779377461,3.397737727,1.431345917,2.995010510,1.458269228,3.030557311,1.501424426,3.037952173,0.122762467,0.150564296,1.554951533,0.150564296,0.183769219,0.227350383
27.420000000,1.359435721,3.016309452,1.504655045,3.019352481,1.318993388,2.702182981,2.700568177,3.464063964,1.504655045,3.019352481,1.418374528,3.028669871,1.427354398,3.026999839,0.316719153,0.367514275,1.577723527,0.367514275,0.341277454,0.342415098
27.540000000,1.252567177,2.998790435,1.395086157,2.998438632,0.951243944,2.891785782,2.621661584,3.530271272,1.395086157,2.998438632,1.316304674,3.018003548,1.388905124,3.022489661,0.319758794,0.456476440,1.788283761,0.456476440,0.386264496,0.456761221
27.640000000,1.202613875,2.987183332,1.321820594,2.988636976,0.881140723,2.895111100,2.542824821,3.596639554,1.321820594,2.988636976,1.316304674,3.018003548,1.284435925,3.008396991,0.334398390,0.450495103,1.803700699,0.450495103,0.452183831,0.418904181
27.740000000,1.148623944,2.987621350,1.306406796,3.011991537,0.886513661,2.850974208,2.464012065,3.662982388,1.306406796,3.011991537,1.222253005,2.997828732,1.244052701,2.992702327,0.295591342,0.449707488,1.774220532,0.449707488,0.366452122,0.384605024
27.840000000,1.073123173,2.977824451,1.177135503,2.978860616,0.693321839,3.088219022,2.385150185,3.729264509,1.177135503,2.978860616,1.147393593,2.998529848,1.185438474,2.992725041,0.395519930,0.496019074,1.809204928,0.496019074,0.462844797,0.501296203
27.940000000,0.971358291,2.962596653,0.955613870,2.970621660,0.754678385,2.726407888,2.306191025,3.795410736,0.955613870,2.970621660,1.040563065,2.982899000,1.110258383,2.988177150,0.320523501,0.316252170,1.884133371,0.316252170,0.384080384,0.441543069
28.020000000,0.885247317,2.947165197,0.931838544,2.951722774,0.672787573,2.747389004,2.243050227,3.848346605,0.931838544,2.951722774,1.040563065,2.982899000,1.005960678,2.972747827,0.291632767,0.329938927,1.917767567,0.329938927,0.436719328,0.402232417
28.120000000,0.833408276,2.945847397,0.920200653,2.971695639,0.608411605,2.827184311,2.164175991,3.914635475,0.920200653,2.971695639,0.948268272,2.968471959,0.916757795,2.957818578,0.254370655,0.343650890,1.898144583,0.343650890,0.368055368,0.334877119
28.220000000,0.796258500,2.948439651,0.972138096,2.980456242,0.638220291,3.003580523,2.069611898,3.994297457,0.972138096,2.980456242,0.852976710,2.976229914,0.864843434,2.957661688,0.167381574,0.334717543,1.740804979,0.334717543,0.216491052,0.231228434
28.320000000,0.657719973,2.918622632,0.616029439,2.919216466,0.385341340,2.749100922,1.988257757,4.057333233,0.616029439,2.919216466,0.703429481,2.951823095,0.824617605,2.962334782,0.320823518,0.286629198,2.069012523,0.286629198,0.377195367,0.488295317
28.420000000,0.564169668,2.907299581,0.740772167,2.989064697,0.314385809,2.682592774,1.916735050,4.098226360,0.740772167,2.989064697,0.606042313,2.944229543,0.680574727,2.935222864,0.335983817,0.525100338,2.138116354,0.525100338,0.391812857,0.444877833
28.540000000,0.450834679,2.884921774,0.626804486,2.989212236,0.209592740,2.927722473,1.801045836,4.141244628,0.626804486,2.989212236,0.504652430,2.933864956,0.585105990,2.925764562,0.245009333,0.421718664,2.001339295,0.421718664,0.295123619,0.375518354
28.640000000,0.318798500,2.863186515,0.348372514,2.951826853,0.087450648,2.700952086,1.699755248,4.159308920,0.348372514,2.951826853,0.361604888,2.904207397,0.477743555,2.909393365,0.282562982,0.361964596,2.174012599,0.361964596,0.341281803,0.442466179
28.740000000,0.210337227,2.837196327,0.220542150,2.925586844,0.039432734,2.664600544,1.596841661,4.160575202,0.220542150,2.925586844,0.252468945,2.870235256,0.340201694,2.883696956,0.242894318,0.317670378,2.159505207,0.317670378,0.296091307,0.372109131
28.820000000,0.158567703,2.814129608,0.112692441,2.868032094,0.012850897,2.510830667,1.495116568,4.145029259,0.112692441,2.868032094,0.202337821,2.844800692,0.231403086,2.853715792,0.336487199,0.370892428,2.206290225,0.370892428,0.383980823,0.406614397
28.920000000,0.052091154,2.765848901,0.060228172,2.829345872,-0.135823593,2.530413005,1.416428764,4.120748160,0.060228172,2.829345872,0.089153694,2.775623507,0.180452762,2.829465150,0.301234149,0.357487277,2.222308098,0.357487277,0.332780663,0.435273383
29.040000000,-0.033053897,2.682693707,-0.021177612,2.741949066,-0.113799279,2.646086677,1.305986861,4.065649760,-0.021177612,2.741949066,0.025099655,2.709044441,0.070622424,2.770736204,0.088656028,0.133298052,2.007723096,0.133298052,0.152501128,0.222595752
29.140000000,-0.023644405,2.604757448,0.245124268,2.684257793,-0.031680383,2.619012006,1.223752206,4.003753680,0.245124268,2.684257793,0.046725737,2.652888599,-0.003977121,2.695869074,0.016363660,0.284390274,1.869122920,0.284390274,0.085411610,0.081697488
29.260000000,-0.002251128,2.513371348,0.196238671,2.608794430,-0.020214694,2.277456729,1.134737601,3.918004740,0.196238671,2.608794430,0.086084987,2.563506631,0.011540666,2.628823024,0.236597542,0.395773585,2.006318165,0.395773585,0.305162528,0.352798350
29.320000000,0.081097889,2.463195344,0.306789125,2.478780549,-0.107922749,2.258568043,1.075628300,3.860573338,0.306789125,2.478780549,0.153086716,2.477640337,0.041916930,2.538438990,0.278569801,0.469552432,1.991786648,0.469552432,0.340761810,0.317458149
29.440000000,0.108281516,2.356505301,0.208288825,2.453710576,0.047856376,2.061272537,1.001678857,3.788842739,0.208288825,2.453710576,0.187042240,2.395943459,0.117092303,2.470417841,0.301352920,0.423964840,1.973392036,0.423964840,0.362460109,0.414962038
29.520000000,0.150535757,2.282651183,0.271861832,2.306044579,-0.169838318,2.084962382,0.927679507,3.717158559,0.271861832,2.306044579,0.218651709,2.308102983,0.147661878,2.376224380,0.376457712,0.493939632,1.966878169,0.493939632,0.448013648,0.430859519
29.640000000,0.088952096,2.178712789,0.007769319,2.246304553,0.091074962,2.000560253,0.853582319,3.645573614,0.007769319,2.246304553,0.159960451,2.225680536,0.184593733,2.295377083,0.178165183,0.259480425,1.813142693,0.259480425,0.235423771,0.309293911
29.740000000,0.118463834,2.080829807,0.285630461,2.119230096,0.034983913,1.973546275,0.779409568,3.574096794,0.285630461,2.119230096,0.176860492,2.151216526,0.124456274,2.202196662,0.135936211,0.289909412,1.765200136,0.289909412,0.227366844,0.245532692
29.820000000,0.153467422,2.008638687,0.180847392,2.076260454,-0.064659130,2.062065966,0.704913255,3.502939575,0.180847392,2.076260454,0.199483574,2.044360238,0.147662163,2.116023167,0.224574413,0.245916522,1.633511069,0.245916522,0.264735454,0.219070105
29.920000000,0.152777971,1.924399718,0.198898308,1.994628694,-0.048911526,1.614774580,0.645315800,3.445980483,0.198898308,1.994628694,0.192327846,1.981782315,0.176475498,2.026499462,0.369521826,0.453540364,1.958383681,0.453540364,0.439193707,0.469379047
30.040000000,0.134495734,1.817541654,-0.018335015,1.924440450,-0.020592737,1.541206703,0.556060443,3.360487271,-0.018335015,1.924440450,0.163122507,1.886667868,0.172552908,1.953091017,0.316880796,0.383240398,1.908483869,0.383240398,0.391273188,0.454921893
30.120000000,0.187746432,1.732480357,0.235059366,1.765082448,-0.108996862,1.408731656,0.496565208,3.303415617,0.235059366,1.765082448,0.199869468,1.791199506,0.148809121,1.852104761,0.439169448,0.495338849,1.989103499,0.495338849,0.491609669,0.512877797
30.220000000,0.169508569,1.651347972,0.233969979,1.705980251,-0.026205492,1.340732805,0.407374437,3.217876672,0.233969979,1.705980251,0.176531129,1.700131675,0.193807950,1.761839932,0.367131823,0.448438371,1.926567064,0.448438371,0.412637474,0.475118013
30.340000000,0.177680937,1.536746305,0.106281942,1.613509650,-0.007759697,1.461324453,0.333011719,3.146559639,0.106281942,1.613509650,0.174355335,1.602517816,0.173019849,1.675739823,0.200191620,0.190173157,1.719343709,0.190173157,0.230437521,0.280455336
30.440000000,0.205053985,1.439601556,0.227195069,1.492186682,0.112263321,1.252360465,0.258799695,3.075106913,0.227195069,1.492186682,0.194683112,1.522381863,0.176018136,1.569632061,0.208972088,0.265943455,1.828627224,0.265943455,0.282319991,0.323613878
30.540000000,0.207599832,1.350133096,0.137577232,1.444041996,-0.060286784,1.206983707,0.184651662,3.003584889,0.137577232,1.444041996,0.191512343,1.416201743,0.199868549,1.480991709,0.303735060,0.308782774,1.813221071,0.308782774,0.327375911,0.377837508
30.640000000,0.232860271,1.259474576,0.304914040,1.307503775,-0.111128233,1.173614337,0.110551500,2.931995955,0.304914040,1.307503775,0.217724074,1.322811977,0.199556087,1.383167420,0.354542059,0.437055551,1.772300149,0.437055551,0.361114630,0.374749572
30.740000000,0.212387294,1.172462565,0.017964506,1.291418911,-0.127703967,1.151758046,0.036627481,2.860271376,0.017964506,1.291418911,0.187592382,1.236263422,0.225292173,1.291143276,0.340720916,0.201803026,1.716398153,0.201803026,0.326424488,0.379518797
30.820000000,0.194791513,1.101634878,0.276556985,1.105737355,-0.129160376,1.011938978,-0.022648789,2.803020328,0.276556985,1.105737355,0.174779324,1.153059014,0.199989838,1.204362994,0.336140121,0.416418914,1.794245558,0.416418914,0.335103276,0.381270068
30.920000000,0.200700039,1.008331802,0.277318390,1.016874662,-0.216902089,0.879198284,-0.097024438,2.731705122,0.277318390,1.016874662,0.174779324,1.153059014,0.184785419,1.127346946,0.437112117,0.513038660,1.856381490,0.513038660,0.477926803,0.472155284
31.040000000,0.167559125,0.907732767,0.030903645,1.002458980,-0.091408140,0.716698380,-0.186332247,2.646225449,0.030903645,1.002458980,0.139148223,0.983655478,0.187398136,1.031302016,0.321804571,0.310836442,1.931860580,0.310836442,0.352735495,0.420366968
31.140000000,0.146670956,0.822721200,0.089369107,0.904186492,-0.003554238,0.606968651,-0.260830914,2.575069015,0.089369107,0.904186492,0.139148223,0.983655478,0.153353674,0.945694123,0.262900687,0.311405191,1.984845165,0.311405191,0.402811318,0.373302877
31.220000000,0.138704373,0.756860822,0.134311856,0.804362854,-0.030799400,0.562968394,-0.320303532,2.518044919,0.134311856,0.804362854,0.110213385,0.794635304,0.132275622,0.854913217,0.257537964,0.292460275,1.976394915,0.292460275,0.271208707,0.334402815
31.340000000,0.103063243,0.658358109,-0.016410338,0.769035493,-0.072698356,0.523173902,-0.409606285,2.432538675,-0.016410338,0.769035493,0.076980443,0.732560743,0.124458879,0.775748063,0.221736126,0.252222645,1.938860694,0.252222645,0.257384133,0.320413299
31.420000000,0.114845199,0.581431649,0.021096650,0.660715903,-0.029184098,0.551546526,-0.469073986,2.375490064,0.021096650,0.660715903,0.080859917,0.616477586,0.090021843,0.695459426,0.147097108,0.120191957,1.876239096,0.120191957,0.127772172,0.186871558
31.540000000,0.148453744,0.470681314,0.258500817,0.480671001,-0.063932431,0.236984857,-0.550571935,2.282793466,0.258500817,0.480671001,0.102234201,0.523626244,0.097852558,0.598954617,0.315787779,0.404161027,2.102891075,0.404161027,0.331322553,0.396480126
31.620000000,0.143314393,0.407727786,0.084355683,0.469665654,0.202784921,0.163393047,-0.593992818,2.212808634,0.084355683,0.469665654,0.103059609,0.449917206,0.125343973,0.497153779,0.251468107,0.328372342,2.198854023,0.328372342,0.303382979,0.342627096
31.740000000,0.160081747,0.308637013,0.069519792,0.397716591,0.031276362,0.095721747,-0.646644197,2.078885034,0.142822973,0.298628899,0.115033433,0.367679258,0.123187001,0.428822496,0.248844806,0.304406711,2.095832270,0.231546882,0.284563059,0.345548368
31.840000000,0.201214266,0.217699623,0.165217336,0.251880313,0.186742567,-0.181960326,-0.662528902,1.998060595,0.165217336,0.251880313,0.162204355,0.259743192,0.137557590,0.338158136,0.399921874,0.434374304,2.339605360,0.434374304,0.442384586,0.522438873
31.940000000,0.239569852,0.151583648,0.185914257,0.237873730,0.122253424,0.039951845,-0.667591431,1.915848383,0.185914257,0.237873730,0.206399250,0.200210258,0.181709310,0.238721408,0.161940741,0.207908090,2.035397435,0.207908090,0.181006295,0.207471303
32.040000000,0.311540329,0.081580032,0.272765556,0.153868773,0.128713374,-0.021720377,-0.655083524,1.793067785,0.272765556,0.153868773,0.282573049,0.136462304,0.222984551,0.175896953,0.209992071,0.227117988,1.976814015,0.227117988,0.220668439,0.218951282
32.120000000,0.386341019,0.004652951,0.368223084,0.003138231,0.159649221,-0.123993762,-0.626406134,1.694237376,0.368223084,0.003138231,0.380126940,0.044449277,0.297056689,0.109021168,0.260651392,0.244265429,1.980870388,0.244265429,0.277458973,0.270512051
32.240000000,0.505078718,-0.073054995,0.488213974,-0.018687939,0.493014415,-0.091392032,-0.581943116,1.601413922,0.488213974,-0.018687939,0.482836414,-0.012961303,0.383233979,0.024551114,0.021949815,0.072862400,2.005274468,0.072862400,0.079088374,0.159670151
32.340000000,0.601286186,-0.148966921,0.591725671,-0.165040228,0.627616459,0.009215651,-0.523463656,1.516705607,0.591725671,-0.165040228,0.564524636,-0.080949020,0.493957566,-0.043008149,0.160359002,0.177913631,1.896710679,0.177913631,0.110046563,0.143499216
32.420000000,0.664409506,-0.182244793,0.619329111,-0.171699240,0.476212764,-0.032556550,-0.473956669,1.450807603,0.619329111,-0.171699240,0.670520202,-0.117404595,0.582905411,-0.114957971,0.240467428,0.199607056,1.761587683,0.199607056,0.212024931,0.134808438
32.540000000,0.760323320,-0.235860436,0.678499471,-0.200075836,0.592624312,-0.197146019,-0.399889762,1.351859910,0.678499471,-0.200075836,0.749973773,-0.156334906,0.667464854,-0.149824694,0.172109742,0.085925123,1.839702030,0.085925123,0.162555836,0.088546115
32.620000000,0.816538911,-0.247584524,0.762203360,-0.193541185,0.877246895,0.013776104,-0.338091942,1.269414338,0.762203360,-0.193541185,0.823284648,-0.177156558,0.755148547,-0.196097671,0.268318536,0.237098024,1.747476999,0.237098024,0.198411707,0.242806524
32.740000000,0.930370462,-0.252907366,0.827463923,-0.178317969,0.955755647,-0.082396511,-0.276329802,1.186963288,0.827463923,-0.178317969,0.915551863,-0.181444944,0.819911779,-0.212370541,0.172390137,0.160186431,1.768985261,0.160186431,0.106896849,0.188007459
32.820000000,0.990896904,-0.247457418,0.904461819,-0.192350944,0.892436350,-0.133951667,-0.214709704,1.104435889,0.904461819,-0.192350944,0.989309195,-0.190618834,0.922961163,-0.217176155,0.150259895,0.059624555,1.661136998,0.059624555,0.112229746,0.088645810
32.940000000,1.074503352,-0.246478396,0.926507919,-0.166518695,0.907669872,-0.308555956,-0.153202462,1.021782227,0.926507919,-0.166518695,1.042806429,-0.194803925,0.990103049,-0.219038126,0.178008521,0.143281037,1.701543355,0.143281037,0.176639219,0.121690882
33.040000000,1.144047051,-0.221231736,1.001735046,-0.179431339,1.000256358,-0.070856583,-0.091751797,0.939079192,1.001735046,-0.179431339,1.104752197,-0.174158548,1.058654890,-0.220641161,0.208058767,0.108584826,1.487431370,0.108584826,0.146937662,0.160766316
33.140000000,1.221530656,-0.196299833,1.102200052,-0.076471092,1.291689265,-0.113725232,-0.030452269,0.856296427,1.102200052,-0.076471092,1.173131109,-0.162280532,1.124399624,-0.197695142,0.108354950,0.193116631,1.639817141,0.193116631,0.128115782,0.187181115
33.240000000,1.292837899,-0.180243110,1.215246187,-0.089988926,1.142753492,0.044897687,0.030724094,0.773404050,1.215246187,-0.089988926,1.236137722,-0.150814332,1.197330882,-0.179290183,0.270580317,0.153132587,1.329409984,0.153132587,0.216849738,0.230735547
33.340000000,1.373352927,-0.156473402,1.283908542,-0.038087484,1.605348250,-0.061917422,0.079643065,0.707066553,1.283908542,-0.038087484,1.312570276,-0.136365189,1.264487811,-0.165528721,0.250524776,0.322321813,1.708541092,0.322321813,0.302095038,0.356259933
33.420000000,1.438558767,-0.140792230,1.332954525,-0.102456690,1.453822767,-0.239631003,0.152932488,0.607505588,1.332954525,-0.102456690,1.377633477,-0.128600119,1.342961601,-0.146419296,0.100010463,0.182827580,1.552403273,0.182827580,0.134657584,0.144839982
33.540000000,1.526130118,-0.140715972,1.378781385,-0.140821017,1.606775250,-0.029296292,0.213816747,0.524387963,1.378781385,-0.140821017,1.455372424,-0.135401404,1.408096122,-0.134696175,0.137542657,0.253808918,1.498966192,0.253808918,0.184881343,0.224905605
33.640000000,1.606371081,-0.118005043,1.490364214,-0.049119335,1.733256109,0.001976833,0.274540177,0.441162646,1.490364214,-0.049119335,1.533709262,-0.121245870,1.490751271,-0.138058688,0.174629496,0.248208161,1.523396320,0.248208161,0.234526712,0.280033112
33.740000000,1.652173283,-0.127346078,1.460583193,-0.149504627,1.622406511,-0.034176791,0.335139734,0.357865722,1.460583193,-0.149504627,1.575144696,-0.135340872,1.570040172,-0.119625457,0.097808879,0.198714107,1.345642259,0.198714107,0.111659529,0.100218301
33.820000000,1.688179870,-0.123534329,1.597603049,-0.101956048,1.776913087,-0.182354356,0.395660585,0.274480037,1.597603049,-0.101956048,1.613554595,-0.132158836,1.613658989,-0.131343475,0.106458346,0.196509485,1.454838870,0.196509485,0.170896422,0.171038038
33.920000000,1.762821974,-0.119358705,1.650780628,-0.111935048,1.836029398,-0.173145793,0.443842968,0.207630495,1.650780628,-0.111935048,1.700690637,-0.132151769,1.650867233,-0.127846583,0.090842599,0.195099621,1.443320352,0.195099621,0.141411068,0.190622785
34.040000000,1.847970649,-0.119219022,1.728522682,-0.131929030,1.915501345,-0.103980961,0.516068560,0.107296962,1.728522682,-0.131929030,1.762517375,-0.135584275,1.731756305,-0.125755237,0.069228560,0.189055851,1.415291659,0.189055851,0.156214163,0.185030697
34.120000000,1.926899297,-0.095902191,1.970884390,-0.035709760,2.030500353,-0.108347200,0.564321075,0.040499633,1.970884390,-0.035709760,1.864209363,-0.113827478,1.805244012,-0.127401648,0.104345853,0.093969467,1.473715391,0.093969467,0.166381269,0.226060813
34.240000000,2.020159238,-0.064328913,1.943179274,0.017892664,2.279737058,-0.209576673,0.636692495,-0.059722949,1.943179274,0.017892664,1.935525197,-0.086782149,1.895554330,-0.104864835,0.297451772,0.406218465,1.649864108,0.406218465,0.365459027,0.398197109
34.320000000,2.068417439,-0.039117483,2.014565227,0.057533043,2.193591056,-0.148266375,0.696965684,-0.143274440,2.014565227,0.057533043,2.003609047,-0.061487370,1.977842218,-0.075555531,0.166078039,0.272770321,1.496633698,0.272770321,0.208863016,0.227671755
34.440000000,2.157176952,-0.031249781,2.037335602,-0.060708600,2.557030123,-0.101836991,0.757197837,-0.226834514,2.037335602,-0.060708600,2.069763761,-0.056480354,2.036013243,-0.050302427,0.406035851,0.521319422,1.804167575,0.521319422,0.489372795,0.523559357
34.540000000,2.242337663,-0.025578799,2.095317989,-0.080315717,2.351677519,-0.206832392,0.817341752,-0.310484940,2.095317989,-0.080315717,2.141331575,-0.051871871,2.113470356,-0.043865067,0.211679166,0.285878781,1.537832922,0.285878781,0.261262663,0.288619128
34.620000000,2.298358992,-0.021161178,2.195133962,-0.093386458,2.319563410,-0.223745753,0.865558240,-0.377316785,2.195133962,-0.093386458,2.234491070,-0.043980892,2.191834619,-0.038725335,0.203691280,0.180211635,1.462092710,0.180211635,0.198878627,0.224827043
34.740000000,2.385128388,-0.008020219,2.301398516,-0.078137959,2.680591446,-0.086374869,0.948558148,-0.468685282,2.301398516,-0.078137959,2.304988621,-0.045846997,2.266425031,-0.032571035,0.305676087,0.379282382,1.773725062,0.379282382,0.377782994,0.417646588
34.840000000,2.467736542,0.009572152,2.433083143,-0.048792104,2.809275648,-0.146705861,1.030328276,-0.531166999,2.433083143,-0.048792104,2.378954173,-0.037119757,2.345058505,-0.026933608,0.375595232,0.388726002,1.820017615,0.388726002,0.444055949,0.479419387
34.940000000,2.553754449,0.032687112,2.479868665,-0.034220207,2.755806422,0.091882316,1.121260868,-0.579387266,2.479868665,-0.034220207,2.482399713,-0.014021909,2.423345358,-0.013773803,0.210544703,0.303386704,1.767015003,0.303386704,0.293201182,0.348846062
35.040000000,2.634385832,0.070690352,2.556292208,-0.029755396,2.898333590,0.010689176,1.218784737,-0.612171108,2.556292208,-0.029755396,2.563454966,0.027518720,2.518077081,0.009332601,0.270681659,0.344424259,1.791323334,0.344424259,0.335301247,0.380258929
35.120000000,2.697851230,0.104482635,2.644633921,0.022482372,2.782117321,0.343344094,1.320375085,-0.628593040,2.644633921,0.022482372,2.644400378,0.075266355,2.598920399,0.049104536,0.253289500,0.349075823,1.755378067,0.349075823,0.301382864,0.346609333
35.220000000,2.784033875,0.180323062,2.817682942,0.204113786,2.959646694,0.224392901,1.423263674,-0.628178454,2.817682942,0.204113786,2.730592404,0.156227981,2.671125804,0.089874495,0.181058037,0.143404845,1.757085854,0.143404845,0.238981849,0.318338665
35.340000000,2.857916206,0.274832485,2.767728824,0.211876970,2.911420349,0.160893337,1.524790784,-0.611216001,2.767728824,0.211876970,2.787278702,0.220170112,2.757313140,0.168275522,0.125876221,0.152468309,1.587102511,0.152468309,0.137567745,0.154283922
35.440000000,2.894077405,0.361842701,2.847819153,0.325119625,2.963506955,0.258216456,1.622131691,-0.577868155,2.847819153,0.325119625,2.828901051,0.312801183,2.822597454,0.247501298,0.124735164,0.133640195,1.580609085,0.133640195,0.145252339,0.141316320
35.520000000,2.922653639,0.440919500,2.925871724,0.458308249,3.093244925,0.459011140,1.715697070,-0.534788490,2.925871724,0.458308249,2.860165474,0.415512799,2.861489228,0.337321942,0.171547936,0.167374677,1.698609961,0.167374677,0.237103641,0.261761274
35.620000000,2.937510183,0.550083066,2.879875535,0.547931545,3.022688084,0.498912037,1.805474596,-0.484317718,2.879875535,0.547931545,2.875464186,0.524326849,2.891409556,0.428216149,0.099366740,0.150991180,1.564720239,0.150991180,0.149401435,0.149103857
35.740000000,2.962478879,0.663179860,2.907172616,0.623112924,2.966719938,0.618579784,1.894350931,-0.432236482,2.907172616,0.623112924,2.891118750,0.615592169,2.906487185,0.537204957,0.044801265,0.059719619,1.501396054,0.059719619,0.075660197,0.101241527
35.840000000,2.959886413,0.754290569,2.892541465,0.717499757,2.858969162,0.795743898,1.983325940,-0.380294912,2.892541465,0.717499757,2.892524693,0.703960443,2.926798815,0.639386014,0.109099359,0.085142499,1.466225881,0.085142499,0.097725003,0.170436644
35.940000000,2.997759949,0.873447761,2.987172537,0.857160062,3.065163800,0.631868942,2.072273044,-0.328295022,2.987172537,0.857160062,2.939544908,0.837438155,2.926205553,0.729125506,0.250805911,0.238408737,1.381212109,0.238408737,0.240912447,0.169612009
36.040000000,3.011371314,0.969457169,3.029852004,0.976381217,3.075412068,0.790573563,2.161273620,-0.276407587,3.029852004,0.976381217,2.960150335,0.914381832,2.968652429,0.855442958,0.190001481,0.191311797,1.405025934,0.191311797,0.169156007,0.124922612
36.120000000,3.002387498,1.030554421,2.942653360,0.967195866,2.922879329,1.051087908,2.250347817,-0.224613165,2.945420425,0.983562014,2.984902688,0.987896927,2.985760824,0.941919501,0.082116825,0.086190992,1.442120612,0.071188815,0.088543759,0.125983426
36.240000000,2.987439019,1.121220340,2.914916054,1.017250640,2.923636973,1.076792089,2.339462964,-0.172969206,2.914916054,1.017250640,2.965064229,1.072801302,2.993645093,1.009225674,0.077746837,0.060176727,1.379551581,0.060176727,0.041619033,0.097295207
36.320000000,2.986098102,1.182401450,2.983224253,1.107568412,2.873746180,1.267485758,2.410727149,-0.131571879,2.983224253,1.107568412,2.972100020,1.134021485,2.976251624,1.097010821,0.140933651,0.193801461,1.473685480,0.193801461,0.165789595,0.198919758
36.440000000,3.027624887,1.306828627,3.083200451,1.302021155,3.167503168,1.378311094,2.517553502,-0.069352441,3.083200451,1.302021155,3.028016919,1.248091044,2.979099061,1.158211468,0.157084934,0.113697419,1.586872483,0.113697419,0.190823676,0.289723926
36.540000000,3.039649283,1.394669175,3.088411210,1.375491195,2.765713621,1.464007752,2.588721166,-0.027801523,3.088411210,1.375491195,3.043670331,1.324393807,3.027820903,1.277459835,0.282574919,0.334617565,1.502272026,0.334617565,0.311049813,0.321714706
36.640000000,3.051336733,1.469987591,3.089241404,1.395885296,3.116499857,1.330093973,2.695555596,0.034429736,3.089241404,1.395885296,3.063775634,1.413953505,3.041659807,1.359531491,0.154325815,0.071214615,1.362328847,0.071214615,0.099056877,0.080421394
36.740000000,3.043135696,1.542103128,3.025032631,1.425869264,2.962624814,1.591595584,2.784532751,0.086287217,3.025032631,1.425869264,3.055201969,1.465394601,3.057556183,1.441970548,0.094506642,0.177087404,1.515806737,0.177087404,0.156515871,0.177199369
36.840000000,3.030541827,1.615241264,3.016976658,1.492958243,3.029789498,1.370251859,2.873574695,0.138116456,3.016976658,1.492958243,3.050031836,1.533904854,3.049168833,1.503748864,0.244990560,0.123373520,1.241998678,0.123373520,0.164900137,0.134896290
36.940000000,3.041943477,1.692978272,3.060412948,1.603547587,3.044056605,1.622053897,2.962659664,0.189838890,3.060412948,1.603547587,3.063943843,1.627453901,3.040286832,1.574573059,0.070955847,0.024698451,1.434526154,0.024698451,0.020607335,0.047630255
37.020000000,3.048352350,1.751560877,3.055992885,1.662055339,2.811837458,1.993807849,3.051846178,0.241476757,3.055992885,1.662055339,3.070514579,1.704849897,3.052943660,1.660216087,0.338560023,0.411912127,1.768691167,0.411912127,0.387827991,0.411601342
37.120000000,3.049836338,1.829612278,3.072649126,1.745985328,2.938310852,1.977469267,3.140948918,0.293119989,3.072649126,1.745985328,3.077100474,1.781921972,3.059433464,1.728205387,0.185201574,0.267640777,1.696494821,0.267640777,0.239794294,0.277133847
37.240000000,3.060441207,1.922612824,3.065758824,1.818865056,3.087383299,1.910547920,3.230010806,0.344937980,3.065758824,1.818865056,3.089004040,1.850712482,3.063468406,1.805767125,0.029520132,0.094198544,1.572093220,0.094198544,0.059857384,0.107475287
37.320000000,3.079507737,1.983365520,3.116841220,1.933934723,3.082019563,2.163813845,3.301214671,0.386408498,3.116841220,1.933934723,3.106556926,1.918838854,3.074722624,1.886662653,0.180465806,0.232501523,1.790870253,0.232501523,0.246200788,0.277247233
37.440000000,3.087034834,2.080878505,3.150688068,2.072937900,3.065254081,2.122251317,3.425811218,0.459084747,3.150688068,2.072937900,3.078002699,2.001429207,3.093032331,1.951102187,0.046755863,0.098644712,1.701800366,0.098644712,0.121492837,0.173388742
37.540000000,3.114229702,2.172949206,3.170870617,2.120832182,2.834853167,2.198332743,3.496935102,0.500684735,3.170870617,2.120832182,3.106633034,2.105771359,3.082518766,2.041153856,0.280527311,0.344839185,1.822185844,0.344839185,0.287109571,0.293331641
37.640000000,3.130405456,2.238007351,3.145805944,2.093101417,2.894797404,2.308729064,3.585856271,0.552714792,3.145805944,2.093101417,3.122122355,2.166956865,3.110431368,2.139360282,0.245993323,0.330908702,1.887100549,0.330908702,0.267910414,0.274196628
37.740000000,3.136547977,2.311014593,3.161874762,2.189241376,3.023894500,2.356366875,3.674337643,0.605413694,3.161874762,2.189241376,3.129350467,2.238861470,3.126263905,2.202482108,0.121439843,0.216724446,1.867863305,0.216724446,0.157887559,0.184824287
37.840000000,3.135732227,2.389334106,3.172209800,2.296944701,2.816051584,2.582630276,3.755416249,0.668842144,3.172209800,2.296944701,3.141538138,2.316798647,3.132949222,2.274938032,0.373576128,0.456579591,2.131898447,0.456579591,0.420247489,0.441699706
37.920000000,3.135175354,2.458721753,3.195689703,2.408298151,2.995732884,2.453036640,3.812073054,0.728591340,3.195689703,2.408298151,3.140577494,2.406679161,3.138635183,2.353066376,0.139558314,0.204900614,1.907910602,0.204900614,0.152082139,0.174399314
38.020000000,3.097076485,2.552241857,3.096242013,2.509948533,2.715173427,2.502460993,3.871207775,0.812832889,3.096242013,2.509948533,3.112365073,2.485514394,3.137876424,2.432700457,0.385133847,0.381142139,2.047256346,0.381142139,0.397553004,0.428420770
38.140000000,3.040687512,2.658622259,3.061154797,2.598120292,2.628026251,2.682143475,3.922685544,0.925007329,3.061154797,2.598120292,3.062714711,2.587464978,3.104720779,2.518878126,0.413331059,0.441203165,2.182583359,0.441203165,0.444879843,0.503878207
38.240000000,2.984049464,2.743663482,3.046795076,2.682311861,2.759646499,2.820040908,3.948170117,1.024701030,3.046795076,2.682311861,3.006983231,2.668146207,3.051701112,2.623043618,0.237044725,0.318470714,2.153098621,0.318470714,0.290254129,0.352283734
38.320000000,2.986144987,2.828388176,3.112356805,2.819227720,2.700492681,2.827821945,3.957008303,1.127216810,3.112356805,2.819227720,3.003778764,2.775226254,2.995516347,2.705904844,0.285652867,0.411953781,2.114447761,0.411953781,0.307812857,0.319222091
38.420000000,2.905634423,2.891339876,2.995977795,2.846378182,2.575228940,2.962395352,3.951776772,1.209401649,2.995977795,2.846378182,2.937492472,2.826514746,2.994961875,2.801807215,0.337959559,0.436451122,2.228872104,0.436451122,0.386908781,0.449404368
38.540000000,2.774337848,2.940930943,2.727690030,2.827149537,2.372113168,2.924377716,3.933640551,1.331701961,2.727690030,2.827149537,2.812203088,2.858868512,2.921563448,2.858927311,0.402565153,0.368630199,2.230467177,0.368630199,0.444938865,0.553334768
38.620000000,2.696285861,2.960902849,2.607016341,2.873470865,2.571008140,2.793862648,3.918508813,1.433633958,2.607016341,2.873470865,2.701217945,2.900486049,2.793270468,2.899899728,0.208798794,0.087373101,1.914674946,0.087373101,0.168294810,0.246260846
38.740000000,2.604970176,2.994669142,2.591112040,2.879000194,2.297821187,2.931508616,3.903679149,1.535525156,2.591112040,2.879000194,2.625530798,2.918197343,2.698751903,2.930694449,0.313575754,0.297954121,2.127803941,0.297954121,0.327979845,0.400931542
38.840000000,2.542344444,3.013279837,2.651442354,2.929690065,2.204339089,3.065850382,3.888748956,1.637468894,2.651442354,2.929690065,2.567813209,2.941592073,2.615250487,2.956433243,0.342069119,0.467376680,2.208508609,0.467376680,0.384127015,0.425229688
38.940000000,2.410952948,3.016032733,2.411169623,2.939761506,1.904136092,2.848286738,3.867253095,1.738139916,2.411169623,2.939761506,2.443375416,2.960115298,2.555078827,2.977435955,0.533855827,0.515219016,2.255272563,0.515219016,0.550712879,0.663630894
39.040000000,2.326054207,3.098021655,2.361718904,3.134097710,1.893849743,2.955215545,3.835896455,1.836244401,2.361718904,3.134097710,2.379959444,3.061618865,2.427164182,2.988074016,0.455185988,0.500899571,2.241348222,0.500899571,0.497618637,0.534325715
39.140000000,2.210539517,3.153682273,2.177082408,3.148587099,1.708190375,2.953090232,3.804547093,1.934388108,2.177082408,3.148587099,2.251111612,3.132243645,2.353006825,3.079820260,0.540917579,0.508014531,2.330765005,0.508014531,0.571716201,0.657152003
39.220000000,2.188225018,3.213460106,2.269901019,3.184773044,1.896627867,2.967094053,3.773322074,2.032541903,2.269901019,3.184773044,2.217558052,3.198732663,2.230825565,3.142962959,0.381739610,0.432107613,2.096513503,0.432107613,0.395793670,0.377647948
39.340000000,2.042131429,3.225693965,2.080367221,3.134243148,1.848788514,3.041616073,3.742137532,2.130739650,2.080367221,3.134243148,2.101124826,3.210967901,2.202891535,3.206096384,0.266957212,0.249416264,2.101063151,0.249416264,0.303897443,0.390439140
39.420000000,1.968980338,3.218294593,2.097633578,3.193106560,1.605724445,3.014185171,3.704632787,2.226585055,2.097633578,3.193106560,1.994402206,3.226816483,2.071628127,3.218330933,0.416671933,0.523438113,2.241814035,0.523438113,0.443037782,0.508666623
39.540000000,1.824201757,3.209815376,1.718524615,3.170597503,1.899878219,2.775055770,3.652144173,2.315073466,1.718524615,3.170597503,1.869952254,3.227139317,1.981691272,3.222555538,0.441296773,0.435134912,1.811634537,0.435134912,0.453072948,0.454916935
39.640000000,1.724970357,3.195615195,1.873132991,3.172791047,1.626938344,3.074457254,3.593904042,2.400074267,1.873132991,3.172791047,1.778591444,3.204396069,1.847077006,3.218477346,0.155850962,0.265106278,2.079362035,0.265106278,0.199706681,0.263064284
39.720000000,1.635761088,3.154677221,1.656004263,3.077635814,1.409281767,3.016218432,3.547331598,2.468052677,1.656004263,3.077635814,1.673025746,3.164526714,1.751780901,3.200005632,0.265450031,0.254252010,2.207202477,0.254252010,0.302582605,0.388694471
39.820000000,1.518483809,3.126713771,1.498745877,3.087841459,1.293326495,3.049475986,3.477215162,2.569882085,1.498745877,3.087841459,1.529295933,3.134838158,1.654393417,3.159601967,0.238036745,0.208971367,2.235929341,0.208971367,0.250934804,0.377487820
39.940000000,1.389480032,3.092182779,1.439468683,3.060607369,1.454695691,2.940218541,3.418813072,2.654760242,1.439468683,3.060607369,1.435159464,3.147335457,1.523889871,3.130775964,0.165366901,0.121347977,1.984752763,0.121347977,0.208036249,0.202731266
40.040000000,1.297023911,3.074758466,1.494621600,3.085499225,1.281424739,2.894641481,3.360523982,2.739669299,1.494621600,3.085499225,1.349989743,3.125798165,1.412319748,3.119759118,0.180791212,0.286146082,2.084866912,0.286146082,0.241111120,0.260406324
40.140000000,1.252190948,3.060770888,1.398550728,3.035051956,1.118859718,2.907206085,3.305073049,2.826434182,1.398550728,3.035051956,1.300212584,3.115163943,1.323506827,3.100278316,0.203370022,0.307525004,2.187704923,0.307525004,0.275926318,0.281349117
40.240000000,1.179975455,3.046045043,1.167309507,3.005808446,0.946353727,2.784504892,3.252319051,2.914944939,1.167309507,3.005808446,1.233957043,3.110245830,1.276201766,3.087967415,0.350688413,0.312724671,2.309651636,0.312724671,0.434537485,0.448206684
40.340000000,1.123718686,3.024295502,1.291213597,3.059315613,0.676919305,2.704055653,3.199540405,3.003413209,1.291213597,3.059315613,1.179768077,3.089522207,1.206966249,3.078145437,0.549711968,0.709624631,2.540321271,0.709624631,0.633593996,0.648762614
40.440000000,1.041543804,3.002551075,1.051087445,2.981147591,0.848316723,2.651685256,3.146773398,3.091911638,1.051087445,2.981147591,1.105766959,3.072170970,1.151743381,3.056908854,0.400554026,0.386860952,2.340235534,0.386860952,0.493040424,0.506235026
40.540000000,0.973640190,2.979699212,1.125918520,3.012287021,0.732084725,2.597308275,3.093907322,3.180301181,1.125918520,3.012287021,1.035343025,3.052695496,1.073655382,3.037361022,0.452296221,0.572112242,2.432711802,0.572112242,0.547122580,0.557060979
40.640000000,0.867199191,2.952149178,0.967877833,2.957529722,0.707465207,2.908360935,3.040895054,3.268598536,0.967877833,2.957529722,0.928009969,3.025063583,1.004491607,3.016197354,0.165627160,0.265013784,2.361073057,0.265013784,0.249518537,0.315995848
40.740000000,0.801111803,2.936010733,0.904038545,2.956914309,0.555928289,2.824831138,2.987950375,3.357005105,0.904038545,2.956914309,0.863962381,3.006541379,0.897604580,2.988606381,0.269213405,0.372326086,2.489566339,0.372326086,0.357636147,0.378899747
40.840000000,0.739126874,2.935748719,0.933450045,3.025668679,0.453899955,2.789669076,2.956187143,3.410043370,0.933450045,3.025668679,0.786862058,3.003712650,0.832537092,2.971276056,0.320458511,0.534475538,2.578042947,0.534475538,0.395826242,0.419937110
40.940000000,0.837967939,2.889081265,1.126316669,2.866226950,0.622086890,2.695873255,2.956195895,3.410028872,1.126316669,2.866226950,0.866592067,2.953521085,0.762994466,2.969730685,0.289713587,0.532229322,2.440918494,0.532229322,0.355197390,0.307981877
41.020000000,0.402109003,2.809841589,-1.527582448,2.634299316,0.356245563,2.760554345,2.933125766,3.444164854,-1.527582448,2.634299316,0.341957826,2.860665683,0.852280003,2.921301175,0.067325237,1.888054106,2.666014798,1.888054106,0.101125760,0.521430445
41.120000000,0.464911117,2.837179690,0.719356048,2.928437009,0.444689238,2.814613714,2.851308347,3.536570956,0.719356048,2.928437009,0.426021011,2.879863751,0.372033414,2.835253636,0.030300952,0.297317337,2.512575928,0.297317337,0.067868034,0.075530623
41.240000000,0.426255299,2.826884571,0.500243390,2.911736758,0.236113598,2.825538580,2.770302423,3.600100096,0.500243390,2.911736758,0.417143417,2.870319506,0.445466064,2.858521720,0.190146464,0.277839293,2.649916704,0.277839293,0.186486264,0.211934760
41.320000000,0.354451428,2.812616993,0.233004247,2.876338123,0.314593928,2.563888800,2.698730952,3.640817849,0.233004247,2.876338123,0.339638485,2.839081988,0.421699358,2.848602039,0.251901438,0.322926393,2.616082095,0.322926393,0.276330455,0.304192704
41.440000000,0.294641822,2.752712716,0.423789863,2.809985866,0.213711606,2.436184624,2.582940339,3.683495819,0.423789863,2.809985866,0.309682822,2.788838230,0.347044957,2.825849490,0.326710473,0.428789275,2.677504437,0.428789275,0.365479192,0.411845227
41.540000000,0.279435934,2.685464166,0.414311712,2.738450465,0.115490854,2.390344150,2.481524721,3.701027870,0.414311712,2.738450465,0.307863928,2.727132878,0.302162322,2.770775473,0.337600079,0.458772178,2.704812022,0.458772178,0.387858282,0.423761995
41.640000000,0.251264573,2.617127808,0.448173321,2.686140049,0.105226900,2.547289783,2.378632361,3.701642937,0.448173321,2.686140049,0.290257449,2.663266582,0.293649931,2.706298522,0.161877582,0.369988708,2.549686960,0.369988708,0.218373355,0.246550233
41.780000000,0.302979436,2.507618116,0.569278258,2.554544209,0.073523840,2.175847938,2.236334591,3.678554876,0.569278258,2.554544209,0.292757300,2.587562323,0.270761011,2.640197195,0.403387310,0.623845581,2.633605606,0.623845581,0.466446187,0.504502462
41.840000000,0.293640967,2.458209929,0.366997905,2.517184159,0.174913987,2.323124530,2.195887805,3.670817906,0.366997905,2.517184159,0.306356844,2.550033712,0.297868368,2.547590220,0.179844824,0.273048295,2.429117662,0.273048295,0.262230818,0.255934808
41.920000000,0.307462582,2.389451229,0.390732128,2.422547009,0.293885173,2.190778456,2.074450315,3.647421633,0.390732128,2.422547009,0.303742367,2.453870394,0.299998906,2.504121820,0.199136177,0.251189162,2.300482899,0.251189162,0.263276532,0.313403002
42.020000000,0.339581939,2.304421852,0.425817561,2.359491633,-0.123853568,1.997965285,1.993541856,3.631755645,0.425817561,2.359491633,0.331702940,2.376894008,0.305602474,2.421660812,0.555597063,0.657905503,2.674440936,0.657905503,0.592552706,0.603283011
42.140000000,0.265200977,2.210066924,0.163816637,2.314334554,0.204428638,1.770537258,1.892585670,3.611421609,0.163816637,2.314334554,0.255910751,2.301381426,0.335642439,2.340657930,0.443711172,0.545311685,2.497744855,0.545311685,0.533334734,0.585025334
42.240000000,0.234008091,2.126685725,0.332226343,2.170998585,0.102134079,1.888007107,1.773069028,3.579774114,0.332226343,2.170998585,0.228285243,2.216077534,0.260555864,2.255724175,0.272687069,0.364728154,2.377834984,0.364728154,0.351488721,0.400391439
42.340000000,0.212142155,2.045129329,0.096692335,2.148115386,0.029375367,1.770711922,1.673470752,3.553446729,0.096692335,2.148115386,0.207534353,2.135258591,0.231146667,2.171381629,0.329709891,0.383360078,2.425117117,0.383360078,0.405752262,0.448606590
42.420000000,0.253670886,1.970423825,0.380691067,2.009280940,-0.009328454,1.719905855,1.593780542,3.532463460,0.380691067,2.009280940,0.249095712,2.041251102,0.209838254,2.090193960,0.363218814,0.485647163,2.419777578,0.485647163,0.412366121,0.430287494
42.540000000,0.323660019,1.852927114,0.420064457,1.920517712,0.036216620,1.672749739,1.474190496,3.501079558,0.420064457,1.920517712,0.316099045,1.948481224,0.251383299,2.005837463,0.339245625,0.456867738,2.326060790,0.456867738,0.392889328,0.396540202
42.640000000,0.286476376,1.769205157,0.277296892,1.841972795,0.142131331,1.467549243,1.374577738,3.474935716,0.277296892,1.841972795,0.283500752,1.878328112,0.319879532,1.900704169,0.334412594,0.398073768,2.355530641,0.398073768,0.434424438,0.468206806
42.740000000,0.292147954,1.674666480,0.317845370,1.733754512,0.076217516,1.374749074,1.274895060,3.448867763,0.317845370,1.733754512,0.290510606,1.770649021,0.284988564,1.823766634,0.369562450,0.432745797,2.395578467,0.432745797,0.450175851,0.495178877
42.840000000,0.288506899,1.585443645,0.144990561,1.674656952,0.297732370,1.534327907,1.175239679,3.422676589,0.144990561,1.674656952,0.282340849,1.680030062,0.291329280,1.722657751,0.051941583,0.207418179,2.082277557,0.207418179,0.146512856,0.188438663
42.940000000,0.230420753,1.508304527,0.077389678,1.639766095,0.164745321,1.197804066,1.075629255,3.396482015,0.077389678,1.639766095,0.228406417,1.603348017,0.285423874,1.632736854,0.317370129,0.450512423,2.379893751,0.450512423,0.410510209,0.451364424
43.040000000,0.274315051,1.415483993,0.257661956,1.502066958,-0.129883996,1.235171984,0.975973829,3.370392500,0.257661956,1.502066958,0.269688271,1.509063326,0.229413585,1.555826272,0.442593821,0.470557958,2.404597301,0.470557958,0.484432104,0.481574422
43.120000000,0.295045679,1.344552125,0.316722604,1.396479018,0.060452600,0.995217988,0.896189612,3.349669606,0.316722604,1.396479018,0.290412166,1.417434298,0.272001661,1.462273659,0.420794786,0.476114197,2.498379229,0.476114197,0.480778550,0.512731903
43.240000000,0.289931058,1.237566601,0.198137366,1.322327491,0.042629679,1.063263449,0.776649239,3.318223101,0.198137366,1.322327491,0.282260065,1.329853302,0.292728922,1.380993211,0.302555055,0.302153634,2.371418931,0.302153634,0.358459024,0.404353600
43.320000000,0.315303249,1.165426350,0.323541873,1.217490160,-0.009083841,1.000936075,0.696978145,3.297086081,0.323541873,1.217490160,0.309512416,1.231109165,0.286095562,1.283709952,0.363708723,0.396907467,2.402254853,0.396907467,0.393043543,0.408768817
43.440000000,0.314854649,1.049561909,0.208651414,1.117921890,-0.058584622,0.895595874,0.577537541,3.265276370,0.208651414,1.117921890,0.303510850,1.135359856,0.312407833,1.198267758,0.403933694,0.347626173,2.453576382,0.347626173,0.434280898,0.478796064
43.540000000,0.319096118,0.959985821,0.398998023,1.026756350,-0.045912018,0.528612094,0.477980701,3.238691058,0.398998023,1.026756350,0.307912619,1.057990296,0.309182749,1.092460882,0.565078961,0.667901673,2.760252085,0.667901673,0.636736331,0.666346569
43.640000000,0.270909651,0.869562932,0.165266430,0.935545314,0.110073837,0.472235197,0.378482982,3.212156621,0.165266430,0.935545314,0.260015157,0.949512612,0.313504369,1.008988059,0.428646111,0.466585991,2.753037029,0.466585991,0.500276055,0.574010118
43.740000000,0.244192976,0.783666831,0.241354964,0.859849075,0.085734925,0.397503887,0.278858759,3.185742777,0.241354964,0.859849075,0.234959405,0.877144964,0.265462404,0.909537772,0.417409599,0.487832625,2.794919126,0.487832625,0.502318134,0.542660729
43.820000000,0.214486987,0.719301117,0.134049714,0.785603492,-0.024887582,0.315196078,0.179274713,3.159387335,0.134049714,0.785603492,0.206964529,0.775563290,0.239576190,0.830405897,0.469681879,0.496532173,2.851509451,0.496532173,0.515454529,0.579121961
43.940000000,0.234533952,0.602132956,0.191140102,0.659428030,-0.027503789,0.253735873,0.079628027,3.133365059,0.191140102,0.659428030,0.224847496,0.675214398,0.210725758,0.747432204,0.435940713,0.460859282,2.881621328,0.460859282,0.491248734,0.548169120
44.040000000,0.288504646,0.505657849,0.343767266,0.557371929,0.041953535,0.300105155,-0.020059191,3.107351665,0.343767266,0.557371929,0.274799753,0.574677188,0.229690724,0.638673677,0.320997446,0.396582553,2.807931365,0.396582553,0.360009947,0.387135501
44.140000000,0.283845797,0.410782884,0.180088480,0.473053193,-0.095494097,0.209914179,-0.119737328,3.081298876,0.180088480,0.473053193,0.262554125,0.494040539,0.281652199,0.540167518,0.429240017,0.381035297,2.871487038,0.381035297,0.457084584,0.501304894
44.220000000,0.264293036,0.345247362,0.179331955,0.403501786,0.010525613,0.172743170,-0.199481872,3.060502457,0.179331955,0.403501786,0.247642184,0.406970498,0.273199961,0.452411711,0.306847847,0.285911035,2.895385440,0.285911035,0.333296729,0.383682559
44.320000000,0.169966106,0.281036834,-0.065321418,0.392178078,0.159807140,-0.067357049,-0.279239478,3.039704560,-0.065321418,0.392178078,0.155005625,0.318432115,0.255967610,0.376108930,0.348541966,0.511718086,3.137928262,0.511718086,0.385819042,0.453771870
44.440000000,0.309681390,0.146703036,0.523145373,0.045114121,-0.125446288,0.010889068,-0.279242507,3.039703791,0.523145373,0.045114121,0.289253266,0.143185106,0.162485866,0.299734475,0.455830593,0.649494031,3.032716917,0.649494031,0.435290663,0.407843835
44.520000000,0.398521019,0.080197226,0.491610790,0.033859378,-0.089644077,0.078477491,-0.279246317,3.039702811,0.491610790,0.033859378,0.375934212,0.030760294,0.299467328,0.144944071,0.488168125,0.582964833,2.967289067,0.582964833,0.468017173,0.394747377
