stamp,ekf_x,ekf_y,pseudo_x,pseudo_y,gps_x,gps_y,reference_x,reference_y,odom_x,odom_y,ann_x,ann_y,kf_imu_x,kf_imu_y,complementary_x,complementary_y,final_x,final_y,ekf_error_x,ekf_error_y,ekf_error_m,pseudo_error_x,pseudo_error_y,pseudo_error_m,odom_error_x,odom_error_y,odom_error_m,ann_error_x,ann_error_y,ann_error_m,kf_imu_error_x,kf_imu_error_y,kf_imu_error_m,complementary_error_x,complementary_error_y,complementary_error_m,final_error_x,final_error_y,final_error_m
0.180000000,-0.035218789,0.065658093,-0.043174858,0.080488199,0.037157049,-0.001890041,0.037157049,-0.001890041,0.000005563,0.000000003,0.284312184,0.060503362,nan,nan,nan,nan,nan,nan,-0.072375838,0.067548134,0.099000063,-0.080331908,0.082378240,0.115062548,-0.037151486,0.001890044,0.037199532,0.247155134,0.062393403,0.254908998,nan,nan,nan,nan,nan,nan,nan,nan,nan
0.300000000,0.087282215,0.020872374,0.079010724,-0.026845734,0.079010724,-0.026845734,0.079010724,-0.026845734,-0.000006335,-0.000000001,0.273978104,0.052903791,-0.028783240,0.053658801,nan,nan,-0.035218789,0.065658093,0.008271491,0.047718107,0.048429695,0.000000000,0.000000000,0.000000000,-0.079017059,0.026845733,0.083452915,0.194967380,0.079749525,0.210647255,-0.107793964,0.080504535,0.134538168,nan,nan,nan,-0.114229513,0.092503827,0.146987549
0.400000000,0.001673920,-0.030320699,-0.063328826,-0.052432486,-0.063328826,-0.052432486,-0.063328826,-0.052432486,0.000009445,0.000000002,0.281386638,0.052508641,-0.001110991,-0.041504382,-0.032001015,0.059658447,0.087282215,0.020872374,0.065002746,0.022111787,0.068660674,0.000000000,0.000000000,0.000000000,0.063338271,0.052432488,0.082224707,0.344715463,0.104941127,0.360335109,0.062217834,0.010928104,0.063170265,0.031327811,0.112090934,0.116386465,0.150611040,0.073304860,0.167503099
0.480000000,-0.025808125,0.085214423,-0.025936433,0.131150766,0.012839752,-0.015872625,0.012839752,-0.015872625,-0.000005326,-0.000000004,0.281630824,0.055341752,-0.001110991,-0.041504382,0.000281465,-0.035912541,0.001673920,-0.030320699,-0.038647877,0.101087049,0.108223148,-0.038776185,0.147023392,0.152050880,-0.012845079,0.015872622,0.020419015,0.268791072,0.071214377,0.278064970,-0.013950744,-0.025631757,0.029182361,-0.012558288,-0.020039916,0.023649710,-0.011165832,-0.014448074,0.018259864
0.600000000,0.098229214,0.011942054,0.150217961,0.017943848,-0.066210056,0.035456021,-0.066210056,0.035456021,0.000010323,-0.000000015,0.271518637,0.053298222,0.005742898,0.004769815,0.000281465,-0.035912541,-0.025808125,0.085214423,0.164439270,-0.023513967,0.166111950,0.216428017,-0.017512173,0.217135356,0.066220379,-0.035456036,0.075115039,0.337728693,0.017842202,0.338199666,0.071952954,-0.030686206,0.078223212,0.066491521,-0.071368562,0.097542780,0.040401931,0.049758403,0.064095356
0.700000000,0.065633917,-0.019839888,0.129450566,-0.044186908,0.113765128,-0.072827128,0.113765128,-0.072827128,0.000002701,-0.000000009,0.279180272,0.054151554,0.131649078,0.016243032,0.114939146,0.014092543,0.098229214,0.011942054,-0.048131211,0.052987239,0.071583944,0.015685438,0.028640219,0.032654175,-0.113762427,0.072827119,0.135076567,0.165415144,0.126978681,0.208532385,0.017883950,0.089070159,0.090847834,0.001174018,0.086919670,0.086927599,-0.015535915,0.084769182,0.086181081
0.800000000,0.011120362,-0.136612634,-0.010429571,-0.239772112,0.078270071,0.020039520,0.078270071,0.020039520,0.000000776,-0.000000007,0.274293704,0.049620466,0.096038135,-0.029000010,0.114939146,0.014092543,0.065633917,-0.019839888,-0.067149708,-0.156652154,0.170437615,-0.088699642,-0.259811631,0.274535444,-0.078269295,-0.020039527,0.080793967,0.196023633,0.029580946,0.198243025,0.017768064,-0.049039530,0.052159175,0.036669075,-0.005946977,0.037148184,-0.012636154,-0.039879408,0.041833474
0.880000000,0.048745073,0.051784110,0.053132014,0.068314283,0.034419969,-0.022959877,0.034419969,-0.022959877,-0.000006078,-0.000000000,0.274007263,0.049318010,0.002620210,-0.220697458,0.080836026,-0.024419949,0.011120362,-0.136612634,0.014325104,0.074743987,0.076104351,0.018712045,0.091274159,0.093172489,-0.034426048,0.022959876,0.041380052,0.239587294,0.072277886,0.250252201,-0.031799760,-0.197737581,0.200278246,0.046416056,-0.001460073,0.046439015,-0.023299607,-0.113652757,0.116016468
0.980000000,0.002989533,0.146893205,-0.003543326,0.247951215,-0.164593399,0.057382143,-0.164593399,0.057382143,-0.000000790,-0.000000007,0.267884398,0.050502990,0.055026726,0.059047019,0.051885899,0.055415565,0.048745073,0.051784110,0.167582932,0.089511062,0.189990182,0.161050073,0.190569072,0.249506908,0.164592609,-0.057382150,0.174308456,0.432477797,-0.006879153,0.432532504,0.219620125,0.001664876,0.219626435,0.216479298,-0.001966578,0.216488231,0.213338472,-0.005598033,0.213411906
1.100000000,-0.106609562,0.093098818,-0.146539902,0.135075796,-0.018119776,0.190641186,-0.018119776,0.190641186,0.000000087,-0.000000004,0.272879365,0.044303286,0.004336931,0.200475696,0.051885899,0.055415565,0.002989533,0.146893205,-0.088489787,-0.097542368,0.131700250,-0.128420126,-0.055565389,0.139925842,0.018119862,-0.190641190,0.191500372,0.290999141,-0.146337900,0.325722706,0.022456707,0.009834510,0.024515735,0.070005675,-0.135225621,0.152272004,0.021109309,-0.043747980,0.048574569
1.200000000,-0.022197505,-0.026044983,-0.031375080,-0.089612278,0.116499177,-0.056365445,0.116499177,-0.056365445,-0.000001432,-0.000000005,0.269553582,0.048453802,-0.032513134,-0.048496685,0.003663232,0.173684450,-0.106609562,0.093098818,-0.138696682,0.030320462,0.141972181,-0.147874257,-0.033246833,0.151565655,-0.116500609,0.056365440,0.129419685,0.153054405,0.104819247,0.185506672,-0.149012311,0.007868760,0.149219926,-0.112835945,0.230049895,0.256232131,-0.223108740,0.149464263,0.268546226
1.280000000,0.061889341,-0.048940559,0.047778690,-0.088473505,0.097130557,-0.008685057,0.097130557,-0.008685057,0.035430862,-0.000006487,1.761727714,1.158766016,-0.032513134,-0.048496685,-0.126549246,0.110252869,-0.022197505,-0.026044983,-0.035241216,-0.040255502,0.053501857,-0.049351866,-0.079788448,0.093817926,-0.061699695,0.008678570,0.062307061,1.664597157,1.167451073,2.033181178,-0.129643691,-0.039811627,0.135618775,-0.223679803,0.118937926,0.253335517,-0.119328062,-0.017359926,0.120584217
1.400000000,0.100829132,0.023259058,0.052755167,0.041639943,-0.073986675,-0.106142822,-0.073986675,-0.106142822,0.141718754,-0.000019280,0.980279606,0.204550264,0.063476235,-0.078317495,0.014688103,-0.048718622,0.061889341,-0.048940559,0.174815807,0.129401880,0.217498076,0.126741842,0.147782765,0.194687545,0.215705429,0.106123543,0.240397667,1.054266282,0.310693086,1.099093984,0.137462910,0.027825328,0.140250848,0.088674779,0.057424200,0.105644475,0.135876016,0.057202263,0.147425882
1.480000000,0.231528535,-0.048689744,0.277745885,-0.053913202,0.305453429,-0.026024087,0.305453429,-0.026024087,0.212593391,-0.000098884,1.035157856,0.202278932,0.057453678,0.034947632,0.079141405,0.029103345,0.100829132,0.023259058,-0.073924894,-0.022665657,0.077321549,-0.027707544,-0.027889115,0.039312984,-0.092860038,0.025925202,0.096411113,0.729704427,0.228303019,0.764585391,-0.247999751,0.060971718,0.255384860,-0.226312024,0.055127432,0.232929530,-0.204624297,0.049283145,0.210475488
1.600000000,0.249096110,0.111537549,0.155283969,0.186042727,0.386254468,0.025514589,0.386254468,0.025514589,0.318881726,-0.000248580,1.049137820,0.164022031,0.213397073,-0.060980803,0.079141405,0.029103345,0.307461502,-0.025720912,-0.137158358,0.086022959,0.161902331,-0.230970499,0.160528137,0.281276829,-0.067372742,-0.025763170,0.072130627,0.662883352,0.138507442,0.677199121,-0.172857395,-0.086495392,0.193290279,-0.307113063,0.003588755,0.307134031,-0.078792966,-0.051235501,0.093986212
1.680000000,0.456037662,-0.011276089,0.448163661,-0.023428409,0.369011309,0.147398450,0.369011309,0.147398450,0.389744344,-0.000319142,0.996762676,0.155876523,0.171087151,0.161594889,0.210091631,0.136566219,0.516761778,0.134556999,0.087026353,-0.158674539,0.180972914,0.079152352,-0.170826860,0.188273500,0.020733035,-0.147717592,0.149165498,0.627751366,0.008478073,0.627808614,-0.197924158,0.014196439,0.198432637,-0.158919679,-0.010832231,0.159288422,0.147750469,-0.012841451,0.148307464
1.780000000,0.434823350,-0.099319967,0.389318283,-0.150906573,0.416062219,0.027500583,0.416062219,0.027500583,0.478326030,-0.000377844,1.066180989,0.148060080,0.380630782,0.119888582,0.418334222,0.054306246,0.837761488,0.091966673,0.018761131,-0.126820550,0.128200749,-0.026743936,-0.178407157,0.180400531,0.062263811,-0.027878427,0.068220150,0.650118771,0.120559497,0.661202698,-0.035431437,0.092387999,0.098949123,0.002272003,0.026805663,0.026901776,0.421699270,0.064466090,0.426598348
1.880000000,0.507944823,0.157299529,0.460338860,0.214839625,0.701685631,0.075616812,0.701685631,0.075616812,0.566899389,-0.000428851,1.153281437,0.140168344,0.389437489,-0.116882734,0.418334222,0.054306246,1.043399125,0.102369291,-0.193740807,0.081682717,0.210255955,-0.241346771,0.139222813,0.278623860,-0.134786241,-0.076045663,0.154758760,0.451595806,0.064551532,0.456186006,-0.312248142,-0.192499546,0.366817362,-0.283351409,-0.021310565,0.284151651,0.341713494,0.026752479,0.342759109
1.980000000,0.651557517,-0.042813157,0.602507865,-0.070017080,0.609041284,0.020596916,0.609041284,0.020596916,0.655475765,-0.000466186,1.145552314,0.131766856,0.455030332,0.188201432,0.481487577,0.172750480,1.094094019,0.142924148,0.042516233,-0.063410073,0.076344400,-0.006533419,-0.090613996,0.090849225,0.046434481,-0.021063102,0.050988384,0.536511029,0.111169939,0.547907693,-0.154010953,0.167604516,0.227619523,-0.127553707,0.152153564,0.198546355,0.485052735,0.122327232,0.500240050
2.100000000,0.873299306,-0.075525194,0.891519872,-0.059066383,0.891519872,-0.059066383,0.891519872,-0.059066383,0.761772159,-0.000501282,1.263523965,0.114246840,0.707890023,-0.222354584,0.481487577,0.172750480,1.252099879,0.111314871,-0.018220566,-0.016458811,0.024553645,0.000000000,0.000000000,0.000000000,-0.129747714,0.058565101,0.142352872,0.372004093,0.173313223,0.410395563,-0.183629849,-0.163288201,0.245729441,-0.410032295,0.231816863,0.471026051,0.360580007,0.170381254,0.398807864
2.180000000,0.830137422,-0.014616228,0.770666178,-0.005998231,0.673625058,0.133573898,0.673625058,0.133573898,0.832633923,-0.000516616,1.246214836,0.113854192,0.707890023,-0.222354584,0.790594665,-0.148939889,1.243060646,0.112252385,0.156512364,-0.148190126,0.215537546,0.097041120,-0.139572129,0.169992230,0.159008864,-0.134090514,0.208000204,0.572589778,-0.019719706,0.572929245,0.034264965,-0.355928482,0.357574009,0.116969606,-0.282513787,0.305771039,0.569435587,-0.021321513,0.569834621
2.280000000,1.009580648,0.065626738,1.022023125,0.075012356,0.918365800,-0.053317903,0.918365800,-0.053317903,0.921213763,-0.000570544,1.380308470,0.118067700,0.789607279,-0.018385048,0.790594665,-0.148939889,1.390123015,0.121758234,0.091214848,0.118944641,0.149893216,0.103657325,0.128330259,0.164965137,0.002847964,0.052747359,0.052824187,0.461942670,0.171385604,0.492710925,-0.128758521,0.034932855,0.133413122,-0.127771135,-0.095621986,0.159590185,0.471757215,0.175076137,0.503196308
2.380000000,0.988516952,0.014175020,0.939478576,0.023984671,1.019741303,0.048910446,1.019741303,0.048910446,1.009783004,-0.000627905,1.375769053,0.107543131,0.984020833,0.079314759,0.907079127,0.032349265,1.367235257,0.101861207,-0.031224351,-0.034735426,0.046706637,-0.080262727,-0.024925774,0.084044033,-0.009958299,-0.049538351,0.050529357,0.356027750,0.058632685,0.360823434,-0.035720471,0.030404314,0.046908148,-0.112662176,-0.016561180,0.113872905,0.347493954,0.052950762,0.351505094
2.480000000,1.082408877,0.015487404,1.036545113,0.015469832,0.922898548,0.144367031,0.922898548,0.144367031,1.098362237,-0.000703396,1.442615471,0.096535880,0.942694697,0.016736122,0.996800740,0.072470749,1.389454410,0.105296337,0.159510329,-0.128879627,0.205069508,0.113646564,-0.128897199,0.171843037,0.175463688,-0.145070428,0.227668476,0.519716922,-0.047831151,0.521913305,0.019796149,-0.127630910,0.129157023,0.073902192,-0.071896283,0.103104847,0.466555862,-0.039070694,0.468188948
2.600000000,1.197451019,0.021461931,1.155472643,0.016615079,0.921367874,-0.162556845,0.921367874,-0.162556845,1.204666799,-0.000794582,1.499513220,0.090339817,1.037891083,0.018533001,1.012551787,0.016111763,1.443920455,0.095396039,0.276083145,0.184018776,0.331790315,0.234104769,0.179171924,0.294800986,0.283298926,0.161762263,0.326228924,0.578145346,0.252896662,0.631037846,0.116523209,0.181089846,0.215339710,0.091183914,0.178668608,0.200591569,0.522552581,0.257952884,0.582752856
2.700000000,1.302146880,-0.024507994,1.422153797,0.150537086,1.422153797,0.150537086,1.422153797,0.150537086,1.293237601,-0.000880258,1.626504885,0.084689824,1.242953396,-0.034270819,1.165815655,0.025632272,1.496373705,0.080231573,-0.120006917,-0.175045080,0.212232044,0.000000000,0.000000000,0.000000000,-0.128916196,-0.151417344,0.198863264,0.204351088,-0.065847262,0.214697995,-0.179200401,-0.184807905,0.257423281,-0.256338142,-0.124904814,0.285149883,0.074219908,-0.070305513,0.102232382
2.780000000,1.344601720,0.008624107,1.277027845,-0.012213444,1.406346767,0.063068316,1.406346767,0.063068316,1.381815386,-0.000982827,1.606222524,0.082044792,1.298973021,0.004210967,1.300559950,-0.010148514,1.606205194,0.082038719,-0.061745047,-0.054444209,0.082320245,-0.129318922,-0.075281761,0.149635313,-0.024531381,-0.064051143,0.068588174,0.199875757,0.018976475,0.200774562,-0.107373746,-0.058857350,0.122447168,-0.105786817,-0.073216830,0.128652846,0.199858427,0.018970403,0.200756736
2.880000000,1.560779938,-0.047406909,1.557509094,-0.070905243,1.520187187,0.172469005,1.520187187,0.172469005,1.452685594,-0.001029833,1.626011834,0.080908733,1.298973021,0.004210967,1.300559950,-0.010148514,1.612148460,0.072672035,0.040592751,-0.219875914,0.223591567,0.037321907,-0.243374247,0.246219311,-0.067501593,-0.173498837,0.186167429,0.105824647,-0.091560272,0.139936197,-0.221214167,-0.168258038,0.277932501,-0.219627237,-0.182617519,0.285631373,0.091961273,-0.099796970,0.135706709
2.980000000,1.466737192,0.122065164,1.389175836,0.148161502,1.707856423,0.212376873,1.707856423,0.212376873,1.541253641,-0.001094501,1.736967247,0.064815656,1.415282178,0.146863956,1.445213131,-0.024055435,1.693364513,0.069647323,-0.241119231,-0.090311709,0.257477549,-0.318680587,-0.064215372,0.325086035,-0.166602782,-0.213471374,0.270788690,0.029110824,-0.147561218,0.150405296,-0.292574245,-0.065512917,0.299819331,-0.262643292,-0.236432309,0.353386100,-0.014491910,-0.142729550,0.143463375
3.080000000,1.418375565,0.067530333,1.647336716,-0.057539458,1.647336716,-0.057539458,1.647336716,-0.057539458,1.629840755,-0.001180529,1.827071037,0.069431145,1.343592877,0.080515124,1.441009685,0.134464560,1.709070453,0.061288201,-0.228961151,0.125069791,0.260893966,0.000000000,0.000000000,0.000000000,-0.017495961,0.056358929,0.059012182,0.179734321,0.126970604,0.220058993,-0.303743839,0.138054583,0.333645602,-0.206327031,0.192004019,0.281844615,0.061733737,0.118827659,0.133906933
3.200000000,1.780214231,-0.084242225,1.749808297,-0.124944666,1.760087442,0.032126766,1.760087442,0.032126766,1.736127255,-0.001277837,1.746856474,0.042044062,1.343592877,0.080515124,1.441009685,0.134464560,1.827069777,0.069431139,0.020126788,-0.116368991,0.118096696,-0.010279146,-0.157071432,0.157407419,-0.023960187,-0.033404603,0.041109099,-0.013230968,0.009917296,0.016535153,-0.416494565,0.048388359,0.419296024,-0.319077757,0.102337795,0.335087510,0.066982335,0.037304374,0.076669743
3.280000000,1.681338304,-0.060808942,1.579459277,-0.089648578,1.742033607,-0.112996733,1.742033607,-0.112996733,1.806990204,-0.001359807,1.824009687,0.062501725,1.747145763,-0.116769311,1.380984221,0.074022728,1.781603619,0.048468273,-0.060695303,0.052187791,0.080046770,-0.162574330,0.023348156,0.164242349,0.064956597,0.111636927,0.129159447,0.081976080,0.175498459,0.193700250,0.005112156,-0.003772578,0.006353462,-0.361049386,0.187019462,0.406611532,0.039570012,0.161465006,0.166242997
3.380000000,1.857883443,-0.008670392,1.817015161,0.003139577,1.910041757,-0.161228534,1.910041757,-0.161228534,1.895563119,-0.001520784,1.867720189,0.048102502,1.817441870,-0.011837636,1.651562722,-0.067146858,1.867720117,0.048102460,-0.052158314,0.152558142,0.161228026,-0.093026596,0.164368111,0.188867212,-0.014478638,0.159707750,0.160362703,-0.042321568,0.209331037,0.213566378,-0.092599887,0.149390899,0.175762282,-0.258479035,0.094081676,0.275068670,-0.042321640,0.209330995,0.213566352
3.480000000,1.962058919,0.005997730,1.914653764,0.027293704,1.917098153,0.022710847,1.917098153,0.022710847,1.984147986,-0.001683685,1.935175112,0.040710789,1.817441870,-0.011837636,1.749390087,-0.036323289,1.935175092,0.040710776,0.044960766,-0.016713117,0.047966643,-0.002444389,0.004582857,0.005193998,0.067049834,-0.024394532,0.071349656,0.018076959,0.017999941,0.025510279,-0.099656282,-0.034548483,0.105474984,-0.167708065,-0.059034136,0.177794894,0.018076940,0.017999929,0.025510256
3.600000000,1.990965423,-0.053102948,1.889889077,-0.081830421,2.120405582,-0.076473681,2.120405582,-0.076473681,2.090442679,-0.001953283,1.986556780,0.044891922,1.926795024,0.006141816,1.889750395,-0.002919953,2.007128947,0.045533700,-0.129440159,0.023370733,0.131533060,-0.230516504,-0.005356740,0.230578736,-0.029962903,0.074520398,0.080318524,-0.133848802,0.121365602,0.180679582,-0.193610558,0.082615497,0.210500282,-0.230655187,0.073553728,0.242099084,-0.113276635,0.122007381,0.166485425
3.680000000,2.137719188,-0.040946595,2.087000687,-0.042394364,2.170884362,-0.061799674,2.170884362,-0.061799674,2.179007344,-0.002246156,2.080203342,0.052300894,2.103877734,-0.048037015,1.944426971,0.006069773,2.033559864,0.046118372,-0.033165173,0.020853079,0.039176263,-0.083883675,0.019405310,0.086098995,0.008122983,0.059553518,0.060104944,-0.090681020,0.114100568,0.145746310,-0.067006628,0.013762659,0.068405402,-0.226457390,0.067869447,0.236408992,-0.137324498,0.107918045,0.174654866
3.780000000,2.357886889,0.058582797,2.273942290,-0.081431309,2.273942290,-0.081431309,2.273942290,-0.081431309,2.267600000,-0.002518321,2.119967106,0.033782556,2.103877734,-0.048037015,2.120798461,-0.044491805,2.087319675,0.035185467,0.083944599,0.140014106,0.163250254,0.000000000,0.000000000,0.000000000,-0.006342289,0.078912988,0.079167445,-0.153975184,0.115213865,0.192308585,-0.170064556,0.033394294,0.173312239,-0.153143829,0.036939504,0.157535898,-0.186622614,0.116616776,0.220062429
3.880000000,2.278259192,-0.075020177,2.202035252,-0.096722151,2.242965253,-0.063587744,2.242965253,-0.063587744,2.356169240,-0.002779187,2.176214205,0.029217531,2.354108478,0.068839692,2.120798461,-0.044491805,2.176214206,0.029217531,0.035293939,-0.011432433,0.037099362,-0.040930001,-0.033134407,0.052660744,0.113203987,0.060808556,0.128502230,-0.066751048,0.092805274,0.114317634,0.111143225,0.132427436,0.172886790,-0.122166792,0.019095939,0.123650232,-0.066751047,0.092805275,0.114317633
4.000000000,2.405067624,0.030913587,2.329515361,0.052764633,2.448088369,0.059791275,2.448088369,0.059791275,2.444749576,-0.003039901,2.234884365,0.029909558,2.242375306,-0.094947335,2.260317249,-0.084983756,2.140873173,0.034208296,-0.043020745,-0.028877688,0.051814143,-0.118573008,-0.007026642,0.118781025,-0.003338793,-0.062831176,0.062919823,-0.213204004,-0.029881716,0.215287864,-0.205713063,-0.154738610,0.257413872,-0.187771120,-0.144775031,0.237102938,-0.307215196,-0.025582979,0.308278552
4.100000000,2.520208302,0.046760356,2.446127734,0.069386934,2.601156307,-0.025765135,2.601156307,-0.025765135,2.533328331,-0.003256167,2.238371191,0.029776784,2.351304883,0.042609113,2.260317249,-0.084983756,2.215517504,0.030596217,-0.080948005,0.072525491,0.108685447,-0.155028572,0.095152070,0.181900452,-0.067827976,0.022508968,0.071465292,-0.362785115,0.055541920,0.367012186,-0.249851424,0.068374248,0.259038167,-0.340839058,-0.059218621,0.345945239,-0.385638802,0.056361352,0.389735664
4.200000000,2.637145165,0.098804202,2.576027805,0.157143902,2.575908211,-0.198307975,2.575908211,-0.198307975,2.621312573,0.005918167,2.439233040,0.050955764,2.476889833,0.068345334,2.498549068,0.057552845,2.439233040,0.050955764,0.061236954,0.297112177,0.303357232,0.000119594,0.355451877,0.355451897,0.045404362,0.204226142,0.209212507,-0.136675171,0.249263739,0.284275419,-0.099018378,0.266653309,0.284444417,-0.077359143,0.255860820,0.267299825,-0.136675171,0.249263739,0.284275419
4.280000000,2.765125406,0.080157042,2.768353488,0.128564505,2.755932243,-0.205048904,2.755932243,-0.205048904,2.689687788,0.024338946,2.569049982,0.065793034,2.761121748,0.086189230,2.498549068,0.057552845,2.486676753,0.057007106,0.009193163,0.285205946,0.285354071,0.012421245,0.333613409,0.333844566,-0.066244455,0.229387850,0.238761625,-0.186882261,0.270841938,0.329059774,0.005189505,0.291238134,0.291284366,-0.257383175,0.262601749,0.367703382,-0.269255490,0.262056010,0.375728454
4.380000000,2.728488277,0.114435157,2.669778750,0.144695012,2.824425830,-0.047028403,2.824425830,-0.047028403,2.785655187,0.069601776,2.722910746,0.114452764,2.712848281,0.122431832,2.619724861,0.115455272,2.629288310,0.085491371,-0.095937553,0.161463560,0.187815056,-0.154647080,0.191723416,0.246320092,-0.038770643,0.116630180,0.122905499,-0.101515084,0.161481167,0.190739298,-0.111577549,0.169460236,0.202894852,-0.204700969,0.162483675,0.261349251,-0.195137520,0.132519774,0.235881627
4.500000000,2.894329108,0.006381951,2.906122647,0.045731964,2.873239450,-0.029581367,2.873239450,-0.029581367,2.843373640,0.110611536,2.858546349,0.170841656,2.712848281,0.122431832,2.738986843,0.101294437,2.858546349,0.170841656,0.021089658,0.035963318,0.041690933,0.032883197,0.075313331,0.082179088,-0.029865809,0.140192902,0.143338817,-0.014693101,0.200423023,0.200960880,-0.160391168,0.152013199,0.220982668,-0.134252606,0.130875804,0.187489302,-0.014693101,0.200423023,0.200960880
4.580000000,2.946673067,0.212650623,2.928120419,0.220017269,2.996666014,0.292311748,2.996666014,0.292311748,2.906447461,0.172637711,3.008250308,0.257361939,2.903630452,0.053767544,2.720668279,0.118433495,2.950769747,0.212783643,-0.049992947,-0.079661125,0.094048868,-0.068545596,-0.072294479,0.099624246,-0.090218554,-0.119674037,0.149870820,0.011584294,-0.034949809,0.036819628,-0.093035562,-0.238544204,0.256044826,-0.275997735,-0.173878253,0.326202999,-0.045896268,-0.079528105,0.091821495
4.680000000,2.889721240,0.096747923,2.826884269,-0.003740383,2.968178328,0.346846322,2.968178328,0.346846322,2.957616523,0.244806298,3.173211653,0.361819497,2.944335550,0.209866568,2.898979780,0.030074748,3.085978097,0.300590444,-0.078457088,-0.250098399,0.262115860,-0.141294060,-0.350586705,0.377988160,-0.010561805,-0.102040025,0.102585176,0.205033325,0.014973175,0.205579328,-0.023842779,-0.136979755,0.139039316,-0.069198548,-0.316771575,0.324241684,0.117799769,-0.046255878,0.126555884
4.780000000,2.937681999,0.494842705,2.940349536,0.387403791,2.930732169,0.516657989,2.930732169,0.516657989,2.995270501,0.324860763,3.258199756,0.462185187,2.865371682,0.053407171,2.877546461,0.075077547,3.258199756,0.462185187,0.006949830,-0.021815285,0.022895563,0.009617368,-0.129254199,0.129611503,0.064538333,-0.191797226,0.202364454,0.327467587,-0.054472802,0.331967328,-0.065360486,-0.463250818,0.467838983,-0.053185707,-0.441580442,0.444771859,0.327467587,-0.054472802,0.331967328
4.900000000,2.826806564,0.274399546,2.717652188,0.112966150,2.962986878,0.257785696,2.962986878,0.257785696,3.020991500,0.427793096,3.322578380,0.569630509,2.934992838,0.497466598,2.936337418,0.496154651,3.229706356,0.453522235,-0.136180313,0.016613851,0.137190006,-0.245334690,-0.144819545,0.284889120,0.058004622,0.170007401,0.179630322,0.359591502,0.311844814,0.475976088,-0.027994040,0.239680903,0.241310177,-0.026649459,0.238368956,0.239854024,0.266719478,0.195736539,0.330835417
5.000000000,3.058295854,0.662779912,3.059670617,0.691390629,2.970871631,0.560680263,2.970871631,0.560680263,3.029224996,0.515978013,3.324834706,0.654461574,2.749105854,0.196623892,2.787956209,0.235511719,3.308449425,0.627862552,0.087424222,0.102099650,0.134414780,0.088798986,0.130710367,0.158020442,0.058353365,-0.044702250,0.073507865,0.353963075,0.093781311,0.366175904,-0.221765777,-0.364056370,0.426282888,-0.182915422,-0.325168543,0.373085289,0.337577794,0.067182289,0.344197948
5.100000000,2.983957380,0.700370488,2.964850052,0.691754557,3.125778640,0.305976120,3.125778640,0.305976120,3.032436786,0.604462777,3.327341664,0.690359654,3.064860789,0.708065294,2.903700854,0.429701902,3.387937028,0.744843894,-0.141821260,0.394394368,0.419118345,-0.160928588,0.385778437,0.417998819,-0.093341854,0.298486657,0.312741085,0.201563024,0.384383533,0.434025752,-0.060917852,0.402089174,0.406677622,-0.222077787,0.123725782,0.254217648,0.262158388,0.438867773,0.511206360
5.200000000,2.898719543,0.714122429,2.820306663,0.669247923,2.991754856,0.854129615,2.991754856,0.854129615,3.033776395,0.693037013,3.343832751,0.743873308,2.966476446,0.721403734,2.975216913,0.710887111,3.346415470,0.768377121,-0.093035313,-0.140007186,0.168099915,-0.171448193,-0.184881692,0.252142267,0.042021539,-0.161092602,0.166483141,0.352077895,-0.110256307,0.368938067,-0.025278410,-0.132725881,0.135111648,-0.016537943,-0.143242503,0.144194030,0.354660614,-0.085752494,0.364880311
5.300000000,3.008920624,0.752052947,3.009478684,0.652220847,2.994509243,0.744782400,2.994509243,0.744782400,3.034814798,0.763890744,3.351549091,0.827398300,2.851421112,0.709203286,2.875070328,0.711662857,3.349538185,0.811055321,0.014411381,0.007270547,0.016141523,0.014969440,-0.092561552,0.093764199,0.040305554,0.019108344,0.044605678,0.357039848,0.082615900,0.366473518,-0.143088131,-0.035579114,0.147445199,-0.119438916,-0.033119542,0.123945789,0.355028941,0.066272921,0.361161528
5.380000000,3.120879761,0.833238276,3.166567056,0.795304360,2.988969434,0.876554690,2.988969434,0.876554690,3.036109900,0.852454319,3.380107241,0.891698352,2.998375549,0.729460852,2.930170868,0.730628116,3.386068555,0.892584044,0.131910327,-0.043316415,0.138840362,0.177597622,-0.081250330,0.195301130,0.047140466,-0.024100371,0.052943851,0.391137807,0.015143662,0.391430855,0.009406115,-0.147093839,0.147394275,-0.058798566,-0.145926574,0.157327164,0.397099120,0.016029354,0.397422510
5.480000000,3.011239618,1.096655859,3.008593586,1.115142657,3.032992017,0.938283681,3.032992017,0.938283681,3.037388568,0.941019427,3.371616203,0.978551628,3.138304454,0.819286060,3.059627655,0.781349564,3.383023190,0.867346426,-0.021752399,0.158372179,0.159859044,-0.024398431,0.176858977,0.178533978,0.004396551,0.002735747,0.005178221,0.338624187,0.040267947,0.341010040,0.105312438,-0.118997621,0.158906084,0.026635638,-0.156934117,0.159178435,0.350031173,-0.070937255,0.357146911
5.580000000,2.971712602,1.001314117,2.952936195,0.950299981,3.122235630,1.155491121,3.122235630,1.155491121,3.038702508,1.029582276,3.367414223,0.988364453,2.958250307,0.989302817,3.129592108,0.826262168,3.391858815,0.960640323,-0.150523028,-0.154177004,0.215470951,-0.169299436,-0.205191140,0.266018238,-0.083533122,-0.125908844,0.151098708,0.245178593,-0.167126668,0.296721866,-0.163985323,-0.166188304,0.233473208,0.007356478,-0.329228953,0.329311132,0.269623185,-0.194850798,0.332661232
5.700000000,3.067235593,1.160321291,3.077131024,1.104677616,2.941662617,1.245858246,2.941662617,1.245858246,3.040330638,1.135877217,3.380411048,1.028261620,2.958250307,0.989302817,2.964981454,0.995308467,3.385062163,1.003918267,0.125572976,-0.085536955,0.151937957,0.135468407,-0.141180630,0.195662106,0.098668021,-0.109981029,0.147753867,0.438748431,-0.217596626,0.489743277,0.016587690,-0.256555429,0.257091112,0.023318838,-0.250549779,0.251632589,0.443399547,-0.241939979,0.505111979
5.780000000,3.075674410,1.273579058,3.106803368,1.247059682,2.982057161,1.271985260,2.982057161,1.271985260,3.041439599,1.206723569,3.402493210,1.122327597,3.077079435,1.163772108,2.964981454,0.995308467,3.383133011,1.082141040,0.093617249,0.001593798,0.093630815,0.124746207,-0.024925578,0.127212030,0.059382438,-0.065261691,0.088234700,0.420436050,-0.149657663,0.446277815,0.095022274,-0.108213152,0.144011523,-0.017075706,-0.276676793,0.277203225,0.401075851,-0.189844220,0.443737159
5.880000000,2.937469104,1.353330333,2.911206396,1.330787170,2.983281720,1.414138600,2.983281720,1.414138600,3.042852947,1.295288494,3.420652054,1.182129161,3.081651851,1.284583478,3.074443722,1.222452385,3.395390948,1.119720570,-0.045812616,-0.060808267,0.076134362,-0.072075324,-0.083351430,0.110192165,0.059571227,-0.118850106,0.132943893,0.437370334,-0.232009438,0.495097150,0.098370131,-0.129555122,0.162669027,0.091162002,-0.191686215,0.212259548,0.412109228,-0.294418029,0.506474078
5.980000000,3.077905166,1.469519438,3.100195898,1.450099391,2.909595925,1.539245327,2.909595925,1.539245327,3.044234747,1.383863617,3.426531426,1.240092966,2.917468125,1.364339582,3.009560478,1.318956905,3.432740209,1.236722251,0.168309241,-0.069725889,0.182180406,0.190599973,-0.089145936,0.210417080,0.134638822,-0.155381710,0.205599339,0.516935501,-0.299152361,0.597255764,0.007872200,-0.174905745,0.175082812,0.099964553,-0.220288421,0.241908868,0.523144284,-0.302523076,0.604317924
6.080000000,2.821515836,1.530407655,2.758345837,1.494932963,3.036207972,1.681725204,3.036207972,1.681725204,3.045538847,1.472428914,3.458331855,1.248898992,3.084066448,1.486386834,3.080985807,1.477953136,3.412225701,1.217165717,-0.214692136,-0.151317549,0.262658931,-0.277862135,-0.186792241,0.334811450,0.009330875,-0.209296291,0.209504183,0.422123884,-0.432826212,0.604588375,0.047858476,-0.195338370,0.201115670,0.044777836,-0.203772068,0.208633915,0.376017730,-0.464559488,0.597666170
6.200000000,2.896398878,1.578342558,2.830073949,1.499520454,3.087896206,1.515105942,3.087896206,1.515105942,3.047084579,1.578712950,3.431232170,1.305814207,2.772913123,1.547787802,2.797214479,1.539097729,3.424428582,1.311062673,-0.191497328,0.063236616,0.201668282,-0.257822257,-0.015585489,0.258292903,-0.040811627,0.063607007,0.075574072,0.343335964,-0.209291735,0.402097767,-0.314983083,0.032681860,0.316674039,-0.290681727,0.023991787,0.291670143,0.336532376,-0.204043269,0.393557741
6.280000000,3.033375716,1.598021444,3.024157809,1.543391376,3.175408972,1.714061643,3.175408972,1.714061643,3.048113050,1.649566990,3.434351370,1.424031390,2.845267649,1.561600462,2.834656001,1.563065180,3.462694216,1.411907334,-0.142033256,-0.116040200,0.183408762,-0.151251163,-0.170670268,0.228046606,-0.127295922,-0.064494653,0.142701829,0.258942398,-0.290030254,0.388804210,-0.330141323,-0.152461182,0.363645026,-0.340752971,-0.150996463,0.372709699,0.287285244,-0.302154309,0.416929296
6.380000000,3.064163822,1.783215757,3.077333344,1.546452548,3.077333344,1.546452548,3.077333344,1.546452548,3.049626157,1.755847735,3.440033981,1.476301848,3.052449337,1.791597924,3.090861643,1.644948799,3.437432798,1.497370252,-0.013169522,0.236763209,0.237129191,0.000000000,0.000000000,0.000000000,-0.027707187,0.209395187,0.211220341,0.362700637,-0.070150700,0.369422351,-0.024884006,0.245145376,0.246405091,0.013528299,0.098496250,0.099420954,0.360099455,-0.049082296,0.363429070
6.480000000,3.029843011,1.872186324,3.019829732,1.873423970,3.112230762,1.915941617,3.112230762,1.915941617,3.050604820,1.826712801,3.448596763,1.524729321,3.052449337,1.791597924,3.090861643,1.644948799,3.440033981,1.476301848,-0.082387751,-0.043755292,0.093285942,-0.092401030,-0.042517647,0.101713817,-0.061625942,-0.089228816,0.108441405,0.336366001,-0.391212295,0.515935216,-0.059781424,-0.124343692,0.137968013,-0.021369119,-0.270992818,0.271834043,0.327803219,-0.439639768,0.548395912
6.600000000,3.116282067,1.908610946,3.142217226,1.829558877,3.041297803,2.002705423,3.041297803,2.002705423,3.052065403,1.932995930,3.449703791,1.571673240,3.011554382,1.878899775,3.041146174,1.831892124,3.450670021,1.551492631,0.074984264,-0.094094478,0.120317956,0.100919422,-0.173146546,0.200410719,0.010767599,-0.069709493,0.070536194,0.408405987,-0.431032183,0.593788004,-0.029743422,-0.123805648,0.127328354,-0.000151629,-0.170813299,0.170813366,0.409372217,-0.451212792,0.609244283
6.680000000,3.062522399,1.954900732,3.066361778,1.885600223,3.128029159,1.879087624,3.128029159,1.879087624,3.053258707,2.021563927,3.476903020,1.620262877,3.052466025,1.940648275,3.119381181,1.902043085,3.480498708,1.637487915,-0.065506760,0.075813108,0.100193627,-0.061667381,0.006512599,0.062010321,-0.074770452,0.142476303,0.160904063,0.348873861,-0.258824747,0.434399839,-0.075563134,0.061560651,0.097465383,-0.008647978,0.022955461,0.024530404,0.352469549,-0.241599709,0.427323300
6.780000000,3.082318915,2.051207919,3.083150397,2.014826011,3.128119769,2.149022569,3.128119769,2.149022569,3.054166441,2.092417900,3.460860262,1.727897090,3.052466025,1.940648275,3.057494212,1.947774503,3.466178071,1.733229691,-0.045800855,-0.097814650,0.108006592,-0.044969373,-0.134196558,0.141530776,-0.073953328,-0.056604669,0.093129927,0.332740493,-0.421125479,0.536714919,-0.075653744,-0.208374294,0.221682961,-0.070625557,-0.201248065,0.213280926,0.338058302,-0.415792878,0.535879775
6.880000000,3.008423644,2.210426971,2.982647150,2.178830584,3.033665506,2.018872130,3.033665506,2.018872130,3.055322464,2.180989238,3.459847749,1.747805125,3.075684167,2.041802841,3.079001541,2.046505380,3.511792571,1.825621704,-0.025241862,0.191554841,0.193210789,-0.051018356,0.159958454,0.167897527,0.021656959,0.162117108,0.163557270,0.426182243,-0.271067004,0.505082790,0.042018662,0.022930711,0.047868418,0.045336036,0.027633250,0.053093810,0.478127066,-0.193250426,0.515704584
6.980000000,2.886692586,2.335063707,2.822491016,2.341569350,3.116209799,2.095046574,3.116209799,2.095046574,3.056501188,2.269556544,3.469511453,1.834858320,2.991915808,2.214940635,3.079001541,2.046505380,3.469075039,1.790835298,-0.229517212,0.240017132,0.332093924,-0.293718782,0.246522776,0.383463430,-0.059708611,0.174509969,0.184441990,0.353301655,-0.260188255,0.438770996,-0.124293990,0.119894061,0.172695055,-0.037208257,-0.048541194,0.061161278,0.352865240,-0.304211276,0.465895244
7.080000000,2.997520333,2.141968538,3.171523305,2.364681012,3.139727821,2.407294754,3.139727821,2.407294754,3.057900061,2.375848494,3.475610669,1.905202540,2.980109044,2.096449553,2.860429149,2.345887280,3.475610669,1.905202540,-0.142207488,-0.265326216,0.301033172,0.031795483,-0.042613742,0.053168447,-0.081827760,-0.031446260,0.087662133,0.335882848,-0.502092214,0.604081020,-0.159618777,-0.310845201,0.349432244,-0.279298672,-0.061407474,0.285969625,0.335882848,-0.502092214,0.604081020
7.180000000,3.072991538,2.360942322,3.066087729,2.295708140,3.275128851,2.515484369,3.275128851,2.515484369,3.058825796,2.446694884,3.511078566,2.022947030,2.980109044,2.096449553,2.860429149,2.345887280,3.475610669,1.905202540,-0.202137313,-0.154542047,0.254445942,-0.209041122,-0.219776229,0.303314658,-0.216303055,-0.068789485,0.226977983,0.235949715,-0.492537339,0.546136703,-0.295019807,-0.419034816,0.512471330,-0.414699702,-0.169597089,0.448039078,0.200481818,-0.610281829,0.642368174
7.280000000,3.010726492,2.528355667,2.971994202,2.486747800,2.974847634,2.441279772,2.974847634,2.441279772,3.059314280,2.535267631,3.487773763,1.985781654,3.072386002,2.344437393,2.988814689,2.119209045,3.487572770,1.964264247,0.035878858,0.087075895,0.094178044,-0.002853432,0.045468028,0.045557476,0.084466647,0.093987859,0.126365866,0.512926129,-0.455498118,0.685982324,0.097538368,-0.096842379,0.137448825,0.013967055,-0.322070727,0.322373435,0.512725136,-0.477015525,0.700307701
7.400000000,2.966294817,2.500570794,3.139680954,2.420406027,3.150170510,2.771381988,3.150170510,2.771381988,3.043743789,2.640223189,3.478514797,2.240937387,2.938620498,2.421758758,3.005848366,2.528869129,3.489422653,2.103040221,-0.183875694,-0.270811194,0.327336178,-0.010489556,-0.350975961,0.351132676,-0.106426721,-0.131158799,0.168906121,0.328344287,-0.530444601,0.623844088,-0.211550013,-0.349623229,0.408643867,-0.144322144,-0.242512859,0.282208023,0.339252143,-0.668341767,0.749515000
7.500000000,3.148584073,2.742502900,3.223021728,2.742083791,3.083607945,2.730318403,3.083607945,2.730318403,3.014074156,2.723548704,3.458585111,2.253258079,2.938620498,2.421758758,3.005848366,2.528869129,3.478514797,2.240937387,0.064976127,0.012184497,0.066108692,0.139413783,0.011765387,0.139909353,-0.069533790,-0.006769700,0.069862556,0.374977166,-0.477060324,0.606790267,-0.144987447,-0.308559645,0.340925820,-0.077759579,-0.201449275,0.215936015,0.394906852,-0.489381017,0.628844338
7.600000000,2.959479042,2.781548834,3.042829391,3.030995905,3.042829391,3.030995905,3.042829391,3.030995905,2.970161391,2.800362448,3.417325474,2.482366575,2.951783748,2.772716857,3.172947330,2.755456814,3.411821785,2.365925244,-0.083350348,-0.249447071,0.263004034,0.000000000,0.000000000,0.000000000,-0.072668000,-0.230633457,0.241810731,0.374496083,-0.548629330,0.664260083,-0.091045642,-0.258279049,0.273856488,0.130117939,-0.275539091,0.304717031,0.368992395,-0.665070661,0.760575027
7.680000000,2.960252302,2.947986583,2.858790003,2.914573957,2.913592891,2.817635730,2.913592891,2.817635730,2.925703229,2.855459978,3.298219650,2.539234827,2.951783748,2.772716857,3.172947330,2.755456814,3.417325474,2.482366575,0.046659411,0.130350853,0.138450155,-0.054802888,0.096938226,0.111356977,0.012110337,0.037824248,0.039715665,0.384626758,-0.278400903,0.474810284,0.038190857,-0.044918874,0.058959704,0.259354439,-0.062178916,0.266703848,0.503732583,-0.335269155,0.605104884
7.800000000,2.792074229,2.802148656,2.794017571,2.774693302,2.794017571,2.774693302,2.794017571,2.774693302,2.859918268,2.914619814,3.154300914,2.691704312,2.774190425,2.956074230,2.867221364,2.952030406,3.233579100,2.656590362,-0.001943342,0.027455354,0.027524045,0.000000000,0.000000000,0.000000000,0.065900697,0.139926512,0.154668454,0.360283343,-0.082988990,0.369717811,-0.019827146,0.181380928,0.182461384,0.073203793,0.177337104,0.191852141,0.439561529,-0.118102940,0.455151230
7.880000000,2.840623243,3.048787295,2.901282193,3.085888662,2.792472065,2.923286990,2.792472065,2.923286990,2.784754270,2.961270045,3.079545016,2.742406727,2.774190425,2.956074230,2.867221364,2.952030406,3.152107093,2.692373217,0.048151178,0.125500306,0.134420470,0.108810128,0.162601672,0.195650065,-0.007717795,0.037983055,0.038759216,0.287072951,-0.180880262,0.339305981,-0.018281640,0.032787240,0.037539599,0.074749299,0.028743417,0.080085215,0.359635028,-0.230913772,0.427385685
8.000000000,2.728002316,2.988917885,2.680286000,2.861990165,2.680286000,2.861990165,2.680286000,2.861990165,2.685476978,2.998702141,2.953975444,2.812436782,2.692632648,2.881794213,2.843160399,3.058739213,2.950410924,2.819869156,0.047716316,0.126927720,0.135600490,0.000000000,0.000000000,0.000000000,0.005190978,0.136711977,0.136810492,0.273689444,-0.049553383,0.278139263,0.012346648,0.019804048,0.023337524,0.162874399,0.196749049,0.255417811,0.270124924,-0.042121008,0.273389199
8.080000000,2.515123866,2.934771315,2.504247100,2.916470611,2.594197627,2.902369830,2.594197627,2.902369830,2.615848631,3.011595482,2.841840386,2.848422467,2.692632648,2.881794213,2.843160399,3.058739213,2.916740693,2.824913202,-0.079073761,0.032401486,0.085454760,-0.089950527,0.014100781,0.091049049,0.021651004,0.109225652,0.111350837,0.247642759,-0.053947363,0.253450693,0.098435021,-0.020575617,0.100562465,0.248962772,0.156369383,0.293996337,0.322543066,-0.077456628,0.331713066
8.200000000,2.579555752,2.985259103,2.674767577,2.976732771,2.450674987,3.075368066,2.450674987,3.075368066,2.509800410,3.018531358,2.678817079,2.867618734,2.453503140,2.926395366,2.603878257,2.908282764,2.731744633,2.861263185,0.128880765,-0.090108963,0.157257358,0.224092590,-0.098635295,0.244839560,0.059125423,-0.056836708,0.082013578,0.228142092,-0.207749332,0.308558907,0.002828153,-0.148972699,0.148999542,0.153203270,-0.167085302,0.226690847,0.281069646,-0.214104881,0.353328524
8.280000000,2.505668615,3.023969282,2.577363659,3.017279565,2.551375149,3.151104187,2.551375149,3.151104187,2.438936634,3.018326986,2.391967127,3.000185929,2.606116604,2.968868188,2.484313503,2.930583341,2.478577549,3.008378016,-0.045706534,-0.127134905,0.135101338,0.025988510,-0.133824622,0.136324730,-0.112438515,-0.132777201,0.173989094,-0.159408022,-0.150918258,0.219515918,0.054741455,-0.182235999,0.190280284,-0.067061646,-0.220520846,0.230492316,-0.072797600,-0.142726171,0.160219382
8.400000000,2.341074614,2.907828444,2.384229717,2.842238675,2.378747889,3.020822037,2.378747889,3.020822037,2.332657319,3.017066446,2.314990717,3.001652179,2.516599522,3.024170133,2.511134068,3.024069707,2.356963097,3.006626117,-0.037673275,-0.112993593,0.119108471,0.005481828,-0.178583362,0.178667478,-0.046090570,-0.003755591,0.046243325,-0.063757172,-0.019169859,0.066576726,0.137851633,0.003348096,0.137892286,0.132386180,0.003247670,0.132426009,-0.021784792,-0.014195920,0.026001948
8.500000000,2.192343941,2.982507422,2.204526279,2.967810855,2.226951879,3.046433841,2.226951879,3.046433841,2.244086951,3.016087102,2.263326818,3.016780293,2.357379440,2.872722124,2.511134068,3.024069707,2.298752209,2.995570723,-0.034607938,-0.063926419,0.072693166,-0.022425600,-0.078622986,0.081758678,0.017135072,-0.030346739,0.034850183,0.036374939,-0.029653548,0.046930471,0.130427561,-0.173711717,0.217225941,0.284182189,-0.022364134,0.285060820,0.071800330,-0.050863118,0.087990591
8.580000000,2.116215698,2.914258722,2.131716558,2.873870878,2.240301517,3.161521895,2.240301517,3.161521895,2.173218728,3.015344339,2.248719397,3.034909806,2.161088743,2.966038851,2.349227027,2.890275284,2.241484924,3.009622091,-0.124085819,-0.247263173,0.276652069,-0.108584959,-0.287651017,0.307463495,-0.067082789,-0.146177555,0.160835252,0.008417880,-0.126612089,0.126891614,-0.079212774,-0.195483044,0.210922460,0.108925510,-0.271246611,0.292300343,0.001183407,-0.151899804,0.151904414
8.700000000,2.044219613,3.022127335,2.078831464,3.016594877,2.046700591,2.879241198,2.046700591,2.879241198,2.066931343,3.014315386,2.157599574,3.037356271,2.092403237,2.889588140,2.138652221,2.940148786,2.373567500,2.915588905,-0.002480978,0.142886136,0.142907674,0.032130873,0.137353679,0.141061781,0.020230752,0.135074187,0.136580817,0.110898984,0.158115073,0.193129389,0.045702647,0.010346942,0.046859269,0.091951630,0.060907588,0.110294318,0.326866909,0.036347706,0.328881638
8.800000000,1.993411471,3.061920062,2.079987401,3.113624195,2.148903795,3.175857676,2.148903795,3.175857676,1.996078444,3.013640036,2.117436978,3.049853667,2.027038060,3.023485516,2.068311425,2.955857737,2.114117759,3.034634886,-0.155492324,-0.113937615,0.192768365,-0.068916394,-0.062233482,0.092857286,-0.152825351,-0.162217640,0.222868012,-0.031466817,-0.126004010,0.129873673,-0.121865734,-0.152372161,0.195111590,-0.080592369,-0.219999939,0.234297040,-0.034786035,-0.141222790,0.145443957
8.880000000,1.971984454,2.976496929,2.006153732,2.935341902,2.010992098,3.122519562,2.010992098,3.122519562,1.907503569,3.012801275,2.062077010,3.053370920,1.973319182,2.956863025,2.035628837,3.022806425,2.055148175,3.054521153,-0.039007644,-0.146022633,0.151142997,-0.004838366,-0.187177660,0.187240183,-0.103488529,-0.109718287,0.150824329,0.051084912,-0.069148642,0.085972106,-0.037672916,-0.165656537,0.169886247,0.024636739,-0.099713137,0.102711628,0.044156077,-0.067998409,0.081077388
8.980000000,1.797074593,3.019346700,1.811716460,3.012898781,1.954720345,3.046851269,1.954720345,3.046851269,1.818929849,3.011949507,2.006591609,3.069917087,1.785935883,3.018651728,2.058801763,3.109906050,2.046932507,3.031173409,-0.157645752,-0.027504570,0.160027137,-0.143003884,-0.033952489,0.146979191,-0.135790495,-0.034901763,0.140204107,0.051871265,0.023065817,0.056768477,-0.168784462,-0.028199542,0.171123957,0.104081418,0.063054781,0.121691606,0.092212163,-0.015677860,0.093535439
9.080000000,1.756805718,3.014410939,1.787142225,3.013714317,1.728871922,2.951783198,1.728871922,2.951783198,1.730354628,3.011141828,1.943059322,3.074133576,1.785935883,3.018651728,1.972651818,2.966679977,1.921490901,3.048541628,0.027933797,0.062627741,0.068575002,0.058270304,0.061931120,0.085034651,0.001482706,0.059358630,0.059377145,0.214187400,0.122350378,0.246669531,0.057063961,0.066868530,0.087907314,0.243779896,0.014896779,0.244234624,0.192618979,0.096758430,0.215555712
9.200000000,1.609287462,2.972742514,1.653261240,2.963982650,1.559709567,2.957313389,1.559709567,2.957313389,1.624060085,3.010190720,2.197234572,2.977424678,1.756789153,3.011879407,1.791505238,3.018999214,1.865640822,3.052055091,0.049577896,0.015429125,0.051923267,0.093551673,0.006669261,0.093789096,0.064350518,0.052877331,0.083288662,0.637525005,0.020111289,0.637842140,0.197079586,0.054566018,0.204494043,0.231795671,0.061685825,0.239863240,0.305931255,0.094741702,0.320265395
9.300000000,1.395044150,2.918476104,1.375952952,2.881374277,1.722362364,3.167568305,1.722362364,3.167568305,1.535483741,3.009334815,1.862247657,3.089000667,1.615673849,2.958343264,1.756797436,3.013145173,1.764498781,3.040003195,-0.327318214,-0.249092201,0.411319994,-0.346409412,-0.286194028,0.449340074,-0.186878623,-0.158233490,0.244870286,0.139885293,-0.078567637,0.160439299,-0.106688515,-0.209225041,0.234856460,0.034435071,-0.154423132,0.158215921,0.042136417,-0.127565110,0.134344091
9.380000000,1.475857043,2.996955972,1.488498432,2.969538916,1.460237947,3.104621914,1.460237947,3.104621914,1.464634391,3.008655933,1.767237921,3.104485014,1.648670776,3.110798954,1.612480656,2.965542889,1.630961176,3.014207596,0.015619096,-0.107665942,0.108792974,0.028260485,-0.135082998,0.138007504,0.004396444,-0.095965981,0.096066635,0.306999974,-0.000136900,0.307000005,0.188432829,0.006177040,0.188534046,0.152242708,-0.139079025,0.206205765,0.170723229,-0.090414318,0.193186878
9.499000000,1.308396516,2.938834850,1.566913914,3.175952204,1.279544148,2.905080090,1.279544148,2.905080090,1.376051721,3.007836746,1.762777713,3.110162985,1.487382472,2.983888569,1.521857463,3.014637529,1.616067813,3.049950494,0.028852368,0.033754760,0.044405439,0.287369766,0.270872114,0.394908957,0.096507572,0.102756656,0.140970358,0.483233564,0.205082895,0.524951113,0.207838323,0.078808479,0.222278080,0.242313315,0.109557439,0.265929643,0.336523664,0.144870405,0.366381783
9.600000000,1.264264838,3.009778763,1.325492234,3.090504562,1.325492234,3.090504562,1.325492234,3.090504562,1.269766392,3.006737397,1.683862922,3.119088836,1.283749226,3.012131037,1.426347690,3.052684723,1.485262174,3.023744549,-0.061227396,-0.080725798,0.101318550,0.000000000,0.000000000,0.000000000,-0.055725843,-0.083767165,0.100609679,0.358370688,0.028584274,0.359508846,-0.041743008,-0.078373524,0.088796892,0.100855456,-0.037819839,0.107713338,0.159769939,-0.066760012,0.173156960
9.680000000,1.147095406,3.025638770,1.150498284,3.020310760,1.253509176,3.035894622,1.253509176,3.035894622,1.198913561,3.005995843,1.648250318,3.132142775,1.134923475,3.028026328,1.426347690,3.052684723,1.443357359,3.060142723,-0.106413770,-0.010255852,0.106906843,-0.103010892,-0.015583863,0.104183015,-0.054595616,-0.029898779,0.062246432,0.394741142,0.096248153,0.406305643,-0.118585701,-0.007868294,0.118846449,0.172838514,0.016790100,0.173652122,0.189848183,0.024248101,0.191390447
9.780000000,0.984396815,2.967364301,0.969479826,2.951883131,1.037487228,3.101336019,1.037487228,3.101336019,1.110342678,3.005051445,1.632655014,3.135759270,1.134923475,3.028026328,1.274007032,3.010954900,1.480572916,3.029268836,-0.053090413,-0.133971718,0.144107644,-0.068007402,-0.149452888,0.164198576,0.072855450,-0.096284574,0.120742022,0.595167786,0.034423251,0.596162439,0.097436247,-0.073309691,0.121934954,0.236519804,-0.090381119,0.253200246,0.443085688,-0.072067183,0.448908238
9.880000000,1.024117252,3.033492658,1.050003455,3.038801705,0.893666152,2.980233842,0.893666152,2.980233842,1.021765766,3.004122151,1.815932685,3.055603899,0.944202619,2.961513074,1.141009441,3.026832549,1.241665058,3.042527939,0.130451100,0.053258816,0.140904191,0.156337304,0.058567863,0.166947738,0.128099615,0.023888309,0.130307953,0.922266534,0.075370057,0.925341129,0.050536467,-0.018720768,0.053892501,0.247343289,0.046598707,0.251694541,0.347998906,0.062294097,0.353530470
9.980000000,0.931592407,2.900747529,0.980675056,2.869509789,0.807588411,3.177033033,0.807588411,3.177033033,0.933196455,3.003139865,1.460574647,3.147201273,1.018698404,3.041815775,1.021407828,3.037654216,1.221413227,3.079910797,0.124003996,-0.276285504,0.302837696,0.173086645,-0.307523244,0.352887421,0.125608044,-0.173893168,0.214513903,0.652986235,-0.029831760,0.653667314,0.211109993,-0.135217258,0.250701288,0.213819417,-0.139378817,0.255235573,0.413824816,-0.097122236,0.425069062
10.100000000,0.910740618,2.994657933,1.025451772,2.974520247,0.732486289,2.991867918,0.732486289,2.991867918,0.826901944,3.001960070,1.411470325,3.141820639,0.936830550,2.995149710,0.926962964,2.890211123,1.148557149,2.997117794,0.178254329,0.002790015,0.178276163,0.292965483,-0.017347671,0.293478646,0.094415655,0.010092152,0.094953502,0.678984036,0.149952721,0.695345338,0.204344261,0.003281792,0.204370612,0.194476676,-0.101656795,0.219443117,0.416070861,0.005249875,0.416103980
10.180000000,0.704726865,2.936899891,0.732040595,2.914424106,0.671296222,2.882764343,0.671296222,2.882764343,0.756043330,3.001107949,1.403348042,3.158119244,0.686225451,2.923862863,0.934211478,2.947948620,1.101858782,3.058076437,0.033430643,0.054135547,0.063625980,0.060744373,0.031659763,0.068499777,0.084747108,0.118343606,0.145558515,0.732051820,0.275354901,0.782125430,0.014929228,0.041098520,0.043726081,0.262915256,0.065184277,0.270875288,0.430562559,0.175312093,0.464885413
10.300000000,0.687119080,2.967397886,0.772612971,2.967093949,0.768832977,2.898649718,0.768832977,2.898649718,0.667478603,3.000038340,1.383641900,3.172326582,0.686225451,2.923862863,0.923785584,2.994903822,0.947430523,3.019356038,-0.081713897,0.068748168,0.106787038,0.003779994,0.068444232,0.068548532,-0.101354374,0.101388622,0.143360949,0.614808923,0.273676864,0.672970310,-0.082607527,0.025213145,0.086369590,0.154952607,0.096254104,0.182414810,0.178597546,0.120706321,0.215562286
10.380000000,0.541716308,3.056297984,0.532688212,3.041145622,0.585676335,3.128051641,0.585676335,3.128051641,0.578902424,2.998927980,1.292630739,3.169180661,0.711271299,2.957275737,0.695476158,2.930381377,0.929200861,3.044409389,-0.043960027,-0.071753658,0.084149102,-0.052988123,-0.086906020,0.101786037,-0.006773911,-0.129123661,0.129301221,0.706954404,0.041129020,0.708149791,0.125594964,-0.170775905,0.211987039,0.109799823,-0.197670265,0.226118409,0.343524526,-0.083642252,0.353560641
10.480000000,0.441623515,2.869100091,0.458955356,2.813314951,0.361528058,2.944436998,0.361528058,2.944436998,0.490353834,2.997148132,1.231879199,3.179702097,0.528728414,3.068545613,0.607923747,3.017971750,0.806052129,3.098512938,0.080095458,-0.075336907,0.109958773,0.097427298,-0.131122047,0.163355654,0.128825776,0.052711134,0.139192472,0.870351142,0.235265099,0.901587919,0.167200356,0.124108615,0.208228018,0.246395689,0.073534752,0.257134586,0.444524072,0.154075940,0.470468963
10.580000000,0.329261710,2.874523867,0.486714923,2.996056136,0.486714923,2.996056136,0.486714923,2.996056136,0.385820701,2.978951782,1.167990028,3.157068257,0.424065692,2.846144460,0.535222361,3.062421799,0.717921414,2.983304505,-0.157453213,-0.121532269,0.198900997,0.000000000,0.000000000,0.000000000,-0.100894222,-0.017104354,0.102333782,0.681275104,0.161012121,0.700043335,-0.062649231,-0.149911676,0.162475958,0.048507438,0.066365663,0.082203240,0.231206491,-0.012751631,0.231557867
10.680000000,0.447130273,2.976525669,0.518290368,2.994480547,0.231208394,2.975341576,0.231208394,2.975341576,0.319304297,2.954699295,0.949020803,3.119094422,0.302845141,2.846712173,0.432844604,2.857622276,0.597843103,2.974726261,0.215921879,0.001184093,0.215925126,0.287081974,0.019138971,0.287719238,0.088095904,-0.020642281,0.090481998,0.717812409,0.143752846,0.732065253,0.071636747,-0.128629403,0.147232288,0.201636210,-0.117719300,0.233484464,0.366634710,-0.000615315,0.366635226
10.800000000,0.155568410,2.913963017,0.172372617,2.938911543,0.157345990,2.838280600,0.157345990,2.838280600,0.227583092,2.901364301,0.829087807,3.080016911,0.467979577,2.977518842,0.316053426,2.860618020,0.596003171,3.017101035,-0.001777580,0.075682417,0.075703290,0.015026626,0.100630943,0.101746677,0.070237101,0.063083701,0.094407647,0.671741816,0.241736311,0.713914219,0.310633586,0.139238242,0.340412269,0.158707435,0.022337420,0.160271677,0.438657181,0.178820436,0.473705468
10.880000000,0.214295029,2.874435988,0.143036435,2.916729975,0.143036435,2.916729975,0.143036435,2.916729975,0.173616184,2.855529291,0.697687587,2.998746536,0.120562437,2.914898349,0.138065424,2.914430683,0.377760318,2.957949401,0.071258595,-0.042293987,0.082864761,0.000000000,0.000000000,0.000000000,0.030579750,-0.061200684,0.068415238,0.554651152,0.082016560,0.560682278,-0.022473997,-0.001831627,0.022548512,-0.004971011,-0.002299293,0.005477015,0.234723884,0.041219426,0.238315637
10.980000000,0.109089266,2.723188231,0.138221193,2.716011654,0.081928514,2.937952460,0.081928514,2.937952460,0.116100123,2.788301736,0.626009463,2.935551139,0.216446211,2.875029869,0.138065424,2.914430683,0.384384466,2.906537181,0.027160752,-0.214764228,0.216474895,0.056292679,-0.221940806,0.228968529,0.034171609,-0.149650724,0.153502567,0.544080949,-0.002401320,0.544086248,0.134517697,-0.062922591,0.148506779,0.056136910,-0.023521777,0.060865644,0.302455952,-0.031415279,0.304083085
11.100000000,0.053470323,2.794238763,0.158656652,2.908533065,0.082008953,2.617009372,0.082008953,2.617009372,0.064059903,2.695845045,0.510628701,2.830488025,0.098467320,2.703303566,0.215370620,2.874732929,0.270519052,2.777718384,-0.028538630,0.177229391,0.179512424,0.076647698,0.291523693,0.301431473,-0.017949050,0.078835672,0.080853148,0.428619747,0.213478652,0.478840290,0.016458366,0.086294194,0.087849677,0.133361667,0.257723556,0.290184020,0.188510098,0.160709012,0.247716458
11.180000000,-0.022413585,2.712659512,-0.029518923,2.760808273,0.006098061,2.498939719,0.006098061,2.498939719,0.040730621,2.628993767,0.444086628,2.661472849,0.121795802,2.875783179,0.103778293,2.713245899,0.213918307,2.769714732,-0.028511646,0.213719793,0.215613228,-0.035616984,0.261868554,0.264279604,0.034632560,0.130054048,0.134586291,0.437988567,0.162533130,0.467173419,0.115697741,0.376843460,0.394204212,0.097680232,0.214306180,0.235517656,0.207820246,0.270775012,0.341333213
11.280000000,-0.049242651,2.563699873,-0.060022523,2.615642328,-0.052680767,2.567009109,-0.052680767,2.567009109,0.025231096,2.541896268,0.392803736,2.539489169,-0.039189756,2.726152177,0.007140283,2.760195470,0.118914626,2.685599247,0.003438116,-0.003309236,0.004771968,-0.007341756,0.048633219,0.049184259,0.077911863,-0.025112841,0.081859106,0.445484503,-0.027519940,0.446333720,0.013491011,0.159143068,0.159713880,0.059821050,0.193186361,0.202236318,0.171595393,0.118590139,0.208587152
11.380000000,0.026025143,2.420675863,0.039849403,2.442781510,-0.032762054,2.551939827,-0.032762054,2.551939827,0.024698064,2.453396672,0.372035821,2.425100472,-0.063154450,2.566397936,-0.056198551,2.565048904,0.086791223,2.524843922,0.058787197,-0.131263965,0.143826851,0.072611457,-0.109158317,0.131102868,0.057460118,-0.098543156,0.114071989,0.404797874,-0.126839356,0.424204598,-0.030392396,0.014458108,0.033656123,-0.023436497,0.013109077,0.026853627,0.119553277,-0.027095906,0.122585375
11.500000000,-0.033949959,2.392768853,-0.061676428,2.462673641,-0.004386930,2.423878135,-0.004386930,2.423878135,0.028563022,2.347169869,0.368992117,2.315166616,-0.023670788,2.528927393,-0.056198551,2.565048904,0.129479631,2.396343190,-0.029563029,-0.031109282,0.042915732,-0.057289498,0.038795506,0.069189435,0.032949952,-0.076708266,0.083485672,0.373379047,-0.108711519,0.388883153,-0.019283858,0.105049258,0.106804558,-0.051811621,0.141170769,0.150378290,0.133866561,-0.027534945,0.136669050
11.580000000,0.063638372,2.247944627,-0.161808391,2.131011369,0.042572975,2.239318047,0.042572975,2.239318047,0.031149092,2.276360038,0.358970426,2.246812214,-0.054242728,2.407165596,-0.028810373,2.460848123,0.093322377,2.353227097,0.021065397,0.008626580,0.022763322,-0.204381366,-0.108306678,0.231305165,-0.011423883,0.037041991,0.038763568,0.316397451,0.007494167,0.316486191,-0.096815703,0.167847548,0.193768109,-0.071383349,0.221530076,0.232746980,0.050749402,0.113909050,0.124702740
11.700000000,0.128444903,2.082938132,0.168451934,2.092867307,0.084192567,2.274665397,0.084192567,2.274665397,0.035108152,2.170138949,0.364007894,2.203154903,0.078490686,2.222933946,0.071064529,2.235439286,0.150210262,2.237404181,0.044252336,-0.191727264,0.196767917,0.084259367,-0.181798089,0.200375114,-0.049084415,-0.104526447,0.115477522,0.279815327,-0.071510494,0.288808532,-0.005701881,-0.051731451,0.052044735,-0.013128038,-0.039226110,0.041364636,0.066017695,-0.037261216,0.075807218
11.800000000,-0.000586337,2.156030286,0.125551029,2.190712096,0.078785902,2.079297799,0.078785902,2.079297799,0.038463573,2.081619822,0.347489532,2.166355253,0.094580652,2.244919350,0.103467794,2.152936039,0.186029188,2.096594341,-0.079372239,0.076732487,0.110398491,0.046765127,0.111414298,0.120830968,-0.040322329,0.002322023,0.040389132,0.268703630,0.087057455,0.282454671,0.015794750,0.165621552,0.166372992,0.024681892,0.073638241,0.077664575,0.107243286,0.017296542,0.108629152
11.900000000,0.019756033,2.032344457,0.007658562,2.096762738,0.181666243,1.986815487,0.181666243,1.986815487,0.041839945,1.993111176,0.347673063,2.048581210,0.128457013,2.144219045,0.111512777,2.163928741,0.073891888,2.148477392,-0.161910210,0.045528971,0.168189784,-0.174007681,0.109947252,0.205832629,-0.139826299,0.006295689,0.139967959,0.166006819,0.061765723,0.177125008,-0.053209231,0.157403559,0.166153852,-0.070153466,0.177113255,0.190500955,-0.107774355,0.161661905,0.194293292
11.980000000,-0.024304356,1.860797882,-0.078618495,1.870138300,-0.117865420,1.785307755,-0.117865420,1.785307755,0.044541818,1.922291104,0.393136682,2.035128902,0.010337299,2.058282047,0.063935338,2.150124666,0.085057628,2.035135083,0.093561065,0.075490126,0.120218268,0.039246925,0.084830544,0.093469473,0.162407238,0.136983348,0.212463052,0.511002102,0.249821147,0.568800276,0.128202719,0.272974292,0.301580671,0.181800758,0.364816910,0.407606297,0.202923048,0.249827328,0.321856268
12.080000000,-0.080417041,1.836059964,0.136757018,1.702451052,0.136757018,1.702451052,0.136757018,1.702451052,0.048673886,1.816082400,0.338813371,1.929565909,-0.046360769,1.833186468,-0.035332562,1.846992175,0.039555168,1.872891738,-0.217174059,0.133608912,0.254982182,0.000000000,0.000000000,0.000000000,-0.088083132,0.113631348,0.143773159,0.202056353,0.227114857,0.303986724,-0.183117787,0.130735416,0.224997495,-0.172089580,0.144541123,0.224737535,-0.097201849,0.170440686,0.196209650
12.180000000,0.221676192,1.901003582,0.260035795,1.990620409,-0.109250184,1.680932540,-0.109250184,1.680932540,0.051466952,1.745270895,0.428517465,1.885486099,-0.105688138,1.829386217,-0.035332562,1.846992175,-0.010082977,1.846125089,0.330926377,0.220071042,0.397421100,0.369285979,0.309687869,0.481953017,0.160717136,0.064338355,0.173116786,0.537767649,0.204553559,0.575357456,0.003562046,0.148453677,0.148496405,0.073917622,0.166059635,0.181768031,0.099167207,0.165192549,0.192672554
12.300000000,0.072274040,1.727617625,-0.003419999,1.310455771,-0.003419999,1.310455771,-0.003419999,1.310455771,0.055665213,1.639067951,0.344730152,1.822760055,0.080850234,1.762287407,-0.093052590,1.832723090,0.238102065,1.890180062,0.075694039,0.417161853,0.423973584,0.000000000,0.000000000,0.000000000,0.059085212,0.328612179,0.333881756,0.348150151,0.512304284,0.619406334,0.084270233,0.451831636,0.459622997,-0.089632591,0.522267319,0.529902967,0.241522064,0.579724291,0.628023217
12.400000000,0.069463378,1.517882333,0.080355610,1.604735977,0.197723678,1.745481671,0.197723678,1.745481671,0.059144526,1.550544418,0.335205456,1.722499865,0.073121901,1.519566247,0.076562137,1.744952516,0.110574790,1.734677194,-0.128260300,-0.227599338,0.261251150,-0.117368069,-0.140745695,0.183261055,-0.138579153,-0.194937254,0.239175071,0.137481778,-0.022981807,0.139389392,-0.124601777,-0.225915425,0.257998802,-0.121161541,-0.000529156,0.121162697,-0.087148888,-0.010804478,0.087816089
12.500000000,0.104163561,1.577972519,0.089141352,1.621210906,0.089141352,1.621210906,0.089141352,1.621210906,0.062594386,1.462052659,0.322141569,1.707933347,0.188300252,1.529132805,0.076562137,1.744952516,0.103393940,1.545657374,0.015022209,-0.043238387,0.045773626,0.000000000,0.000000000,0.000000000,-0.026546966,-0.159158246,0.161357023,0.233000217,0.086722441,0.248615934,0.099158900,-0.092078101,0.135317642,-0.012579215,0.123741610,0.124379350,0.014252588,-0.075553531,0.076886100
12.580000000,0.189043135,1.501592377,0.221474411,1.559890784,0.172300628,1.328886691,0.172300628,1.328886691,0.065383010,1.391242969,0.372346644,1.602212833,0.188300252,1.529132805,0.071292640,1.518724290,0.134623661,1.592813472,0.016742507,0.172705687,0.173515318,0.049173783,0.231004093,0.236179914,-0.106917618,0.062356279,0.123772705,0.200046016,0.273326142,0.338711659,0.015999623,0.200246114,0.200884280,-0.101007989,0.189837599,0.215037039,-0.037676967,0.263926781,0.266602513
12.700000000,0.048513252,1.244452403,0.020135843,1.280019786,0.092760073,1.549389371,0.092760073,1.549389371,0.069539400,1.285024013,0.336348213,1.532443259,0.214290364,1.521886209,0.146231907,1.553552662,0.204611811,1.512473359,-0.044246820,-0.304936968,0.308130388,-0.072624230,-0.269369585,0.278987907,-0.023220673,-0.264365358,0.265383199,0.243588140,-0.016946113,0.244176888,0.121530291,-0.027503162,0.124603514,0.053471834,0.004163291,0.053633665,0.111851738,-0.036916012,0.117786261
12.780000000,0.089360491,1.329012128,0.090727967,1.373187481,0.034108110,1.243006020,0.034108110,1.243006020,0.072298962,1.214219170,0.322538849,1.479965729,0.042298173,1.243730462,0.131401808,1.383169306,0.075882303,1.274551622,0.055252381,0.086006109,0.102224637,0.056619856,0.130181462,0.141961337,0.038190852,-0.028786850,0.047824929,0.288430738,0.236959710,0.373285675,0.008190063,0.000724443,0.008222040,0.097293698,0.140163286,0.170621835,0.041774193,0.031545603,0.052346998
12.880000000,0.007861085,1.184227328,-0.013280858,1.236235324,0.179722351,0.931556764,0.179722351,0.931556764,0.075722571,1.125703602,0.316479125,1.446061488,0.094370319,1.342858938,0.065829332,1.286371295,0.113166042,1.341483761,-0.171861265,0.252670563,0.305579299,-0.193003209,0.304678559,0.360665029,-0.103999780,0.194146837,0.220247471,0.136756774,0.514504723,0.532369727,-0.085352032,0.411302174,0.420064813,-0.113893019,0.354814531,0.372645906,-0.066556309,0.409926997,0.415294937
12.980000000,-0.032510867,0.956176659,0.102061748,1.057878799,0.102061748,1.057878799,0.102061748,1.057878799,0.074773004,1.037163735,0.329329522,1.394210357,-0.004280933,1.194050436,0.001790076,1.189138882,0.038558758,1.201371416,-0.134572615,-0.101702141,0.168680509,0.000000000,0.000000000,0.000000000,-0.027288744,-0.020715064,0.034260611,0.227267774,0.336331558,0.405918166,-0.106342681,0.136171637,0.172775810,-0.100271672,0.131260082,0.165177533,-0.063502990,0.143492617,0.156916414
13.080000000,0.042136516,0.874649266,0.044177223,0.896448491,-0.115537932,0.833395953,-0.115537932,0.833395953,0.071944455,0.948641367,0.302858001,1.329096855,-0.052424727,0.933539347,-0.018395900,1.075113547,-0.003702616,0.991051109,0.157674449,0.041253313,0.162981801,0.159715156,0.063052538,0.171710668,0.187482387,0.115245414,0.220070786,0.418395934,0.495700902,0.648671367,0.063113206,0.100143395,0.118372194,0.097142033,0.241717594,0.260507140,0.111835317,0.157655156,0.193293265
13.200000000,-0.104015531,0.894357838,-0.167397375,0.991721036,0.159030421,0.863138091,0.159030421,0.863138091,0.068528144,0.842399559,0.378773985,1.291156425,0.038676055,0.854315916,-0.042467797,0.944858003,0.063412193,0.906554049,-0.263045952,0.031219747,0.264892140,-0.326427797,0.128582945,0.350839964,-0.090502278,-0.020738532,0.092847988,0.219743564,0.428018334,0.481130884,-0.120354366,-0.008822174,0.120677273,-0.201498218,0.081719912,0.217438902,-0.095618228,0.043415958,0.105013289
13.280000000,0.075968041,0.640238831,0.117085852,0.833890144,0.117085852,0.833890144,0.117085852,0.833890144,0.065048815,0.753891230,0.314263880,1.244943998,0.078327254,0.601387727,-0.132917284,0.906073251,-0.076954133,0.917039690,-0.041117811,-0.193651313,0.197968445,0.000000000,0.000000000,0.000000000,-0.052037037,-0.079998914,0.095434163,0.197178028,0.411053854,0.455899600,-0.038758598,-0.232502417,0.235710846,-0.250003136,0.072183107,0.260215236,-0.194039985,0.083149545,0.211105099
13.380000000,-0.043619314,0.657092310,-0.080834579,0.679114505,-0.019678900,0.638295528,-0.019678900,0.638295528,0.057721250,0.683406754,0.297996732,1.188609792,0.078327254,0.601387727,-0.132917284,0.906073251,0.089746392,0.674268882,-0.023940415,0.018796782,0.030437846,-0.061155679,0.040818977,0.073526907,0.077400149,0.045111226,0.089586862,0.317675632,0.550314264,0.635423950,0.098006154,-0.036907801,0.104725317,-0.113238385,0.267777723,0.290736721,0.109425292,0.035973353,0.115186703
13.480000000,0.110077825,0.655187046,0.145407408,0.718394574,0.104267042,0.499414428,0.104267042,0.499414428,0.048529126,0.595304554,0.284634768,1.124774447,-0.061839747,0.645124238,-0.052729531,0.651108274,-0.023894676,0.687539036,0.005810784,0.155772619,0.155880961,0.041140366,0.218980146,0.222811207,-0.055737916,0.095890127,0.110912721,0.180367727,0.625360020,0.650851497,-0.166106789,0.145709811,0.220958852,-0.156996572,0.151693846,0.218309291,-0.128161718,0.188124608,0.227631927
13.600000000,0.206472994,0.416892485,0.286159350,0.440874283,-0.126673534,0.490599307,-0.126673534,0.490599307,0.037428459,0.489599003,0.278180204,1.064589313,0.124484961,0.667987957,0.117281393,0.661587501,0.119023360,0.676676198,0.333146528,-0.073706822,0.341202733,0.412832884,-0.049725024,0.415816748,0.164101993,-0.001000304,0.164105041,0.404853738,0.573990006,0.702403785,0.251158495,0.177388650,0.307485484,0.243954927,0.170988194,0.297911009,0.245696895,0.186076891,0.308207030
13.680000000,-0.058364405,0.381748727,-0.075372865,0.406420710,-0.132158525,0.275186822,-0.132158525,0.275186822,0.036319789,0.418805388,0.355172337,0.960377454,0.270037937,0.403250372,0.238255466,0.410071428,0.218930184,0.488113745,0.073794120,0.106561905,0.129618717,0.056785660,0.131233888,0.142992813,0.168478314,0.143618566,0.221384811,0.487330862,0.685190631,0.840819583,0.402196462,0.128063549,0.422092723,0.370413991,0.134884606,0.394208551,0.351088709,0.212926923,0.410610711
13.780000000,-0.113587367,0.264353620,-0.150474603,0.293674363,0.015353164,0.308422208,0.015353164,0.308422208,0.048971578,0.331250045,0.308948060,0.804390079,-0.079533314,0.367209944,0.238255466,0.410071428,0.003214076,0.480773759,-0.128940531,-0.044068588,0.136263352,-0.165827767,-0.014747845,0.166482273,0.033618414,0.022827837,0.040636288,0.293594896,0.495967871,0.576352403,-0.094886478,0.058787736,0.111621869,0.222902302,0.101649220,0.244985714,-0.012139087,0.172351551,0.172778513
13.880000000,0.048813645,0.295268943,0.039691707,0.352801793,0.012045067,0.263288310,0.012045067,0.263288310,0.076820037,0.247278023,0.371246987,0.674398089,-0.146729528,0.245186202,-0.068948860,0.374479336,-0.012546916,0.365863899,0.036768578,0.031980633,0.048730783,0.027646639,0.089513483,0.093685646,0.064774970,-0.016010287,0.066724253,0.359201920,0.411109779,0.545927898,-0.158774596,-0.018102108,0.159803187,-0.080993927,0.111191025,0.137562569,-0.024591983,0.102575588,0.105482306
13.980000000,0.098034267,0.217619509,0.084750864,0.263495448,0.029713785,0.057514445,0.029713785,0.057514445,0.119015301,0.169523165,0.431789680,0.538874972,0.042109063,0.302261263,0.045461354,0.298765103,0.129228770,0.373834149,0.068320482,0.160105064,0.174072742,0.055037079,0.205981003,0.213207067,0.089301516,0.112008720,0.143250529,0.402075896,0.481360527,0.627194533,0.012395278,0.244746817,0.245060497,0.015747569,0.241250658,0.241764070,0.099514985,0.316319704,0.331604263
14.080000000,0.127551169,0.027563727,0.175910100,0.025656529,0.115917848,0.030227553,0.115917848,0.030227553,0.174227364,0.100386887,0.516391945,0.431998371,0.093248657,0.225336564,0.095641462,0.221478037,0.204494750,0.288792194,0.011633321,-0.002663826,0.011934409,0.059992252,-0.004571024,0.060166141,0.058309516,0.070159334,0.091226815,0.400474096,0.401770818,0.567273560,-0.022669191,0.195109011,0.196421532,-0.020276387,0.191250483,0.192322331,0.088576901,0.258564640,0.273315826
14.180000000,0.271676321,0.032274063,0.273150176,-0.035134962,0.154965220,0.193643184,0.154965220,0.193643184,0.255199463,0.031831828,0.608547234,0.330327841,0.279911029,0.024634218,0.095641462,0.221478037,0.231905442,0.116569268,0.116711101,-0.161369121,0.199151888,0.118184955,-0.228778146,0.257501696,0.100234243,-0.161811356,0.190341321,0.453582014,0.136684657,0.473729183,0.124945809,-0.169008966,0.210179651,-0.059323758,0.027834853,0.065529286,0.076940221,-0.077073916,0.108904482
14.280000000,0.265244612,0.002124488,0.295701202,0.056664856,0.295701202,0.056664856,0.295701202,0.056664856,0.332506639,-0.011175500,0.788194797,0.232652506,0.256480570,-0.001484995,0.264078446,0.015394534,0.415730868,0.087320750,-0.030456590,-0.054540367,0.062468036,0.000000000,0.000000000,0.000000000,0.036805437,-0.067840356,0.077181307,0.492493596,0.175987650,0.522992920,-0.039220631,-0.058149851,0.070140310,-0.031622756,-0.041270322,0.051992674,0.120029667,0.030655894,0.123882625
14.400000000,0.303283931,0.042924458,0.192406161,0.103002687,0.424122563,-0.065823510,0.424122563,-0.065823510,0.416179635,-0.039927317,0.839741927,0.193634136,0.256480570,-0.001484995,0.260862591,0.000319747,0.396104139,0.059810265,-0.120838632,0.108747968,0.162567203,-0.231716402,0.168826198,0.286696313,-0.007942928,0.025896193,0.027086951,0.415619364,0.259457646,0.489956861,-0.167641993,0.064338515,0.179564146,-0.163259972,0.066143257,0.176149792,-0.028018424,0.125633775,0.128720152
14.500000000,0.483243317,0.109195378,0.401002420,0.051138828,0.435162837,0.183013236,0.435162837,0.183013236,0.485954074,-0.051990927,1.079224511,0.144156893,0.254760814,0.073269991,0.260862591,0.000319747,0.481078268,0.073706645,0.048080479,-0.073817857,0.088095451,-0.034160418,-0.131874407,0.136226992,0.050791237,-0.235004163,0.240430253,0.644061673,-0.038856343,0.645232713,-0.180402023,-0.109743244,0.211159820,-0.174300246,-0.182693489,0.252502449,0.045915430,-0.109306590,0.118558667
14.580000000,0.493034438,0.044607782,0.435204454,0.044110366,0.504311748,0.097409524,0.504311748,0.097409524,0.574386075,-0.056774253,1.244147035,0.134770916,0.477115474,0.062205960,0.279022373,0.058097225,0.635986631,0.117477077,-0.011277311,-0.052801742,0.053992608,-0.069107294,-0.053299158,0.087273240,0.070074327,-0.154183777,0.169360705,0.739835287,0.037361392,0.740778054,-0.027196274,-0.035203563,0.044485146,-0.225289376,-0.039312299,0.228693593,0.131674883,0.020067553,0.133195276
14.680000000,0.629229504,0.103334954,0.592451521,0.137822800,0.655627523,0.048148217,0.655627523,0.048148217,0.662901817,-0.059671131,1.172551189,0.132597559,0.477115474,0.062205960,0.485074956,0.053406871,0.664931716,0.067381851,-0.026398019,0.055186736,0.061175414,-0.063176002,0.089674582,0.109693837,0.007274294,-0.107819349,0.108064459,0.516923667,0.084449342,0.523776449,-0.178512049,0.014057743,0.179064714,-0.170552567,0.005258653,0.170633618,0.009304193,0.019233633,0.021365876
14.780000000,0.653743097,0.096734805,0.584577032,0.132266337,0.855568204,-0.006698454,0.855568204,-0.006698454,0.751480659,-0.060659390,1.286600587,0.117384201,0.621143127,0.133923421,0.485074956,0.053406871,0.769269498,0.108435366,-0.201825107,0.103433259,0.226785830,-0.270991172,0.138964791,0.304544625,-0.104087545,-0.053960936,0.117243335,0.431032383,0.124082655,0.448536978,-0.234425077,0.140621875,0.273367205,-0.370493248,0.060105325,0.375337044,-0.086298706,0.115133820,0.143886286
14.900000000,0.751207456,-0.094434561,0.814054446,-0.141651327,0.710978787,-0.121583414,0.710978787,-0.121583414,0.857761133,-0.061834906,1.296634178,0.112420907,0.863404732,-0.125034083,0.758573915,-0.014149639,0.783164179,0.098858424,0.040228668,0.027148853,0.048532525,0.103075658,-0.020067913,0.105011011,0.146782346,0.059748508,0.158476942,0.585655391,0.234004321,0.630674448,0.152425945,-0.003450669,0.152464999,0.047595127,0.107433775,0.117504520,0.072185392,0.220441838,0.231959769
14.980000000,0.952368041,-0.138338216,0.813334764,-0.128710884,0.813334764,-0.128710884,0.813334764,-0.128710884,0.928615331,-0.062608176,1.419476841,0.113392907,0.863404732,-0.125034083,0.807306094,-0.109734322,0.857266203,-0.056094760,0.139033277,-0.009627332,0.139366200,0.000000000,0.000000000,0.000000000,0.115280567,0.066102708,0.132887837,0.606142077,0.242103791,0.652703963,0.050069968,0.003676801,0.050204787,-0.006028670,0.018976563,0.019911172,0.043931439,0.072616124,0.084870919
15.080000000,0.936613488,-0.138571050,0.884119269,-0.155753197,1.019780751,-0.073680496,1.019780751,-0.073680496,1.017195456,-0.063609554,1.360684690,0.091978212,0.957175201,-0.154046979,0.807306094,-0.109734322,1.029870976,-0.097104237,-0.083167263,-0.064890553,0.105487334,-0.135661482,-0.082072701,0.158555876,-0.002585295,0.010070942,0.010397482,0.340903939,0.165658709,0.379022827,-0.062605550,-0.080366483,0.101873581,-0.212474657,-0.036053825,0.215511851,0.010090225,-0.023423741,0.025504594
15.200000000,1.114465529,-0.140431386,1.058170601,-0.176262947,0.858030619,-0.153770098,0.858030619,-0.153770098,1.123475367,-0.064825369,1.452931478,0.081550308,0.916903370,-0.156176212,0.954771621,-0.146192598,1.010327446,-0.100599922,0.256434911,0.013338712,0.256781589,0.200139982,-0.022492850,0.201399952,0.265444748,0.088944729,0.279950137,0.594900860,0.235320406,0.639752082,0.058872751,-0.002406114,0.058921899,0.096741002,0.007577500,0.097037312,0.152296828,0.053170176,0.161311473
15.280000000,1.194851579,-0.069828213,1.205370445,-0.055039978,1.209402374,-0.043839186,1.209402374,-0.043839186,1.194342490,-0.065679506,1.521106129,0.084309162,1.105732907,-0.170257185,1.110099218,-0.155344285,1.173678660,-0.107705703,-0.014550795,-0.025989027,0.029785150,-0.004031929,-0.011200792,0.011904377,-0.015059884,-0.021840320,0.026529223,0.311703755,0.128148348,0.337018145,-0.103669467,-0.126417999,0.163489660,-0.099303156,-0.111505099,0.149313442,-0.035723714,-0.063866517,0.073178656
15.380000000,1.217825907,-0.161844436,1.155361794,-0.197666047,1.231419855,-0.239679146,1.231419855,-0.239679146,1.282907920,-0.066756044,1.530391564,0.069775534,1.199436393,-0.071986788,1.110099218,-0.155344285,1.233237139,-0.049271475,-0.013593948,0.077834710,0.079012894,-0.076058060,0.042013099,0.086890327,0.051488066,0.172923102,0.180425663,0.298971709,0.309454680,0.430286279,-0.031983461,0.167692358,0.170715169,-0.121320637,0.084334861,0.147753395,0.001817284,0.190407671,0.190416343
15.500000000,1.389903447,0.086046064,1.344712583,0.181988809,1.350166650,-0.107861999,1.350166650,-0.107861999,1.389195552,-0.068083154,1.620637826,0.067247776,1.203625030,-0.182451059,1.210725469,-0.172147748,1.266043366,-0.132573371,0.039736796,0.193908063,0.197937742,-0.005454068,0.289850807,0.289902117,0.039028901,0.039778845,0.055728015,0.270471175,0.175109775,0.322208147,-0.146541620,-0.074589060,0.164432279,-0.139441182,-0.064285749,0.153546412,-0.084123285,-0.024711372,0.087677699
15.580000000,1.303776282,-0.101249078,1.474632154,-0.240735746,1.474632154,-0.240735746,1.474632154,-0.240735746,1.477772493,-0.069154476,1.744029522,0.065015326,1.271345167,-0.108220895,1.388845644,0.111073004,1.425897406,0.084487185,-0.170855872,0.139486668,0.220563505,0.000000000,0.000000000,0.000000000,0.003140339,0.171581271,0.171610006,0.269397368,0.305751073,0.407502958,-0.203286987,0.132514851,0.242663934,-0.085786509,0.351808750,0.362117000,-0.048734748,0.325222931,0.328854118
15.680000000,1.474503914,-0.070613553,1.409449216,-0.049205365,1.422268335,-0.036935703,1.422268335,-0.036935703,1.548622154,-0.069981095,1.765845092,0.064709009,1.271345167,-0.108220895,1.388845644,0.111073004,1.349711419,-0.083901385,0.052235580,-0.033677851,0.062151053,-0.012819118,-0.012269662,0.017744700,0.126353819,-0.033045392,0.130603544,0.343576758,0.101644712,0.358296855,-0.150923168,-0.071285193,0.166911297,-0.033422690,0.148008707,0.151735472,-0.072556915,-0.046965682,0.086430789
15.780000000,1.761425972,-0.123925654,1.788496555,-0.146293010,1.723537833,-0.133498371,1.723537833,-0.133498371,1.637200560,-0.070956507,1.788631919,0.061511005,1.457842400,-0.071922162,1.287560724,-0.104734987,1.504633697,-0.057940745,0.037888139,0.009572717,0.039078741,0.064958722,-0.012794639,0.066206785,-0.086337273,0.062541864,0.106609612,0.065094086,0.195009376,0.205586713,-0.265695432,0.061576209,0.272737405,-0.435977109,0.028763384,0.436924904,-0.218904136,0.075557627,0.231577149
15.880000000,1.796164911,-0.153016923,1.773389135,-0.171409982,1.684704349,-0.308512441,1.684704349,-0.308512441,1.725766212,-0.071905348,1.909102130,0.061911370,1.785227829,-0.133564237,1.773326900,-0.128744946,1.764055882,-0.108339194,0.111460561,0.155495518,0.191317309,0.088684786,0.137102459,0.163285258,0.041061862,0.236607092,0.240143692,0.224397781,0.370423811,0.433091403,0.100523480,0.174948204,0.201771762,0.088622551,0.179767495,0.200425320,0.079351533,0.200173247,0.215327644
15.980000000,1.938709032,-0.073166783,1.955820976,-0.039871683,1.888854096,-0.129651468,1.888854096,-0.129651468,1.814347904,-0.072834060,1.855288858,0.038933162,1.973300871,-0.076444760,1.773326900,-0.128744946,1.796823135,-0.137444878,0.049854936,0.056484685,0.075339461,0.066966880,0.089779785,0.112004343,-0.074506193,0.056817407,0.093698402,-0.033565238,0.168584630,0.171893580,0.084446775,0.053206708,0.099810879,-0.115527196,0.000906522,0.115530753,-0.092030962,-0.007793410,0.092360355
16.080000000,1.902638910,-0.103254444,1.855689232,-0.106385441,1.824096235,-0.145242350,1.824096235,-0.145242350,1.920624317,-0.073945393,1.906335737,0.041549145,1.973300871,-0.076444760,1.956004952,-0.074805771,1.934678468,-0.064359527,0.078542675,0.041987906,0.089061418,0.031592998,0.038856910,0.050079706,0.096528082,0.071296958,0.120003862,0.082239502,0.186791495,0.204094092,0.149204637,0.068797590,0.164301954,0.131908717,0.070436579,0.149536689,0.110582234,0.080882823,0.137005334
16.180000000,1.925278149,-0.178512289,1.873240994,-0.204809874,2.039057947,-0.043842129,2.039057947,-0.043842129,1.991491068,-0.074695641,1.978111013,0.041419875,1.903662259,-0.111247623,1.956004952,-0.074805771,1.902971686,-0.093692096,-0.113779798,-0.134670159,0.176300579,-0.165816953,-0.160967744,0.231097115,-0.047566879,-0.030853512,0.056696976,-0.060946933,0.085262005,0.104805239,-0.135395688,-0.067405494,0.151246464,-0.083052995,-0.030963642,0.088637166,-0.136086261,-0.049849966,0.144929257
16.300000000,2.216716909,-0.138012993,2.239858936,-0.143487471,2.239858936,-0.143487471,2.239858936,-0.143487471,2.097782431,-0.075793301,2.068742187,0.028503605,2.060139550,-0.124342297,1.903150584,-0.107251034,1.930008613,-0.165181170,-0.023142026,0.005474478,0.023780734,0.000000000,0.000000000,0.000000000,-0.142076505,0.067694170,0.157379268,-0.171116749,0.171991075,0.242614657,-0.179719386,0.019145174,0.180736259,-0.336708352,0.036236437,0.338652615,-0.309850322,-0.021693699,0.310608820
16.380000000,2.172636832,-0.119007340,2.106828061,-0.125296347,2.176045140,-0.092830944,2.176045140,-0.092830944,2.168634978,-0.076552416,2.092872894,0.025072763,2.060139550,-0.124342297,1.972156784,-0.123564805,2.208144161,-0.128366042,-0.003408308,-0.026176396,0.026397353,-0.069217079,-0.032465402,0.076452641,-0.007410161,0.016278528,0.017885776,-0.083172246,0.117903707,0.144287583,-0.115905590,-0.031511353,0.120112743,-0.203888356,-0.030733860,0.206191735,0.032099021,-0.035535098,0.047886223
16.500000000,2.340551958,-0.028649226,2.323177956,0.000680535,2.273245259,-0.240027478,2.273245259,-0.240027478,2.274916372,-0.077699847,2.080157234,0.013334226,2.181335658,-0.129756834,2.176986245,-0.124382087,2.173874566,-0.110699990,0.067306699,0.211378251,0.221835427,0.049932698,0.240708013,0.245832508,0.001671113,0.162327631,0.162336233,-0.193088025,0.253361704,0.318551626,-0.091909601,0.110270643,0.143551348,-0.096259014,0.115645390,0.150464793,-0.099370693,0.129327488,0.163095474
16.600000000,2.380398516,-0.083859687,2.333204293,-0.057983772,2.398480161,0.037209911,2.398480161,0.037209911,2.381209619,-0.078842655,2.203471081,0.020956277,2.360251942,-0.013005322,2.176986245,-0.124382087,2.330271907,-0.026421015,-0.018081644,-0.121069598,0.122412391,-0.065275868,-0.095193682,0.115424331,-0.017270542,-0.116052566,0.117330600,-0.195009080,-0.016253634,0.195685262,-0.038228219,-0.050215233,0.063110746,-0.221493916,-0.161591998,0.274174267,-0.068208253,-0.063630926,0.093280548
16.700000000,2.426690318,-0.101257508,2.301139946,-0.173152627,2.414103141,-0.143304417,2.414103141,-0.143304417,2.452064917,-0.079601443,2.324811143,0.023566465,2.383098097,-0.091646499,2.381748307,-0.087753093,2.370702192,-0.078962027,0.012587176,0.042046909,0.043890541,-0.112963195,-0.029848210,0.116840058,0.037961775,0.063702974,0.074156357,-0.089291999,0.166870883,0.189258956,-0.031005045,0.051657918,0.060248264,-0.032354835,0.055551324,0.064286740,-0.043400949,0.064342390,0.077611762
16.800000000,2.460711351,-0.087109806,2.679677797,-0.060101952,2.539357359,-0.005075233,2.539357359,-0.005075233,2.558347735,-0.080770626,2.340599916,0.015132353,2.381198493,-0.083136635,2.381748307,-0.087753093,2.419304750,-0.096818232,-0.078646008,-0.082034573,0.113643591,0.140320438,-0.055026719,0.150724136,0.018990376,-0.075695393,0.078041187,-0.198757443,0.020207586,0.199782050,-0.158158866,-0.078061402,0.176374061,-0.157609052,-0.082677860,0.177978206,-0.120052609,-0.091742999,0.151094032
16.900000000,2.670084964,0.032629784,2.620820602,0.089606503,2.559946275,-0.204192651,2.559946275,-0.204192651,2.664639753,-0.081296865,2.490268944,0.028994588,2.653661824,0.071945484,2.403944405,-0.092197072,2.456101018,-0.083185363,0.110138688,0.236822435,0.261180773,0.060874327,0.293799154,0.300039375,0.104693478,0.122895786,0.161443793,-0.069677332,0.233187239,0.243374648,0.093715549,0.276138135,0.291607397,-0.156001870,0.111995579,0.192040603,-0.103845257,0.121007288,0.159457208
16.980000000,2.729160329,-0.131873138,2.772448011,-0.144197453,2.546305832,-0.104841985,2.546305832,-0.104841985,2.699956511,-0.078560442,2.400117148,0.007040946,2.653661824,0.071945484,2.557186588,-0.007582161,2.660708685,0.031741055,0.182854497,-0.027031153,0.184841690,0.226142179,-0.039355468,0.229541147,0.153650680,0.026281543,0.155882170,-0.146188683,0.111882931,0.184089438,0.107355993,0.176787469,0.206831135,0.010880756,0.097259824,0.097866564,0.114402853,0.136583040,0.178165484
17.080000000,2.781140495,-0.002189607,2.762021288,0.015979454,2.781740427,0.049728589,2.781740427,0.049728589,2.786621130,-0.060808375,2.590194382,0.045178826,2.785047880,0.010341203,2.783094188,0.004075798,2.724829427,-0.126355277,-0.000599932,-0.051918196,0.051921662,-0.019719139,-0.033749135,0.039087703,0.004880703,-0.110536964,0.110644664,-0.191546045,-0.004549763,0.191600073,0.003307453,-0.039387386,0.039526010,0.001353761,-0.045652791,0.045672858,-0.056911000,-0.176083866,0.185052397
17.200000000,3.021962880,0.017901885,2.899347288,-0.102247030,3.035970304,0.031656744,3.035970304,0.031656744,2.868810043,-0.028069762,2.757573170,0.089551510,2.785047880,0.010341203,2.783094188,0.004075798,2.777357694,-0.000443451,-0.014007424,-0.013754859,0.019631711,-0.136623016,-0.133903775,0.191300992,-0.167160260,-0.059726507,0.177510023,-0.278397134,0.057894766,0.284353245,-0.250922423,-0.021315542,0.251826160,-0.252876116,-0.027580947,0.254375782,-0.258612610,-0.032100195,0.260597208
17.280000000,2.981743023,0.110641508,2.944290990,0.120528476,3.006081640,-0.011295243,3.006081640,-0.011295243,2.943944079,0.018632085,2.855891217,0.133906938,2.926587421,-0.072583224,2.974275150,-0.027340669,3.016064129,0.020728747,-0.024338618,0.121936751,0.124342027,-0.061790651,0.131823719,0.145587009,-0.062137561,0.029927328,0.068968989,-0.150190423,0.145202180,0.208903893,-0.079494220,-0.061287981,0.100377027,-0.031806490,-0.016045427,0.035624550,0.009982488,0.032023989,0.033543792
17.400000000,2.979825638,0.177088515,3.067904971,0.055357451,3.067904971,0.055357451,3.067904971,0.055357451,3.009633919,0.077888475,2.955876237,0.184399862,2.967731574,0.202912845,2.974275150,-0.027340669,2.980179252,0.111859008,-0.088079333,0.121731064,0.150254520,0.000000000,0.000000000,0.000000000,-0.058271051,0.022531024,0.062475295,-0.112028734,0.129042411,0.170887042,-0.100173397,0.147555394,0.178346023,-0.093629820,-0.082698120,0.124922065,-0.087725718,0.056501557,0.104346671
17.480000000,3.073585703,-0.006100237,3.048964353,0.197123404,3.078303757,0.189071372,3.078303757,0.189071372,3.073141310,0.162896116,3.161307422,0.327011036,3.077279187,-0.038719635,2.973778606,0.190000680,2.987488933,0.183055855,-0.004718055,-0.195171608,0.195228627,-0.029339405,0.008052033,0.030424265,-0.005162448,-0.026175255,0.026679484,0.083003665,0.137939664,0.160987451,-0.001024570,-0.227791006,0.227793310,-0.104525152,0.000929308,0.104529283,-0.090814824,-0.006015516,0.091013838
17.600000000,3.160044588,0.285359013,3.167785012,0.295745618,3.167785012,0.295745618,3.167785012,0.295745618,3.111405025,0.242648869,3.254765576,0.430458360,3.116745348,0.206169785,3.095165526,0.100034774,3.081072928,0.022331482,-0.007740424,-0.010386605,0.012953599,0.000000000,0.000000000,0.000000000,-0.056379987,-0.053096749,0.077446548,0.086980563,0.134712742,0.160353177,-0.051039664,-0.089575833,0.103096445,-0.072619487,-0.195710843,0.208749429,-0.086712084,-0.273414136,0.286834927
17.680000000,3.169186661,0.422080656,3.163912802,0.426593528,3.054663990,0.307555976,3.054663990,0.307555976,3.131539725,0.310536431,3.293686864,0.487216072,3.116745348,0.206169785,3.095165526,0.100034774,3.167482804,0.296753323,0.114522671,0.114524679,0.161960935,0.109248813,0.119037552,0.161571166,0.076875735,0.002980454,0.076933489,0.239022874,0.179660095,0.299014522,0.062081359,-0.101386191,0.118883367,0.040501536,-0.207521202,0.211436571,0.112818815,-0.010802653,0.113334824
17.780000000,3.138014520,0.364546202,3.138698721,0.314710416,3.162979802,0.447348119,3.162979802,0.447348119,3.142871704,0.398266006,3.340668107,0.574663653,3.177246840,0.447608941,3.138394968,0.245764399,3.182742236,0.432986080,-0.024965282,-0.082801917,0.086483656,-0.024281081,-0.132637703,0.134841875,-0.020108098,-0.049082114,0.053041395,0.177688305,0.127315533,0.218591808,0.014267038,0.000260821,0.014269422,-0.024584834,-0.201583720,0.203077351,0.019762434,-0.014362040,0.024429940
17.880000000,3.254445966,0.541532041,3.290193851,0.521438143,3.125563125,0.349080776,3.125563125,0.349080776,3.144161718,0.486826218,3.366282251,0.690652267,3.137739437,0.359677285,3.173216751,0.434844798,3.152262804,0.381627611,0.128882841,0.192451265,0.231620975,0.164630726,0.172357367,0.238349193,0.018598592,0.137745442,0.138995375,0.240719125,0.341571491,0.417871728,0.012176312,0.010596509,0.016141517,0.047653625,0.085764022,0.098113891,0.026699679,0.032546835,0.042097141
17.980000000,3.153970464,0.554037395,3.118043106,0.611442423,3.161302546,0.539271634,3.161302546,0.539271634,3.139826860,0.575309348,3.367190442,0.760920934,3.277699369,0.554397153,3.137876979,0.362111744,3.261365818,0.550774281,-0.007332082,0.014765761,0.016485967,-0.043259440,0.072170788,0.084142747,-0.021475686,0.036037713,0.041951422,0.205887896,0.221649299,0.302519814,0.116396824,0.015125518,0.117375474,-0.023425567,-0.177159891,0.178701942,0.100063272,0.011502647,0.100722239
18.080000000,3.095103343,0.722205161,3.083882690,0.710852938,3.267195564,0.535248041,3.267195564,0.535248041,3.135470161,0.663767865,3.386446913,0.766110510,3.086729416,0.735018938,3.266072668,0.547964597,3.166145275,0.564965226,-0.172092221,0.186957120,0.254103713,-0.183312873,0.175604897,0.253851708,-0.131725403,0.128519824,0.184035124,0.119251350,0.230862470,0.259842961,-0.180466148,0.199770897,0.269214491,-0.001122896,0.012716556,0.012766037,-0.101050288,0.029717185,0.105329349
18.200000000,3.109413755,0.810694421,3.092590810,0.792651176,3.033666981,0.866808328,3.033666981,0.866808328,3.130247390,0.769933515,3.399414910,0.851087811,3.086729416,0.735018938,3.136908454,0.589987591,3.112779120,0.729491702,0.075746773,-0.056113907,0.094267408,0.058923829,-0.074157153,0.094716951,0.096580409,-0.096874814,0.136793658,0.365747929,-0.015720518,0.366085621,0.053062434,-0.131789391,0.142070635,0.103241472,-0.276820737,0.295446310,0.079112139,-0.137316626,0.158475822
18.280000000,3.036038442,0.842605062,2.921681095,0.758093018,3.052886062,0.848003032,3.052886062,0.848003032,3.126762967,0.840709748,3.419283323,0.869449968,2.929870036,0.815413532,3.105931229,0.817843575,3.123033754,0.813979294,-0.016847620,-0.005397970,0.017691252,-0.131204967,-0.089910014,0.159055192,0.073876904,-0.007293285,0.074236035,0.366397261,0.021446936,0.367024418,-0.123016027,-0.032589500,0.127259650,0.053045166,-0.030159457,0.061019526,0.070147691,-0.034023738,0.077963538
18.380000000,3.064520947,0.996088682,3.063608522,0.986232823,3.192953871,0.899212125,3.192953871,0.899212125,3.122415883,0.929186023,3.427461526,0.988838532,2.929870036,0.815413532,3.019641895,0.813053976,3.052214752,0.846156205,-0.128432924,0.096876557,0.160872879,-0.129345349,0.087020698,0.155893621,-0.070537988,0.029973899,0.076642301,0.234507655,0.089626407,0.251051256,-0.263083835,-0.083798593,0.276107422,-0.173311976,-0.086158148,0.193546551,-0.140739119,-0.053055919,0.150407547
18.480000000,3.141137598,0.895380948,3.147887598,0.821006796,3.154002932,1.127713071,3.154002932,1.127713071,3.117229887,1.035343314,3.422020531,0.976399732,3.052622065,1.010940911,2.997195491,0.905751107,3.078498544,0.995639068,-0.012865335,-0.232332122,0.232688057,-0.006115334,-0.306706275,0.306767235,-0.036773046,-0.092369756,0.099420464,0.268017599,-0.151313338,0.307781025,-0.101380867,-0.116772160,0.154640931,-0.156807441,-0.221961964,0.271764028,-0.075504388,-0.132074003,0.152133017
18.580000000,3.141229268,0.991224811,3.152230487,0.898663001,3.337349797,1.086310166,3.337349797,1.086310166,3.113744050,1.106136115,3.454285554,1.131494498,3.145643528,0.869591665,3.096879832,0.953160930,3.151594323,0.901510053,-0.196120529,-0.095085355,0.217955240,-0.185119310,-0.187647164,0.263591762,-0.223605746,0.019825949,0.224482957,0.116935758,0.045184332,0.125361857,-0.191706268,-0.216718500,0.289340978,-0.240469965,-0.133149236,0.274871830,-0.185755474,-0.184800113,0.262023239
18.680000000,3.148538133,1.237604319,3.140480453,1.224398570,3.094849352,1.321293401,3.094849352,1.321293401,3.109388265,1.194600052,3.426400563,1.140251397,3.146739649,0.963449338,3.143390563,0.882486307,3.150886623,0.995123105,0.053688780,-0.083689082,0.099430114,0.045631101,-0.096894830,0.107101847,0.014538913,-0.126693349,0.127524839,0.331551211,-0.181042004,0.377759728,0.051890296,-0.357844063,0.361586748,0.048541211,-0.438807094,0.441483765,0.056037271,-0.326170295,0.330948995
18.800000000,3.037379176,1.240843588,3.023008700,1.136960572,2.958936261,1.250793200,3.091046184,1.398343102,3.104091833,1.300754667,3.440595917,1.224323774,3.009299226,1.194759659,3.096611953,1.243169402,3.157641394,1.235680224,-0.053667008,-0.157499514,0.166391841,-0.068037484,-0.261382529,0.270092440,0.013045649,-0.097588435,0.098456546,0.349549733,-0.174019328,0.390471180,-0.081746958,-0.203583443,0.219382733,0.005565769,-0.155173700,0.155273484,0.066595210,-0.162662877,0.175767271
18.880000000,2.999026491,1.334816006,2.958938314,1.254944037,2.926700859,1.408661253,2.926700859,1.408661253,3.100560981,1.371533379,3.428621503,1.256960494,3.009299226,1.194759659,3.096611953,1.243169402,3.049027586,1.240366352,0.072325631,-0.073845246,0.103364004,0.032237455,-0.153717216,0.157061249,0.173860122,-0.037127874,0.177780261,0.501920644,-0.151700759,0.524344785,0.082598367,-0.213901594,0.229295404,0.169911094,-0.165491850,0.237186282,0.122326727,-0.168294901,0.208055286
19.000000000,3.066943403,1.499606583,3.080661533,1.455115363,2.925330319,1.319404095,2.925330319,1.319404095,3.095261621,1.477695291,3.441631569,1.271165877,2.970135981,1.321557266,3.004162858,1.264787832,3.010310350,1.333193298,0.141613084,0.180202488,0.229188137,0.155331214,0.135711267,0.206265203,0.169931302,0.158291196,0.232234257,0.516301250,-0.048238218,0.518549811,0.044805662,0.002153171,0.044857368,0.078832539,-0.054616263,0.095903626,0.084980031,0.013789202,0.086091508
19.100000000,3.130669609,1.589062938,3.184926537,1.576068188,3.175169749,1.646669882,3.175169749,1.646669882,3.089887816,1.583862048,3.458053851,1.360773864,2.941844874,1.343196641,2.984581236,1.328186636,3.076875942,1.495405567,-0.044500140,-0.057606943,0.072793010,0.009756788,-0.070601694,0.071272674,-0.085281933,-0.062807834,0.105914268,0.282884102,-0.285896018,0.402193919,-0.233324874,-0.303473241,0.382800868,-0.190588513,-0.318483245,0.371154360,-0.098293807,-0.151264315,0.180395580
19.200000000,3.128761124,1.591968435,3.145729205,1.462508999,3.116780303,1.664572232,3.116780303,1.664572232,3.085390213,1.672308596,3.455202013,1.455936555,3.143409503,1.547757859,3.137672927,1.587555435,3.137698807,1.584931669,0.011980821,-0.072603797,0.073585674,0.028948902,-0.202063233,0.204126405,-0.031390090,0.007736364,0.032329384,0.338421709,-0.208635677,0.397565214,0.026629200,-0.116814374,0.119811152,0.020892624,-0.077016797,0.079800306,0.020918504,-0.079640563,0.082341989
19.280000000,2.983671813,1.743307897,3.011960307,1.831454189,3.153107740,1.574305384,3.153107740,1.574305384,3.081751465,1.743094456,3.470282426,1.505301631,2.959953076,1.745107428,3.137672927,1.587555435,3.135146761,1.588566408,-0.169435927,0.169002513,0.239312313,-0.141147433,0.257148805,0.293339574,-0.071356275,0.168789073,0.183252473,0.317174686,-0.069003752,0.324594053,-0.193154664,0.170802044,0.257841158,-0.015434813,0.013250051,0.020342009,-0.017960979,0.014261025,0.022934114
19.400000000,2.964468350,1.911521372,2.928472102,1.907826961,2.928472102,1.907826961,2.928472102,1.907826961,3.077266274,1.831555507,3.477739333,1.573531021,3.111639763,1.884876398,2.971812444,1.744207662,2.992939121,1.738775161,0.035996248,0.003694411,0.036185336,0.000000000,0.000000000,0.000000000,0.148794172,-0.076271454,0.167203589,0.549267231,-0.334295940,0.642999430,0.183167661,-0.022950563,0.184599893,0.043340342,-0.163619299,0.169262105,0.064467019,-0.169051801,0.180926802
19.500000000,3.132929003,1.944849812,3.183235660,1.893067144,3.008199539,2.090375721,3.008199539,2.090375721,3.072758616,1.920025557,3.466953161,1.610436961,3.111639763,1.884876398,2.971812444,1.744207662,2.973461825,1.905599144,0.124729464,-0.145525909,0.191664367,0.175036121,-0.197308577,0.263758067,0.064559077,-0.170350164,0.182173140,0.458753622,-0.479938760,0.663924769,0.103440224,-0.205499323,0.230064885,-0.036387095,-0.346168058,0.348075201,-0.034737714,-0.184776577,0.188013542
19.600000000,3.043570521,1.889493670,3.043451713,1.731695221,3.042304749,1.933139535,3.042304749,1.933139535,3.068241337,2.008478322,3.447288376,1.608880063,3.025549162,2.072620785,3.038054056,1.898198885,3.137999502,1.939789900,0.001265772,-0.043645865,0.043664216,0.001146963,-0.201444315,0.201447580,0.025936587,0.075338787,0.079678349,0.404983627,-0.324259472,0.518802413,-0.016755587,0.139481250,0.140484051,-0.004250693,-0.034940650,0.035198259,0.095694753,0.006650365,0.095925560
19.700000000,3.058652262,2.067804519,3.065026941,2.012777621,2.948052463,2.131181735,2.948052463,2.131181735,3.063747262,2.096941967,3.457999542,1.711037717,3.034670535,1.837722354,3.039120528,1.863608012,3.080706668,1.873502593,0.110599799,-0.063377217,0.127471515,0.116974478,-0.118404114,0.166440868,0.115694799,-0.034239768,0.120655079,0.509947079,-0.420144018,0.660732184,0.086618072,-0.293459381,0.305975651,0.091068065,-0.267573723,0.282646581,0.132654205,-0.257679142,0.289820080
19.800000000,3.029820041,2.168166149,3.037180804,2.099871880,3.074558879,2.112227080,3.074558879,2.112227080,3.059273141,2.185410669,3.469672660,1.797899735,3.020969320,2.144037759,3.039120528,1.863608012,3.124273129,2.013443437,-0.044738838,0.055939069,0.071629205,-0.037378074,-0.012355200,0.039367136,-0.015285738,0.073183589,0.074762902,0.395113782,-0.314327345,0.504892643,-0.053589558,0.031810679,0.062319821,-0.035438350,-0.248619068,0.251132072,0.049714251,-0.098783643,0.110588041
19.880000000,2.968532281,2.150419990,2.933322694,2.079570928,2.971294679,2.135075443,2.971294679,2.135075443,3.055670101,2.256177696,3.454631046,1.805729805,3.020969320,2.144037759,3.010096059,2.094686697,3.095313360,2.110490814,-0.002762398,0.015344547,0.015591214,-0.037971985,-0.055504515,0.067250448,0.084375422,0.121102253,0.147597315,0.483336366,-0.329345638,0.584878272,0.049674641,0.008962316,0.050476659,0.038801379,-0.040388746,0.056007123,0.124018680,-0.024584629,0.126431946
19.980000000,2.892147251,2.359784434,2.853347155,2.346505404,3.030033154,2.292114072,3.030033154,2.292114072,3.050177452,2.362326260,3.469031350,1.894945132,2.951191908,2.125571406,2.959862094,2.137995698,3.064958112,2.093075372,-0.137885904,0.067670362,0.153596225,-0.176685999,0.054391332,0.184868492,0.020144298,0.070212188,0.073044809,0.438998196,-0.397168940,0.591998804,-0.078841246,-0.166542665,0.184261774,-0.070171060,-0.154118374,0.169341226,0.034924958,-0.199038700,0.202079580
20.080000000,2.961806472,2.517372119,2.966313838,2.397199339,2.966313838,2.397199339,2.966313838,2.397199339,3.045605359,2.450793707,3.462990353,1.987858412,3.003425448,2.303605455,2.947786349,2.331694944,3.020292153,2.271001361,-0.004507366,0.120172780,0.120257280,0.000000000,0.000000000,0.000000000,0.079291522,0.053594368,0.095705286,0.496676516,-0.409340928,0.643620662,0.037111610,-0.093593884,0.100683101,-0.018527489,-0.065504395,0.068074177,0.053978316,-0.126197978,0.137257380
20.200000000,3.014726574,2.625162512,3.015727726,2.619683889,2.869610500,2.597762737,2.869610500,2.597762737,3.041075889,2.539243649,3.481380098,2.032558745,2.962852164,2.419957188,2.947786349,2.331694944,3.070376712,2.402664858,0.145116074,0.027399775,0.147680136,0.146117227,0.021921152,0.147752431,0.171465389,-0.058519088,0.181176332,0.611769598,-0.565203992,0.832897109,0.093241664,-0.177805549,0.200770569,0.078175849,-0.266067793,0.277314864,0.200766212,-0.195097879,0.279946878
20.300000000,2.966284443,2.622029874,3.079152700,2.692226777,3.079152700,2.692226777,3.079152700,2.692226777,3.032792764,2.627366412,3.460598814,2.143098810,3.010674339,2.645862916,2.962329318,2.468664653,3.121427325,2.473282901,-0.112868256,-0.070196903,0.132916698,0.000000000,0.000000000,0.000000000,-0.046359935,-0.064860365,0.079725219,0.381446114,-0.549127967,0.668612490,-0.068478361,-0.046363861,0.082697603,-0.116823382,-0.223562124,0.252245368,0.042274625,-0.218943876,0.222987813
20.400000000,3.130998215,2.715859980,3.194308570,2.660626254,2.797540897,2.831536817,2.797540897,2.831536817,2.996319373,2.745569150,3.429695944,2.269566416,3.173272012,2.690257764,2.958520022,2.594285740,3.090077376,2.502430822,0.333457318,-0.115676837,0.352951715,0.396767674,-0.170910563,0.432012740,0.198778476,-0.085967667,0.216571749,0.632155047,-0.561970401,0.845831387,0.375731116,-0.141279053,0.401414552,0.160979125,-0.237251077,0.286709526,0.292536479,-0.329105995,0.440327546
20.500000000,2.865491119,2.857089727,2.797540897,2.831536817,3.006501840,2.464983949,3.006501840,2.464983949,2.971974161,2.792781249,3.454028791,2.376555791,3.173272012,2.690257764,2.958520022,2.594285740,3.222103713,2.579736422,-0.141010721,0.392105777,0.416690489,-0.208960944,0.366552868,0.421930896,-0.034527679,0.327797300,0.329610725,0.447526950,-0.088428159,0.456179691,0.166770172,0.225273814,0.280286606,-0.047981819,0.129301791,0.137917396,0.215601873,0.114752473,0.244238198
20.580000000,2.949033855,2.912884642,2.895594343,2.569762046,2.965798053,2.958560233,2.965798053,2.958560233,2.931985430,2.851220638,3.381727386,2.431452340,2.815571121,2.900786951,3.152135113,2.703058872,3.230981969,2.610839251,-0.016764199,-0.045675591,0.048654886,-0.070203710,-0.388798187,0.395085549,-0.033812623,-0.107339595,0.112539247,0.415929333,-0.527107893,0.671446156,-0.150226932,-0.057773282,0.160953047,0.186337060,-0.255501361,0.316231633,0.265183915,-0.347720982,0.437301258
20.720000000,2.790164199,2.946456499,2.715768392,2.698203971,2.857147431,3.031783751,2.857147431,3.031783751,2.843654532,2.937810336,3.176423147,2.642962974,2.753490984,2.915706625,2.957058977,2.915517754,3.018149740,2.830840871,-0.066983232,-0.085327252,0.108478078,-0.141379039,-0.333579780,0.362303053,-0.013492899,-0.093973415,0.094937143,0.319275716,-0.388820777,0.503108914,-0.103656447,-0.116077125,0.155623128,0.099911547,-0.116265996,0.153297420,0.161002309,-0.200942880,0.257487445
20.780000000,2.747959956,3.099721584,2.741038575,3.122546122,2.734409784,2.943127539,2.734409784,2.943127539,2.784444210,2.976647105,3.126032493,2.696988396,2.715057852,3.127088337,2.957058977,2.915517754,2.906943097,2.854700334,0.013550172,0.156594044,0.157179203,0.006628790,0.179418582,0.179540994,0.050034426,0.033519565,0.060224622,0.391622709,-0.246139143,0.462550347,-0.019351933,0.183960798,0.184975870,0.222649193,-0.027609785,0.224354549,0.172533313,-0.088427205,0.193873966
20.900000000,2.667559383,2.945657625,2.683527282,2.883429438,2.810459387,3.158442529,2.810459387,3.158442529,2.703708188,3.012795370,2.983250920,2.801342777,2.715057852,3.127088337,2.771827591,2.931081562,2.838933898,2.996482574,-0.142900004,-0.212784905,0.256315873,-0.126932104,-0.275013091,0.302892653,-0.106751199,-0.145647159,0.180579383,0.172791533,-0.357099752,0.396707886,-0.095401535,-0.031354192,0.100421802,-0.038631796,-0.227360967,0.230619655,0.028474511,-0.161959955,0.164443987
20.980000000,2.659682356,3.047695080,2.686064638,3.019486104,2.720135696,2.915665359,2.720135696,2.915665359,2.635289731,3.031081296,2.853352059,2.842589228,2.668226608,2.909602064,2.667892995,2.927629844,2.737670058,2.911973379,-0.060453341,0.132029721,0.145211754,-0.034071058,0.103820745,0.109268404,-0.084845965,0.115415937,0.143246907,0.133216363,-0.073076131,0.151943148,-0.051909089,-0.006063296,0.052262004,-0.052242701,0.011964485,0.053595230,0.017534361,-0.003691980,0.017918832
21.100000000,2.509313185,2.950873752,2.506593163,2.952023824,2.506593163,2.952023824,2.506593163,2.952023824,2.529800934,3.043719908,2.718434033,2.883999841,2.623949177,2.877275148,2.661337328,3.044388742,2.676504258,3.000825519,0.002720022,-0.001150072,0.002953165,0.000000000,0.000000000,0.000000000,0.023207771,0.091696084,0.094587380,0.211840870,-0.068023983,0.222494531,0.117356013,-0.074748676,0.139139493,0.154744165,0.092364918,0.180213858,0.169911095,0.048801695,0.176780614
21.180000000,2.539024301,3.097242317,2.604538331,3.122473591,2.500539215,2.964958825,2.500539215,2.964958825,2.459250778,3.050279898,2.628717556,2.891548400,2.623949177,2.877275148,2.661337328,3.044388742,2.571237923,2.930491915,0.038485086,0.132283492,0.137768008,0.103999116,0.157514765,0.188750411,-0.041288437,0.085321073,0.094786183,0.128178341,-0.073410425,0.147711806,0.123409962,-0.087683677,0.151388394,0.160798113,0.079429916,0.179346438,0.070698708,-0.034466910,0.078652878
21.300000000,2.388356770,3.211256357,2.453635346,3.323084768,2.322993929,3.233553298,2.322993929,3.233553298,2.265217470,3.034997099,2.287983792,3.027655451,2.565322899,3.099356098,2.566631181,2.914074450,2.490257856,3.074599343,0.065362841,-0.022296941,0.069061238,0.130641417,0.089531470,0.158376337,-0.057776459,-0.198556198,0.206791400,-0.035010137,-0.205897846,0.208853137,0.242328970,-0.134197200,0.277005809,0.243637252,-0.319478848,0.401778353,0.167263927,-0.158953955,0.230745706
21.420000000,2.237461950,3.125575057,2.285479851,2.933676839,2.285479851,2.933676839,2.285479851,2.933676839,2.212389739,3.029135860,2.225249248,3.020245140,2.324220027,3.236076960,2.398179829,3.237201415,2.352034669,3.166087809,-0.048017901,0.191898218,0.197814673,0.000000000,0.000000000,0.000000000,-0.073090113,0.095459021,0.120227240,-0.060230604,0.086568302,0.105459928,0.038740176,0.302400121,0.304871505,0.112699978,0.303524577,0.323772225,0.066554817,0.232410971,0.241752772
21.480000000,2.220201969,2.963591389,2.285479851,2.933676839,2.191511726,2.937287817,2.191511726,2.937287817,2.194773308,3.027187647,2.194000602,3.032725671,2.324220027,3.236076960,2.398179829,3.237201415,2.234812028,3.102720483,0.028690242,0.026303572,0.038923102,0.093968125,-0.003610979,0.094037480,0.003261581,0.089899829,0.089958975,0.002488876,0.095437853,0.095470301,0.132708301,0.298789142,0.326934924,0.206668103,0.299913598,0.364225028,0.043300301,0.165432666,0.171005506
21.580000000,2.064640285,3.160362995,2.088792501,3.241961586,2.162697694,3.132782157,2.162697694,3.132782157,2.106736963,3.017436771,2.107499854,3.037606295,2.159758414,2.966493010,2.189980191,2.965042199,2.190514775,2.974608543,-0.098057408,0.027580838,0.101862446,-0.073905193,0.109179429,0.131841288,-0.055960731,-0.115345386,0.128203594,-0.055197839,-0.095175863,0.110023844,-0.002939280,-0.166289148,0.166315123,0.027282498,-0.167739958,0.169944191,0.027817081,-0.158173614,0.160601003
21.700000000,1.902412488,3.117784345,1.888019052,3.184584297,1.981298796,3.153066404,1.981298796,3.153066404,2.001099838,3.005640377,2.035784830,3.038598418,1.869556157,3.166309315,2.112199350,3.063428002,2.059458311,3.138496041,-0.078886308,-0.035282060,0.086416858,-0.093279744,0.031517893,0.098460592,0.019801042,-0.147426028,0.148749840,0.054486033,-0.114467986,0.126774002,-0.111742639,0.013242911,0.112524629,0.130900553,-0.089638402,0.158650553,0.078159515,-0.014570364,0.079506007
21.780000000,1.947675945,3.092899853,1.998874008,3.108356631,1.838141112,2.976910031,1.838141112,2.976910031,1.930443982,3.000235807,1.983844504,3.038251495,1.869556157,3.166309315,2.063165005,3.175058187,1.929791185,3.106413994,0.109534833,0.115989822,0.159535320,0.160732896,0.131446600,0.207637358,0.092302870,0.023325776,0.095204577,0.145703392,0.061341464,0.158089385,0.031415045,0.189399284,0.191986962,0.225023893,0.198148156,0.299830692,0.091650072,0.129503963,0.158653749
21.880000000,1.764038196,2.898799377,1.780715222,2.871669258,1.860175239,2.889150100,1.860175239,2.889150100,1.842125021,2.993480654,1.983193643,3.055411088,1.749302138,2.872394693,1.951663343,3.099080484,1.953276794,3.086988183,-0.096137043,0.009649277,0.096620079,-0.079460017,-0.017480842,0.081360150,-0.018050217,0.104330554,0.105880474,0.123018404,0.166260988,0.206824186,-0.110873100,-0.016755407,0.112132012,0.091488104,0.209930384,0.228999649,0.093101555,0.197838083,0.218649964
21.980000000,1.721352347,3.106957538,1.745625227,3.167460614,1.580977059,3.015557905,1.580977059,3.015557905,1.753811592,2.986701084,1.915651271,3.070495028,1.749302138,2.872394693,1.848489042,2.982647273,1.786887487,2.921793216,0.140375287,0.091399633,0.167508550,0.164648167,0.151902709,0.224016633,0.172834533,-0.028856821,0.175226973,0.334674211,0.054937123,0.339153233,0.168325079,-0.143163212,0.220972934,0.267511983,-0.032910632,0.269528793,0.205910428,-0.093764689,0.226254107
22.080000000,1.658736744,3.012718842,1.708323553,3.020519540,1.706713899,3.177193061,1.706713899,3.177193061,1.665457921,2.980488142,1.907228104,3.068896002,1.718265200,3.126026734,1.719808774,3.116492136,1.748933015,3.102155546,-0.047977155,-0.164474218,0.171328853,0.001609654,-0.156673520,0.156681789,-0.041255978,-0.196704918,0.200984777,0.200514206,-0.108297059,0.227890762,0.011551302,-0.051166327,0.052454033,0.013094875,-0.060700925,0.062097327,0.042219117,-0.075037515,0.086099259
22.180000000,1.598787025,3.001804532,1.637681581,2.989630538,1.684316599,2.849456660,1.684316599,2.849456660,1.576886892,2.979914988,1.867162236,3.084899490,1.606852721,3.004449069,1.719808774,3.116492136,1.683432598,3.021271360,-0.085529574,0.152347872,0.174714573,-0.046635018,0.140173878,0.147727929,-0.107429707,0.130458328,0.168998572,0.182845637,0.235442830,0.298103763,-0.077463878,0.154992409,0.173272327,0.035492174,0.267035476,0.269383815,-0.000884001,0.171814700,0.171816975
22.300000000,1.403411516,2.864421221,1.407744265,2.825543903,1.557762171,3.033983087,1.557762171,3.033983087,1.470585092,2.979288441,2.088846322,2.986294301,1.606852721,3.004449069,1.632794732,3.008583956,1.625154683,3.010766930,-0.154350656,-0.169561866,0.229293156,-0.150017907,-0.208439184,0.256811732,-0.087177080,-0.054694646,0.102914273,0.531084151,-0.047688786,0.533220963,0.049090550,-0.029534018,0.057289967,0.075032561,-0.025399131,0.079214904,0.067392511,-0.023216157,0.071279313
22.400000000,1.348974605,3.000405803,1.369460789,3.008938975,1.251307692,2.964252734,1.251307692,2.964252734,1.382013348,2.978800430,1.741735800,3.087463588,1.357105878,3.008277081,1.400964311,2.843286612,1.472033880,2.876766266,0.097666913,0.036153069,0.104143508,0.118153097,0.044686241,0.126321077,0.130705656,0.014547696,0.131512752,0.490428108,0.123210854,0.505668512,0.105798186,0.044024347,0.114592318,0.149656619,-0.120966123,0.192431563,0.220726188,-0.087486468,0.237431953
22.480000000,1.338638512,2.936837968,1.396099448,2.924190646,1.226731607,3.123462494,1.226731607,3.123462494,1.311235759,2.981569828,1.975459856,3.004572625,1.355657748,2.929306830,1.380258697,2.936349151,1.409044712,3.000805336,0.111906905,-0.186624526,0.217604846,0.169367841,-0.199271848,0.261523871,0.084504152,-0.141892666,0.165149872,0.748728249,-0.118889869,0.758108694,0.128926141,-0.194155664,0.233063021,0.153527090,-0.187113343,0.242037126,0.182313105,-0.122657158,0.219733581
22.580000000,1.188096724,2.973367674,1.280347521,2.982803779,1.280347521,2.982803779,1.280347521,2.982803779,1.222845296,2.987357308,1.891310541,3.017427029,1.178245155,2.968294064,1.353040241,3.004341442,1.391517249,2.942724498,-0.092250797,-0.009436105,0.092732139,0.000000000,0.000000000,0.000000000,-0.057502225,0.004553529,0.057682237,0.610963020,0.034623250,0.611943283,-0.102102366,-0.014509715,0.103128197,0.072692720,0.021537663,0.075816242,0.111169728,-0.040079281,0.118173843
22.720000000,1.066280405,3.000639971,1.103262113,3.001734704,0.919786736,2.955457699,0.919786736,2.955457699,1.099108747,2.995569616,1.684140724,3.141604728,1.178245155,2.968294064,1.347148130,2.933072399,1.229615463,2.985897297,0.146493669,0.045182272,0.153303075,0.183475377,0.046277005,0.189221497,0.179322011,0.040111916,0.183753502,0.764353988,0.186147029,0.786694181,0.258458419,0.012836365,0.258776982,0.427361394,-0.022385301,0.427947266,0.309828727,0.030439598,0.311320428
22.800000000,0.912407702,3.071435164,0.931334602,3.116574591,0.858283815,3.030939203,0.858283815,3.030939203,1.028393215,3.000285662,1.606012825,3.149450896,0.905167687,2.960797922,1.122262780,2.984467018,1.125510066,3.002937454,0.054123888,0.040495960,0.067596731,0.073050787,0.085635388,0.112560372,0.170109400,-0.030653541,0.172849205,0.747729010,0.118511693,0.757062543,0.046883872,-0.070141281,0.084367629,0.263978966,-0.046472185,0.268038352,0.267226251,-0.028001749,0.268689351
22.880000000,0.910151656,3.138501365,0.956504161,3.179929837,0.961851709,3.060010024,0.961851709,3.060010024,0.957697429,3.005016555,1.721483590,3.044822420,0.919724776,3.100728961,0.908787694,3.016116543,0.956168143,3.076319241,-0.051700053,0.078491341,0.093988223,-0.005347548,0.119919813,0.120038985,-0.004154280,-0.054993468,0.055150155,0.759631881,-0.015187604,0.759783692,-0.042126933,0.040718937,0.058589336,-0.053064015,-0.043893481,0.068865284,-0.005683566,0.016309218,0.017271176
23.000000000,0.796788652,3.173188624,0.819931793,3.234707318,0.978678464,3.111374347,0.978678464,3.111374347,0.851647285,3.012107099,1.672030219,3.062473223,0.913377409,3.164492231,0.916066239,3.086082062,0.967509728,3.133912927,-0.181889812,0.061814277,0.192106503,-0.158746671,0.123332971,0.201026185,-0.127031179,-0.099267248,0.161216956,0.693351755,-0.048901124,0.695074080,-0.065301055,0.053117884,0.084176822,-0.062612225,-0.025292285,0.067527701,-0.011168736,0.022538580,0.025154090
23.080000000,0.768011681,3.087412310,0.778111508,3.091386385,0.694129384,3.114026260,0.694129384,3.114026260,0.780937514,3.016830625,1.649173327,3.087236029,0.780396509,3.216130978,0.788592581,3.194659801,0.848475379,3.167209991,0.073882297,-0.026613951,0.078529588,0.083982124,-0.022639875,0.086980234,0.086808129,-0.097195636,0.130317470,0.955043942,-0.026790232,0.955419619,0.086267125,0.102104718,0.133668957,0.094463196,0.080633541,0.124197679,0.154345994,0.053183731,0.163251938
23.200000000,0.694832020,2.943005682,0.768856581,2.887633666,0.627024263,2.930240953,0.627024263,2.930240953,0.692553154,3.022759521,1.626760680,3.095423503,0.767051318,3.092883055,0.774204095,3.151771644,0.812401937,3.087345989,0.067807756,0.012764730,0.068998769,0.141832317,-0.042607287,0.148093846,0.065528891,0.092518568,0.113374252,0.999736417,0.165182550,1.013290767,0.140027054,0.162642102,0.214616004,0.147179832,0.221530691,0.265965693,0.185377673,0.157105037,0.242995626
23.280000000,0.737054965,2.892672622,0.836463591,2.855559910,0.745019732,3.040872618,0.745019732,3.040872618,0.586475877,3.029284846,1.548849916,3.114629555,0.749119347,3.010753964,0.701941817,2.924902103,0.735293048,2.951136751,-0.007964767,-0.148199996,0.148413868,0.091443860,-0.185312708,0.206646508,-0.158543855,-0.011587772,0.158966759,0.803830184,0.073756937,0.807206944,0.004099615,-0.030118655,0.030396385,-0.043077914,-0.115970516,0.123712842,-0.009726684,-0.089735867,0.090261477
23.400000000,0.563710029,3.095470988,0.631515978,3.134516165,0.547361900,2.985466767,0.547361900,2.985466767,0.498251185,3.022711654,1.217755980,3.202173126,0.749119347,3.010753964,0.701941817,2.924902103,0.772613814,2.902424879,0.016348129,0.110004220,0.111212364,0.084154078,0.149049398,0.171165510,-0.049110715,0.037244886,0.061636384,0.670394080,0.216706359,0.704549408,0.201757447,0.025287197,0.203335953,0.154579917,-0.060564665,0.166021172,0.225251915,-0.083041888,0.240071615
23.480000000,0.380555035,2.978442569,0.384592210,2.976367821,0.211800335,2.752145160,0.211800335,2.752145160,0.429363985,3.006320794,1.081624206,3.170942876,0.610526771,3.117691798,0.743087156,2.951713293,0.590323640,3.099573751,0.168754701,0.226297409,0.282291811,0.172791875,0.224222662,0.283077435,0.217563650,0.254175634,0.334573153,0.869823871,0.418797717,0.965393751,0.398726436,0.365546638,0.540931711,0.531286821,0.199568133,0.567532489,0.378523305,0.347428592,0.513796184
23.580000000,0.351393121,2.979173443,0.414395379,3.016758537,0.167691048,2.836390911,0.167691048,2.836390911,0.344606205,2.980615139,0.971718412,3.155804583,0.363210496,2.969574180,0.587118400,3.106581393,0.405575365,2.986033082,0.183702073,0.142782532,0.232665647,0.246704331,0.180367627,0.305606786,0.176915158,0.144224228,0.228253370,0.804027364,0.319413672,0.865150332,0.195519448,0.133183269,0.236570576,0.419427352,0.270190482,0.498921036,0.237884318,0.149642171,0.281036880
23.680000000,0.339239771,2.921567758,0.418858041,2.944719056,0.285037705,2.877891843,0.285037705,2.877891843,0.248932419,2.934767395,0.919034727,3.135386390,0.357498386,2.915195087,0.351834166,2.976784323,0.372945928,2.984995055,0.054202065,0.043675915,0.069609262,0.133820336,0.066827213,0.149578604,-0.036105286,0.056875552,0.067367797,0.633997021,0.257494547,0.684292090,0.072460681,0.037303244,0.081498971,0.066796461,0.098892480,0.119337713,0.087908223,0.107103212,0.138560289
23.800000000,0.161360053,2.942853037,0.194131953,2.966539627,0.194131953,2.966539627,0.194131953,2.966539627,0.178075402,2.881795277,0.746885242,3.055443328,0.357498386,2.915195087,0.351834166,2.976784323,0.354712450,2.926906839,-0.032771900,-0.023686590,0.040435776,0.000000000,0.000000000,0.000000000,-0.016056552,-0.084744350,0.086252059,0.552753288,0.088903701,0.559857183,0.163366433,-0.051344540,0.171245009,0.157702213,0.010244696,0.158034622,0.160580496,-0.039632788,0.165399074
23.900000000,-0.000128866,2.715908746,-0.024432349,2.688286310,0.276663271,2.923627838,0.276663271,2.923627838,0.117671007,2.817163191,0.656950896,2.942031418,-0.032939094,2.691085423,0.348369078,2.918381422,0.177587016,2.943946960,-0.276792137,-0.207719092,0.346065179,-0.301095620,-0.235341527,0.382157306,-0.158992264,-0.106464647,0.191345920,0.380287625,0.018403581,0.380732675,-0.309602365,-0.232542415,0.387207437,0.071705807,-0.005246415,0.071897480,-0.099076255,0.020319122,0.101138375
24.000000000,0.035776346,2.713651548,0.023691364,2.723806065,0.160135812,2.912334538,0.160135812,2.912334538,0.069588494,2.742903766,0.551600718,2.891191334,-0.032939094,2.691085423,0.064210479,2.816969230,0.015623985,2.721253714,-0.124359466,-0.198682990,0.234393275,-0.136444448,-0.188528473,0.232723167,-0.090547318,-0.169430773,0.192108312,0.391464906,-0.021143204,0.392035467,-0.193074906,-0.221249115,0.293647902,-0.095925333,-0.095365308,0.135263489,-0.144511827,-0.191080825,0.239573683
24.100000000,-0.082719856,2.521585321,-0.144079086,2.457014644,0.011436816,2.724597880,0.011436816,2.724597880,0.035304731,2.661344728,0.503538966,2.734107221,0.029473982,2.718485592,0.001418626,2.702368485,0.046938518,2.716094650,-0.094156672,-0.203012559,0.223784669,-0.155515902,-0.267583236,0.309493108,0.023867915,-0.063253153,0.067606499,0.492102150,0.009509341,0.492194020,0.018037166,-0.006112288,0.019044669,-0.010018190,-0.022229395,0.024382578,0.035501702,-0.008503231,0.036505832
24.180000000,-0.003146052,2.597926811,0.005256678,2.627718947,-0.114446422,2.512145295,-0.114446422,2.512145295,0.018571115,2.592557356,0.387047904,2.585131641,-0.138437045,2.447423458,-0.026622937,2.620035457,-0.070655047,2.524514433,0.111300370,0.085781516,0.140521318,0.119703101,0.115573651,0.166391409,0.133017537,0.080412061,0.155434117,0.501494327,0.072986345,0.506777630,-0.023990623,-0.064721837,0.069025113,0.087823485,0.107890161,0.139115964,0.043791375,0.012369137,0.045504726
24.280000000,-0.002193580,2.651368414,0.013433690,2.742688748,-0.012761094,2.545499076,-0.012761094,2.545499076,0.009693644,2.504441926,0.376750710,2.518842616,-0.008423148,2.595895235,-0.110578451,2.484504390,0.005002063,2.596230595,0.010567514,0.105869338,0.106395438,0.026194784,0.197189672,0.198921928,0.022454738,-0.041057150,0.046796419,0.389511804,-0.026656461,0.390422863,0.004337946,0.050396159,0.050582513,-0.097817357,-0.060994686,0.115276134,0.017763157,0.050731519,0.053751435
24.400000000,-0.085222514,2.503902319,-0.122854503,2.604571278,0.051839734,2.332317395,0.051839734,2.332317395,0.001339970,2.398484868,0.360212100,2.432327185,-0.113936592,2.549934588,-0.003234838,2.667416964,0.005229223,2.647814631,-0.137062249,0.171584923,0.219607481,-0.174694237,0.272253883,0.323481457,-0.050499764,0.066167473,0.083236774,0.308372366,0.100009790,0.324184321,-0.165776326,0.217617193,0.273567236,-0.055074572,0.335099569,0.339595243,-0.046610511,0.315497235,0.318921691
24.500000000,0.055077148,2.270324822,0.077557739,2.308194787,0.087293519,2.243946626,0.087293519,2.243946626,-0.001050805,2.327694880,0.349232372,2.379464475,-0.113936592,2.549934588,-0.003234838,2.667416964,-0.077407073,2.501659016,-0.032216371,0.026378197,0.041637769,-0.009735780,0.064248162,0.064981626,-0.088344323,0.083748254,0.121731219,0.261938853,0.135517849,0.294918718,-0.201230111,0.305987962,0.366226966,-0.090528357,0.423470338,0.433038694,-0.164700591,0.257712390,0.305846303
24.580000000,-0.002511321,2.194155789,-0.039796266,2.226382698,-0.039796266,2.226382698,-0.039796266,2.226382698,-0.001794868,2.221403799,0.324570073,2.256502948,0.212498702,2.001914899,0.064687241,2.274075790,0.060387847,2.270923888,0.037284945,-0.032226909,0.049282257,0.000000000,0.000000000,0.000000000,0.038001398,-0.004978900,0.038326175,0.364366340,0.030120250,0.365609162,0.252294968,-0.224467799,0.337695934,0.104483508,0.047693091,0.114853970,0.100184113,0.044541190,0.109639291
24.700000000,0.034925969,2.224115254,0.047221340,2.331433971,0.016545968,2.215114441,0.016545968,2.215114441,-0.002393561,2.132827539,0.327861168,2.234239088,0.212498702,2.001914899,0.064687241,2.274075790,0.002586223,2.194999498,0.018380001,0.009000813,0.020465559,0.030675372,0.116319530,0.120296349,-0.018939528,-0.082286902,0.084438380,0.311315200,0.019124648,0.311902078,0.195952734,-0.213199542,0.289571267,0.048141274,0.058961349,0.076118479,-0.013959745,-0.020114943,0.024484391
24.800000000,-0.127824252,2.044888728,-0.211517243,2.082698878,0.029931938,2.087652621,0.029931938,2.087652621,-0.003114552,2.026538707,0.378739991,2.116243381,0.050614737,2.262806330,0.042770353,2.243460792,0.039592836,2.222651022,-0.157756190,-0.042763894,0.163449583,-0.241449181,-0.004953744,0.241499993,-0.033046490,-0.061113914,0.069476478,0.348808053,0.028590759,0.349977841,0.020682799,0.175153708,0.176370632,0.012838415,0.155808171,0.156336211,0.009660898,0.134998400,0.135343641
24.880000000,-0.044406132,2.147093706,-0.070924896,2.266937805,-0.026033614,1.855274464,-0.026033614,1.855274464,-0.003576937,1.955674677,0.309828153,2.017730677,-0.177912971,2.058073032,0.042770353,2.243460792,-0.120798269,2.045687895,-0.018372518,0.291819242,0.292397024,-0.044891282,0.411663341,0.414103772,0.022456677,0.100400213,0.102881024,0.335861767,0.162456213,0.373088659,-0.151879357,0.202798568,0.253366529,0.068803967,0.388186328,0.394236745,-0.094764655,0.190413431,0.212691360
24.980000000,-0.148221704,1.849772761,-0.201752372,1.884492479,0.032871937,2.021163949,0.032871937,2.021163949,-0.004059160,1.884814047,0.322440844,1.965167885,-0.052954428,2.198178384,-0.152868611,2.051480880,-0.040149600,2.145471852,-0.181093641,-0.171391188,0.249338818,-0.234624309,-0.136671469,0.271528372,-0.036931097,-0.136349902,0.141262882,0.289568907,-0.055996064,0.294933401,-0.085826365,0.177014435,0.196723855,-0.185740548,0.030316931,0.188198479,-0.073021537,0.124307904,0.144168650
25.100000000,-0.034668335,1.924993527,-0.055213428,2.041782827,-0.160154328,1.839232510,-0.160154328,1.839232510,-0.004775869,1.778524891,0.304748639,1.949818945,-0.177861848,1.842004391,-0.163041776,1.845888576,-0.143289832,1.851111471,0.125485993,0.085761017,0.151992389,0.104940900,0.202550317,0.228121071,0.155378459,-0.060707619,0.166816907,0.464902966,0.110586435,0.477874594,-0.017707520,0.002771881,0.017923158,-0.002887448,0.006656066,0.007255382,0.016864496,0.011878961,0.020628159
25.180000000,-0.046093543,1.676206147,-0.035774885,1.682755120,0.009716416,1.672699780,0.009716416,1.672699780,-0.005295280,1.707659086,0.292819373,1.868439253,-0.041075299,1.987760555,-0.106265091,1.883498959,-0.031361458,1.924422458,-0.055809959,0.003506367,0.055919997,-0.045491301,0.010055340,0.046589359,-0.015011696,0.034959306,0.038046078,0.283102958,0.195739473,0.344181967,-0.050791714,0.315060775,0.319128642,-0.115981507,0.210799179,0.240599260,-0.041077873,0.251722678,0.255052344
25.280000000,-0.048695795,1.655146343,-0.229049894,1.457526006,-0.229049894,1.457526006,-0.229049894,1.457526006,-0.005957769,1.619082288,0.308504565,1.830610258,-0.054551017,1.666874248,-0.037871817,1.956377041,-0.042849325,1.677711026,0.180354098,0.197620337,0.267547003,0.000000000,0.000000000,0.000000000,0.223092125,0.161556283,0.275446054,0.537554458,0.373084253,0.654336806,0.174498876,0.209348242,0.272537235,0.191178077,0.498851035,0.534229737,0.186200568,0.220185020,0.288361049
25.380000000,0.002412155,1.584192941,0.029824534,1.657231287,0.030178698,1.614779329,0.030178698,1.614779329,-0.006607642,1.530505563,0.336229443,1.735256120,-0.054551017,1.666874248,-0.050322280,1.671540197,-0.045846232,1.656377722,-0.027766543,-0.030586389,0.041309903,-0.000354164,0.042451958,0.042453435,-0.036786340,-0.084273766,0.091952719,0.306050744,0.120476790,0.328909889,-0.084729715,0.052094918,0.099463587,-0.080500978,0.056760868,0.098499765,-0.076024931,0.041598393,0.086661504
25.500000000,0.129494948,1.384135849,0.185998356,1.404421587,0.079805345,1.271717606,0.079805345,1.271717606,-0.007416006,1.424217945,0.274656614,1.696906871,0.005268415,1.598152940,-0.026069431,1.625533594,0.004682679,1.585607393,0.049689603,0.112418243,0.122910203,0.106193010,0.132703981,0.169962649,-0.087221352,0.152500339,0.175681295,0.194851269,0.425189264,0.467710303,-0.074536930,0.326435334,0.334836947,-0.105874777,0.353815988,0.369317237,-0.075122667,0.313889786,0.322754106
25.580000000,0.108179675,1.317017355,0.131807525,1.363159149,0.042342367,1.535862002,0.042342367,1.535862002,-0.008017242,1.353352945,0.316304268,1.593944050,0.179403572,1.372382417,0.067381682,1.491144394,0.130639064,1.386240516,0.065837308,-0.218844647,0.228533434,0.089465158,-0.172702853,0.194500102,-0.050359609,-0.182509057,0.189329464,0.273961901,0.058082049,0.280051152,0.137061205,-0.163479585,0.213333890,0.025039315,-0.044717607,0.051250675,0.088296697,-0.149621486,0.173732253
25.680000000,-0.016978847,1.275439991,-0.028983332,1.292743395,-0.131540929,1.383233412,-0.131540929,1.383233412,-0.008890485,1.247077200,0.288397507,1.566820628,-0.011848382,1.261498762,0.121038730,1.314678948,0.109334236,1.318617713,0.114562082,-0.107793421,0.157301915,0.102557597,-0.090490017,0.136771722,0.122650444,-0.136156212,0.183252955,0.419938437,0.183587216,0.458314910,0.119692547,-0.121734650,0.170720915,0.252579659,-0.068554464,0.261717784,0.240875165,-0.064615699,0.249391327
25.780000000,-0.038468004,1.261316583,-0.030090954,1.312287232,-0.057910907,1.074191975,-0.057910907,1.074191975,-0.009496064,1.176214353,0.310500482,1.459489022,-0.045518897,1.282146475,0.121038730,1.314678948,-0.015172630,1.276775468,0.019442904,0.187124608,0.188131989,0.027819953,0.238095257,0.239715042,0.048414843,0.102022378,0.112927245,0.368411389,0.385297048,0.533086078,0.012392010,0.207954500,0.208323393,0.178949637,0.240486973,0.299761500,0.042738278,0.202583493,0.207042585
25.880000000,-0.185858889,1.149954486,-0.237906831,1.215765238,-0.078133970,0.968164986,-0.078133970,0.968164986,-0.010242806,1.087633289,0.285203443,1.447676649,-0.218758593,1.163324057,-0.041993450,1.271731529,-0.036777978,1.262739773,-0.107724919,0.181789499,0.211310388,-0.159772861,0.247600252,0.294674824,0.067891164,0.119468303,0.137411373,0.363337413,0.479511663,0.601619075,-0.140624623,0.195159071,0.240545937,0.036140520,0.303566542,0.305710292,0.041355993,0.294574787,0.297463650
25.980000000,-0.141734714,0.991519693,-0.174280382,1.035918176,-0.189127179,0.910187137,-0.189127179,0.910187137,-0.010970628,0.999054851,0.269551449,1.361546742,-0.218758593,1.163324057,-0.202308741,1.156639272,-0.183555685,1.151228649,0.047392464,0.081332556,0.094133046,0.014846797,0.125731038,0.126604587,0.178156551,0.088867714,0.199091002,0.458678628,0.451359604,0.643515016,-0.029631415,0.253136920,0.254865300,-0.013181563,0.246452134,0.246804392,0.005571493,0.241041511,0.241105893
26.100000000,-0.021263893,0.937965784,-0.004593159,1.025436195,0.186769785,0.896190204,0.186769785,0.896190204,-0.011842038,0.892774599,0.250755405,1.283564125,-0.027211331,0.971496321,-0.180246654,1.077421875,-0.139750671,0.993031536,-0.208033678,0.041775579,0.212186734,-0.191362944,0.129245991,0.230920555,-0.198611823,-0.003415605,0.198641190,0.063985620,0.387373920,0.392622865,-0.213981115,0.075306117,0.226845606,-0.367016439,0.181231671,0.409323814,-0.326520456,0.096841332,0.340578701
26.200000000,0.023859396,0.851310772,0.030504860,0.930131161,-0.158128732,0.825114693,-0.158128732,0.825114693,-0.012582262,0.804196229,0.255143869,1.199818763,-0.027211331,0.971496321,-0.154213737,0.990494743,-0.020071895,0.939495671,0.181988128,0.026196079,0.183863844,0.188633591,0.105016468,0.215896018,0.145546470,-0.020918464,0.147042025,0.413272601,0.374704070,0.557850681,0.130917401,0.146381628,0.196384691,0.003914994,0.165380050,0.165426383,0.138056837,0.114380977,0.179283848
26.280000000,-0.157674373,0.630716258,-0.185075577,0.619497835,-0.145141726,1.025212097,-0.145141726,1.025212097,-0.013246019,0.715613865,0.256032261,1.168830214,0.039509298,0.875529971,-0.024237612,0.954731052,0.024845222,0.852648262,-0.012532647,-0.394495838,0.394694861,-0.039933851,-0.405714262,0.407674839,0.131895707,-0.309598232,0.336522722,0.401173987,0.143618118,0.426106480,0.184651024,-0.149682126,0.237698842,0.120904114,-0.070481044,0.139947785,0.169986948,-0.172563835,0.242226835
26.400000000,-0.013852237,0.603862924,-0.002500195,0.628636730,-0.140376068,0.777711810,-0.140376068,0.777711810,-0.013842746,0.627039935,0.270950083,1.117997640,-0.015308914,0.599367641,0.031684347,0.863420372,-0.156084151,0.632569329,0.126523832,-0.173848886,0.215015616,0.137875874,-0.149075080,0.203059439,0.126533322,-0.150671875,0.196755421,0.411326151,0.340285829,0.533838597,0.125067154,-0.178344169,0.217826619,0.172060415,0.085708561,0.192225763,-0.015708083,-0.145142481,0.145990012
26.500000000,-0.052534032,0.594262263,-0.019125885,0.487424932,-0.019125885,0.487424932,-0.019125885,0.487424932,-0.014428275,0.538468002,0.256758469,1.031670035,-0.015308914,0.599367641,-0.014580575,0.601615282,-0.012981186,0.605378507,-0.033408147,0.106837332,0.111938910,0.000000000,0.000000000,0.000000000,0.004697610,0.051043070,0.051258780,0.275884355,0.544245103,0.610176130,0.003816972,0.111942709,0.112007765,0.004545310,0.114190351,0.114280777,0.006144699,0.117953575,0.118113518
26.600000000,0.022939695,0.426707151,0.039591266,0.473342143,-0.016017498,0.407567927,-0.016017498,0.407567927,-0.011171820,0.450018140,0.280093886,0.973994894,-0.066406772,0.633496272,-0.014580575,0.601615282,-0.051558227,0.595642267,0.038957193,0.019139224,0.043404755,0.055608764,0.065774215,0.086131191,0.004845678,0.042450213,0.042725884,0.296111384,0.566426967,0.639156836,-0.050389274,0.225928345,0.231479364,0.001436923,0.194047355,0.194052676,-0.035540729,0.188074340,0.191402980
26.680000000,-0.050025927,0.355021857,-0.101823055,0.389995491,0.039806187,0.163683579,0.039806187,0.163683579,0.002133077,0.380479550,0.276059049,0.851112023,0.034647139,0.418759209,0.028793417,0.422733180,0.023691980,0.428125939,-0.089832114,0.191338278,0.211376785,-0.141629242,0.226311912,0.266975511,-0.037673110,0.216795971,0.220044896,0.236252862,0.687428444,0.726892895,-0.005159048,0.255075630,0.255127797,-0.011012770,0.259049601,0.259283584,-0.016114207,0.264442360,0.264932877
26.800000000,-0.013155567,0.332331886,-0.121951730,0.411933236,0.106894694,0.190023612,0.106894694,0.190023612,0.040105319,0.281402810,0.306253298,0.747416712,-0.040625337,0.367655540,-0.055036002,0.352279193,-0.049102663,0.356200303,-0.120050261,0.142308274,0.186181927,-0.228846424,0.221909623,0.318770398,-0.066789376,0.091379198,0.113185593,0.199358604,0.557393099,0.591972060,-0.147520031,0.177631927,0.230900977,-0.161930696,0.162255581,0.229234430,-0.155997358,0.166176691,0.227925137
26.880000000,-0.126926101,0.313907004,-0.192974675,0.362226872,0.083627684,0.209247731,0.083627684,0.209247731,0.087126042,0.206472297,0.483955954,0.577561409,-0.040625337,0.367655540,-0.055036002,0.352279193,-0.012309148,0.333155088,-0.210553786,0.104659273,0.235130730,-0.276602359,0.152979141,0.316087777,0.003498358,-0.002775434,0.004465595,0.400328270,0.368313678,0.543983170,-0.124253021,0.158407809,0.201325227,-0.138663686,0.143031462,0.199212492,-0.095936832,0.123907357,0.156706442
26.980000000,0.147493002,0.084799153,0.137208993,0.082733094,0.027899504,0.194553600,0.027899504,0.194553600,0.133808233,0.153222572,0.479172558,0.460368630,-0.172297174,0.332049128,-0.092726371,0.332190507,-0.125657137,0.314399299,0.119593498,-0.109754448,0.162322653,0.109309489,-0.111820506,0.156372600,0.105908729,-0.041331028,0.113687786,0.451273054,0.265815030,0.523741347,-0.200196678,0.137495527,0.242865662,-0.120625875,0.137636907,0.183015080,-0.153556641,0.119845699,0.194788689
27.080000000,0.260258474,0.256263481,0.263737035,0.332402987,0.137080588,0.054888172,0.137080588,0.054888172,0.201964486,0.096828642,0.595876796,0.369264646,0.148040760,0.071040497,0.147766881,0.077919825,0.148222933,0.085527334,0.123177886,0.201375309,0.236061023,0.126656447,0.277514814,0.305051353,0.064883898,0.041940469,0.077258806,0.458796207,0.314376474,0.556171311,0.010960172,0.016152325,0.019519810,0.010686293,0.023031653,0.025390035,0.011142345,0.030639162,0.032602302
27.180000000,0.344564999,0.164732181,0.342263030,0.221745462,0.265246641,0.102033378,0.265246641,0.102033378,0.278991655,0.053322371,0.712121233,0.279665352,0.356196662,0.186055061,0.264587063,0.271996566,0.261088553,0.256306471,0.079318358,0.062698803,0.101106586,0.077016389,0.119712084,0.142346434,0.013745014,-0.048711007,0.050613117,0.446874592,0.177631975,0.480884622,0.090950021,0.084021683,0.123820634,-0.000659578,0.169963188,0.169964468,-0.004158088,0.154273093,0.154329119
27.280000000,0.388273224,0.086689119,0.363954279,0.112729512,0.439832824,0.161018564,0.439832824,0.161018564,0.379570809,0.019389462,0.815525176,0.242835646,0.391184366,0.100187652,0.350380830,0.175393621,0.345371228,0.164902148,-0.051559601,-0.074329445,0.090461367,-0.075878545,-0.048289053,0.089941015,-0.060262015,-0.141629102,0.153916578,0.375692352,0.081817082,0.384498086,-0.048648459,-0.060830913,0.077891414,-0.089451994,0.014375056,0.090599677,-0.094461597,0.003883583,0.094541396
27.380000000,0.473945649,0.066866799,0.430189917,0.071996826,0.430189917,0.071996826,0.430189917,0.071996826,0.465022831,-0.003942841,0.908629765,0.200802604,0.468601158,0.085767975,0.428437191,0.086228547,0.389082378,0.086866566,0.043755732,-0.005130027,0.044055433,0.000000000,0.000000000,0.000000000,0.034832913,-0.075939667,0.083547381,0.478439848,0.128805778,0.495475142,0.038411241,0.013771148,0.040805244,-0.001752727,0.014231721,0.014339244,-0.041107539,0.014869739,0.043714288
27.500000000,0.405638060,0.174405554,0.433828290,-0.086025664,0.359382282,0.235203263,0.359382282,0.235203263,0.551307987,-0.023642997,0.995621766,0.184548644,0.480702483,-0.079710635,0.428437191,0.086228547,0.474690752,0.067034883,0.046255777,-0.060797709,0.076393444,0.074446007,-0.321228927,0.329742675,0.191925704,-0.258846261,0.322237277,0.636239484,-0.050654619,0.638252749,0.121320200,-0.314913898,0.337474968,0.069054909,-0.148974716,0.164201238,0.115308470,-0.168168381,0.203903525
27.600000000,0.660445434,0.101813562,0.639502064,0.150816651,0.609418961,-0.163654403,0.609418961,-0.163654403,0.639183009,-0.034686680,1.106689553,0.158573615,0.644275704,0.154925576,0.477324066,-0.006421918,0.406535615,0.174376289,0.051026473,0.265467965,0.270327470,0.030083103,0.314471054,0.315906690,0.029764048,0.128967723,0.132357743,0.497270592,0.322228018,0.592544460,0.034856743,0.318579979,0.320481193,-0.132094896,0.157232485,0.205356071,-0.202883347,0.338030692,0.394241551
27.680000000,0.743719544,0.006101385,0.728528099,0.012425255,0.729097465,-0.121660177,0.729097465,-0.121660177,0.709499776,-0.043450048,1.135236312,0.123514415,0.644275704,0.154925576,0.524956882,0.164665565,0.661044271,0.101875510,0.014622079,0.127761562,0.128595575,-0.000569366,0.134085432,0.134086641,-0.019597689,0.078210129,0.080628120,0.406138847,0.245174592,0.474404198,-0.084821761,0.276585753,0.289299862,-0.204140584,0.286325742,0.351647279,-0.068053194,0.223535687,0.233665232
27.800000000,0.739319221,-0.084513520,0.775629240,-0.001314492,0.722342798,-0.095969520,0.722342798,-0.095969520,0.815695181,-0.047215290,1.320810408,0.117322582,0.749595312,0.014824830,0.652360569,0.128369569,0.744214734,0.006239035,0.016976423,0.011456000,0.020480207,0.053286441,0.094655028,0.108623290,0.093352383,0.048754231,0.105316866,0.598467610,0.213292103,0.635340067,0.027252513,0.110794350,0.114096834,-0.069982229,0.224339089,0.235001147,0.021871936,0.102208556,0.104522583
27.900000000,0.919271810,0.003856571,0.890879103,0.037449667,0.961229272,0.138125132,0.961229272,0.138125132,0.904260596,-0.048769236,1.255650640,0.116049948,0.809167042,-0.013984516,0.774243131,-0.049249018,0.739892588,-0.084298373,-0.041957462,-0.134268562,0.140671516,-0.070350169,-0.100675465,0.122819769,-0.056968676,-0.186894369,0.195384071,0.294421368,-0.022075184,0.295247787,-0.152062231,-0.152109648,0.215082001,-0.186986141,-0.187374150,0.264712843,-0.221336685,-0.222423506,0.313786781
27.980000000,0.788160219,0.069458351,0.675892542,0.078328713,0.828035856,0.130391992,0.828035856,0.130391992,0.975109514,-0.048120247,1.374772618,0.110722096,0.908686633,0.017837585,0.774243131,-0.049249018,0.919638317,0.003952207,-0.039875637,-0.060933641,0.072821528,-0.152143314,-0.052063279,0.160804766,0.147073658,-0.178512239,0.231294791,0.546736762,-0.019669896,0.547090478,0.080650777,-0.112554407,0.138466755,-0.053792724,-0.179641010,0.187522131,0.091602461,-0.126439785,0.156134654
28.100000000,0.976380092,-0.121329871,0.888399960,-0.185369451,1.181565037,0.063790837,1.181565037,0.063790837,1.081339897,-0.044951736,1.536803555,0.108741867,0.740381884,0.085282069,0.848423426,0.043647968,0.788654113,0.069488944,-0.205184945,-0.185120708,0.276352200,-0.293165078,-0.249160287,0.384742266,-0.100225141,-0.108742573,0.147885178,0.355238518,0.044951030,0.358071222,-0.441183153,0.021491232,0.441706291,-0.333141611,-0.020142868,0.333750009,-0.392910924,0.005698107,0.392952240
28.200000000,1.083676809,-0.008981580,1.201824803,0.168586842,1.025022516,-0.039328545,1.025022516,-0.039328545,1.169787676,-0.040233037,1.487896175,0.103047520,1.236686649,0.155501408,0.952064231,-0.135949324,0.976832266,-0.121146323,0.058654293,0.030346965,0.066039869,0.176802287,0.207915387,0.272924636,0.144765159,-0.000904492,0.144767985,0.462873658,0.142376065,0.484275714,0.211664133,0.194829953,0.287681100,-0.072958285,-0.096620779,0.121072236,-0.048190251,-0.081817778,0.094954985
28.300000000,1.142864836,0.002047065,1.040794809,0.011293150,1.269336974,0.040407612,1.269336974,0.040407612,1.258250839,-0.035521604,1.526611185,0.092073948,1.236686649,0.155501408,0.952064231,-0.135949324,1.083994373,-0.008901314,-0.126472138,-0.038360547,0.132161769,-0.228542165,-0.029114462,0.230389178,-0.011086135,-0.075929216,0.076734270,0.257274211,0.051666336,0.262410803,-0.032650325,0.115093796,0.119635386,-0.317272743,-0.176356936,0.362992785,-0.185342601,-0.049308926,0.191789598
28.380000000,1.396891591,-0.170814750,1.391590455,-0.239937815,1.254562898,-0.085114248,1.254562898,-0.085114248,1.329005512,-0.031743783,1.632167360,0.101218776,1.079624237,0.012603620,1.189775743,0.078774236,1.143139049,0.002109375,0.142328693,-0.085700502,0.166138596,0.137027557,-0.154823567,0.206753206,0.074442614,0.053370465,0.091597540,0.377604462,0.186333024,0.421076152,-0.174938661,0.097717868,0.200380430,-0.064787155,0.163888485,0.176229427,-0.111423849,0.087223624,0.141503479
28.480000000,1.531310467,-0.098202719,1.544419661,-0.115852154,1.293555391,-0.149044739,1.293555391,-0.149044739,1.417458245,-0.027041370,1.594342487,0.096274145,1.413278583,-0.208695299,1.405085087,-0.189755025,1.396987119,-0.170648627,0.237755077,0.050842019,0.243130392,0.250864270,0.033192585,0.253050646,0.123902854,0.122003369,0.173887145,0.300787097,0.245318884,0.388142026,0.119723193,-0.059650560,0.133760353,0.111529697,-0.040710286,0.118727421,0.103431729,-0.021603888,0.105663856
28.580000000,1.327676147,0.079907919,1.236465979,0.127218875,1.441647993,0.013585854,1.441647993,0.013585854,1.505909281,-0.022346405,1.676619135,0.081263434,1.556084103,-0.113987736,1.405085087,-0.189755025,1.531382225,-0.098094209,-0.113971846,0.066322065,0.131864317,-0.205182014,0.113633021,0.234546631,0.064261288,-0.035932259,0.073624998,0.234971141,0.067677580,0.244523398,0.114436110,-0.127573590,0.171378657,-0.036562906,-0.203340878,0.206601934,0.089734232,-0.111680062,0.143264332
28.700000000,1.563516116,0.031035480,1.549505535,0.050948898,1.549505535,0.050948898,1.549505535,0.050948898,1.612048412,-0.016646733,1.711160942,0.076334254,1.509913611,-0.060539994,1.543697285,-0.106095228,1.327872343,0.079912451,0.014010582,-0.019913418,0.024348318,0.000000000,0.000000000,0.000000000,0.062542877,-0.067595630,0.092091155,0.161655407,0.025385356,0.163636448,-0.039591923,-0.111488892,0.118310158,-0.005808249,-0.157044126,0.157151498,-0.221633192,0.028963553,0.223517693
28.800000000,1.749230124,-0.021084691,1.729651896,-0.035804415,1.598890522,0.122578318,1.598890522,0.122578318,1.682819401,-0.012822488,1.724790273,0.064729552,1.509913611,-0.060539994,1.418794879,0.009683962,1.563607181,0.031056894,0.150339602,-0.143663009,0.207944839,0.130761374,-0.158382733,0.205386531,0.083928879,-0.135400806,0.159302966,0.125899752,-0.057848766,0.138554059,-0.088976910,-0.183118312,0.203590782,-0.180095642,-0.112894355,0.212554877,-0.035283340,-0.091521424,0.098087130
28.880000000,1.736405102,-0.022184560,1.668875244,-0.039881749,1.730865759,-0.008879214,1.730865759,-0.008879214,1.771263528,-0.008036570,1.818194372,0.071939434,1.747734626,-0.024812050,1.748482375,-0.022948371,1.749263543,-0.021043371,0.005539344,-0.013305346,0.014412375,-0.061990515,-0.031002536,0.069310758,0.040397770,0.000842643,0.040406557,0.087328614,0.080818648,0.118987145,0.016868867,-0.015932836,0.023203749,0.017616616,-0.014069157,0.022545207,0.018397784,-0.012164158,0.022055503
28.980000000,1.876135847,0.006933536,1.852818279,0.008821479,1.724244933,-0.195673827,1.724244933,-0.195673827,1.859714883,-0.003311844,1.952846029,0.082720128,1.728923138,-0.024529592,1.742069864,-0.023498305,1.736493820,-0.022141560,0.151890914,0.202607363,0.253220444,0.128573346,0.204495306,0.241556278,0.135469951,0.192361983,0.235276944,0.228601096,0.278393955,0.360224451,0.004678206,0.171144235,0.171208163,0.017824931,0.172175522,0.173095750,0.012248887,0.173532267,0.173964028
29.080000000,1.934086737,-0.060817802,1.902000113,-0.064412806,1.838363384,0.041676310,1.838363384,0.041676310,1.965859425,0.002399678,1.982359710,0.070795908,1.769765634,-0.158925488,1.732664120,-0.023357076,1.876184183,0.006961735,0.095723354,-0.102494113,0.140242660,0.063636729,-0.106089117,0.123711495,0.127496041,-0.039276633,0.133408749,0.143996326,0.029119598,0.146911173,-0.068597749,-0.200601799,0.212006445,-0.105699264,-0.065033386,0.124103487,0.037820799,-0.034714576,0.051337263
29.180000000,1.968746688,0.091282226,1.902826224,0.127004006,2.148973195,0.110694517,2.148973195,0.110694517,2.036614433,0.006202618,1.900992253,0.068132563,1.917946603,-0.076012858,1.926016670,-0.068415330,1.934089928,-0.060768340,-0.180226507,-0.019412291,0.181268946,-0.246146971,0.016309489,0.246686705,-0.112358762,-0.104491899,0.153437441,-0.247980942,-0.042561954,0.251606970,-0.231026592,-0.186707376,0.297040284,-0.222956525,-0.179109848,0.285989422,-0.214883267,-0.171462858,0.274907857
29.280000000,2.077188671,-0.008239135,2.013497903,-0.030269757,2.006352228,0.011382182,2.006352228,0.011382182,2.125063748,0.010958270,2.005614000,0.066567741,1.953590531,0.108908205,1.961168609,0.100095215,1.968784152,0.091275256,0.070836444,-0.019621317,0.073503727,0.007145675,-0.041651939,0.042260439,0.118711520,-0.000423913,0.118712277,-0.000738228,0.055185559,0.055190496,-0.052761697,0.097526023,0.110883370,-0.045183618,0.088713033,0.099556826,-0.037568075,0.079893074,0.088285126
29.380000000,2.195489623,0.052154977,2.168156691,0.063007587,2.336647304,0.047323425,2.336647304,0.047323425,2.213521304,0.015648755,2.024246558,0.063191757,2.066314660,-0.011620783,2.071751666,-0.009929959,2.077162721,-0.008217146,-0.141157681,0.004831552,0.141240344,-0.168490613,0.015684162,0.169219029,-0.123126000,-0.031674670,0.127134955,-0.312400747,0.015868332,0.312803501,-0.270332644,-0.058944208,0.276684221,-0.264895638,-0.057253384,0.271012268,-0.259484583,-0.055540572,0.265362025
29.480000000,2.321329748,-0.075694172,2.280401359,-0.112644545,2.420877126,0.003208328,2.420877126,0.003208328,2.301975679,0.020367351,2.091024532,0.076827880,2.189718309,0.059543971,2.130902142,0.020267097,2.195464283,0.052160067,-0.099547378,-0.078902501,0.127024742,-0.140475766,-0.115852873,0.182086049,-0.118901447,0.017159023,0.120133202,-0.329852594,0.073619552,0.337968300,-0.231158816,0.056335643,0.237924574,-0.289974984,0.017058769,0.290476321,-0.225412842,0.048951739,0.230666908
29.600000000,2.322615696,-0.066366409,2.206372037,-0.111391306,2.486371554,-0.014555440,2.486371554,-0.014555440,2.408104394,0.026077450,2.143470073,0.068094517,2.328789566,-0.092576263,2.262139594,-0.020210643,2.321293140,-0.075657586,-0.163755859,-0.051810969,0.171756682,-0.279999518,-0.096835866,0.296271691,-0.078267161,0.040632890,0.088186055,-0.342901482,0.082649957,0.352721479,-0.157581989,-0.078020823,0.175838937,-0.224231960,-0.005655203,0.224303262,-0.165078414,-0.061102146,0.176023735
29.680000000,2.452668809,-0.029174814,2.395284199,-0.044219305,2.556716102,0.012110397,2.556716102,0.012110397,2.478871777,0.029889424,2.254158272,0.075567428,2.288126513,-0.101424827,2.305371104,-0.083895618,2.322581822,-0.066331824,-0.104047293,-0.041285211,0.111938857,-0.161431903,-0.056329701,0.170977468,-0.077844324,0.017779028,0.079848811,-0.302557830,0.063457031,0.309140802,-0.268589589,-0.113535224,0.291600093,-0.251344997,-0.096006015,0.269056616,-0.234134280,-0.078442221,0.246925177
29.780000000,2.564932187,-0.089567959,2.520402702,-0.130906593,2.557427997,0.012637669,2.557427997,0.012637669,2.584649148,0.039385080,2.315855054,0.066574476,2.446878896,-0.040810494,2.449773853,-0.034992654,2.452640017,-0.029154664,0.007504190,-0.102205628,0.102480746,-0.037025295,-0.143544263,0.148242463,0.027221152,0.026747410,0.038163006,-0.241572943,0.053936806,0.247521041,-0.110549100,-0.053448163,0.122791733,-0.107654144,-0.047630323,0.117720272,-0.104787980,-0.041792333,0.112814537
29.880000000,2.684689510,0.062082536,2.658754678,0.063230402,2.669490383,0.130433386,2.669490383,0.130433386,2.653279355,0.056835482,2.430889154,0.098094516,2.561112555,-0.114111288,2.449773853,-0.034992654,2.564887754,-0.089533662,0.015199128,-0.068350849,0.070020369,-0.010735705,-0.067202984,0.068055098,-0.016211028,-0.073597903,0.075362118,-0.238601229,-0.032338869,0.240782783,-0.108377828,-0.244544674,0.267484301,-0.219716530,-0.165426039,0.275029322,-0.104602628,-0.219967048,0.243571780
29.980000000,2.747348328,0.019577587,2.865610753,0.008794604,2.613538474,0.074819765,2.613538474,0.074819765,2.734478665,0.091945389,2.627992429,0.147485033,2.750964875,0.001362334,2.688676808,0.061449142,2.684675109,0.062097481,0.133809854,-0.055242178,0.144764551,0.252072279,-0.066025161,0.260575816,0.120940190,0.017125624,0.122146701,0.014453955,0.072665268,0.074088852,0.137426400,-0.073457431,0.155826858,0.075138334,-0.013370623,0.076318692,0.071136635,-0.012722284,0.072265326
30.080000000,2.768730888,0.245885934,2.709776892,0.275100555,2.733789394,0.121196202,2.733789394,0.121196202,2.808235561,0.140798618,2.740889503,0.187367123,2.750964875,0.001362334,2.688676808,0.061449142,2.747327934,0.019599443,0.034941494,0.124689732,0.129493001,-0.024012502,0.153904353,0.155766332,0.074446167,0.019602416,0.076983677,0.007100108,0.066170921,0.066550750,0.017175480,-0.119833868,0.121058469,-0.045112586,-0.059747060,0.074865590,0.013538540,-0.101596760,0.102494847
30.200000000,2.785897401,0.294519752,2.715219830,0.296813809,2.857994656,0.253265509,2.857994656,0.253265509,2.883651825,0.215411963,2.890545289,0.265222102,2.762668880,0.267010500,2.765699884,0.256448217,2.768746790,0.245885972,-0.072097256,0.041254243,0.083065798,-0.142774827,0.043548300,0.149268569,0.025657168,-0.037853546,0.045729435,0.032550633,0.011956593,0.034677137,-0.095325776,0.013744991,0.096311621,-0.092294772,0.003182708,0.092349632,-0.089247867,-0.007379536,0.089552439
30.300000000,3.092717722,0.228577817,2.719707449,0.053764155,2.851666021,0.265661115,2.851666021,0.265661115,2.933284541,0.288649687,2.968707659,0.320053729,2.740415867,0.305687098,2.765699884,0.256448217,2.785917829,0.294519107,0.241051701,-0.037083297,0.243887460,-0.131958572,-0.211896960,0.249626494,0.081618520,0.022988572,0.084794205,0.117041638,0.054392615,0.129063169,-0.111250154,0.040025983,0.118231452,-0.085966137,-0.009212898,0.086458396,-0.065748192,0.028857992,0.071802566
30.380000000,2.934587429,0.241525001,2.912591438,0.170147991,3.072236009,0.373568478,3.072236009,0.373568478,2.963188698,0.352840451,3.159759617,0.465488043,2.923715045,0.215542845,2.763156634,0.300103425,3.104497083,0.256402350,-0.137648580,-0.132043476,0.190742264,-0.159644571,-0.203420486,0.258585157,-0.109047311,-0.020728027,0.110999852,0.087523608,0.091919566,0.126923554,-0.148520964,-0.158025633,0.216865344,-0.309079375,-0.073465052,0.317690374,0.032261075,-0.117166128,0.121526452
30.500000000,2.999861433,0.487621162,2.975703168,0.453280038,2.946277351,0.492659806,2.946277351,0.492659806,2.990364488,0.455391493,3.208315633,0.553581925,2.923715045,0.215542845,2.929151237,0.228533923,2.984189547,0.289220380,0.053584082,-0.005038644,0.053820459,0.029425817,-0.039379768,0.049159382,0.044087137,-0.037268312,0.057728700,0.262038282,0.060922119,0.269027073,-0.022562306,-0.277116961,0.278033933,-0.017126114,-0.264125883,0.264680535,0.037912196,-0.203439426,0.206941863
30.580000000,2.930066957,0.600824031,2.906986447,0.589675271,3.067402824,0.485580097,3.067402824,0.485580097,2.996174703,0.525959188,3.289633518,0.685229115,2.910982216,0.615440281,2.929151237,0.228533923,3.063175086,0.530797445,-0.137335867,0.115243934,0.179282751,-0.160416377,0.104095174,0.191230801,-0.071228121,0.040379091,0.081877447,0.222230694,0.199649018,0.298741045,-0.156420608,0.129860184,0.203300453,-0.138251587,-0.257046174,0.291866814,-0.004227738,0.045217347,0.045414560
30.680000000,3.034478582,0.576179283,3.041588270,0.529416283,2.843224774,0.582914680,2.843224774,0.582914680,2.993057992,0.614482553,3.293673707,0.751857395,2.910982216,0.615440281,2.996688099,0.492090912,3.006250492,0.623301853,0.191253808,-0.006735397,0.191372372,0.198363496,-0.053498398,0.205451101,0.149833218,0.031567873,0.153122578,0.450448933,0.168942714,0.481088227,0.067757442,0.032525600,0.075159734,0.153463324,-0.090823768,0.178325402,0.163025718,0.040387173,0.167953888
30.780000000,3.046965912,0.672518854,2.874720389,0.646519822,2.874720389,0.646519822,2.874720389,0.646519822,2.989280785,0.702971847,3.279653852,0.853533398,3.048656538,0.662202866,2.920524586,0.608132156,3.092541623,0.625823079,0.172245522,0.025999032,0.174196641,0.000000000,0.000000000,0.000000000,0.114560396,0.056452024,0.127714194,0.404933463,0.207013576,0.454780969,0.173936149,0.015683043,0.174641753,0.045804197,-0.038387666,0.059763178,0.217821234,-0.020696744,0.218802297
30.880000000,2.918823047,0.892196666,2.911202978,0.900805460,3.039360518,0.691522661,3.039360518,0.691522661,2.985510840,0.791472858,3.300455316,0.831049687,3.048656538,0.662202866,3.047811225,0.667360860,3.093965333,0.709081036,-0.120537472,0.200674005,0.234092585,-0.128157540,0.209282800,0.245405064,-0.053849679,0.099950197,0.113533386,0.261094798,0.139527027,0.296037640,0.009296020,-0.029319795,0.030758192,0.008450707,-0.024161801,0.025597013,0.054604814,0.017558375,0.057358367
31.000000000,2.963007043,0.923004295,2.956102951,0.891249903,2.911149052,0.977829520,2.911149052,0.977829520,2.980972435,0.897666117,3.344380350,0.950142016,2.898277102,0.914056317,2.972621507,0.793287586,2.990994118,0.894355092,0.051857991,-0.054825225,0.075465598,0.044953898,-0.086579616,0.097554513,0.069823382,-0.080163403,0.106308400,0.433231298,-0.027687504,0.434115141,-0.012871950,-0.063773202,0.065059269,0.061472455,-0.184541934,0.194511152,0.079845065,-0.083474428,0.115512833
31.080000000,3.107219228,0.944044442,3.125580904,0.952209162,3.125580904,0.952209162,3.125580904,0.952209162,2.977919260,0.968472618,3.383995805,1.031342433,3.126457624,0.934509951,2.956019548,0.926722620,3.017880918,0.923969890,-0.018361676,-0.008164720,0.020095119,0.000000000,0.000000000,0.000000000,-0.147661644,0.016263456,0.148554573,0.258414901,0.079133271,0.270259756,0.000876720,-0.017699211,0.017720912,-0.169561356,-0.025486542,0.171466082,-0.107699986,-0.028239273,0.111340664
31.200000000,2.998541205,1.029637039,2.998396824,0.953763643,2.958703661,0.978699578,2.958703661,0.978699578,2.973313896,1.074662505,3.323591282,1.029334156,3.126457624,0.934509951,2.956019548,0.926722620,3.141227477,0.957449842,0.039837544,0.050937460,0.064665716,0.039693163,-0.024935936,0.046875880,0.014610235,0.095962927,0.097068750,0.364887621,0.050634577,0.368384088,0.167753963,-0.044189627,0.173476555,-0.002684113,-0.051976958,0.052046217,0.182523816,-0.021249737,0.183756618
31.280000000,2.913872872,1.076694607,2.898975652,1.031637194,3.045533129,1.161526485,3.045533129,1.161526485,2.970278388,1.145448936,3.307022669,1.058470810,3.005998997,1.009141879,3.002270101,1.019389459,3.043187239,1.033810105,-0.131660257,-0.084831878,0.156623341,-0.146557477,-0.129889291,0.195832383,-0.075254741,-0.016077549,0.076952996,0.261489540,-0.103055675,0.281064497,-0.039534132,-0.152384607,0.157429400,-0.043263028,-0.142137027,0.148575314,-0.002345891,-0.127716380,0.127737923
31.380000000,2.939034395,1.273210343,2.925729139,1.250630467,2.927535591,1.174963775,2.927535591,1.174963775,2.966490719,1.233953377,3.339077552,1.182258789,2.902176358,1.062095200,2.959935935,1.042918243,2.967097796,1.076575654,0.011498804,0.098246568,0.098917191,-0.001806452,0.075666692,0.075688253,0.038955128,0.058989602,0.070691408,0.411541961,0.007295014,0.411606612,-0.025359232,-0.112868574,0.115682348,0.032400344,-0.132045532,0.135962512,0.039562205,-0.098388121,0.106044285
31.480000000,2.901861590,1.286890100,2.891026527,1.245667229,3.228319934,1.339650032,3.228319934,1.339650032,2.961927964,1.340140648,3.359806757,1.241026556,2.888681381,1.276766426,2.920605377,1.167652772,2.988600204,1.259887012,-0.326458343,-0.052759932,0.330694210,-0.337293406,-0.093982803,0.350142270,-0.266391969,0.000490616,0.266392421,0.131486823,-0.098623476,0.164363544,-0.339638552,-0.062883606,0.345410906,-0.307714557,-0.171997261,0.352521356,-0.239719730,-0.079763021,0.252641422
31.580000000,2.900264344,1.472777711,2.775636603,1.467013620,2.912671798,1.469817300,2.912671798,1.469817300,2.958843478,1.410945686,3.350986034,1.203282274,2.888681381,1.276766426,2.934801802,1.277708384,2.956763835,1.287255105,-0.012407453,0.002960411,0.012755741,-0.137035195,-0.002803680,0.137063873,0.046171680,-0.058871614,0.074817718,0.438314237,-0.266535026,0.512991511,-0.023990416,-0.193050874,0.194535806,0.022130004,-0.192108916,0.193379349,0.044092037,-0.182562195,0.187811243
31.680000000,3.136022185,1.419533239,3.208385296,1.345032370,2.911109384,1.531372981,2.911109384,1.531372981,2.954905007,1.499435915,3.344595493,1.293020928,2.817236266,1.494242185,2.858750305,1.483509948,2.947431748,1.453871489,0.224912801,-0.111839742,0.251184984,0.297275912,-0.186340611,0.350850098,0.043795623,-0.031937066,0.054203623,0.433486109,-0.238352053,0.494693751,-0.093873118,-0.037130795,0.100949781,-0.052359079,-0.047863033,0.070939009,0.036322364,-0.077501491,0.085590860
31.800000000,2.949320200,1.612911538,2.953845916,1.561496069,2.884326262,1.416060712,2.884326262,1.416060712,2.950157502,1.605630784,3.343633812,1.371884091,3.169305899,1.397591169,3.152664042,1.408562204,3.155566330,1.413479380,0.064993938,0.196850826,0.207302821,0.069519654,0.145435357,0.161196853,0.065831241,0.189570072,0.200675271,0.459307551,-0.044176621,0.461427134,0.284979637,-0.018469543,0.285577516,0.268337780,-0.007498508,0.268442530,0.271240069,-0.002581333,0.271252351
31.880000000,2.960777434,1.629302765,2.985439982,1.599870662,2.803283644,1.479441245,2.803283644,1.479441245,2.947002648,1.676413291,3.373959021,1.399570989,2.947975329,1.602854695,3.059313049,1.505251354,2.985333632,1.595288910,0.157493790,0.149861521,0.217400021,0.182156338,0.120429417,0.218367067,0.143719004,0.196972046,0.243830144,0.570675377,-0.079870255,0.576237489,0.144691685,0.123413450,0.190175086,0.256029405,0.025810109,0.257327064,0.182049988,0.115847666,0.215784336
31.980000000,2.949118974,1.779489152,2.971790952,1.771414248,2.917919395,1.836903928,2.917919395,1.836903928,2.943066416,1.764900749,3.365504509,1.455939882,2.966264798,1.621889511,2.957792499,1.617400524,2.993571190,1.619311675,0.031199579,-0.057414776,0.065344244,0.053871557,-0.065489680,0.084800016,0.025147021,-0.072003179,0.076268148,0.447585114,-0.380964046,0.587763591,0.048345404,-0.215014417,0.220382571,0.039873104,-0.219503403,0.223095514,0.075651795,-0.217592252,0.230368362
32.100000000,2.843485523,1.875311413,2.802387412,1.815263760,2.739018425,1.732967301,2.739018425,1.732967301,2.938332582,1.871093107,3.377476637,1.527229792,2.949432113,1.776386469,2.955104773,1.702844617,2.981565033,1.760500800,0.104467098,0.142344112,0.176565061,0.063368987,0.082296459,0.103866913,0.199314157,0.138125807,0.242497158,0.638458212,-0.205737509,0.670788201,0.210413688,0.043419168,0.214846792,0.216086349,-0.030122684,0.218175815,0.242546608,0.027533499,0.244104385
32.200000000,2.873984565,1.989441901,2.880543190,1.977956484,2.901881306,2.068524780,2.901881306,2.068524780,2.934379519,1.959586751,3.371919637,1.576914886,2.809520550,1.867533692,2.949275543,1.777937810,2.880131569,1.855414667,-0.027896741,-0.079082879,0.083858989,-0.021338117,-0.090568296,0.093048006,0.032498213,-0.108938029,0.113682136,0.470038330,-0.491609894,0.680159040,-0.092360756,-0.200991088,0.221196580,0.047394237,-0.290586970,0.294426563,-0.021749737,-0.213110113,0.214217112
32.300000000,2.896226069,1.954097978,2.882496539,1.860441868,3.120261601,2.141217819,3.120261601,2.141217819,2.930467389,2.048080402,3.397615437,1.693896172,2.887292184,1.900810565,2.865445710,1.988919254,2.904219610,1.970583152,-0.224035532,-0.187119841,0.291900248,-0.237765061,-0.280775950,0.367923034,-0.189794212,-0.093137417,0.211415282,0.277353836,-0.447321647,0.526328611,-0.232969416,-0.240407254,0.334769169,-0.254815890,-0.152298565,0.296860221,-0.216041990,-0.170634667,0.275300438
32.380000000,2.861021562,1.949104613,2.830313100,1.833960492,2.958735012,2.027377514,2.958735012,2.027377514,2.927365030,2.118873306,3.380315650,1.703728969,2.847306046,1.906272492,2.865445710,1.988919254,2.925241274,1.939040202,-0.097713450,-0.078272900,0.125198104,-0.128421911,-0.193417022,0.232168757,-0.031369982,0.091495792,0.096724122,0.421580638,-0.323648545,0.531487173,-0.111428966,-0.121105021,0.164568650,-0.093289302,-0.038458259,0.100905557,-0.033493738,-0.088337312,0.094473865
32.480000000,2.925492035,2.205026061,2.852512035,2.315571815,2.852512035,2.315571815,2.852512035,2.315571815,2.922787853,2.225062778,3.374013811,1.840243590,2.926208224,2.201414713,2.854163804,1.927688553,2.889517970,1.940583342,0.072980000,-0.110545754,0.132462991,0.000000000,0.000000000,0.000000000,0.070275818,-0.090509038,0.114588728,0.521501776,-0.475328226,0.705621021,0.073696189,-0.114157102,0.135878520,0.001651769,-0.387883262,0.387886779,0.037005935,-0.374988473,0.376810024
32.580000000,2.931249477,2.429056997,2.944211352,2.429835539,3.062370811,2.115469763,3.062370811,2.115469763,2.918989869,2.313551338,3.371385665,1.844684049,2.934236860,2.459174119,2.925850130,2.203220387,2.947463127,2.187156986,-0.131121334,0.313587234,0.339896687,-0.118159458,0.314365776,0.335838501,-0.143380942,0.198081575,0.244528945,0.309014854,-0.270785714,0.410871127,-0.128133951,0.343704356,0.366811933,-0.136520681,0.087750625,0.162290075,-0.114907683,0.071687223,0.135435718
32.680000000,3.003718908,2.449328143,3.018759954,2.454084739,2.916099166,2.437746038,2.916099166,2.437746038,2.915967664,2.384355708,3.383351299,1.905883111,2.934236860,2.459174119,2.925850130,2.203220387,2.952090851,2.405068709,0.087619742,0.011582105,0.088381923,0.102660788,0.016338701,0.103952828,-0.000131502,-0.053390330,0.053390492,0.467252133,-0.531862927,0.707956728,0.018137693,0.021428081,0.028073806,0.009750963,-0.234525651,0.234728273,0.035991685,-0.032677329,0.048612850
32.780000000,2.884645182,2.399494380,2.913418176,2.587639591,2.913418176,2.587639591,2.913418176,2.587639591,2.910811423,2.490520230,3.376980597,1.989025410,2.908126351,2.554223884,3.013118649,2.455852007,3.019783742,2.430093258,-0.028772994,-0.188145211,0.190332618,0.000000000,0.000000000,0.000000000,-0.002606754,-0.097119361,0.097154338,0.463562420,-0.598614181,0.757118917,-0.005291826,-0.033415707,0.033832128,0.099700473,-0.131787584,0.165251782,0.106365565,-0.157546333,0.190090716
32.900000000,2.940681402,2.523111254,2.972385555,2.430142573,2.838986747,2.430734977,2.838986747,2.430734977,2.899026721,2.560334440,3.380235499,2.107316388,2.908126351,2.554223884,3.013118649,2.455852007,2.903427776,2.383834990,0.101694655,0.092376276,0.137386969,0.133398808,-0.000592405,0.133400123,0.060039975,0.129599462,0.142831436,0.541248752,-0.323418589,0.630515500,0.069139604,0.123488907,0.141526658,0.174131902,0.025117030,0.175934035,0.064441030,-0.046899987,0.079701036
33.000000000,2.843945593,2.641084618,2.848330482,2.580365072,2.898233390,2.665029101,2.898233390,2.665029101,2.863247765,2.660221512,3.408992840,2.253416202,2.961226669,2.481011865,2.896385766,2.476859132,2.955042831,2.510775664,-0.054287798,-0.023944483,0.059333829,-0.049902909,-0.084664028,0.098276640,-0.034985625,-0.004807589,0.035314400,0.510759449,-0.411612898,0.655972860,0.062993279,-0.184017236,0.194500633,-0.001847624,-0.188169969,0.188179039,0.056809441,-0.154253436,0.164381980
33.100000000,2.818106580,2.702332933,2.837457184,2.617310784,2.929350298,2.683966493,2.929350298,2.683966493,2.817873794,2.736163532,3.318030345,2.371416838,2.839395554,2.631464394,2.841670573,2.636274506,2.859242589,2.632383416,-0.111243718,0.018366440,0.112749683,-0.091893114,-0.066655710,0.113522368,-0.111476504,0.052197039,0.123091599,0.388680047,-0.312549655,0.498757923,-0.089954744,-0.052502100,0.104155300,-0.087679725,-0.047691988,0.099811121,-0.070107709,-0.051583077,0.087039674
33.180000000,2.882570395,2.687888687,2.893502055,2.670083410,2.893502055,2.670083410,2.893502055,2.670083410,2.772347065,2.790403518,3.188630329,2.564320984,2.821363288,2.685988303,2.819734934,2.694160618,2.832047973,2.693584881,-0.010931659,0.017805277,0.020893278,0.000000000,0.000000000,0.000000000,-0.121154990,0.120320108,0.170749700,0.295128275,-0.105762426,0.313506601,-0.072138767,0.015904893,0.073871289,-0.073767121,0.024077208,0.077597037,-0.061454082,0.023501471,0.065794554
33.300000000,2.662712006,2.915088802,2.667686217,2.922345955,2.681764499,2.937665126,2.681764499,2.937665126,2.690916444,2.858403554,3.096118763,2.633730122,2.907644094,2.661220400,2.819734934,2.694160618,2.890936748,2.684510881,-0.019052492,-0.022576324,0.029541291,-0.014078282,-0.015319171,0.020805649,0.009151945,-0.079261572,0.079788187,0.414354264,-0.303935004,0.513873470,0.225879595,-0.276444726,0.356991986,0.137970435,-0.243504508,0.279875484,0.209172249,-0.253154245,0.328390167
33.380000000,2.766509463,2.795437790,2.855339354,2.717254631,2.608259255,2.894519140,2.608259255,2.894519140,2.629438361,2.893541827,2.979389269,2.715620871,2.655256935,2.932562633,2.658984471,2.923825718,2.672722329,2.908756940,0.158250209,-0.099081350,0.186708978,0.247080099,-0.177264509,0.304090910,0.021179107,-0.000977313,0.021201644,0.371130015,-0.178898270,0.411997668,0.046997681,0.038043493,0.060465605,0.050725216,0.029306578,0.058582617,0.064463075,0.014237800,0.066016687
33.480000000,2.372020376,2.954424039,2.340741208,2.954015884,2.477853687,2.953213921,2.477853687,2.953213921,2.546624631,2.924676055,2.889711327,2.773935289,2.335235986,2.962084691,2.658984471,2.923825718,2.770948330,2.793497121,-0.105833312,0.001210118,0.105840230,-0.137112480,0.000801963,0.137114825,0.068770944,-0.028537866,0.074457052,0.411857640,-0.179278632,0.449185423,-0.142617701,0.008870769,0.142893314,0.181130784,-0.029388204,0.183499393,0.293094643,-0.159716801,0.333787247
33.580000000,2.459294619,3.008882592,2.505438019,3.019215069,2.481865718,2.694247102,2.481865718,2.694247102,2.459632374,2.940745518,2.710392760,2.822006709,2.335235986,2.962084691,2.782793567,2.784448677,2.380951046,2.951011468,-0.022571099,0.314635490,0.315444046,0.023572302,0.324967966,0.325821780,-0.022233343,0.246498416,0.247499072,0.228527043,0.127759607,0.261815061,-0.146629731,0.267837588,0.305347756,0.300927849,0.090201575,0.314155845,-0.100914672,0.256764366,0.275883509
33.680000000,2.337176396,2.889649608,2.358287772,2.893902668,2.446967712,2.957378784,2.446967712,2.957378784,2.371176820,2.945021037,2.548333638,2.834643458,2.456079012,3.024106874,2.397265303,2.985483641,2.463665852,3.005188597,-0.109791316,-0.067729176,0.129001451,-0.088679940,-0.063476116,0.109056632,-0.075790893,-0.012357747,0.076791753,0.101365926,-0.122735326,0.159182321,0.009111299,0.066728090,0.067347263,-0.049702410,0.028104857,0.057098271,0.016698140,0.047809813,0.050641940
33.800000000,2.245328581,2.873324081,2.298439573,2.862792809,2.120673659,2.792054648,2.120673659,2.792054648,2.264956407,2.949405257,2.284821337,2.984719355,2.330665766,2.876898116,2.394980193,2.942890354,2.340893844,2.888743123,0.124654921,0.081269433,0.148807157,0.177765914,0.070738161,0.191323306,0.144282748,0.157350608,0.213487061,0.164147678,0.192664707,0.253108967,0.209992107,0.084843468,0.226484213,0.274306533,0.150835706,0.313042304,0.220220185,0.096688475,0.240511104
33.880000000,2.307400434,2.955974857,2.427966140,2.990189648,2.137894169,2.822323653,2.137894169,2.822323653,2.194165670,2.952301082,2.453741922,2.870520994,2.244202017,2.844542902,2.244765299,2.858933491,2.249690600,2.873356061,0.169506265,0.133651204,0.215858792,0.290071971,0.167865995,0.335142866,0.056271501,0.129977429,0.141635496,0.315847753,0.048197341,0.319503970,0.106307848,0.022219249,0.108605035,0.106871130,0.036609839,0.112967777,0.111796431,0.051032409,0.122893241
33.980000000,1.989480694,2.892370340,1.965639459,2.885985237,1.965639459,2.885985237,1.965639459,2.885985237,2.105662245,2.955931126,2.427399909,2.887468193,2.099267385,2.914151400,2.275801226,2.900258879,2.310481624,2.954649881,0.023841235,0.006385103,0.024681451,0.000000000,0.000000000,0.000000000,0.140022786,0.069945889,0.156520950,0.461760450,0.001482956,0.461762832,0.133627926,0.028166162,0.136564107,0.310161767,0.014273642,0.310490029,0.344842165,0.068664644,0.351611934
34.100000000,2.018833027,3.026233488,2.099809587,3.069873619,1.983922905,3.110219618,1.983922905,3.110219618,1.999441036,2.960249967,2.124911757,3.023984938,2.099267385,2.914151400,2.324401542,2.957961779,1.995621595,2.892301598,0.034910122,-0.083986129,0.090952661,0.115886683,-0.040345998,0.122709098,0.015518132,-0.149969651,0.150770384,0.140988852,-0.086234680,0.165270313,0.115344480,-0.196068218,0.227479879,0.340478637,-0.152257839,0.372972053,0.011698690,-0.217918020,0.218231810
34.180000000,1.789581616,2.960291191,1.766484354,2.933219150,1.766484354,2.933219150,1.766484354,2.933219150,1.928640565,2.963118627,2.279238900,2.916736448,1.890091372,3.118151343,2.028660756,3.036611481,2.022058282,3.024877314,0.023097262,0.027072041,0.035586218,0.000000000,0.000000000,0.000000000,0.162156211,0.029899478,0.164889707,0.512754546,-0.016482702,0.513019399,0.123607018,0.184932193,0.222437881,0.262176401,0.103392331,0.281826968,0.255573928,0.091658164,0.271512894
34.300000000,1.825019875,2.900495635,1.898695051,2.869650224,1.888123006,2.938042869,1.888123006,2.938042869,1.822439862,2.967480377,2.260494845,2.932382945,1.890091372,3.118151343,2.028660756,3.036611481,1.795769912,2.959786523,-0.063103131,-0.037547234,0.073428877,0.010572045,-0.068392646,0.069204928,-0.065683144,0.029437507,0.071978068,0.372371840,-0.005659925,0.372414852,0.001968366,0.180108474,0.180119229,0.140537750,0.098568612,0.171658470,-0.092353093,0.021743653,0.094878239
34.380000000,1.874076230,2.876073791,1.952209828,2.846190832,1.673025210,2.966466691,1.673025210,2.966466691,1.751638022,2.970382830,2.197236734,2.944960643,1.842012812,2.876135343,1.833516343,2.888315489,1.829110668,2.900948480,0.201051021,-0.090392900,0.220436815,0.279184618,-0.120275860,0.303990680,0.078612813,0.003916139,0.078710295,0.524211525,-0.021506048,0.524652487,0.168987602,-0.090331348,0.191615663,0.160491134,-0.078151202,0.178507743,0.156085459,-0.065518211,0.169278783
34.480000000,1.684873763,3.005954939,1.729235230,3.018502851,1.573450934,3.034461110,1.573450934,3.034461110,1.663134328,2.973985460,2.159457557,2.949499043,1.687790475,3.008961468,1.889812360,2.862992389,1.874759478,2.878011452,0.111422829,-0.028506170,0.115011515,0.155784295,-0.015958259,0.156599530,0.089683394,-0.060475650,0.108168458,0.586006623,-0.084962067,0.592133697,0.114339540,-0.025499641,0.117148462,0.316361426,-0.171468721,0.359841735,0.301308543,-0.156449658,0.339504541
34.580000000,1.613890567,2.965540687,1.676220674,2.953208757,1.662626111,2.949318302,1.662626111,2.949318302,1.574625962,2.977568068,2.071719341,2.965274526,1.687790475,3.008961468,1.780933353,2.942517630,1.688949089,3.005447564,-0.048735544,0.016222385,0.051364570,0.013594563,0.003890456,0.014140289,-0.088000149,0.028249766,0.092423349,0.409093230,0.015956224,0.409404289,0.025164364,0.059643167,0.064734477,0.118307242,-0.006800672,0.118502542,0.026322978,0.056129262,0.061995107
34.680000000,1.456991695,2.903366184,1.462191713,2.879169245,1.509921502,2.992943853,1.509921502,2.992943853,1.486123467,2.981132813,2.069483762,2.982382023,1.622312011,2.960321599,1.650840521,2.987251078,1.615649742,2.966602737,-0.052929807,-0.089577669,0.104046736,-0.047729789,-0.113774607,0.123380688,-0.023798035,-0.011811040,0.026567784,0.559562261,-0.010561830,0.559661930,0.112390509,-0.032622253,0.117029219,0.140919019,-0.005692775,0.141033959,0.105728240,-0.026341116,0.108960154
34.780000000,1.287930527,2.902285964,1.279410642,2.872750562,1.339859453,3.005920982,1.339859453,3.005920982,1.397611002,2.984682613,1.791423701,3.107421723,1.448535167,2.889060273,1.618101289,2.962931143,1.461986148,2.904083321,-0.051928927,-0.103635018,0.115917343,-0.060448811,-0.133170420,0.146247802,0.057751549,-0.021238369,0.061532997,0.451564247,0.101500740,0.462831146,0.108675713,-0.116860709,0.159583320,0.278241836,-0.042989839,0.281543328,0.122126694,-0.101837661,0.159015215
34.880000000,1.393799550,3.021561453,1.467668747,3.031161067,1.251525909,3.103210857,1.251525909,3.103210857,1.309106526,2.988235325,1.964233246,3.017494729,1.261760139,2.882879552,1.274845333,2.892582758,1.292604819,2.903082234,0.142273640,-0.081649404,0.164037843,0.216142838,-0.072049790,0.227835244,0.057580617,-0.114975532,0.128588104,0.712707337,-0.085716128,0.717843299,0.010234230,-0.220331305,0.220568863,0.023319424,-0.210628099,0.211915057,0.041078910,-0.200128623,0.204301107
34.980000000,1.330348240,2.963688679,1.274831876,2.993151482,1.357833800,2.954023975,1.357833800,2.954023975,1.220606804,2.991752330,1.922286711,3.025847319,1.234838015,3.004421812,1.274845333,2.892582758,1.397349266,3.021539770,-0.027485560,0.009664704,0.029135246,-0.083001924,0.039127507,0.091762090,-0.137226996,0.037728355,0.142318928,0.564452911,0.071823344,0.569004114,-0.122995785,0.050397837,0.132920672,-0.082988467,-0.061441217,0.103257488,0.039515466,0.067515795,0.078229500
35.080000000,1.150829315,2.938131776,1.179321085,2.921686563,1.151825013,3.102511875,1.151825013,3.102511875,1.132085056,2.995225900,1.874713627,3.032490457,1.234838015,3.004421812,1.314318782,3.012991632,1.332108756,2.964720371,-0.000995698,-0.164380099,0.164383115,0.027496072,-0.180825311,0.182903874,-0.019739957,-0.107285975,0.109086875,0.722888614,-0.070021418,0.726271951,0.083013002,-0.098090062,0.128502213,0.162493769,-0.089520242,0.185521154,0.180283743,-0.137791503,0.226911274
35.180000000,1.027514172,3.154514782,1.060778594,3.207813652,1.047280216,3.033214564,1.047280216,3.033214564,1.043584653,2.998702383,1.579984125,3.158698467,1.163659699,2.925044663,1.282593127,2.984055246,1.154609332,2.938687143,-0.019766044,0.121300218,0.122900120,0.013498378,0.174599089,0.175120096,-0.003695563,-0.034512181,0.034709477,0.532703909,0.125483904,0.547283898,0.116379483,-0.108169901,0.158886474,0.235312911,-0.049159318,0.240393022,0.107329117,-0.094527421,0.143020882
35.280000000,0.903395380,2.982275789,0.925071881,2.966940739,0.913032457,3.012796708,0.913032457,3.012796708,0.955077088,3.002183853,1.718469283,3.062022861,0.890032206,2.978727375,1.157244507,2.931588219,1.030254607,3.154538262,-0.009637076,-0.030520919,0.032006245,0.012039424,-0.045855969,0.047410100,0.042044631,-0.010612855,0.043363391,0.805436827,0.049226152,0.806939710,-0.023000251,-0.034069333,0.041106337,0.244212050,-0.081208489,0.257360339,0.117222151,0.141741554,0.183933958
35.380000000,0.936436265,3.189562422,0.896762104,2.889102915,0.896762104,2.889102915,0.896762104,2.889102915,0.866560408,3.005645928,1.697480185,3.065067607,0.890032206,2.978727375,0.958773189,3.066621079,0.907129209,2.982635214,0.039674161,0.300459507,0.303067574,0.000000000,0.000000000,0.000000000,-0.030201696,0.116543013,0.120392759,0.800718081,0.175964692,0.819824993,-0.006729898,0.089624461,0.089876779,0.062011085,0.177518164,0.188037425,0.010367105,0.093532299,0.094105089
35.480000000,0.845383929,2.995814764,0.898732842,2.998739973,0.737515494,3.069681420,0.737515494,3.069681420,0.778050109,3.009139666,1.593519622,3.071933327,0.953359930,3.227307121,0.944898097,3.208434772,0.939422108,3.189043163,0.107868435,-0.073866656,0.130735926,0.161217348,-0.070941447,0.176135523,0.040534615,-0.060541755,0.072858487,0.856004129,0.002251906,0.856007091,0.215844436,0.157625701,0.267272674,0.207382603,0.138753351,0.249519612,0.201906614,0.119361743,0.234549582
35.600000000,0.642984429,3.082089882,0.683307145,3.107470045,0.675957769,3.127884168,0.675957769,3.127884168,0.671851312,3.013353647,1.359910567,3.191803722,0.860735504,2.991453594,0.944898097,3.208434772,0.847480337,2.996563547,-0.032973339,-0.045794286,0.056430114,0.007349376,-0.020414124,0.021696769,-0.004106456,-0.114530522,0.114604116,0.683952798,0.063919553,0.686933140,0.184777736,-0.136430574,0.229686989,0.268940329,0.080550603,0.280744190,0.171522568,-0.131320621,0.216021057
35.680000000,0.640684721,3.001834441,0.693069315,2.973474985,0.641898693,3.084433454,0.641898693,3.084433454,0.601039336,3.016172427,1.510440442,3.093700142,0.633668463,3.105379237,0.638326446,3.093734560,0.646190893,3.082132798,-0.001213972,-0.082599013,0.082607933,0.051170622,-0.110958469,0.122189256,-0.040859357,-0.068261027,0.079555357,0.868541749,0.009266689,0.868591182,-0.008230230,0.020945784,0.022504723,-0.003572247,0.009301106,0.009963510,0.004292200,-0.002300655,0.004869907
35.800000000,0.544687745,2.960409236,0.619560752,2.921354697,0.672677867,3.088021358,0.672677867,3.088021358,0.512520996,3.019680939,1.469480406,3.107838800,0.649265098,2.998950168,0.638326446,3.093734560,0.643744330,3.002159446,-0.127990122,-0.127612121,0.180738277,-0.053117115,-0.166666661,0.174926281,-0.160156871,-0.068340419,0.174128218,0.796802539,0.019817442,0.797048943,-0.023412769,-0.089071190,0.092096876,-0.034351421,0.005713202,0.034823280,-0.028933538,-0.085861912,0.090605836
35.880000000,0.457681598,3.079182794,0.485912612,2.868451725,0.485912612,2.868451725,0.485912612,2.868451725,0.406549020,3.014523311,1.158218995,3.209983656,0.456409821,3.093298170,0.500548783,3.026853703,0.546530635,2.961158894,-0.028231014,0.210731069,0.212613672,0.000000000,0.000000000,0.000000000,-0.079363592,0.146071586,0.166239249,0.672306384,0.341531931,0.754082179,-0.029502791,0.224846445,0.226773760,0.014636171,0.158401978,0.159076724,0.060618023,0.092707169,0.110766258
35.980000000,0.383671656,3.057780075,0.427849805,3.098420864,0.555610808,2.888812787,0.271410634,3.012699350,0.320697853,2.993206790,1.063161271,3.197264086,0.394504435,3.069973271,0.500548783,3.026853703,0.459603492,3.079562226,0.112261023,0.045080724,0.120974414,0.156439172,0.085721514,0.178385516,0.049287219,-0.019492560,0.053001791,0.791750637,0.184564736,0.812977991,0.123093801,0.057273920,0.135765923,0.229138150,0.014154353,0.229574906,0.188192858,0.066862876,0.199717791
36.080000000,0.187904797,2.865585432,0.297203785,2.758291472,0.297203785,2.758291472,0.297203785,2.758291472,0.255551916,2.965454808,0.900098252,3.139043852,0.394504435,3.069973271,0.457045710,3.086240482,0.385285777,3.058044647,-0.109298988,0.107293960,0.153160905,0.000000000,0.000000000,0.000000000,-0.041651869,0.207163336,0.211309077,0.602894466,0.380752380,0.713059684,0.097300649,0.311681799,0.326516401,0.159841924,0.327949010,0.364828719,0.088081992,0.299753176,0.312426637
36.180000000,0.316968448,2.858462839,0.093244627,2.911180421,0.093244627,2.911180421,0.093244627,2.911180421,0.180721236,2.918275607,0.774154944,3.098624300,0.276101730,2.773323714,0.389088045,3.063876673,0.189499653,2.866207661,0.223723821,-0.052717582,0.229851020,0.000000000,0.000000000,0.000000000,0.087476609,0.007095186,0.087763881,0.680910317,0.187443879,0.706239384,0.182857103,-0.137856707,0.229000419,0.295843419,0.152696252,0.332925628,0.096255026,-0.044972760,0.106243019
36.300000000,0.031668413,2.840340479,0.042012039,2.871852281,0.305559862,2.990818746,0.305559862,2.990818746,0.103651529,2.845333893,0.616165736,2.997569849,0.019307460,2.848983480,0.331213321,2.852163549,0.339220170,2.868808423,-0.273891449,-0.150478267,0.312506375,-0.263547823,-0.118966465,0.289154759,-0.201908332,-0.145484852,0.248863049,0.310605874,0.006751103,0.310679234,-0.286252402,-0.141835266,0.319464678,0.025653459,-0.138655197,0.141008381,0.033660308,-0.122010323,0.126568303
36.400000000,0.038955038,2.739132276,0.051809708,2.807054520,0.067290490,2.726588863,0.067290490,2.726588863,0.052407939,2.773236127,0.565032649,2.922953780,0.060948524,2.804111507,0.025487937,2.844661979,0.068072734,2.845979179,-0.028335452,0.012543413,0.030987659,-0.015480781,0.080465657,0.081941299,-0.014882551,0.046647264,0.048963839,0.497742160,0.196364917,0.535076105,-0.006341965,0.077522644,0.077781623,-0.041802553,0.118073116,0.125254597,0.000782245,0.119390316,0.119392879
36.500000000,-0.035448028,2.708639144,-0.031769174,2.766888189,0.057276012,2.785805657,0.057276012,2.785805657,0.014682608,2.693219178,0.438301576,2.776265445,0.060948524,2.804111507,0.025487937,2.844661979,0.069326206,2.747037020,-0.092724040,-0.077166513,0.120633405,-0.089045186,-0.018917468,0.091032498,-0.042593404,-0.092586479,0.101913955,0.381025564,-0.009540212,0.381144980,0.003672512,0.018305850,0.018670605,-0.031788076,0.058856322,0.066892065,0.012050194,-0.038768637,0.040598206
36.580000000,-0.001948503,2.682922712,0.005211218,2.717561704,-0.199602013,2.494046531,-0.199602013,2.494046531,-0.004960062,2.625181418,0.481925449,2.662164019,-0.050227041,2.715379518,0.049951781,2.771621892,-0.008144663,2.708839279,0.197653511,0.188876180,0.273388225,0.204813231,0.223515172,0.303162485,0.194641951,0.131134887,0.234695223,0.681527462,0.168117488,0.701956674,0.149374972,0.221332987,0.267022795,0.249553794,0.277575360,0.373262879,0.191457351,0.214792748,0.287735715
36.700000000,0.096292383,2.459774304,0.239176228,2.499111207,0.076097416,2.600618052,0.076097416,2.600618052,-0.015993779,2.519657808,0.380620862,2.515315320,0.007626321,2.714715529,-0.042837534,2.712009331,0.022076663,2.679629348,0.020194967,-0.140843748,0.142284216,0.163078812,-0.101506845,0.192089402,-0.092091196,-0.080960244,0.122618716,0.304523446,-0.085302732,0.316245292,-0.068471095,0.114097477,0.133065868,-0.118934950,0.111391279,0.162952568,-0.054020753,0.079011296,0.095713252
36.800000000,0.051902184,2.395921480,0.064911432,2.490713976,-0.094329728,2.506232025,-0.094329728,2.506232025,-0.010736928,2.413510987,0.374073769,2.427642209,0.204702720,2.447376397,0.150497551,2.453575350,0.112023671,2.458924303,0.146231912,-0.110310545,0.183172565,0.159241160,-0.015518049,0.159995490,0.083592800,-0.092721038,0.124839685,0.468403497,-0.078589816,0.474950729,0.299032447,-0.058855628,0.304769404,0.244827279,-0.052656675,0.250425881,0.206353399,-0.047307722,0.211706744
36.881000000,0.168750107,2.392438241,0.114568189,2.400884646,0.189767040,2.397232907,0.189767040,2.397232907,-0.007795411,2.360441396,0.344008032,2.296746647,0.093554891,2.381835554,0.072728538,2.388878517,0.065639270,2.391257509,-0.021016933,-0.004794666,0.021556908,-0.075198851,0.003651739,0.075287465,-0.197562451,-0.036791511,0.200959044,0.154240992,-0.100486260,0.184086317,-0.096212148,-0.015397353,0.097436420,-0.117038502,-0.008354390,0.117336298,-0.124127770,-0.005975398,0.124271512
37.000000000,0.066445488,2.159918450,0.069690158,2.157256323,-0.143394838,2.286114364,-0.143394838,2.286114364,-0.001899537,2.254313908,0.354375404,2.266668174,0.096258569,2.375464234,0.072728538,2.388878517,0.176781675,2.386996468,0.209840326,-0.126195915,0.244863986,0.213084996,-0.128858041,0.249017289,0.141495301,-0.031800456,0.145024788,0.497770242,-0.019446190,0.498149945,0.239653407,0.089349870,0.255767775,0.216123376,0.102764153,0.239311063,0.320176512,0.100882103,0.335693607
37.080000000,0.002702119,2.274969985,0.019658829,2.346145981,0.157589412,2.105945614,0.157589412,2.105945614,0.002056477,2.183554652,0.346575005,2.202994809,0.101775150,2.129774517,0.132504338,2.383951237,0.077596925,2.161633239,-0.154887293,0.169024371,0.229258177,-0.137930583,0.240200367,0.276985671,-0.155532936,0.077609037,0.173820760,0.188985592,0.097049194,0.212447877,-0.055814263,0.023828902,0.060688125,-0.025085074,0.278005623,0.279135070,-0.079992488,0.055687625,0.097467480
37.200000000,-0.064003648,2.053727149,-0.130679896,2.103751930,-0.094558847,2.123467652,-0.094558847,2.123467652,0.007953245,2.077440777,0.339349133,2.156980239,-0.087209538,2.066539200,0.084110319,2.144846483,0.015059718,2.271035311,0.030555198,-0.069740502,0.076140382,-0.036121049,-0.019715722,0.041151426,0.102512091,-0.046026875,0.112370824,0.433907980,0.033512587,0.435200217,0.007349308,-0.056928451,0.057400879,0.178669166,0.021378831,0.179943672,0.109618565,0.147567659,0.183827212
37.300000000,0.068412313,2.027713329,-0.047339587,2.032824454,-0.047339587,2.032824454,-0.047339587,2.032824454,0.012825721,1.988988521,0.381952983,2.021020514,0.096649315,2.050868439,-0.075606593,2.060133175,-0.050647763,2.053368877,0.115751900,-0.005111125,0.115864688,0.000000000,0.000000000,0.000000000,0.060165309,-0.043835933,0.074440939,0.429292570,-0.011803940,0.429454821,0.143988902,0.018043986,0.145115090,-0.028267006,0.027308721,0.039303815,-0.003308176,0.020544424,0.020809069
37.420000000,-0.046433935,1.800637390,-0.094055011,1.795793470,-0.129697659,1.961157319,-0.129697659,1.961157319,0.018625889,1.882838916,0.344213377,2.027369360,0.096649315,2.050868439,0.082530814,2.039290884,0.076451511,2.027703303,0.083263724,-0.160519929,0.180830018,0.035642648,-0.165363848,0.169161463,0.148323549,-0.078318403,0.167730878,0.473911036,0.066212041,0.478514059,0.226346974,0.089711121,0.243476976,0.212228473,0.078133566,0.226154325,0.206149171,0.066545984,0.216623749
37.500000000,0.027371506,1.840498433,0.014950068,1.858907029,0.014950068,1.858907029,0.014950068,1.858907029,0.023411241,1.794401238,0.377405648,1.885865469,0.116232132,1.765063899,-0.062330940,1.793876563,-0.035650349,1.804330772,0.012421438,-0.018408597,0.022207399,0.000000000,0.000000000,0.000000000,0.008461174,-0.064505792,0.065058348,0.362455580,0.026958439,0.363456745,0.101282064,-0.093843130,0.138074580,-0.077281007,-0.065030467,0.101001563,-0.050600416,-0.054576258,0.074424257
37.600000000,-0.049287952,1.618281213,0.014950068,1.858907029,-0.179641551,1.594229302,-0.090209191,1.608799057,0.027237467,1.723653178,0.377405648,1.885865469,0.116232132,1.765063899,-0.062330940,1.793876563,-0.035650349,1.804330772,0.040921239,0.009482156,0.042005465,0.105159259,0.250107973,0.271316177,0.117446658,0.114854121,0.164271685,0.467614839,0.277066412,0.543534207,0.206441323,0.156264843,0.258914505,0.027878251,0.185077506,0.187165382,0.054558842,0.195531715,0.203000785
37.680000000,-0.079996152,1.622154073,-0.006167995,1.529923111,-0.146524024,1.724944543,-0.146524024,1.724944543,0.031099306,1.652885204,0.361392226,1.787412067,-0.073349026,1.635411948,0.071801819,1.802781166,-0.039245261,1.623463260,0.066527872,-0.102790470,0.122441163,0.140356029,-0.195021433,0.240277286,0.177623330,-0.072059340,0.191683582,0.507916250,0.062467523,0.511743205,0.073174998,-0.089532595,0.115631596,0.218325843,0.077836623,0.231785922,0.107278763,-0.101481283,0.147672556
37.800000000,0.044275710,1.527108617,0.053614838,1.573368270,-0.050673734,1.479359557,-0.050673734,1.479359557,0.036821085,1.546746602,0.310133965,1.746013245,-0.012362793,1.525150575,-0.046179473,1.573652324,-0.070414551,1.625477332,0.094949444,0.047749060,0.106279677,0.104288572,0.094008712,0.140405642,0.087494819,0.067387044,0.110437118,0.360807699,0.266653687,0.448649512,0.038310941,0.045791018,0.059703815,0.004494261,0.094292767,0.094399810,-0.019740816,0.146117775,0.147445257
37.900000000,-0.042333296,1.491389059,-0.056577074,1.501253918,-0.056577074,1.501253918,-0.056577074,1.501253918,0.041592191,1.458293766,0.318721595,1.643181666,0.040066182,1.436279155,0.042319415,1.533235393,0.049481656,1.530359570,0.014243778,-0.009864859,0.017326300,0.000000000,0.000000000,0.000000000,0.098169265,-0.042960152,0.107157730,0.375298668,0.141927748,0.401238802,0.096643255,-0.064974763,0.116454449,0.098896489,0.031981475,0.103939070,0.106058730,0.029105652,0.109979967
38.000000000,0.044347466,1.274204392,0.058171203,1.263770635,0.033714797,1.307686024,0.033714797,1.307686024,0.044456720,1.369805500,0.342219670,1.583267277,0.040066182,1.436279155,0.042319415,1.533235393,-0.035549662,1.494240995,0.010632669,-0.033481632,0.035129380,0.024456406,-0.043915389,0.050266064,0.010741922,0.062119476,0.063041400,0.308504872,0.275581254,0.413666875,0.006351384,0.128593131,0.128749887,0.008604617,0.225549369,0.225713441,-0.069264459,0.186554971,0.198998298
38.080000000,0.041288575,1.262170128,0.042438888,1.299093841,0.158925730,1.249607670,0.158925730,1.249607670,0.039785467,1.281350609,0.325761197,1.605291198,0.038613748,1.237611811,-0.001133557,1.463834107,0.049109783,1.280462931,-0.117637155,0.012562458,0.118306026,-0.116486842,0.049486171,0.126562496,-0.119140263,0.031742940,0.123296458,0.166835467,0.355683528,0.392867465,-0.120311982,-0.011995858,0.120908534,-0.160059287,0.214226437,0.267417168,-0.109815947,0.030855261,0.114068354
38.200000000,0.066858813,1.238184064,0.064750961,1.323103313,0.059785433,1.141945604,0.059785433,1.141945604,0.035088218,1.192896110,0.303088222,1.563861256,0.038613748,1.237611811,0.041480607,1.255908102,0.045528983,1.266702448,0.007073380,0.096238460,0.096498051,0.004965529,0.181157710,0.181225749,-0.024697215,0.050950507,0.056620725,0.243302789,0.421915652,0.487041133,-0.021171685,0.095666208,0.097980935,-0.018304826,0.113962498,0.115423211,-0.014256450,0.124756844,0.125568772
38.280000000,0.066702306,1.052544511,0.076521110,1.065987932,0.031235496,1.179551085,0.031235496,1.179551085,0.031323563,1.122138308,0.329286195,1.485693258,0.072025777,1.035205573,0.071160426,1.255924043,0.070233624,1.242469115,0.035466810,-0.127006573,0.131865706,0.045285614,-0.113563153,0.122259464,0.000088067,-0.057412777,0.057412844,0.298050699,0.306142174,0.427267188,0.040790281,-0.144345512,0.149998246,0.039924930,0.076372959,0.086179051,0.038998127,0.062918030,0.074023864
38.380000000,0.170840691,1.007734284,0.229198371,1.032964331,0.127588591,0.899983228,0.127588591,0.899983228,0.026612774,1.033675539,0.337086408,1.450239799,0.072025777,1.035205573,0.069442295,1.136694818,0.070342341,1.057898467,0.043252100,0.107751056,0.116107856,0.101609781,0.132981103,0.167357466,-0.100975817,0.133692311,0.167540292,0.209497817,0.550256571,0.588788272,-0.055562814,0.135222345,0.146192711,-0.058146296,0.236711590,0.243748577,-0.057246250,0.157915239,0.167971295
38.500000000,-0.043224973,0.939043352,-0.088566187,1.016532794,0.025291101,1.031363969,0.025291101,1.031363969,0.021874613,0.945222855,0.294730608,1.362837765,0.203133922,1.003095698,0.186987306,1.005414991,0.172525338,1.012542555,-0.068516074,-0.092320616,0.114967598,-0.113857289,-0.014831175,0.114819188,-0.003416488,-0.086141114,0.086208839,0.269439507,0.331473796,0.427168030,0.177842821,-0.028268271,0.180075440,0.161696205,-0.025948978,0.163765113,0.147234237,-0.018821414,0.148432362
38.580000000,0.017477342,0.974331760,0.108204471,0.924918405,0.023667526,0.843049618,0.023667526,0.843049618,0.017075934,0.856788388,0.289895446,1.300465591,0.014787858,1.006717155,-0.054760978,0.950397956,-0.039036763,0.943398817,-0.006190183,0.131282142,0.131428000,0.084536945,0.081868786,0.117681746,-0.006591591,0.013738770,0.015238204,0.266227921,0.457415972,0.529251053,-0.008879667,0.163667537,0.163908240,-0.078428503,0.107348338,0.132946213,-0.062704288,0.100349199,0.118329157
38.680000000,-0.091000777,0.821753081,-0.167154489,0.736443108,-0.167154489,0.736443108,-0.167154489,0.736443108,0.012269338,0.768321158,0.299024504,1.281275971,-0.112086192,0.835125190,-0.054760978,0.950397956,0.020482622,0.977406694,0.076153712,0.085309973,0.114355496,0.000000000,0.000000000,0.000000000,0.179423827,0.031878050,0.182233696,0.466178993,0.544832863,0.717053487,0.055068297,0.098682082,0.113007392,0.112393512,0.213954848,0.241679495,0.187637111,0.240963586,0.305403233
38.800000000,0.028199622,0.861029056,0.006123723,0.878098903,0.039874330,0.909521406,0.039874330,0.909521406,0.006493156,0.662207019,0.284880980,1.151120880,-0.019385705,0.826394288,0.016132600,0.990524458,-0.087240509,0.825095213,-0.011674708,-0.048492349,0.049877918,-0.033750607,-0.031422502,0.046113742,-0.033381174,-0.247314386,0.249557024,0.245006650,0.241599475,0.344090925,-0.059260035,-0.083127117,0.102087558,-0.023741730,0.081003052,0.084410688,-0.127114839,-0.084426193,0.152597393
38.880000000,-0.122668908,0.676165082,-0.164569454,0.711800102,-0.016762536,0.608752774,-0.016762536,0.608752774,0.002653050,0.591428672,0.278586881,1.126073924,-0.019385705,0.826394288,-0.101543484,0.828439135,0.030423845,0.863541657,-0.105906373,0.067412308,0.125541145,-0.147806919,0.103047328,0.180182233,0.019415586,-0.017324102,0.026020943,0.295349417,0.517321150,0.595694930,-0.002623170,0.217641514,0.217657322,-0.084780949,0.219686361,0.235478039,0.047186381,0.254788883,0.259121457
38.980000000,-0.084256260,0.449066220,-0.110181840,0.460617463,0.125563422,0.504082698,0.125563422,0.504082698,0.004125080,0.502989289,0.275592099,1.016074096,-0.104626572,0.438072601,0.004406958,0.843711672,-0.119309883,0.679723232,-0.209819682,-0.055016478,0.216912682,-0.235745262,-0.043465235,0.239718700,-0.121438342,-0.001093409,0.121443264,0.150028676,0.511991398,0.533520192,-0.230189994,-0.066010097,0.239467673,-0.121156464,0.339628974,0.360592192,-0.244873305,0.175640534,0.301351179
39.080000000,0.056116924,0.510380415,0.003841362,0.590077165,0.003841362,0.590077165,0.003841362,0.590077165,0.021170456,0.416166245,0.331304296,0.829466075,0.060577073,0.529221380,-0.094441416,0.443569410,-0.081531953,0.453003579,0.052275562,-0.079696750,0.095311628,0.000000000,0.000000000,0.000000000,0.017329094,-0.173910920,0.174772153,0.327462934,0.239388910,0.405634101,0.056735711,-0.060855785,0.083200766,-0.098282778,-0.146507755,0.176420029,-0.085373315,-0.137073586,0.161486133
39.180000000,0.027389875,0.441807652,0.010058879,0.491872658,0.147210522,0.428118180,0.147210522,0.428118180,0.053226498,0.333713555,0.330218676,0.729910928,0.020035061,0.467367003,0.058346999,0.519800897,0.058020565,0.512587727,-0.119820647,0.013689472,0.120600120,-0.137151644,0.063754479,0.151245519,-0.093984024,-0.094404625,0.133211223,0.183008153,0.301792749,0.352945955,-0.127175461,0.039248823,0.133094208,-0.088863524,0.091682718,0.127681034,-0.089189957,0.084469548,0.122841170
39.300000000,0.076142720,0.222673154,0.035059175,0.250841678,-0.057877361,0.432960084,-0.057877361,0.432960084,0.093873203,0.255022354,0.377278857,0.638316261,0.020035061,0.467367003,0.058346999,0.519800897,0.029661024,0.443260616,0.134020081,-0.210286930,0.249363139,0.092936536,-0.182118406,0.204461032,0.151750564,-0.177937729,0.233859080,0.435156218,0.205356178,0.481177819,0.077912422,0.034406919,0.085171483,0.116224360,0.086840814,0.145084212,0.087538385,0.010300533,0.088142327
39.380000000,0.172329968,0.210276507,0.205683747,0.271342857,-0.056949408,0.147522969,-0.056949408,0.147522969,0.135088542,0.176617423,0.397662924,0.597000237,0.058722898,0.235519417,0.023712468,0.454587327,0.078225734,0.224851044,0.229279376,0.062753538,0.237712092,0.262633155,0.123819888,0.290357605,0.192037950,0.029094454,0.194229404,0.454612332,0.449477268,0.639298199,0.115672306,0.087996447,0.145339111,0.080661876,0.307064358,0.317482060,0.135175141,0.077328075,0.155730376
39.480000000,0.222422982,0.270848604,0.251328677,0.089317406,0.251328677,0.089317406,0.251328677,0.089317406,0.198116655,0.091280946,0.488603360,0.427539951,0.224521071,0.307971020,0.174881843,0.214179829,0.173962492,0.211712500,-0.028905695,0.181531197,0.183818157,0.000000000,0.000000000,0.000000000,-0.053212022,0.001963539,0.053248238,0.237274682,0.338222545,0.413151019,-0.026807606,0.218653614,0.220290832,-0.076446834,0.124862422,0.146406089,-0.077366185,0.122395093,0.144796704
39.580000000,0.374640637,0.036024029,0.386775500,0.056198596,0.281484900,0.070145816,0.281484900,0.070145816,0.249543537,0.042601905,0.575048902,0.382411666,0.402224252,0.032441587,0.174881843,0.214179829,0.223742356,0.271625274,0.093155737,-0.034121787,0.099208304,0.105290600,-0.013947220,0.106210335,-0.031941363,-0.027543911,0.042177218,0.293564002,0.312265850,0.428590462,0.120739352,-0.037704229,0.126489525,-0.106603057,0.144034013,0.179192658,-0.057742545,0.201479458,0.209590490
39.680000000,0.327152861,-0.080023727,0.396337308,-0.071803046,0.331515361,0.017699550,0.331515361,0.017699550,0.338242777,-0.015621797,0.721131386,0.273427660,0.328094324,-0.094701021,0.388432445,0.034232808,0.375993753,0.037155750,-0.004362500,-0.097723277,0.097820603,0.064821947,-0.089502596,0.110510631,0.006727416,-0.033321347,0.033993680,0.389616025,0.255728110,0.466044540,-0.003421037,-0.112400571,0.112452621,0.056917084,0.016533258,0.059269748,0.044478391,0.019456200,0.048547616
39.780000000,0.455467466,-0.142989133,0.435046094,-0.152380885,0.389027928,0.031387649,0.389027928,0.031387649,0.403343955,-0.043456017,0.826046380,0.223369569,0.328094324,-0.094701021,0.388432445,0.034232808,0.329209779,-0.078772848,0.066439539,-0.174376782,0.186605129,0.046018166,-0.183768534,0.189442724,0.014316028,-0.074843666,0.076200545,0.437018453,0.191981920,0.477328174,-0.060933604,-0.126088670,0.140040197,-0.000595483,0.002845160,0.002906808,-0.059818149,-0.110160497,0.125353684
39.880000000,0.460682676,-0.114164320,0.410989182,-0.161144901,0.353655076,0.005366152,0.353655076,0.005366152,0.489175725,-0.064882959,0.918903499,0.182690336,0.455822033,-0.121386293,0.391780895,-0.118845077,0.457012753,-0.141666204,0.107027600,-0.119530472,0.160444510,0.057334107,-0.166511053,0.176105453,0.135520649,-0.070249112,0.152645944,0.565248423,0.177324183,0.592410032,0.102166957,-0.126752445,0.162801319,0.038125819,-0.124211229,0.129930780,0.103357677,-0.147032356,0.179725689
39.980000000,0.624278948,-0.003386475,0.622768941,0.016267649,0.580725840,-0.136447745,0.580725840,-0.136447745,0.577449004,-0.070817240,1.044870432,0.150522259,0.455822033,-0.121386293,0.455644750,-0.132187713,0.462631099,-0.113178589,0.043553107,0.133061271,0.140007767,0.042043100,0.152715394,0.158397014,-0.003276837,0.065630506,0.065712259,0.464144591,0.286970005,0.545694040,-0.124903807,0.015061453,0.125808618,-0.125081091,0.004260032,0.125153614,-0.118094741,0.023269157,0.120365367
40.100000000,0.686188673,-0.146455572,0.633735113,-0.176214862,0.676595688,-0.099655748,0.676595688,-0.099655748,0.683743506,-0.070526966,1.153128437,0.135525562,0.629125755,0.011899182,0.626702352,0.004256354,0.626168044,-0.002887947,0.009592985,-0.046799824,0.047772889,-0.042860575,-0.076559114,0.087740109,0.007147818,0.029128782,0.029992953,0.476532749,0.235181310,0.531407292,-0.047469933,0.111554930,0.121234884,-0.049893336,0.103912102,0.115269553,-0.050427644,0.096767801,0.109118993
40.180000000,0.725460102,-0.094752718,0.677614931,-0.098937063,0.799671320,-0.128195818,0.799671320,-0.128195818,0.772319861,-0.069687961,1.223952341,0.135021014,0.733958786,-0.095172087,0.676965147,-0.158087924,0.687707302,-0.145624270,-0.074211218,0.033443099,0.081398684,-0.122056388,0.029258754,0.125514289,-0.027351458,0.058507857,0.064585382,0.424281021,0.263216831,0.499296991,-0.065712533,0.033023730,0.073543890,-0.122706173,-0.029892106,0.126294667,-0.111964017,-0.017428452,0.113312365
40.280000000,0.885740630,-0.020026793,0.864982392,0.001007861,0.994373102,0.009317263,0.994373102,0.009317263,0.842650688,-0.061383441,1.344982290,0.136118472,0.733958786,-0.095172087,0.710073730,-0.120813830,0.727030176,-0.094103256,-0.108632472,-0.029344056,0.112525942,-0.129390710,-0.008309402,0.129657248,-0.151722414,-0.070700704,0.167386620,0.350609189,0.126801210,0.372834212,-0.260414315,-0.104489350,0.280595153,-0.284299372,-0.130131092,0.312666330,-0.267342926,-0.103420519,0.286649688
40.400000000,1.094484087,0.011907113,0.986828383,-0.199100479,1.103231418,0.048957597,1.103231418,0.048957597,0.947849127,-0.046175479,1.384823646,0.132516875,1.090435385,0.012261889,0.809849708,-0.057599440,0.886811250,-0.019644093,-0.008747331,-0.037050484,0.038069071,-0.116403035,-0.248058076,0.274011817,-0.155382291,-0.095133076,0.182192093,0.281592228,0.083559279,0.293728337,-0.012796033,-0.036695708,0.038862751,-0.293381710,-0.106557037,0.312133353,-0.216420168,-0.068601690,0.227032775
40.480000000,1.007449098,-0.050917247,0.944890815,-0.073119329,1.028978035,-0.202588441,1.028978035,-0.202588441,1.017991523,-0.036006458,1.515870831,0.141944220,1.090435385,0.012261889,0.890372515,-0.015860177,1.095421418,0.012202285,-0.021528936,0.151671193,0.153191534,-0.084087219,0.129469112,0.154379116,-0.010986511,0.166581983,0.166943884,0.486892796,0.344532660,0.596462362,0.061457351,0.214850330,0.223467380,-0.138605519,0.186728263,0.232548778,0.066443383,0.214790725,0.224832780
40.580000000,1.132485710,-0.086527988,1.105772774,-0.097034013,1.136282130,-0.014335021,1.136282130,-0.014335021,1.105637600,-0.023301215,1.502657418,0.136576474,1.003383097,-0.051637542,1.005416098,-0.051277395,1.008457783,-0.050502161,-0.003796420,-0.072192967,0.072292720,-0.030509357,-0.082698992,0.088147286,-0.030644530,-0.008966194,0.031929295,0.366375287,0.150911495,0.396238729,-0.132899033,-0.037302521,0.138034891,-0.130866033,-0.036942374,0.135980357,-0.127824347,-0.036167140,0.132842485
40.700000000,1.209527539,0.037879680,1.152957884,0.050887378,1.182538786,0.045142341,1.182538786,0.045142341,1.228746792,-0.008548615,1.473056261,0.129085957,1.137782235,-0.097215704,1.135133973,-0.091871846,1.133322381,-0.086074046,0.026988753,-0.007262661,0.027948865,-0.029580902,0.005745037,0.030133623,0.046208006,-0.053690957,0.070837128,0.290517475,0.083943615,0.302401940,-0.044756552,-0.142358046,0.149227886,-0.047404814,-0.137014188,0.144983116,-0.049216405,-0.131216388,0.140142766
40.800000000,1.332205754,-0.014722068,1.224853407,0.083152732,1.224853407,0.083152732,1.224853407,0.083152732,1.299197237,-0.000874100,1.572577209,0.134139605,1.326930164,-0.023683630,1.205940446,0.045867824,1.210158374,0.038038396,0.107352347,-0.097874800,0.145272168,0.000000000,0.000000000,0.000000000,0.074343830,-0.084026832,0.112194089,0.347723802,0.050986873,0.351442035,0.102076757,-0.106836362,0.147762217,-0.018912961,-0.037284908,0.041807469,-0.014695033,-0.045114336,0.047447311
40.880000000,1.455849297,0.100839133,1.470778059,0.122348644,1.455356606,0.076348893,1.455356606,0.076348893,1.369983941,0.002407839,1.588179344,0.138663440,1.326930164,-0.023683630,1.205940446,0.045867824,1.332608681,-0.014472536,0.000492691,0.024490240,0.024495196,0.015421453,0.045999751,0.048515959,-0.085372666,-0.073941054,0.112941452,0.132822738,0.062314547,0.146713947,-0.128426442,-0.100032524,0.162787766,-0.249416160,-0.030481069,0.251271798,-0.122747925,-0.090821429,0.152694417
40.980000000,1.483668897,0.042289460,1.433061394,0.116168837,1.433061394,0.116168837,1.433061394,0.116168837,1.476203023,0.006456511,1.593698267,0.136954428,1.491163007,0.049244732,1.472210500,0.113011513,1.456066322,0.100888732,0.050607504,-0.073879377,0.089550443,0.000000000,0.000000000,0.000000000,0.043141629,-0.109712326,0.117889756,0.160636873,0.020785591,0.161976066,0.058101613,-0.066924105,0.088626369,0.039149106,-0.003157324,0.039276217,0.023004929,-0.015280105,0.027617175
41.080000000,1.613112369,0.204278243,1.604655463,0.254149776,1.617200499,-0.038688111,1.617200499,-0.038688111,1.546997119,0.009203961,1.641971443,0.127015447,1.491163007,0.049244732,1.472210500,0.113011513,1.483825152,0.042423895,-0.004088130,0.242966353,0.243000744,-0.012545036,0.292837887,0.293106475,-0.070203380,0.047892072,0.084983322,0.024770944,0.165703557,0.167544826,-0.126037492,0.087932843,0.153680299,-0.144989999,0.151699623,0.209844884,-0.133375347,0.081112005,0.156102981
41.200000000,1.761165234,0.070182478,1.756846903,0.095588224,1.674202264,0.036420576,1.674202264,0.036420576,1.653207138,0.013364157,1.727493746,0.129634022,1.626375757,0.242348826,1.487415952,0.045767096,1.613131759,0.204165717,0.086962970,0.033761902,0.093286784,0.082644639,0.059167649,0.101641266,-0.020995127,-0.023056418,0.031183229,0.053291482,0.093213446,0.107371917,-0.047826507,0.205928251,0.211409127,-0.186786312,0.009346520,0.187020009,-0.061070505,0.167745142,0.178516216
41.280000000,1.720696532,0.051128848,1.677157475,0.056958723,1.621536243,0.092190577,1.621536243,0.092190577,1.724018028,0.016130923,1.784302774,0.123070280,1.718409846,0.057698836,1.739787540,0.063940657,1.761191913,0.070243460,0.099160289,-0.041061729,0.107325805,0.055621232,-0.035231855,0.065840755,0.102481785,-0.076059654,0.127622832,0.162766531,0.030879703,0.165669852,0.096873603,-0.034491741,0.102830809,0.118251297,-0.028249920,0.121578893,0.139655669,-0.021947118,0.141369664
41.380000000,1.779549390,0.001391456,1.741672645,-0.016723837,1.917295955,-0.112477826,1.917295955,-0.112477826,1.812531889,0.019618994,1.806558781,0.118487811,1.718409846,0.057698836,1.739787540,0.063940657,1.720740434,0.051204313,-0.137746565,0.113869282,0.178718576,-0.175623310,0.095753989,0.200030931,-0.104764066,0.132096819,0.168597388,-0.110737174,0.230965637,0.256140288,-0.198886109,0.170176662,0.261755192,-0.177508415,0.176418483,0.250265296,-0.196555521,0.163682139,0.255784901
41.500000000,1.856773968,0.182923641,1.904102504,0.112440725,1.904102504,0.112440725,1.904102504,0.112440725,1.918737887,0.023863829,1.860291410,0.117501869,1.771658525,-0.002305438,1.775603958,-0.000456991,1.779586243,0.001503456,-0.047328535,0.070482915,0.084898949,0.000000000,0.000000000,0.000000000,0.014635384,-0.088576896,0.089777843,-0.043811094,0.005061143,0.044102462,-0.132443978,-0.114746163,0.175237237,-0.128498546,-0.112897716,0.171049030,-0.124516260,-0.110937269,0.166767433
41.580000000,2.059667262,-0.061693590,2.058301659,-0.118834452,2.216537662,-0.110974592,2.216537662,-0.110974592,1.989549170,0.026676820,1.899218740,0.112222315,1.895145027,0.128017542,1.775603958,-0.000456991,1.856835506,0.182862993,-0.156870400,0.049281002,0.164429133,-0.158236003,-0.007859860,0.158431090,-0.226988492,0.137651413,0.265465039,-0.317318922,0.223196907,0.387953808,-0.321392635,0.238992134,0.400512754,-0.440933704,0.110517601,0.454573066,-0.359702156,0.293837585,0.464463311
41.680000000,2.183025614,0.072255720,2.159010272,0.101940807,2.136034477,0.079106041,2.136034477,0.079106041,2.078061103,0.030147554,1.903865008,0.109093469,2.072917114,-0.077578922,1.977406144,0.033161976,2.059567033,-0.061544071,0.046991137,-0.006850322,0.047487828,0.022975795,0.022834766,0.032393111,-0.057973374,-0.048958488,0.075880469,-0.232169469,0.029987427,0.234098074,-0.063117363,-0.156684964,0.168920038,-0.158628333,-0.045944066,0.165147828,-0.076467445,-0.140650112,0.160092861
41.780000000,2.149770162,0.063213321,2.099075723,0.065038851,2.198458028,-0.018080622,2.198458028,-0.018080622,2.166565230,0.033623267,2.054529934,0.117423531,2.207218467,0.080822757,2.066292188,-0.069636256,2.182903787,0.072286261,-0.048687866,0.081293943,0.094758712,-0.099382305,0.083119473,0.129559598,-0.031892799,0.051703888,0.060749014,-0.143928094,0.135504153,0.197678202,0.008760439,0.098903379,0.099290602,-0.132165840,-0.051555634,0.141865404,-0.015554242,0.090366883,0.091695735
41.880000000,2.324885697,-0.060253486,2.311596569,-0.088694416,2.286301038,0.073805062,2.286301038,0.073805062,2.255087448,0.037073713,1.978659398,0.101964573,2.145393950,0.071199940,2.178494315,0.072018039,2.149725122,0.063249847,0.038584658,-0.134058549,0.139500790,0.025295531,-0.162499479,0.164456512,-0.031213590,-0.036731349,0.048202492,-0.307641640,0.028159511,0.308927721,-0.140907088,-0.002605122,0.140931168,-0.107806724,-0.001787023,0.107821534,-0.136575916,-0.010555216,0.136983187
41.980000000,2.374936541,0.090058338,2.345038546,0.103895263,2.415939973,0.032613008,2.415939973,0.032613008,2.343595911,0.040538485,2.098253982,0.106988169,2.339167179,-0.079323873,2.147582056,0.067206631,2.324713852,-0.060144192,-0.041003432,0.057445330,0.070577953,-0.070901427,0.071282255,0.100539407,-0.072344062,0.007925478,0.072776896,-0.317685992,0.074375161,0.326276039,-0.076772794,-0.111936880,0.135734767,-0.268357917,0.034593623,0.270578437,-0.091226121,-0.092757200,0.130100359
42.100000000,2.516077645,0.061151306,2.489383773,0.067150367,2.577440017,-0.153506671,2.577440017,-0.153506671,2.449804037,0.044683309,2.280019768,0.112053064,2.381252650,0.098773222,2.353069173,0.019259868,2.374755774,0.090067661,-0.061362372,0.214657977,0.223256328,-0.088056244,0.220657038,0.237578262,-0.127635980,0.198189980,0.235733349,-0.297420249,0.265559736,0.398723936,-0.196187366,0.252279893,0.319585086,-0.224370843,0.172766539,0.283179364,-0.202684243,0.243574332,0.316874356
42.200000000,2.593457873,0.015662184,2.578815930,-0.014948105,2.603933253,-0.087403525,2.603933253,-0.087403525,2.538309124,0.048113088,2.206318176,0.108000542,2.523244764,0.066419585,2.378094596,0.094415780,2.515928418,0.061171004,-0.010475379,0.103065710,0.103596689,-0.025117323,0.072455420,0.076685513,-0.065624129,0.135516614,0.150569847,-0.397615077,0.195404067,0.443035550,-0.080688489,0.153823110,0.173701415,-0.225838657,0.181819305,0.289933370,-0.088004835,0.148574529,0.172682488
42.300000000,2.571578990,-0.061560328,2.465793671,-0.107303089,2.748694251,0.249131923,2.748694251,0.249131923,2.626789651,0.052182916,2.291500023,0.118072240,2.592022040,0.005392812,2.558351319,0.041040885,2.593314413,0.015712035,-0.177115261,-0.310692250,0.357630382,-0.282900580,-0.356435012,0.455058959,-0.121904601,-0.196949006,0.231623925,-0.457194229,-0.131059683,0.475608245,-0.156672212,-0.243739111,0.289749782,-0.190342933,-0.208091038,0.282014737,-0.155379838,-0.233419887,0.280406380
42.380000000,2.829758113,0.082074667,2.832141849,0.053869854,2.575640167,0.239891112,2.575640167,0.239891112,2.696662448,0.063665272,2.417265473,0.120877421,2.539682250,-0.104965649,2.592739957,0.010527498,2.571471216,-0.061482343,0.254117945,-0.157816444,0.299135354,0.256501682,-0.186021258,0.316854890,0.121022281,-0.176225840,0.213780118,-0.158374694,-0.119013691,0.198108057,-0.035957918,-0.344856761,0.346726344,0.017099789,-0.229363614,0.230000152,-0.004168952,-0.301373455,0.301402288
42.480000000,2.876727627,0.105114416,2.531461079,0.166393244,2.813764583,0.148799867,2.813764583,0.148799867,2.796707607,0.098982403,2.657004744,0.171291204,2.894342910,0.109945908,2.684720181,-0.011445491,2.829650616,0.082110210,0.062963044,-0.043685451,0.076633958,-0.282303504,0.017593377,0.282851190,-0.017056976,-0.049817464,0.052656625,-0.156759839,0.022491337,0.158365108,0.080578327,-0.038853959,0.089456676,-0.129044402,-0.160245358,0.205745067,0.015886032,-0.066689657,0.068555644
42.580000000,2.725997452,0.251819218,2.671104678,0.268122015,2.820556622,0.218188476,2.820556622,0.218188476,2.858279615,0.133931756,2.733974076,0.207523739,2.894342910,0.109945908,2.862050511,0.096010288,2.876638228,0.105141342,-0.094559170,0.033630742,0.100361663,-0.149451944,0.049933539,0.157572973,0.037722994,-0.084256720,0.092315866,-0.086582546,-0.010664737,0.087236884,0.073786288,-0.108242568,0.130999503,0.041493890,-0.122178188,0.129031983,0.056081607,-0.113047134,0.126193507
42.680000000,2.832830671,0.330430829,2.779234293,0.345832513,3.097893401,0.220274993,3.097893401,0.220274993,2.939905275,0.201735917,2.935621089,0.300049725,2.809416292,0.357886456,2.885535269,0.107530162,2.726038028,0.251813782,-0.265062730,0.110155837,0.287041041,-0.318659108,0.125557520,0.342503019,-0.157988126,-0.018539075,0.159072138,-0.162272312,0.079774732,0.180821213,-0.288477108,0.137611463,0.319618455,-0.212358132,-0.112744830,0.240431639,-0.371855372,0.031538789,0.373190452
42.800000000,2.955520511,0.176042298,2.877833002,0.082697443,3.015238955,0.401970854,3.015238955,0.401970854,2.995702433,0.270380409,2.953311984,0.335760130,2.936402802,0.135615497,2.767706872,0.304852837,2.832892558,0.330428651,-0.059718444,-0.225928556,0.233687837,-0.137405953,-0.319273411,0.347585827,-0.019536522,-0.131590445,0.133032782,-0.061926971,-0.066210724,0.090657651,-0.078836153,-0.266355357,0.277777456,-0.247532083,-0.097118017,0.265902315,-0.182346397,-0.071542203,0.195878777
42.880000000,2.998418420,0.381849134,2.960142238,0.352193540,2.940148402,0.273123075,2.940148402,0.273123075,3.031052362,0.331729171,3.108344002,0.423288975,2.989464890,0.387336730,2.945961656,0.155828898,2.955542155,0.176105331,0.058270018,0.108726059,0.123356195,0.019993836,0.079070465,0.081559131,0.090903960,0.058606096,0.108158237,0.168195600,0.150165900,0.225476290,0.049316488,0.114213654,0.124406088,0.005813254,-0.117294178,0.117438146,0.015393753,-0.097017745,0.098231413
42.980000000,3.063232790,0.320123292,3.057898808,0.259874684,3.109158571,0.401370383,3.109158571,0.401370383,3.062477919,0.414433926,3.203643846,0.540773178,2.989464890,0.387336730,2.945961656,0.155828898,2.998456094,0.381873242,-0.045925782,-0.081247091,0.093328812,-0.051259763,-0.141495700,0.150494506,-0.046680653,0.013063543,0.048474112,0.094485275,0.139402795,0.168406076,-0.119693682,-0.014033654,0.120513571,-0.163196915,-0.245541485,0.294828517,-0.110702477,-0.019497141,0.112406303
43.100000000,3.047277013,0.405951353,3.076859341,0.413647776,3.076859341,0.413647776,3.076859341,0.413647776,3.080193336,0.519042116,3.285437466,0.689940037,3.033227612,0.356431071,3.061958558,0.308838119,3.063275542,0.320189288,-0.029582328,-0.007696424,0.030567124,0.000000000,0.000000000,0.000000000,0.003333995,0.105394340,0.105447060,0.208578125,0.276292261,0.346182391,-0.043631729,-0.057216705,0.071954702,-0.014900783,-0.104809657,0.105863580,-0.013583799,-0.093458488,0.094440503
43.200000000,3.127950936,0.670468303,3.153329974,0.676192530,2.839059772,0.656522136,2.839059772,0.656522136,3.077815203,0.607471727,3.311112928,0.725327081,3.033227612,0.356431071,3.061958558,0.308838119,3.047335737,0.406021377,0.288891164,0.013946166,0.289227592,0.314270202,0.019670393,0.314885193,0.238755431,-0.049050409,0.243741869,0.472053156,0.068804945,0.477041196,0.194167840,-0.300091065,0.357429430,0.222898786,-0.347684018,0.412998844,0.208275965,-0.250500760,0.325775242
43.280000000,3.070242942,0.591087829,2.977011394,0.700107470,2.977011394,0.700107470,2.977011394,0.700107470,3.069131910,0.695628224,3.318601693,0.830743514,3.071369009,0.568783184,3.135675521,0.679777992,3.127997417,0.670501269,0.093231547,-0.109019642,0.143448261,0.000000000,0.000000000,0.000000000,0.092120516,-0.004479247,0.092229350,0.341590299,0.130636044,0.365718072,0.094357615,-0.131324286,0.161707847,0.158664126,-0.020329479,0.159961222,0.150986023,-0.029606202,0.153861321
43.380000000,2.986357130,0.680823249,2.975384260,0.612914346,3.004816728,0.686218784,3.004816728,0.686218784,3.060401086,0.783766390,3.326677635,0.869458688,2.971014766,0.658663973,3.070805975,0.579935506,3.070296509,0.591145979,-0.018459598,-0.005395535,0.019231967,-0.029432468,-0.073304438,0.078992473,0.055584358,0.097547606,0.112272687,0.321860906,0.183239904,0.370366448,-0.033801962,-0.027554811,0.043610093,0.065989247,-0.106283278,0.125102821,0.065479781,-0.095072806,0.115440201
43.500000000,3.081558703,0.857734656,3.113212659,0.806661662,3.064054814,0.891559010,3.064054814,0.891559010,3.051648737,0.871914238,3.334164213,0.933996400,2.971014766,0.658663973,3.070805975,0.579935506,2.986423976,0.680871907,0.017503888,-0.033824354,0.038085076,0.049157844,-0.084897348,0.098102260,-0.012406077,-0.019644773,0.023234195,0.270109399,0.042437389,0.273422785,-0.093040048,-0.232895037,0.250791844,0.006751161,-0.311623504,0.311696626,-0.077630839,-0.210687103,0.224534190
43.580000000,3.138397961,0.928541916,3.176765790,0.884158341,3.094508577,0.857111796,3.094508577,0.857111796,3.045235724,0.942476620,3.330223705,0.973660760,3.092000848,0.845461480,3.026286735,0.758199315,3.081605303,0.857752578,0.043889385,0.071430119,0.083836389,0.082257213,0.027046544,0.086589634,-0.049272852,0.085364824,0.098564533,0.235715128,0.116548964,0.262954906,-0.002507729,-0.011650317,0.011917155,-0.068221842,-0.098912482,0.120157808,-0.012903274,0.000640781,0.012919175
43.700000000,3.092801099,0.961020786,3.131217291,0.839530649,3.030444643,1.192275601,3.030444643,1.192275601,3.038409606,1.048549786,3.363182111,1.005622498,3.126152112,0.904668230,3.086779775,0.851598068,3.138433656,0.928548705,0.062356456,-0.231254814,0.239514335,0.100772648,-0.352744952,0.366857094,0.007964963,-0.143725814,0.143946345,0.332737468,-0.186653103,0.381514880,0.095707469,-0.287607370,0.303113706,0.056335132,-0.340677533,0.345303965,0.107989012,-0.263726896,0.284979828
43.800000000,2.923869940,1.131007771,2.869291809,1.052493999,3.073574598,1.304931104,3.073574598,1.304931104,3.035635804,1.190055318,3.397872338,1.106202545,3.126152112,0.904668230,3.122635171,0.898640467,3.092837105,0.961029328,-0.149704658,-0.173923333,0.229479433,-0.204282789,-0.252437105,0.324739819,-0.037938794,-0.114875786,0.120978503,0.324297740,-0.198728559,0.380344665,0.052577514,-0.400262874,0.403701329,0.049060573,-0.406290637,0.409242009,0.019262506,-0.343901776,0.344440816
43.900000000,2.996465246,1.245295523,2.973891162,1.186106233,2.909394058,1.383930897,2.909394058,1.383930897,3.050742164,1.295270941,3.352910427,1.103422333,3.047503088,1.277919518,2.985686514,1.204463645,2.923926613,1.131004128,0.087071188,-0.138635374,0.163710595,0.064497104,-0.197824664,0.208073242,0.141348105,-0.088659956,0.166852854,0.443516369,-0.280508564,0.524777881,0.138109030,-0.106011379,0.174104901,0.076292456,-0.179467252,0.195010342,0.014532555,-0.252926770,0.253343928
44.020000000,3.026897350,1.445860422,2.982848665,1.487837537,3.005443612,1.427740063,3.005443612,1.427740063,3.055965076,1.330308543,3.362780941,1.135412038,3.002351397,1.243392220,2.985686514,1.204463645,2.996508774,1.245282466,0.021453738,0.018120359,0.028082205,-0.022594948,0.060097473,0.064204657,0.050521464,-0.097431521,0.109751171,0.357337329,-0.292328026,0.461676988,-0.003092216,-0.184347844,0.184373776,-0.019757098,-0.223276419,0.224148839,-0.008934838,-0.182457598,0.182676233
44.080000000,3.052751037,1.331178055,3.059775599,1.237872583,3.159625441,1.470320154,3.159625441,1.470320154,3.063188744,1.382950348,3.355201396,1.152944707,3.014058466,1.509418606,2.999408322,1.244343871,3.026935557,1.445825197,-0.106874403,-0.139142099,0.175449884,-0.099849841,-0.232447572,0.252985898,-0.096436697,-0.087369806,0.130128857,0.195575955,-0.317375447,0.372796364,-0.145566975,0.039098451,0.150726351,-0.160217119,-0.225976283,0.277010479,-0.132689884,-0.024494958,0.134931865
44.200000000,3.087092497,1.437501584,3.083604356,1.353347393,3.040983208,1.332704072,3.040983208,1.332704072,3.065713070,1.489184221,3.393376683,1.253968780,3.079492619,1.286019754,3.066121828,1.308598904,3.052785124,1.331161925,0.046109289,0.104797512,0.114492729,0.042621148,0.020643321,0.047357248,0.024729862,0.156480149,0.158422231,0.352393475,-0.078735292,0.361082272,0.038509411,-0.046684318,0.060517769,0.025138620,-0.024105168,0.034828283,0.011801916,-0.001542147,0.011902245
44.280000000,3.086997373,1.540296045,3.096346760,1.525261527,3.262609441,1.480638702,3.262609441,1.480638702,3.066107765,1.560045346,3.395613218,1.324697448,3.111810412,1.395319160,3.066121828,1.308598904,3.087122047,1.437487508,-0.175612068,0.059657342,0.185468587,-0.166262682,0.044622824,0.172146669,-0.196501676,0.079406644,0.211939434,0.133003777,-0.155941254,0.204957751,-0.150799029,-0.085319542,0.173262147,-0.196487613,-0.172039798,0.261161012,-0.175487394,-0.043151194,0.180714834
44.380000000,2.911137472,1.558834327,2.829828578,1.495172550,2.881001471,1.687310144,2.881001471,1.687310144,3.066566570,1.648620905,3.448974340,1.426316577,3.109689097,1.537724119,3.099451455,1.416410372,3.087026601,1.540276948,0.030136002,-0.128475818,0.131962928,-0.051172893,-0.192137594,0.198835409,0.185565099,-0.038689240,0.189555436,0.567972870,-0.260993568,0.625068654,0.228687626,-0.149586025,0.273265456,0.218449984,-0.270899773,0.348004429,0.206025130,-0.147033197,0.253110875
44.500000000,2.962687132,1.806583118,2.918467442,1.776369759,3.055924506,1.771104270,3.055924506,1.771104270,3.067100156,1.754906703,3.417874832,1.438857314,2.894323342,1.529803553,2.902730407,1.544318940,2.911179798,1.558824306,-0.093237373,0.035478848,0.099759493,-0.137457064,0.005265489,0.137557878,0.011175650,-0.016197567,0.019678829,0.361950326,-0.332246956,0.491320749,-0.161601164,-0.241300717,0.290415172,-0.153194098,-0.226785330,0.273678676,-0.144744707,-0.212279965,0.256931535
44.600000000,3.101468157,1.913847190,3.108257342,1.894252367,3.194067710,1.862071138,3.194067710,1.862071138,3.067502646,1.843484240,3.444423841,1.550192210,2.927264756,1.825205327,2.928505237,1.668193336,2.962722184,1.806558188,-0.092599553,0.051776051,0.106091643,-0.085810368,0.032181228,0.091646335,-0.126565064,-0.018586899,0.127922587,0.250356130,-0.311878928,0.399933317,-0.266802954,-0.036865811,0.269337900,-0.265562473,-0.193877803,0.328803938,-0.231345526,-0.055512950,0.237912674
44.680000000,3.037007818,1.952973906,2.992598822,1.924913073,3.032544754,1.914311889,3.032544754,1.914311889,3.067806674,1.914346042,3.438358369,1.577996357,3.127914340,1.929706330,3.045300736,1.868144724,3.101493978,1.913823829,0.004463064,0.038662017,0.038918768,-0.039945932,0.010601185,0.041328714,0.035261920,0.000034153,0.035261936,0.405813615,-0.336315532,0.527060553,0.095369586,0.015394442,0.096604072,0.012755982,-0.046167165,0.047896995,0.068949224,-0.000488059,0.068950951
44.780000000,3.002075378,1.998168379,2.984013864,1.961145242,3.013403836,1.915854931,3.013403836,1.915854931,3.068169533,2.002930499,3.421113407,1.603679598,3.036553797,1.962141463,3.082461079,1.941340118,3.037033883,1.952950551,-0.011328458,0.082313448,0.083089336,-0.029389972,0.045290311,0.053990580,0.054765697,0.087075568,0.102866108,0.407709571,-0.312175333,0.513498328,0.023149961,0.046286532,0.051752910,0.069057243,0.025485187,0.073609766,0.023630047,0.037095620,0.043982544
44.900000000,2.979638843,2.233160699,2.938807632,2.259699162,3.050070940,2.070859904,3.050070940,2.070859904,3.068585110,2.109214857,3.423169979,1.690046341,2.994022980,1.995623297,2.998049179,1.996895838,3.002100559,1.998149954,-0.070432097,0.162300795,0.176924358,-0.111263308,0.188839258,0.219179810,0.018514170,0.038354953,0.042589634,0.373099038,-0.380813564,0.533124622,-0.056047961,-0.075236607,0.093818553,-0.052021761,-0.073964066,0.090426471,-0.047970381,-0.072709951,0.087108520
45.000000000,2.986763466,2.235719218,2.943749196,2.208074685,2.796561753,2.148790951,2.796561753,2.148790951,3.068949572,2.197799379,3.471840426,1.792167402,3.036583180,2.096340065,2.986830911,2.114391998,2.979665923,2.233136436,0.190201712,0.086928267,0.209124879,0.147187443,0.059283734,0.158677990,0.272387818,0.049008428,0.276761539,0.675278672,-0.356623549,0.763663303,0.240021427,-0.052450887,0.245685532,0.190269158,-0.034398953,0.193353667,0.183104170,0.084345485,0.201596870
45.080000000,2.904115922,2.228734366,2.913403059,2.003575587,3.077487354,2.199252767,3.077487354,2.199252767,3.069244126,2.268646848,3.432623625,1.764736711,2.952551215,2.230071238,3.008111012,2.164750382,2.986786035,2.235695377,-0.173371431,0.029481599,0.175860223,-0.164084295,-0.195677180,0.255368782,-0.008243228,0.069394081,0.069881967,0.355136271,-0.434516055,0.561182656,-0.124936139,0.030818471,0.128681067,-0.069376342,-0.034502385,0.077482201,-0.090701319,0.036442611,0.097748622
45.180000000,3.001389955,2.340544655,3.054786706,2.355595422,3.200701879,2.602829804,3.200701879,2.602829804,3.069614233,2.357236284,3.436104423,1.816928817,2.792424580,2.285887852,2.858560145,2.217619761,2.904141705,2.228714311,-0.199311925,-0.262285149,0.329421831,-0.145915174,-0.247234382,0.287082005,-0.131087646,-0.245593519,0.278388484,0.235402543,-0.785900986,0.820399121,-0.408277299,-0.316941951,0.516858350,-0.342141734,-0.385210043,0.515216210,-0.296560175,-0.374115493,0.477399559
45.300000000,3.049793509,2.458394602,3.445934208,1.913531510,3.257398305,2.556434543,3.257398305,2.556434543,3.069460380,2.463517585,3.445934208,1.913531510,2.792424580,2.285887852,2.858560145,2.217619761,3.001408910,2.340525813,-0.207604796,-0.098039941,0.229590029,0.188535903,-0.642903033,0.669977684,-0.187937925,-0.092916958,0.209652629,0.188535903,-0.642903033,0.669977684,-0.464973725,-0.270546690,0.537955460,-0.398838160,-0.338814782,0.523323355,-0.255989395,-0.215908730,0.334883786
45.380000000,3.053981761,2.531855306,3.441943792,2.012511082,3.052530585,2.486988647,3.052530585,2.486988647,3.061014099,2.533820315,3.441943792,2.012511082,2.771950864,2.378857497,2.896907267,2.313216254,3.049810601,2.458375833,0.001451176,0.044866659,0.044890121,0.389413207,-0.474477565,0.613817242,0.008483514,0.046831668,0.047593856,0.389413207,-0.474477565,0.613817242,-0.280579721,-0.108131150,0.300694738,-0.155623317,-0.173772394,0.233271219,-0.002719984,-0.028612814,0.028741807
45.500000000,3.039206979,2.637692416,3.431150982,2.160917329,2.946668638,2.585799080,2.946668638,2.585799080,3.037237040,2.637384475,3.431150982,2.160917329,2.713143660,2.536075717,2.901683617,2.486585173,3.053994773,2.531840540,0.092538341,0.051893336,0.106095536,0.484482344,-0.424881752,0.644397117,0.090568401,0.051585395,0.104229019,0.484482344,-0.424881752,0.644397117,-0.233524979,-0.049723364,0.238759981,-0.044985021,-0.099213908,0.108935998,0.107326135,-0.053958540,0.120126696
45.600000000,3.008704276,2.721230531,3.397692140,2.182976597,3.097675333,2.695931974,3.097675333,2.695931974,3.003996483,2.719359169,3.397692140,2.182976597,2.713143660,2.536075717,2.901683617,2.486585173,3.039220069,2.637676493,-0.088971057,0.025298557,0.092497924,0.300016807,-0.512955377,0.594250203,-0.093678849,0.023427195,0.096563763,0.300016807,-0.512955377,0.594250203,-0.384531673,-0.159856258,0.416435626,-0.195991715,-0.209346802,0.286773144,-0.058455264,-0.058255481,0.082527080
45.680000000,2.973320376,2.783147191,3.328756362,2.398744167,3.084947971,2.806460094,3.084947971,2.806460094,2.967304234,2.779912468,3.328756362,2.398744167,2.661372538,2.604901138,2.876175319,2.586884066,3.037522948,2.693855878,-0.111627596,-0.023312904,0.114036010,0.243808390,-0.407715927,0.475052427,-0.117643738,-0.026547626,0.120601930,0.243808390,-0.407715927,0.475052427,-0.423575433,-0.201558956,0.469086517,-0.208772652,-0.219576028,0.302984575,-0.047425024,-0.112604216,0.122183642
45.780000000,2.916493270,2.852157459,3.260739521,2.534307338,2.937899057,2.882947033,2.937899057,2.882947033,2.910022328,2.847353861,3.260739521,2.534307338,2.616951356,2.657394498,2.795135866,2.720270845,3.028598330,2.723009417,-0.021405787,-0.030789574,0.037499408,0.322840464,-0.348639695,0.475158502,-0.027876729,-0.035593172,0.045210462,0.322840464,-0.348639695,0.475158502,-0.320947702,-0.225552535,0.392277164,-0.142763192,-0.162676188,0.216436760,0.090699273,-0.159937616,0.183865165
45.900000000,2.832675704,2.919561004,3.138835105,2.630065245,2.850773010,2.886863979,2.850773010,2.886863979,2.841737531,2.903583986,3.138835105,2.630065245,2.545291554,2.705365163,2.795135866,2.720270845,2.972110428,2.804308979,-0.018097307,0.032697025,0.037371219,0.288062094,-0.256798734,0.385908486,-0.009035480,0.016720007,0.019005224,0.288062094,-0.256798734,0.385908486,-0.305481456,-0.181498816,0.355331874,-0.055637145,-0.166593134,0.175638163,0.121337418,-0.082555000,0.146758635
46.000000000,2.752832409,2.960776321,3.034234500,2.686467954,2.988314488,2.758506855,2.988314488,2.758506855,2.748337099,2.953899117,3.034234500,2.686467954,2.470631566,2.752590360,2.651653635,2.836075682,2.888500790,2.864604029,-0.235482078,0.202269466,0.310426716,0.045920013,-0.072038901,0.085429801,-0.239977388,0.195392262,0.309462895,0.045920013,-0.072038901,0.085429801,-0.517682922,-0.005916495,0.517716730,-0.336660853,0.077568827,0.345481480,-0.099813698,0.106097174,0.145668750
46.100000000,2.666881968,2.987082145,2.908829264,2.776756211,2.828172512,3.095213170,2.828172512,3.095213170,2.663816557,2.980043842,2.908829264,2.776756211,2.381245265,2.774733920,2.611731988,2.856683340,2.786922265,2.917820513,-0.161290544,-0.108131025,0.194182796,0.080656752,-0.318456959,0.328512323,-0.164355955,-0.115169328,0.200690941,0.080656752,-0.318456959,0.328512323,-0.446927247,-0.320479250,0.549955375,-0.216440524,-0.238529830,0.322091571,-0.041250247,-0.177392657,0.182125609
46.200000000,2.578572069,3.001794061,2.740736818,2.835315512,2.452953878,3.081413233,2.452953878,3.081413233,2.576455772,2.994626157,2.740736818,2.835315512,2.210651813,2.797215184,2.479704924,2.888483874,2.689224169,2.952987831,0.125618191,-0.079619172,0.148725056,0.287782941,-0.246097720,0.378659621,0.123501894,-0.086787076,0.150946064,0.287782941,-0.246097720,0.378659621,-0.242302065,-0.284198048,0.373468635,0.026751046,-0.192929359,0.194775142,0.236270291,-0.128425402,0.268917709
46.300000000,2.489938821,3.012017582,2.703158057,2.832987860,2.636422026,2.972774164,2.636422026,2.972774164,2.506476904,3.005795938,2.703158057,2.832987860,2.210651813,2.797215184,2.438766891,2.892148665,2.601987773,2.968660336,-0.146483205,0.039243418,0.151648855,0.066736031,-0.139786304,0.154899673,-0.129945122,0.033021774,0.134075249,0.066736031,-0.139786304,0.154899673,-0.425770213,-0.175558980,0.460544492,-0.197655135,-0.080625500,0.213466680,-0.034434253,-0.004113828,0.034679120
46.380000000,2.418715096,3.015150638,2.559773308,2.876463113,2.546073239,3.061101064,2.546073239,3.061101064,2.418170612,3.012328707,2.559773308,2.876463113,2.133125451,2.793214648,2.311532136,2.902616115,2.517548268,2.988528748,-0.127358142,-0.045950426,0.135394011,0.013700069,-0.184637951,0.185145523,-0.127902626,-0.048772357,0.136886174,0.013700069,-0.184637951,0.185145523,-0.412947788,-0.267886417,0.492228613,-0.234541103,-0.158484949,0.283067144,-0.028524971,-0.072572316,0.077977016
46.480000000,2.329946760,3.018286181,2.563682667,2.875737899,2.379247227,2.934641640,2.379247227,2.934641640,2.329722022,3.017052908,2.563682667,2.875737899,1.967969677,2.767170490,2.233783977,2.896376371,2.436176037,2.996113082,-0.049300467,0.083644541,0.097092457,0.184435440,-0.058903741,0.193613229,-0.049525205,0.082411268,0.096147610,0.184435440,-0.058903741,0.193613229,-0.411277550,-0.167471150,0.444067348,-0.145463250,-0.038265269,0.150412061,0.056928810,0.061471442,0.083783217
46.580000000,2.241302853,3.021197709,2.446028850,2.899334954,2.067059326,3.020124526,2.067059326,3.020124526,2.223575787,3.022690154,2.446028850,2.899334954,1.897827786,2.752469018,2.233783977,2.896376371,2.364810537,2.997023844,0.174243527,0.001073183,0.174246832,0.378969524,-0.120789572,0.397753718,0.156516461,0.002565628,0.156537487,0.378969524,-0.120789572,0.397753718,-0.169231541,-0.267655508,0.316668257,0.166724651,-0.123748155,0.207631199,0.297751211,-0.023100682,0.298645986
46.700000000,2.135058694,3.025475354,2.378222074,2.904759765,2.042300884,3.077613165,2.042300884,3.077613165,2.135129675,3.027405939,2.378222074,2.904759765,1.897827786,2.752469018,2.069565319,2.886833363,2.267687328,3.004930653,0.092757810,-0.052137811,0.106406592,0.335921190,-0.172853400,0.377784785,0.092828791,-0.050207226,0.105536487,0.335921190,-0.172853400,0.377784785,-0.144473098,-0.325144147,0.355796560,0.027264435,-0.190779802,0.192718142,0.225386444,-0.072682513,0.236815955
46.800000000,2.046577377,3.029705011,2.405457394,2.947156518,2.042784116,2.905854580,2.042784116,2.905854580,2.046677965,3.032122754,2.405457394,2.947156518,1.815746116,2.734337736,2.069565319,2.886833363,2.132719199,3.027062293,0.003793261,0.123850431,0.123908507,0.362673278,0.041301937,0.365017474,0.003893849,0.126268174,0.126328199,0.362673278,0.041301937,0.365017474,-0.227038000,-0.171516844,0.284542231,0.026781203,-0.019021217,0.032848737,0.089935082,0.121207713,0.150929218
46.880000000,1.975806703,3.033381013,2.284210536,2.950035858,2.079715386,3.064385258,2.079715386,3.064385258,1.975915149,3.035885875,2.284210536,2.950035858,1.711274598,2.723313852,1.878925987,2.876509432,2.087429906,3.018316046,-0.103908683,-0.031004245,0.108435592,0.204495150,-0.114349400,0.234294796,-0.103800237,-0.028499383,0.107641554,0.204495150,-0.114349400,0.234294796,-0.368440788,-0.341071406,0.502074017,-0.200789399,-0.187875827,0.274979470,0.007714520,-0.046069212,0.046710663
46.980000000,1.887353346,3.038223463,2.253260747,2.961098588,1.905500309,3.164854406,1.905500309,3.164854406,1.887458162,3.040615339,2.253260747,2.961098588,1.652311870,2.707602273,1.843540651,2.878347433,1.980083668,3.037394269,-0.018146963,-0.126630943,0.127924618,0.347760437,-0.203755818,0.403055524,-0.018042147,-0.124239067,0.125542283,0.347760437,-0.203755818,0.403055524,-0.253188439,-0.457252133,0.522669971,-0.061959658,-0.286506974,0.293130082,0.074583359,-0.127460137,0.147677906
47.100000000,1.781223724,3.044227987,2.237930738,2.995088923,1.673473395,2.963466839,1.673473395,2.963466839,1.745934675,3.048175945,2.237930738,2.995088923,1.491860764,2.676370490,1.727656438,2.864227008,1.913781551,3.031520493,0.107750329,0.080761149,0.134656959,0.564457343,0.031622085,0.565342417,0.072461280,0.084709106,0.111473179,0.564457343,0.031622085,0.565342417,-0.181612631,-0.287096349,0.339716737,0.054183043,-0.099239830,0.113067883,0.240308156,0.068053654,0.249758503
47.200000000,1.692787596,3.049285374,1.901469912,3.108719895,1.743648504,3.015024281,1.743648504,3.015024281,1.692876680,3.051009226,1.901469912,3.108719895,1.416873747,2.657367176,1.727656438,2.864227008,1.822096542,3.039830306,-0.050860908,0.034261093,0.061324176,0.157821408,0.093695615,0.183538729,-0.050771824,0.035984945,0.062230976,0.157821408,0.093695615,0.183538729,-0.326774757,-0.357657104,0.484458818,-0.015992066,-0.150797272,0.151642882,0.078448038,0.024806025,0.082276567
47.280000000,1.622030968,3.053325903,2.068446297,2.996159187,1.648658922,3.059721806,1.648658922,3.059721806,1.622101547,3.054779266,2.068446297,2.996159187,1.416873747,2.657367176,1.636542244,2.860299239,1.707074160,3.054333123,-0.026627954,-0.006395903,0.027385316,0.419787375,-0.063562620,0.424572310,-0.026557375,-0.004942540,0.027013383,0.419787375,-0.063562620,0.424572310,-0.231785175,-0.402354630,0.464342132,-0.012116678,-0.199422567,0.199790326,0.058415238,-0.005388684,0.058663259
47.380000000,1.533593853,3.058374607,1.794788996,3.131471390,1.313402998,3.387876416,1.313402998,3.387876416,1.533654965,3.059532969,1.794788996,3.131471390,1.328447304,2.636389853,1.554830672,2.853326275,1.655224507,3.049114832,0.220190855,-0.329501809,0.396302227,0.481385998,-0.256405027,0.545413620,0.220251966,-0.328343448,0.395373682,0.481385998,-0.256405027,0.545413620,0.015044306,-0.751486563,0.751637137,0.241427673,-0.534550141,0.586541708,0.341821509,-0.338761585,0.481249785
47.480000000,1.445157944,3.063429557,1.987614231,3.042545222,1.666082219,3.112833413,1.666082219,3.112833413,1.445208023,3.064326943,1.987614231,3.042545222,1.244650854,2.619203825,1.389122354,2.838789216,1.565699812,3.056440508,-0.220924275,-0.049403856,0.226380821,0.321532012,-0.070288191,0.329124999,-0.220874196,-0.048506470,0.226137763,0.321532012,-0.070288191,0.329124999,-0.421431365,-0.493629588,0.649056674,-0.276959866,-0.274044197,0.389624164,-0.100382407,-0.056392905,0.115138123
47.580000000,1.356720938,3.068481194,1.961999677,3.032170536,1.180662664,3.007375776,1.180662664,3.007375776,1.356756323,3.069147059,1.961999677,3.032170536,1.167830816,2.604573558,1.306494380,2.834001558,1.480322220,3.062075748,0.176058274,0.061105419,0.186360908,0.781337012,0.024794760,0.781730329,0.176093659,0.061771284,0.186613687,0.781337012,0.024794760,0.781730329,-0.012831848,-0.402802218,0.403006554,0.125831716,-0.173374218,0.214224742,0.299659556,0.054699972,0.304611123
47.680000000,1.268283003,3.073516267,1.660520751,3.180346659,1.254692890,2.997702532,1.254692890,2.997702532,1.268304059,3.073986051,1.660520751,3.180346659,1.086170998,2.586164863,1.306494380,2.834001558,1.389282261,3.067015030,0.013590113,0.075813735,0.077022163,0.405827861,0.182644127,0.445033852,0.013611169,0.076283519,0.077488317,0.405827861,0.182644127,0.445033852,-0.168521891,-0.411537669,0.444705387,0.051801491,-0.163700974,0.171701495,0.134589371,0.069312498,0.151388643
47.780000000,1.179845368,3.078509590,1.803470139,3.083931511,0.897406503,3.123058549,0.897406503,3.123058549,1.162167666,3.079760183,1.803470139,3.083931511,0.917434657,2.545971115,1.138391778,2.819881047,1.299528044,3.074237394,0.282438866,-0.044548959,0.285930625,0.906063636,-0.039127037,0.906908064,0.264761163,-0.043298365,0.268278255,0.906063636,-0.039127037,0.906908064,0.020028155,-0.577087433,0.577434873,0.240985275,-0.303177502,0.387286071,0.402121541,-0.048821154,0.405074362
47.900000000,1.073717031,3.084486425,1.770276333,3.086577873,1.146662552,3.215883805,1.146662552,3.215883805,1.073724641,3.084642133,1.770276333,3.086577873,0.917434657,2.545971115,1.138391778,2.819881047,1.211329134,3.078783316,-0.072945521,-0.131397381,0.150287460,0.623613781,-0.129305932,0.636878460,-0.072937911,-0.131241672,0.150147645,0.623613781,-0.129305932,0.636878460,-0.229227894,-0.669912690,0.708045507,-0.008270774,-0.396002758,0.396089119,0.064666582,-0.137100489,0.151585985
47.980000000,1.002967619,3.088471181,1.507711431,3.205613477,1.066901987,3.094103153,1.066901987,3.094103153,1.002968994,3.088539940,1.507711431,3.205613477,0.833870010,2.526079240,0.995575844,2.815228770,1.095008224,3.089813419,-0.063934368,-0.005631972,0.064181948,0.440809444,0.111510324,0.454694973,-0.063932993,-0.005563213,0.064174582,0.440809444,0.111510324,0.454694973,-0.233031977,-0.568023914,0.613966667,-0.071326143,-0.278874383,0.287851247,0.028106237,-0.004289734,0.028431715
48.100000000,0.896842842,3.094423640,1.657848652,3.098369138,0.876558426,3.231321270,0.876558426,3.231321270,0.896841638,3.094395318,1.657848652,3.098369138,0.769695930,2.506833774,0.886331775,2.797652477,1.023529292,3.094100143,0.020284416,-0.136897630,0.138392264,0.781290226,-0.132952132,0.792521726,0.020283211,-0.136925952,0.138420103,0.781290226,-0.132952132,0.792521726,-0.106862496,-0.724487497,0.732326243,0.009773348,-0.433668793,0.433778907,0.146970866,-0.137221127,0.201072309
48.180000000,0.826090929,3.098373726,1.405042495,3.227994194,0.784136814,3.229084641,0.784136814,3.229084641,0.826091001,3.098281844,1.405042495,3.227994194,0.676707624,2.480114628,0.886331775,2.797652477,0.925241982,3.095044189,0.041954116,-0.130710915,0.137278881,0.620905681,-0.001090447,0.620906638,0.041954188,-0.130802797,0.137366392,0.620905681,-0.001090447,0.620906638,-0.107429190,-0.748970013,0.756635389,0.102194961,-0.431432164,0.443370637,0.141105168,-0.134040452,0.194621457
48.280000000,0.737647954,3.103284720,1.364175828,3.232868897,0.624987930,3.090786830,0.624987930,3.090786830,0.719951571,3.104115850,1.364175828,3.232868897,0.612284166,2.461476790,0.786775233,2.787269134,0.852730818,3.098957473,0.112660024,0.012497890,0.113351129,0.739187899,0.142082067,0.752719113,0.094963641,0.013329021,0.095894504,0.739187899,0.142082067,0.752719113,-0.012703763,-0.629310040,0.629438251,0.161787303,-0.303517696,0.343944942,0.227742889,0.008170644,0.227889409
48.380000000,0.649205162,3.108186197,1.501876601,3.130180181,0.648836938,3.155637828,0.648836938,3.155637828,0.649196449,3.108009787,1.501876601,3.130180181,0.518286309,2.433545689,0.719187548,2.779925258,0.756887368,3.107696366,0.000368224,-0.047451630,0.047453059,0.853039663,-0.025457647,0.853419451,0.000359512,-0.047628041,0.047629397,0.853039663,-0.025457647,0.853419451,-0.130550629,-0.722092139,0.733798694,0.070350610,-0.375712570,0.382242258,0.108050430,-0.047941461,0.118208626
48.480000000,0.560764612,3.113099065,1.251444888,3.259610273,0.638066854,3.027084634,0.638066854,3.027084634,0.560755327,3.112907926,1.251444888,3.259610273,0.440431487,2.411068722,0.589039721,2.757176721,0.788287728,3.115232116,-0.077302242,0.086014431,0.115646526,0.613378035,0.232525639,0.655973160,-0.077311527,0.085823292,0.115510647,0.613378035,0.232525639,0.655973160,-0.197635366,-0.616015912,0.646943075,-0.049027133,-0.269907913,0.274324518,0.150220875,0.088147482,0.174173160
48.580000000,0.472321154,3.117988460,1.229399347,3.269751346,0.521081738,3.146362454,0.521081738,3.146362454,0.472307967,3.117768063,1.229399347,3.269751346,0.377405720,2.393542287,0.469085166,2.753320676,0.697973846,3.142204704,-0.048760584,-0.028373993,0.056415229,0.708317610,0.123388892,0.718984461,-0.048773770,-0.028594390,0.056537773,0.708317610,0.123388892,0.718984461,-0.143676018,-0.752820167,0.766407856,-0.051996572,-0.393041778,0.396466244,0.176892108,-0.004157750,0.176940964
48.700000000,0.366009843,3.117478125,1.110307782,3.270998657,0.311106982,3.127487845,0.311106982,3.127487845,0.366170633,3.117390200,1.110307782,3.270998657,0.219018535,2.348089185,0.345669844,2.733038823,0.636342216,3.156792521,0.054902861,-0.010009720,0.055807872,0.799200800,0.143510812,0.811983541,0.055063650,-0.010097645,0.055981854,0.799200800,0.143510812,0.811983541,-0.092088448,-0.779398660,0.784820077,0.034562862,-0.394449022,0.395960380,0.325235234,0.029304676,0.326552785
48.780000000,0.295838980,3.107089361,1.063761025,3.267875333,0.089494780,3.158879622,0.089494780,3.158879622,0.296440039,3.105103356,1.063761025,3.267875333,0.219018535,2.348089185,0.345669844,2.733038823,0.540518394,3.153472643,0.206344200,-0.051790261,0.212744354,0.974266245,0.108995711,0.980344216,0.206945259,-0.053776266,0.213818210,0.974266245,0.108995711,0.980344216,0.129523755,-0.810790437,0.821070968,0.256175064,-0.425840799,0.496956789,0.451023614,-0.005406979,0.451056023
48.880000000,0.211233571,3.080385553,0.897274151,3.230720424,0.399744178,3.199409310,0.399744178,3.199409310,0.212827513,3.076170606,0.897274151,3.230720424,0.147649789,2.312280861,0.221744385,2.709685111,0.442259976,3.137196412,-0.188510606,-0.119023757,0.222941479,0.497529973,0.031311114,0.498514253,-0.186916665,-0.123238704,0.223887512,0.497529973,0.031311114,0.498514253,-0.252094389,-0.887128448,0.922251845,-0.177999793,-0.489724199,0.521069782,0.042515799,-0.062212897,0.075352755
49.000000000,0.118100222,3.028182228,0.760751488,3.158264104,0.073991588,2.795589960,0.073991588,2.795589960,0.121186573,3.022716701,0.760751488,3.158264104,0.083229242,2.260438086,0.189534111,2.683763723,0.343135247,3.102574090,0.044108634,0.232592267,0.236737691,0.686759900,0.362674144,0.776641291,0.047194985,0.227126741,0.231978281,0.686759900,0.362674144,0.776641291,0.009237654,-0.535151874,0.535231598,0.115542523,-0.111826237,0.160795466,0.269143659,0.306984130,0.408261638
49.100000000,0.050681036,2.969537038,0.601884374,3.053747106,-0.181379649,2.947832321,-0.181379649,2.947832321,0.054860395,2.964159859,0.601884374,3.053747106,-0.018622745,2.129582819,0.068263817,2.607723881,0.232489987,3.046611671,0.232060685,0.021704717,0.233073500,0.783264023,0.105914785,0.790392606,0.236240044,0.016327538,0.236803604,0.783264023,0.105914785,0.790392606,0.162756905,-0.818249502,0.834279364,0.249643466,-0.340108439,0.421895260,0.413869637,0.098779350,0.425494343
49.180000000,0.005086563,2.914265566,0.526680459,2.969159808,0.106944810,3.077061436,0.106944810,3.077061436,0.009895877,2.909472325,0.526680459,2.969159808,-0.018622745,2.129582819,0.068263817,2.607723881,0.160141992,2.986259931,-0.101858247,-0.162795871,0.192035408,0.419735649,-0.107901629,0.433382944,-0.097048934,-0.167589111,0.193661059,0.419735649,-0.107901629,0.433382944,-0.125567555,-0.947478617,0.955763015,-0.038680993,-0.469337555,0.470928827,0.053197181,-0.090801506,0.105237130
49.280000000,-0.039948227,2.836813658,0.468305972,2.866249817,-0.018325183,2.732490232,-0.018325183,2.732490232,-0.034695992,2.833066567,0.468305972,2.866249817,-0.064732697,1.970331373,-0.020865137,2.483661410,0.106006670,2.919158506,-0.021623043,0.104323426,0.106540758,0.486631156,0.133759584,0.504679610,-0.016370809,0.100576335,0.101899963,0.486631156,0.133759584,0.504679610,-0.046407514,-0.762158859,0.763570418,-0.002539954,-0.248828822,0.248841785,0.124331853,0.186668273,0.224284315
49.400000000,-0.074629239,2.735114832,0.387498081,2.746132625,-0.151086305,2.675583552,-0.151086305,2.675583552,-0.065035453,2.749967391,0.387498081,2.746132625,-0.064732697,1.970331373,-0.052340462,2.403572516,0.061987358,2.837361083,0.076457066,0.059531280,0.096900239,0.538584386,0.070549073,0.543185339,0.086050852,0.074383838,0.113744031,0.538584386,0.070549073,0.543185339,0.086353607,-0.705252179,0.710519234,0.098745843,-0.272011037,0.289379933,0.213073663,0.161777530,0.267530102
49.480000000,-0.085373583,2.664270886,0.363994309,2.593064433,-0.018381580,2.646081816,-0.018381580,2.646081816,-0.080299312,2.662824191,0.363994309,2.593064433,-0.051106829,1.810307716,-0.052340462,2.403572516,0.011468922,2.707231518,-0.066992002,0.018189070,0.069417366,0.382375889,-0.053017383,0.386033889,-0.061917732,0.016742375,0.064141349,0.382375889,-0.053017383,0.386033889,-0.032725249,-0.835774100,0.836414543,-0.033958882,-0.242509300,0.244875410,0.029850502,0.061149703,0.068046592
49.580000000,-0.084599471,2.574832289,0.368734122,2.454374587,-0.066827304,2.618573517,-0.066827304,2.618573517,-0.080020814,2.574351988,0.368734122,2.454374587,-0.051106829,1.810307716,-0.062868034,2.272711274,-0.003363057,2.626364227,-0.017772168,-0.043741228,0.047213822,0.435561426,-0.164198930,0.465483667,-0.013193511,-0.044221529,0.046147723,0.435561426,-0.164198930,0.465483667,0.015720475,-0.808265801,0.808418665,0.003959270,-0.345862243,0.345884904,0.063464246,0.007790710,0.063940642
49.680000000,-0.077208208,2.486155645,0.350105796,2.379858016,-0.181523316,2.584792780,-0.181523316,2.584792780,-0.073491302,2.486016142,0.350105796,2.379858016,0.011778725,1.654212350,-0.068240206,2.237289301,-0.009747884,2.552520873,0.104315108,-0.098637134,0.143565058,0.531629112,-0.204934764,0.569761152,0.108032014,-0.098776637,0.146382172,0.531629112,-0.204934764,0.569761152,0.193302041,-0.930580430,0.950444956,0.113283110,-0.347503479,0.365502025,0.171775432,-0.032271907,0.174780648
49.780000000,-0.067541871,2.397801605,0.341518592,2.305725288,0.133862307,2.636934525,0.133862307,2.636934525,-0.066948672,2.397679795,0.341518592,2.305725288,0.011778725,1.654212350,-0.036410373,2.114522320,-0.008395102,2.459769515,-0.201404178,-0.239132921,0.312647080,0.207656285,-0.331209238,0.390922872,-0.200810979,-0.239254731,0.312358569,0.207656285,-0.331209238,0.390922872,-0.122083582,-0.982722175,0.990276363,-0.170272680,-0.522412206,0.549460916,-0.142257408,-0.177165010,0.227210500
49.880000000,-0.058416524,2.309592876,0.362828813,2.248422569,-0.019256301,2.219970449,-0.019256301,2.219970449,-0.060464767,2.309345695,0.362828813,2.248422569,0.088534472,1.496218384,-0.008262568,1.991028679,0.004265026,2.373074969,-0.039160223,0.089622426,0.097804409,0.382085114,0.028452120,0.383142999,-0.041208466,0.089375246,0.098417845,0.382085114,0.028452120,0.383142999,0.107790773,-0.723752066,0.731734859,0.010993733,-0.228941770,0.229205576,0.023521327,0.153104519,0.154900764
49.980000000,-0.050323766,2.221368063,0.412707785,2.125263002,0.031161974,2.141960813,0.031161974,2.141960813,-0.052683962,2.203329876,0.412707785,2.125263002,0.088534472,1.496218384,0.015058974,1.902905630,-0.008174950,2.289297184,-0.081485740,0.079407250,0.113778017,0.381545811,-0.016697811,0.381911014,-0.083845936,0.061369063,0.103905259,0.381545811,-0.016697811,0.381911014,0.057372498,-0.645742429,0.648286116,-0.016103000,-0.239055183,0.239596926,-0.039336924,0.147336372,0.152497213
50.100000000,-0.041694667,2.115431183,0.361040020,2.122836442,0.017643583,2.035907733,0.017643583,2.035907733,-0.046185704,2.114994709,0.361040020,2.122836442,0.168428664,1.359977994,0.038363983,1.827208264,-0.001348055,2.209637190,-0.059338251,0.079523449,0.099222009,0.343396437,0.086928709,0.354228335,-0.063829287,0.079086975,0.101631331,0.343396437,0.086928709,0.354228335,0.150785081,-0.675929739,0.692543972,0.020720399,-0.208699469,0.209725543,-0.018991639,0.173729457,0.174764432
50.180000000,-0.036397810,2.044765468,0.347498111,2.065258758,-0.096102648,2.076695305,-0.096102648,2.076695305,-0.040990377,2.044323139,0.347498111,2.065258758,0.168428664,1.359977994,0.038363983,1.827208264,0.007072960,2.105896184,0.059704837,-0.031929837,0.067706588,0.443600759,-0.011436547,0.443748158,0.055112271,-0.032372166,0.063916504,0.443600759,-0.011436547,0.443748158,0.264531312,-0.716717311,0.763976779,0.134466631,-0.249487041,0.283416758,0.103175608,0.029200879,0.107228249
50.300000000,-0.028848463,1.938720889,0.320912165,1.991973254,-0.157076712,1.921555296,-0.157076712,1.921555296,-0.033227027,1.938302968,0.320912165,1.991973254,0.208019689,1.290744262,0.063366998,1.737704588,0.008227446,2.040583715,0.128228250,0.017165593,0.129372105,0.477988878,0.070417957,0.483148068,0.123849685,0.016747671,0.124976914,0.477988878,0.070417957,0.483148068,0.365096401,-0.630811034,0.728846995,0.220443711,-0.183850708,0.287047927,0.165304158,0.119028419,0.203698869
50.380000000,-0.023989289,1.868014420,0.338206052,1.913327032,0.060788438,1.882366785,0.060788438,1.882366785,-0.028095286,1.867634685,0.338206052,1.913327032,0.253188095,1.210744565,0.112169816,1.574732727,0.006099392,1.940259211,-0.084777726,-0.014352365,0.085984029,0.277417615,0.030960247,0.279139875,-0.088883723,-0.014732100,0.090096343,0.277417615,0.030960247,0.279139875,0.192399658,-0.671622220,0.698637270,0.051381379,-0.307634058,0.311895431,-0.054689046,0.057892426,0.079639341
50.480000000,-0.020415182,1.779357494,0.358194316,1.842277031,0.048680610,1.740550567,0.048680610,1.740550567,-0.023581590,1.779208914,0.358194316,1.842277031,0.284964336,1.153125554,0.130487524,1.510569987,0.006543603,1.870105185,-0.069095792,0.038806927,0.079247751,0.309513705,0.101726464,0.325802099,-0.072262201,0.038658347,0.081952995,0.309513705,0.101726464,0.325802099,0.236283726,-0.587425013,0.633165180,0.081806913,-0.229980580,0.244097190,-0.042137007,0.129554618,0.136234820
50.580000000,-0.019230015,1.690769632,0.342194675,1.830864420,-0.036745344,1.551129523,-0.036745344,1.551129523,-0.023499951,1.690634564,0.342194675,1.830864420,0.367117637,0.994011940,0.155425048,1.423631530,0.008045039,1.783400126,0.017515329,0.139640110,0.140734313,0.378940019,0.279734897,0.471006529,0.013245393,0.139505042,0.140132427,0.378940019,0.279734897,0.471006529,0.403862981,-0.557117582,0.688102687,0.192170392,-0.127497993,0.230619162,0.044790382,0.232270604,0.236549808
50.680000000,-0.021372394,1.602100257,0.307576539,1.772136323,-0.093771686,1.616222105,-0.093771686,1.616222105,-0.025918221,1.584377757,0.307576539,1.772136323,0.367117637,0.994011940,0.155425048,1.423631530,0.005516210,1.700453648,0.072399293,-0.014121848,0.073763705,0.401348226,0.155914218,0.430568974,0.067853465,-0.031844348,0.074954354,0.401348226,0.155914218,0.430568974,0.460889323,-0.622210165,0.774315476,0.249196735,-0.192590575,0.314944665,0.099287896,0.084231543,0.130203837
50.800000000,-0.025590993,1.495816004,0.331909705,1.678130897,-0.186313402,1.424907112,-0.186313402,1.424907112,-0.028419459,1.513561071,0.331909705,1.678130897,0.402409461,0.919261043,0.172872622,1.298056099,0.001638670,1.612786006,0.160722409,0.070908891,0.175669473,0.518223107,0.253223785,0.576781999,0.157893943,0.088653958,0.181080152,0.518223107,0.253223785,0.576781999,0.588722864,-0.505646069,0.776062212,0.359186024,-0.126851014,0.380927525,0.187952072,0.187878893,0.265752629
50.880000000,-0.028758204,1.424992268,0.326187049,1.693891667,-0.066811209,1.540757595,-0.066811209,1.540757595,-0.031579833,1.425039121,0.326187049,1.693891667,0.437137541,0.846647755,0.205773274,1.171231880,-0.003775821,1.510108191,0.038053005,-0.115765327,0.121859108,0.392998258,0.153134072,0.421779178,0.035231376,-0.115718474,0.120962866,0.392998258,0.153134072,0.421779178,0.503948750,-0.694109840,0.857760347,0.272584483,-0.369525716,0.459185752,0.063035387,-0.030649404,0.070091697
51.000000000,-0.033426438,1.318767486,0.321074270,1.594966632,-0.103718099,1.282406611,-0.103718099,1.282406611,-0.035397655,1.318808392,0.321074270,1.594966632,0.467612772,0.774428781,0.205773274,1.171231880,-0.008924534,1.438724787,0.070291662,0.036360875,0.079139313,0.424792369,0.312560021,0.527392002,0.068320445,0.036401781,0.077413002,0.424792369,0.312560021,0.527392002,0.571330871,-0.507977830,0.764500124,0.309491374,-0.111174732,0.328853663,0.094793566,0.156318176,0.182814639
51.100000000,-0.037139810,1.230259340,0.305276033,1.512648016,-0.156513244,1.191135140,-0.156513244,1.191135140,-0.039199956,1.212594555,0.305276033,1.512648016,0.505181178,0.698139502,0.219427284,1.099710525,-0.014752819,1.332223638,0.119373434,0.039124200,0.125621335,0.461789277,0.321512876,0.562689849,0.117313288,0.021459415,0.119259859,0.461789277,0.321512876,0.562689849,0.661694422,-0.492995638,0.825157081,0.375940528,-0.091424615,0.386897585,0.141760425,0.141088498,0.200004956
51.180000000,-0.039958124,1.159445374,0.385064345,1.482759802,-0.140026045,1.248878073,-0.140026045,1.248878073,-0.041058850,1.159476912,0.385064345,1.482759802,0.547784221,0.610146181,0.255322206,0.920202760,-0.020916011,1.244580672,0.100067920,-0.089432699,0.134208034,0.525090390,0.233881729,0.574822216,0.098967195,-0.089401161,0.133368186,0.525090390,0.233881729,0.574822216,0.687810266,-0.638731892,0.938648705,0.395348250,-0.328675312,0.514128097,0.119110034,-0.004297400,0.119187532
51.280000000,-0.043339433,1.070923363,0.311344065,1.381499190,-0.019514224,0.799055103,-0.019514224,0.799055103,-0.044157483,1.070943614,0.311344065,1.381499190,0.582700700,0.531732409,0.255322206,0.920202760,-0.025135169,1.174434561,-0.023825209,0.271868260,0.272910226,0.330858288,0.582444087,0.669856941,-0.024643260,0.271888512,0.273003027,0.330858288,0.582444087,0.669856941,0.602214924,-0.267322694,0.658881049,0.274836429,0.121147658,0.300352822,-0.005620946,0.375379458,0.375421540
51.380000000,-0.046613604,0.982407069,0.348339315,1.320876333,-0.151445816,1.088132572,-0.151445816,1.088132572,-0.047878480,0.964722399,0.348339315,1.320876333,0.648579408,0.400097425,0.284533681,0.771799588,-0.029401200,1.083513424,0.104832211,-0.105725504,0.148888128,0.499785131,0.232743760,0.551320991,0.103567336,-0.123410174,0.161109479,0.499785131,0.232743760,0.551320991,0.800025224,-0.688035147,1.055193216,0.435979497,-0.316332984,0.538650794,0.122044616,-0.004619148,0.122131997
51.480000000,-0.049839640,0.893884465,0.282035930,1.316544203,0.081417770,1.106177022,0.081417770,1.106177022,-0.050379308,0.893901091,0.282035930,1.316544203,0.648579408,0.400097425,0.300982902,0.691252247,-0.033944838,0.996249706,-0.131257410,-0.212292557,0.249592943,0.200618160,0.210367181,0.290692272,-0.131797078,-0.212275931,0.249863044,0.200618160,0.210367181,0.290692272,0.567161639,-0.706079597,0.905660379,0.219565132,-0.414924775,0.469437340,-0.115362608,-0.109927316,0.159350388
51.580000000,-0.053076404,0.805362184,0.333048096,1.226914695,-0.139563674,0.685848810,-0.139563674,0.685848810,-0.053582297,0.805375808,0.333048096,1.226914695,0.684405715,0.325354675,0.300982902,0.691252247,-0.037478437,0.908495020,0.086487270,0.119513374,0.147524555,0.472611770,0.541065885,0.718410869,0.085981377,0.119526998,0.147239602,0.472611770,0.541065885,0.718410869,0.823969389,-0.360494135,0.899378439,0.440546576,0.005403437,0.440579712,0.102085237,0.222646210,0.244934135
51.700000000,-0.056999596,0.699144188,0.276481414,1.192229691,-0.055656334,0.769624386,-0.055656334,0.769624386,-0.057462016,0.699163160,0.276481414,1.192229691,0.720175514,0.252174538,0.317283038,0.609619570,-0.042733869,0.817503273,-0.001343262,-0.070480197,0.070492996,0.332137748,0.422605305,0.537504165,-0.001805682,-0.070461226,0.070484359,0.332137748,0.422605305,0.537504165,0.775831847,-0.517449847,0.932560668,0.372939371,-0.160004816,0.405814386,0.012922465,0.047878887,0.049592116
51.800000000,-0.060274018,0.610624755,0.289089461,1.160811290,-0.101444293,0.635439189,-0.101444293,0.635439189,-0.060052124,0.628338097,0.289089461,1.160811290,0.755723129,0.178165775,0.333549555,0.528768361,-0.046417076,0.712877002,0.041170274,-0.024814433,0.048070236,0.390533754,0.525372102,0.654623906,0.041392169,-0.007101091,0.041996870,0.390533754,0.525372102,0.654623906,0.857167422,-0.457273413,0.971511690,0.434993848,-0.106670827,0.447882030,0.055027217,0.077437813,0.094997945
51.880000000,-0.062887284,0.539814063,0.264103411,1.070905779,-0.088502929,0.697604745,-0.088502929,0.697604745,-0.063284640,0.539829885,0.264103411,1.070905779,0.788734841,0.102650828,0.349361766,0.438654982,-0.051378001,0.624655860,0.025615645,-0.157790681,0.159856374,0.352606341,0.373301034,0.513502574,0.025218290,-0.157774860,0.159777560,0.352606341,0.373301034,0.513502574,0.877237770,-0.594953917,1.059960503,0.437864696,-0.258949763,0.508704700,0.037124928,-0.072948885,0.081852307
51.980000000,-0.065101417,0.451259464,0.258842807,1.010854995,0.022418829,0.457540718,0.022418829,0.457540718,-0.065909149,0.451287059,0.258842807,1.010854995,0.823710657,0.028290963,0.364230411,0.356637792,-0.054721243,0.551732375,-0.087520246,-0.006281254,0.087745357,0.236423978,0.553314278,0.601708391,-0.088327978,-0.006253658,0.088549082,0.236423978,0.553314278,0.601708391,0.801291828,-0.429249754,0.909023622,0.341811582,-0.100902926,0.356393824,-0.077140072,0.094191657,0.121748343
52.080000000,-0.057050558,0.362994801,0.339046856,0.899709443,-0.110710273,0.313684909,-0.110710273,0.313684909,-0.056671691,0.363309621,0.339046856,0.899709443,0.860749566,-0.045147739,0.397824074,0.203055862,-0.057358437,0.462841841,0.053659715,0.049309892,0.072875445,0.449757129,0.586024534,0.738719317,0.054038581,0.049624712,0.073367434,0.449757129,0.586024534,0.738719317,0.971459839,-0.358832648,1.035613387,0.508534347,-0.110629046,0.520428639,0.053351836,0.149156933,0.158411518
52.180000000,-0.034997698,0.277198313,0.298942435,0.742543298,0.152687082,0.215166539,0.152687082,0.215166539,-0.025443213,0.261912687,0.298942435,0.742543298,0.959449602,-0.173833637,0.423190391,0.124386735,-0.049691557,0.370840736,-0.187684780,0.062031774,0.197670225,0.146255353,0.527376759,0.547281348,-0.178130295,0.046746148,0.184161897,0.146255353,0.527376759,0.547281348,0.806762520,-0.389000175,0.895648871,0.270503309,-0.090779804,0.285329657,-0.202378639,0.155674197,0.255326397
52.300000000,0.011802802,0.181508720,0.399935944,0.599675251,-0.174322546,0.400525443,-0.174322546,0.400525443,0.016508963,0.184029327,0.399935944,0.599675251,1.010331725,-0.213899143,0.423190391,0.124386735,-0.026417367,0.284864718,0.186125348,-0.219016722,0.287421241,0.574258490,0.199149809,0.607810381,0.190831509,-0.216496115,0.288595275,0.574258490,0.199149809,0.607810381,1.184654271,-0.614424585,1.334512387,0.597512937,-0.276138708,0.658235745,0.147905178,-0.115660725,0.187758742
52.400000000,0.066540015,0.111122874,0.476259398,0.518596712,0.092684316,0.240206721,0.092684316,0.240206721,0.071552780,0.114775778,0.476259398,0.518596712,1.010331725,-0.213899143,0.487667013,0.031649585,0.019148521,0.188185723,-0.026144301,-0.129083848,0.131704837,0.383575082,0.278389991,0.473952351,-0.021131536,-0.125430944,0.127198520,0.383575082,0.278389991,0.473952351,0.917647408,-0.454105864,1.023859806,0.394982697,-0.208557136,0.446662524,-0.073535795,-0.052020999,0.090076065
52.480000000,0.119197351,0.062702628,0.644335081,0.383845912,0.125218721,0.130980689,0.125218721,0.130980689,0.123856558,0.067043553,0.644335081,0.383845912,1.100946439,-0.256749422,0.538435870,-0.051388135,0.076245901,0.115704115,-0.006021371,-0.068278061,0.068543056,0.519116360,0.252865223,0.577427585,-0.001362163,-0.063937136,0.063951644,0.519116360,0.252865223,0.577427585,0.975727718,-0.387730111,1.049942483,0.413217149,-0.182368824,0.451671119,-0.048972821,-0.015276574,0.051300204
52.580000000,0.194071586,0.013687891,0.639732680,0.339410537,0.362431641,-0.002228252,0.362431641,-0.002228252,0.197855371,0.018560152,0.639732680,0.339410537,1.165630061,-0.271534545,0.610071895,-0.097023397,0.126552753,0.067706834,-0.168360055,0.015916143,0.169110708,0.277301039,0.341638789,0.440014691,-0.164576270,0.020788404,0.165884015,0.277301039,0.341638789,0.440014691,0.803198420,-0.269306293,0.847144368,0.247640254,-0.094795145,0.265163751,-0.235878888,0.069935087,0.246027978
52.680000000,0.276547805,-0.021124331,0.794562690,0.254689377,0.464209326,-0.028529698,0.464209326,-0.028529698,0.279248512,-0.016114046,0.866137673,0.251016064,1.327787725,-0.267015510,0.721729950,-0.132085125,0.202261699,0.016974916,-0.187661521,0.007405367,0.187807577,0.330353364,0.283219075,0.435139506,-0.184960814,0.012415652,0.185377051,0.401928347,0.279545762,0.489583730,0.863578399,-0.238485811,0.895903529,0.257520624,-0.103555426,0.277561881,-0.261947627,0.045504615,0.265870701
52.780000000,0.363858016,-0.040713085,0.867069422,0.232747071,0.443015423,0.074773643,0.443015423,0.074773643,0.365478781,-0.035876217,0.867069422,0.232747071,1.327787725,-0.267015510,0.721729950,-0.132085125,0.284261061,-0.017564079,-0.079157407,-0.115486728,0.140010998,0.424053999,0.157973429,0.452523367,-0.077536642,-0.110649860,0.135112259,0.424053999,0.157973429,0.452523367,0.884772302,-0.341789152,0.948494518,0.278714527,-0.206858768,0.347091252,-0.158754362,-0.092337722,0.183655118
52.880000000,0.453175843,-0.044518700,1.035348176,0.203450647,0.482349125,-0.060364947,0.482349125,-0.060364947,0.453840248,-0.040064808,1.035348176,0.203450647,1.407068757,-0.248937184,0.845822870,-0.153864297,0.371688025,-0.037730506,-0.029173282,0.015846247,0.033199156,0.552999051,0.263815594,0.612704348,-0.028508877,0.020300139,0.034997881,0.552999051,0.263815594,0.612704348,0.924719632,-0.188572237,0.943750966,0.363473745,-0.093499350,0.375306930,-0.110661100,0.022634441,0.112952189
53.000000000,0.559476426,-0.032430906,1.180093736,0.205822814,0.692972972,0.100355227,0.692972972,0.100355227,0.541871776,-0.030523881,1.180093736,0.205822814,1.482444310,-0.214397449,0.967810077,-0.129458075,0.460031332,-0.041774897,-0.133496546,-0.132786133,0.188290959,0.487120764,0.105467588,0.498407514,-0.151101196,-0.130879108,0.199902257,0.487120764,0.105467588,0.498407514,0.789471338,-0.314752675,0.849902489,0.274837104,-0.229813301,0.358259106,-0.232941640,-0.142130124,0.272878691
53.100000000,0.647259191,-0.018286571,1.308951383,0.231954215,0.667103675,0.028623286,0.667103675,0.028623286,0.647281726,-0.016889017,1.308951383,0.231954215,1.551789079,-0.169188746,1.055632752,-0.100809826,0.566794785,-0.029849279,-0.019844484,-0.046909857,0.050934647,0.641847707,0.203330928,0.673284446,-0.019821949,-0.045512303,0.049641509,0.641847707,0.203330928,0.673284446,0.884685403,-0.197812032,0.906530674,0.388529077,-0.129433112,0.409521396,-0.100308891,-0.058472565,0.116107340
53.200000000,0.734833338,-0.004020245,1.314577267,0.210601170,0.707436073,-0.110640872,0.707436073,-0.110640872,0.735139197,-0.005552504,1.314577267,0.210601170,1.635872433,-0.118700559,1.055632752,-0.100809826,0.652780036,-0.016149607,0.027397266,0.106620627,0.110084368,0.607141194,0.321242042,0.686889277,0.027703124,0.105088368,0.108678554,0.607141194,0.321242042,0.686889277,0.928436361,-0.008059688,0.928471343,0.348196680,0.009831045,0.348335438,-0.054656036,0.094491265,0.109159889
53.300000000,0.822901426,0.006876250,1.327275629,0.213250465,0.775532994,-0.049294954,0.775532994,-0.049294954,0.823176154,0.003842264,1.327275629,0.213250465,1.791420611,-0.005753896,1.223076833,-0.032573029,0.740630469,-0.002243648,0.047368432,0.056171204,0.073477701,0.551742635,0.262545419,0.611023757,0.047643160,0.053137218,0.071368303,0.551742635,0.262545419,0.611023757,1.015887617,0.043541058,1.016820276,0.447543838,0.016721925,0.447856126,-0.034902525,0.047051305,0.058583373
53.400000000,0.911574663,0.009564139,1.403952327,0.191682488,0.931932169,-0.090255248,0.931932169,-0.090255248,0.911744914,0.003245629,1.403952327,0.191682488,1.791420611,-0.005753896,1.223076833,-0.032573029,0.827166740,0.008388617,-0.020357505,0.099819387,0.101874129,0.472020159,0.281937736,0.549810802,-0.020187255,0.093500877,0.095655315,0.472020159,0.281937736,0.549810802,0.859488443,0.084501352,0.863632365,0.291144664,0.057682220,0.296803730,-0.104765429,0.098643866,0.143897211
53.480000000,0.982422025,0.009291231,1.421979601,0.174818498,0.934610301,-0.003511185,0.934610301,-0.003511185,0.982600525,0.002260917,1.421979601,0.174818498,1.850124995,0.034175500,1.307161019,0.000561177,0.914623492,0.010831302,0.047811724,0.012802417,0.049496089,0.487369300,0.178329683,0.518970433,0.047990224,0.005772102,0.048336102,0.487369300,0.178329683,0.518970433,0.915514694,0.037686685,0.916290042,0.372550718,0.004072362,0.372572975,-0.019986809,0.014342487,0.024600396
53.600000000,1.088766746,0.006987244,1.440417886,0.188247368,1.199631027,0.019702798,1.199631027,0.019702798,1.088880870,0.000787882,1.440417886,0.188247368,1.985210647,0.121349640,1.452135566,0.044940954,0.985372717,0.010444178,-0.110864280,-0.012715554,0.111591102,0.240786860,0.168544570,0.293914246,-0.110750156,-0.018914916,0.112353777,0.240786860,0.168544570,0.293914246,0.785579621,0.101646842,0.792128412,0.252504539,0.025238156,0.253762698,-0.214258309,-0.009258620,0.214458260
53.680000000,1.159663334,0.005170198,1.444214302,0.172710166,1.197981072,0.190379438,1.197981072,0.190379438,1.159736962,-0.000172320,1.444214302,0.172710166,1.985210647,0.121349640,1.452135566,0.044940954,1.091108388,0.007988725,-0.038317737,-0.185209240,0.189131466,0.246233230,-0.017669272,0.246866374,-0.038244109,-0.190551758,0.194351703,0.246233230,-0.017669272,0.246866374,0.787229576,-0.069029798,0.790250288,0.254154494,-0.145438484,0.292825647,-0.106872684,-0.182390713,0.211395702
53.780000000,1.248276271,0.002974863,1.526076261,0.162302283,1.296458009,0.157635163,1.296458009,0.157635163,1.266019906,-0.001589046,1.526076261,0.162302283,2.056752587,0.168638112,1.536988697,0.064168442,1.161468008,0.006078927,-0.048181738,-0.154660300,0.161991630,0.229618252,0.004667121,0.229665678,-0.030438103,-0.159224208,0.162107454,0.229618252,0.004667121,0.229665678,0.760294578,0.011002949,0.760374190,0.240530688,-0.093466720,0.258052397,-0.134990001,-0.151556236,0.202957121
53.880000000,1.336862066,0.000980325,1.588830349,0.156106230,1.402624880,0.047768138,1.402624880,0.047768138,1.354594931,-0.002727077,1.588830349,0.156106230,2.199261510,0.260410093,1.652514429,0.085806487,1.249493110,0.003744473,-0.065762814,-0.046787812,0.080708408,0.186205470,0.108338093,0.215428919,-0.048029948,-0.050495214,0.069689616,0.186205470,0.108338093,0.215428919,0.796636631,0.212641955,0.824528060,0.249889549,0.038038350,0.252768081,-0.153131769,-0.044023665,0.159334308
54.000000000,1.443165664,-0.001154482,1.565839964,0.157818765,1.374539788,0.163954962,1.374539788,0.163954962,1.460882092,-0.004072405,1.565839964,0.157818765,2.199261510,0.260410093,1.723768891,0.131692478,1.338057294,0.001731657,0.068625877,-0.165109444,0.178803354,0.191300176,-0.006136198,0.191398564,0.086342304,-0.168027367,0.188913180,0.191300176,-0.006136198,0.191398564,0.824721722,0.096455130,0.830343008,0.349229103,-0.032262485,0.350716173,-0.036482494,-0.162223305,0.166274993
54.100000000,1.531739624,-0.002756170,1.573488242,0.144609280,1.560062151,-0.101045108,1.560062151,-0.101045108,1.514020927,-0.004736079,1.573488242,0.144609280,2.278870712,0.317289891,1.861018188,0.158067705,1.444095849,-0.000421110,-0.028322527,0.098288937,0.102288224,0.013426091,0.245654387,0.246021011,-0.046041224,0.096309029,0.106748412,0.013426091,0.245654387,0.246021011,0.718808561,0.418334999,0.831678975,0.300956037,0.259112812,0.397132202,-0.115966302,0.100623997,0.153536224
54.180000000,1.602599905,-0.003940603,1.714677228,0.133135106,1.271319856,0.204464739,1.271319856,0.204464739,1.602593581,-0.005820627,1.714677228,0.133135106,2.405830838,0.401065525,1.861018188,0.158067705,1.532129629,-0.002172450,0.331280049,-0.208405342,0.391381217,0.443357372,-0.071329633,0.449058655,0.331273725,-0.210285366,0.392380193,0.443357372,-0.071329633,0.449058655,1.134510982,0.196600786,1.151419575,0.589698332,-0.046397034,0.591520759,0.260809773,-0.206637189,0.332747150
54.300000000,1.708888356,-0.005561330,1.794900152,0.137973847,1.792499499,-0.088067516,1.792499499,-0.088067516,1.708878148,-0.007059185,1.794900152,0.137973847,2.474305590,0.449961180,2.038452747,0.223010289,1.603265763,-0.003404557,-0.083611143,0.082506186,0.117465289,0.002400654,0.226041363,0.226054111,-0.083621351,0.081008331,0.116425427,0.002400654,0.226041363,0.226054111,0.681806091,0.538028697,0.868524279,0.245953248,0.311077805,0.396563237,-0.189233736,0.084662959,0.207309487
54.380000000,1.779749663,-0.006565374,1.772163114,0.129664902,1.764489355,0.003959545,1.764489355,0.003959545,1.779743499,-0.007873850,1.772163114,0.129664902,2.544331632,0.496151261,2.038452747,0.223010289,1.709184966,-0.005066351,0.015260308,-0.010524919,0.018537824,0.007673759,0.125705357,0.125939364,0.015254144,-0.011833395,0.019305910,0.007673759,0.125705357,0.125939364,0.779842277,0.492191716,0.922174963,0.273963392,0.219050743,0.350769395,-0.055304389,-0.009025896,0.056036080
54.500000000,1.886030742,-0.008008723,1.833132888,0.132945885,1.944136385,0.010032337,1.944136385,0.010032337,1.886015189,-0.009101545,1.833132888,0.132945885,2.544331632,0.496151261,2.126609994,0.245294966,1.779871979,-0.006184303,-0.058105643,-0.018041061,0.060841973,-0.111003498,0.122913548,0.165618588,-0.058121196,-0.019133882,0.061189696,-0.111003498,0.122913548,0.165618588,0.600195247,0.486118924,0.772363867,0.182473608,0.235262629,0.297733307,-0.164264407,-0.016216640,0.165062942
54.600000000,1.974604509,-0.009165133,1.873543186,0.125489768,1.912447142,-0.045513513,1.912447142,-0.045513513,1.974596626,-0.010118665,1.873543186,0.125489768,2.624967145,0.553826015,2.162040648,0.244792944,1.885922493,-0.007612831,0.062157368,0.036348380,0.072005160,-0.038903955,0.171003281,0.175372859,0.062149484,0.035394848,0.071521701,-0.038903955,0.171003281,0.175372859,0.712520003,0.599339529,0.931070688,0.249593506,0.290306457,0.382850829,-0.026524649,0.037900683,0.046260337
54.680000000,2.045462417,-0.010054529,1.948681580,0.115820159,2.119585926,-0.101660452,2.119585926,-0.101660452,2.045455147,-0.010905777,1.948681580,0.115820159,2.681335069,0.592919114,2.327969789,0.291876990,1.974364703,-0.008815979,-0.074123509,0.091605923,0.117838618,-0.170904345,0.217480611,0.276597381,-0.074130779,0.090754675,0.117182693,-0.170904345,0.217480611,0.276597381,0.561749143,0.694579566,0.893310066,0.208383863,0.393537443,0.445303889,-0.145221223,0.092844473,0.172363859
54.780000000,2.134033620,-0.011129491,1.994670319,0.117639819,2.243643228,0.004956076,2.243643228,0.004956076,2.134026196,-0.011870123,1.994670319,0.117639819,2.748034699,0.642138491,2.327969789,0.291876990,2.045219648,-0.009721339,-0.109609608,-0.016085568,0.110783625,-0.248972909,0.112683743,0.273285813,-0.109617033,-0.016826199,0.110900923,-0.248972909,0.112683743,0.273285813,0.504391471,0.637182415,0.812657484,0.084326561,0.286920914,0.299056148,-0.198423580,-0.014677415,0.198965685
54.880000000,2.222608901,-0.012176279,2.057170021,0.110482178,2.251164781,0.125271991,2.251164781,0.125271991,2.240321734,-0.013046891,2.057170021,0.110482178,2.815071907,0.692408186,2.396748558,0.316041981,2.133764386,-0.010831693,-0.028555879,-0.137448271,0.140383280,-0.193994760,-0.014789813,0.194557717,-0.010843046,-0.138318882,0.138743234,-0.193994760,-0.014789813,0.194557717,0.563907126,0.567136195,0.799771662,0.145583777,0.190769990,0.239974634,-0.117400395,-0.136103684,0.179741664
55.000000000,2.328892245,-0.013408840,2.103782416,0.112978723,2.354086873,0.165448201,2.354086873,0.165448201,2.328878638,-0.013987832,2.103782416,0.112978723,2.881598765,0.745395423,2.518840404,0.340115954,2.222360570,-0.011914721,-0.025194628,-0.178857041,0.180622840,-0.250304457,-0.052469478,0.255744731,-0.025208235,-0.179436033,0.181198082,-0.250304457,-0.052469478,0.255744731,0.527511892,0.579947222,0.783969118,0.164753531,0.174667753,0.240109454,-0.131726304,-0.177362922,0.220928552
55.100000000,2.417467235,-0.014401576,2.102579044,0.101773053,2.547748880,0.035490132,2.547748880,0.035490132,2.417459452,-0.014923495,2.102579044,0.101773053,2.998566115,0.839359732,2.642965076,0.397557387,2.328524059,-0.013164909,-0.130281645,-0.049891708,0.139508027,-0.445169836,0.066282921,0.450077336,-0.130289428,-0.050413627,0.139702787,-0.445169836,0.066282921,0.450077336,0.450817235,0.803869600,0.921652056,0.095216196,0.362067255,0.374377912,-0.219224821,-0.048655041,0.224559202
55.200000000,2.520749869,-0.015509599,2.243656967,0.032877496,2.431675617,0.170915331,2.431675617,0.170915331,2.528175256,-0.016052307,2.243656967,0.032877496,2.998566115,0.839359732,2.663729180,0.412975446,2.349475617,0.015317660,0.089074252,-0.186424931,0.206611900,-0.188018650,-0.138037835,0.233249773,0.096499639,-0.186967638,0.210402182,-0.188018650,-0.138037835,0.233249773,0.566890498,0.668444401,0.876460355,0.232053563,0.242060115,0.335323658,-0.082200000,-0.155597671,0.175975780
55.280000000,2.608874756,-0.014874522,2.291282987,0.041209232,2.601885604,-0.031706229,2.601885604,-0.031706229,2.616737754,-0.015917250,2.291282987,0.041209232,3.088946449,0.909698095,2.753206842,0.447648259,2.295525875,0.020062317,0.006989152,0.016831706,0.018225109,-0.310602617,0.072915461,0.319046470,0.014852150,0.015788979,0.021676675,-0.310602617,0.072915461,0.319046470,0.487060845,0.941404324,1.059938851,0.151321238,0.479354488,0.502671705,-0.306359729,0.051768545,0.310702857
55.400000000,2.741540220,0.008370092,2.535871141,0.068915278,2.645475234,0.051161717,2.645475234,0.051161717,2.746388812,0.011066231,2.535871141,0.068915278,3.145544827,0.954858747,2.804848159,0.447094248,2.424907870,0.038008626,0.096064987,-0.042791625,0.105164656,-0.109604093,0.017753562,0.111032635,0.100913579,-0.040095486,0.108587284,-0.109604093,0.017753562,0.111032635,0.500069594,0.903697031,1.032830055,0.159372926,0.395932531,0.426804755,-0.220567364,-0.013153091,0.220959195
55.500000000,2.844329884,0.054294723,2.711651429,0.139027491,2.790573247,-0.119705635,2.790573247,-0.119705635,2.844925816,0.060973805,2.711651429,0.139027491,3.249079133,1.088951920,2.976724468,0.517303496,2.572671602,0.086078488,0.053756636,0.174000358,0.182115075,-0.078921818,0.258733126,0.270502280,0.054352568,0.180679440,0.188677666,-0.078921818,0.258733126,0.270502280,0.458505886,1.208657555,1.292702879,0.186151220,0.637009131,0.663651196,-0.217901645,0.205784123,0.299713584
55.600000000,2.932597654,0.124602890,2.797929346,0.195132978,2.898037431,0.167568758,2.898037431,0.167568758,2.943411169,0.149509330,2.797929346,0.195132978,3.281816450,1.171954135,2.976724468,0.517303496,2.798709820,0.192764029,0.034560224,-0.042965867,0.055140501,-0.100108084,0.027564221,0.103833592,0.045373738,-0.018059428,0.048835633,-0.100108084,0.027564221,0.103833592,0.383779019,1.004385377,1.075209897,0.078687037,0.349734739,0.358477387,-0.099327611,0.025195271,0.102473294
55.680000000,2.988809900,0.195649298,2.933690425,0.261827985,2.961493877,0.118050185,2.961493877,0.118050185,2.982177654,0.203387919,2.933690425,0.261827985,3.281816450,1.171954135,3.063073167,0.613124429,2.966427020,0.265006468,0.027316023,0.077599113,0.082266563,-0.027803452,0.143777800,0.146441414,0.020683776,0.085337734,0.087808584,-0.027803452,0.143777800,0.146441414,0.320322573,1.053903950,1.101508096,0.101579289,0.495074244,0.505387830,0.004933143,0.146956282,0.147039059
55.780000000,3.037441672,0.298031355,3.196834143,0.400831328,2.976763899,0.166164440,2.976763899,0.166164440,3.028449697,0.303707806,3.196834143,0.400831328,3.300002150,1.253914696,3.107207052,0.648278513,3.107620624,0.352853418,0.060677773,0.131866915,0.145157416,0.220070243,0.234666888,0.321713320,0.051685798,0.137543366,0.146933996,0.220070243,0.234666888,0.321713320,0.323238251,1.087750256,1.134761467,0.130443153,0.482114072,0.499449091,0.130856725,0.186688978,0.227983019
55.880000000,3.059551385,0.409248557,3.227683767,0.488249363,2.853846471,0.114644239,2.853846471,0.114644239,3.049667579,0.412120674,3.227683767,0.488249363,3.303984233,1.337396150,3.170712952,0.817713753,3.176782464,0.431746249,0.205704914,0.294604319,0.359313535,0.373837296,0.373605124,0.528521629,0.195821107,0.297476435,0.356143420,0.373837296,0.373605124,0.528521629,0.450137761,1.222751912,1.302975917,0.316866481,0.703069514,0.771175148,0.322935993,0.317102010,0.452594013
55.980000000,3.054110143,0.522402167,3.376751288,0.666546710,3.068625356,0.344027463,3.068625356,0.344027463,3.044570811,0.522480795,3.376751288,0.666546710,3.295178459,1.425213616,3.181767809,0.873322354,3.302366196,0.558069970,-0.014515213,0.178374704,0.178964316,0.308125932,0.322519247,0.446049610,-0.024054545,0.178453332,0.180067245,0.308125932,0.322519247,0.446049610,0.226553103,1.081186153,1.104667283,0.113142453,0.529294891,0.541252525,0.233740841,0.214042507,0.316936863
56.080000000,3.021755098,0.630726482,3.384959977,0.732231722,2.954510582,0.354876872,2.954510582,0.354876872,3.013468963,0.628462052,3.384959977,0.732231722,3.230711538,1.586156167,3.177364922,0.917231087,3.326456986,0.645320845,0.067244516,0.275849610,0.283927513,0.430449394,0.377354851,0.572436341,0.058958380,0.273585180,0.279865935,0.430449394,0.377354851,0.572436341,0.276200956,1.231279295,1.261877835,0.222854340,0.562354215,0.604901910,0.371946404,0.290443973,0.471912946
56.180000000,2.966254836,0.728745302,3.413114823,0.908018363,2.936625236,0.638121531,2.936625236,0.638121531,2.959014462,0.724666061,3.413114823,0.908018363,3.230711538,1.586156167,3.126233318,1.108441324,3.364255519,0.783326811,0.029629600,0.090623771,0.095344539,0.476489587,0.269896832,0.547619052,0.022389226,0.086544530,0.089393697,0.476489587,0.269896832,0.547619052,0.294086302,0.948034636,0.992600838,0.189608082,0.470319793,0.507101501,0.427630283,0.145205279,0.451610709
56.280000000,2.903254571,0.821065333,3.358245114,0.941399720,3.162821892,0.577463795,3.162821892,0.577463795,2.887077483,0.836378431,3.358245114,0.941399720,3.121216805,1.720420417,3.043735821,1.224582859,3.338837348,0.907244450,-0.259567321,0.243601538,0.355973178,0.195423223,0.363935925,0.413085456,-0.275744409,0.258914637,0.378248289,0.195423223,0.363935925,0.413085456,-0.041605086,1.142956622,1.143713611,-0.119086071,0.647119065,0.657985240,0.176015457,0.329780655,0.373813753
56.380000000,2.838513576,0.911660401,3.375031283,1.052698663,3.028018689,0.755421360,3.028018689,0.755421360,2.839095094,0.910842703,3.375031283,1.052698663,3.121216805,1.720420417,3.043735821,1.224582859,3.314090283,0.943034202,-0.189505114,0.156239041,0.245607056,0.347012594,0.297277302,0.456937123,-0.188923595,0.155421342,0.244638342,0.347012594,0.297277302,0.456937123,0.093198116,0.964999056,0.969489075,0.015717131,0.469161499,0.469424691,0.286071593,0.187612842,0.342104567
56.500000000,2.762461587,1.020848338,3.311151023,1.096082352,3.016226763,0.979120540,3.016226763,0.979120540,2.767126579,1.022535524,3.311151023,1.096082352,3.009089895,1.856620399,2.951478150,1.354612009,3.256453159,1.022097996,-0.253765176,0.041727798,0.257173043,0.294924259,0.116961812,0.317270207,-0.249100184,0.043414984,0.252855221,0.294924259,0.116961812,0.317270207,-0.007136868,0.877499859,0.877528881,-0.064748613,0.375491469,0.381033104,0.240226396,0.042977456,0.244040536
56.580000000,2.712964422,1.094289857,3.284772125,1.124620804,3.103976025,0.884818480,3.103976025,0.884818480,2.719165118,1.097000922,3.284772125,1.124620804,2.948345560,1.922253251,2.885775741,1.438734368,3.229740443,1.084919672,-0.391011603,0.209471376,0.443585765,0.180796100,0.239802323,0.300320469,-0.384810907,0.212182442,0.439432387,0.180796100,0.239802323,0.300320469,-0.155630465,1.037434771,1.049043252,-0.218200284,0.553915888,0.595343745,0.125764418,0.200101192,0.236341227
56.680000000,2.652124770,1.186745989,3.267651155,1.175064654,3.104977972,0.956666500,3.104977972,0.956666500,2.647232488,1.208718895,3.267651155,1.175064654,2.888943833,1.985491307,2.830654991,1.508271554,3.177008290,1.161865025,-0.452853202,0.230079489,0.507949401,0.162673183,0.218398154,0.272323921,-0.457745484,0.252052394,0.522552713,0.162673183,0.218398154,0.272323921,-0.216034139,1.028824807,1.051261734,-0.274322981,0.551605054,0.616052947,0.072030318,0.205198525,0.217473680
56.800000000,2.580100141,1.298336254,3.242067454,1.224111518,3.037749127,1.071156846,3.037749127,1.071156846,2.587294326,1.301817063,3.242067454,1.224111518,2.888943833,1.985491307,2.830654991,1.508271554,3.139568408,1.217619479,-0.457648986,0.227179408,0.510933536,0.204318327,0.152954671,0.255227565,-0.450454800,0.230660216,0.506076736,0.204318327,0.152954671,0.255227565,-0.148805294,0.914334461,0.926364141,-0.207094136,0.437114708,0.483691274,0.101819281,0.146462632,0.178377321
56.880000000,2.532430869,1.372962678,3.219098100,1.370234052,2.752980154,1.077683444,2.752980154,1.077683444,2.527340226,1.394895823,3.219098100,1.370234052,2.772015142,2.112347375,2.700844903,1.681079557,3.122119662,1.272438169,-0.220549285,0.295279234,0.368553678,0.466117946,0.292550609,0.550319724,-0.225639928,0.317212379,0.389277627,0.466117946,0.292550609,0.550319724,0.019034988,1.034663931,1.034839012,-0.052135251,0.603396113,0.605644247,0.369139508,0.194754726,0.417364804
56.980000000,2.472977978,1.466345390,3.222134795,1.315649671,3.215898350,1.253960872,3.215898350,1.253960872,2.467273081,1.487924031,3.222134795,1.315649671,2.772015142,2.112347375,2.652223005,1.742655026,3.102618318,1.370696911,-0.742920372,0.212384518,0.772682252,0.006236445,0.061688799,0.062003235,-0.748625269,0.233963159,0.784333190,0.006236445,0.061688799,0.062003235,-0.443883208,0.858386503,0.966364160,-0.563675344,0.488694154,0.746024041,-0.113280031,0.116736039,0.162664281
57.080000000,2.413578622,1.559760427,3.162064193,1.393863153,3.004103141,1.432944189,3.004103141,1.432944189,2.419255535,1.562348904,3.162064193,1.393863153,2.715795224,2.173501139,2.652223005,1.742655026,3.065989627,1.397188333,-0.590524519,0.126816238,0.603988051,0.157961051,-0.039081036,0.162723757,-0.584847607,0.129404716,0.598992741,0.157961051,-0.039081036,0.162723757,-0.288307917,0.740556950,0.794698717,-0.351880136,0.309710838,0.468764795,0.061886485,-0.035755856,0.071473200
57.180000000,2.354227883,1.653197617,3.139069478,1.470545182,3.009988927,1.333603002,3.009988927,1.333603002,2.359271324,1.655404331,3.139069478,1.470545182,2.653423565,2.239243590,2.594386601,1.819923265,3.033499028,1.454490180,-0.655761044,0.319594615,0.729495212,0.129080551,0.136942180,0.188188600,-0.650717603,0.321801329,0.725940420,0.129080551,0.136942180,0.188188600,-0.356565362,0.905640588,0.973305569,-0.415602326,0.486320262,0.639712975,0.023510102,0.120887178,0.123152079
57.280000000,2.294809520,1.746588344,3.113098359,1.555764693,3.096215234,1.523416721,3.096215234,1.523416721,2.299217668,1.748423794,3.113098359,1.555764693,2.531923009,2.361145212,2.475345504,1.974848765,2.987095361,1.581336564,-0.801405714,0.223171622,0.831899448,0.016883125,0.032347971,0.036488781,-0.796997566,0.225007073,0.828150532,0.016883125,0.032347971,0.036488781,-0.564292225,0.837728490,1.010056800,-0.620869730,0.451432044,0.767639311,-0.109119873,0.057919843,0.123538880
57.380000000,2.235263346,1.839891564,3.109729337,1.589805575,2.936907904,1.585519000,2.936907904,1.585519000,2.239073674,1.841395684,3.070093063,1.614416575,2.531923009,2.361145212,2.443075446,2.007171414,2.970983437,1.603078651,-0.701644558,0.254372564,0.746331352,0.172821433,0.004286575,0.172874586,-0.697834230,0.255876684,0.743266769,0.133185159,0.028897575,0.136284102,-0.404984895,0.775626212,0.874990735,-0.493832458,0.421652414,0.649354491,0.034075533,0.017559651,0.038333840
57.480000000,2.175614237,1.933129580,3.069762626,1.712353978,2.844110264,1.791274872,2.844110264,1.791274872,2.178926704,1.934365649,3.069762626,1.712353978,2.470692838,2.423598247,2.413366265,2.053866778,2.933100487,1.651416216,-0.668496027,0.141854708,0.683381077,0.225652362,-0.078920894,0.239055425,-0.665183560,0.143090777,0.680399985,0.225652362,-0.078920894,0.239055425,-0.373417426,0.632323375,0.734352384,-0.430744000,0.262591905,0.504474878,0.088990223,-0.139858657,0.165770032
57.580000000,2.115895438,2.026319707,3.048466277,1.723303271,2.923964151,1.690548840,2.923964151,1.690548840,2.118797920,2.027339361,3.048466277,1.723303271,2.412443711,2.486005992,2.352978092,2.131744906,2.953671048,1.746091249,-0.808068712,0.335770867,0.875052638,0.124502126,0.032754431,0.128738620,-0.805166231,0.336790521,0.872766013,0.124502126,0.032754431,0.128738620,-0.511520440,0.795457152,0.945730005,-0.570986058,0.441196066,0.721580936,0.029706898,0.055542409,0.062987768
57.680000000,2.056132373,2.119477265,3.040674338,1.860643827,2.831482726,1.914443915,2.831482726,1.914443915,2.058669098,2.120307013,3.040674338,1.860643827,2.354655893,2.549058737,2.294028974,2.209567786,2.934890822,1.772708208,-0.775350354,0.205033350,0.802001774,0.209191612,-0.053800088,0.215999027,-0.772813628,0.205863098,0.799762789,0.209191612,-0.053800088,0.215999027,-0.476826834,0.634614822,0.793788260,-0.537453753,0.295123871,0.613151397,0.103408096,-0.141735707,0.175448696
57.780000000,1.996302865,2.212587751,2.963929999,1.922629173,3.023902356,1.972880213,3.023902356,1.972880213,1.998536832,2.213263998,2.963929999,1.922629173,2.234235416,2.675832456,2.175050611,2.366756373,2.870665312,1.922770308,-1.027599491,0.239707538,1.055187386,-0.059972357,-0.050251041,0.078242256,-1.025365524,0.240383785,1.053166094,-0.059972357,-0.050251041,0.078242256,-0.789666940,0.702952243,1.057220758,-0.848851745,0.393876160,0.935781873,-0.153237044,-0.050109905,0.161222189
57.880000000,1.936421275,2.305674184,2.948850816,2.033530836,3.056607955,1.974325631,3.056607955,1.974325631,1.938383032,2.306223477,2.948850816,2.033530836,2.234235416,2.675832456,2.175050611,2.366756373,2.856967878,1.954681379,-1.120186680,0.331348552,1.168165254,-0.107757139,0.059205205,0.122950629,-1.118224923,0.331897846,1.166440380,-0.107757139,0.059205205,0.122950629,-0.822372539,0.701506825,1.080929423,-0.881557344,0.392430741,0.964958672,-0.199640077,-0.019644252,0.200604230
58.000000000,1.864509578,2.417346653,2.926476626,2.057239446,2.918195635,2.035887463,2.918195635,2.035887463,1.866221614,2.417796341,2.926476626,2.057239446,2.171518610,2.735871807,2.085328346,2.490753320,2.843956344,2.029621034,-1.053686057,0.381459191,1.120609398,0.008280991,0.021351983,0.022901572,-1.051974022,0.381908878,1.119153132,0.008280991,0.021351983,0.022901572,-0.746677025,0.699984344,1.023476752,-0.832867290,0.454865857,0.948984126,-0.074239291,-0.006266428,0.074503292
58.080000000,1.816569053,2.491800114,2.873757704,2.174194114,2.948179221,2.091533135,2.948179221,2.091533135,1.806133140,2.510785323,2.873757704,2.174194114,2.044598826,2.857612964,1.986467491,2.607107424,2.842797409,2.114162615,-1.131610168,0.400266979,1.200314637,-0.074421517,0.082660979,0.111226794,-1.142046081,0.419252188,1.216569623,-0.074421517,0.082660979,0.111226794,-0.903580395,0.766079829,1.184624765,-0.961711730,0.515574288,1.091194895,-0.105381813,0.022629480,0.107784135
58.200000000,1.744661140,2.603468063,2.848216153,2.168482905,3.025508589,2.344123822,3.025508589,2.344123822,1.746054940,2.603787456,2.848216153,2.168482905,2.044598826,2.857612964,1.986467491,2.607107424,2.840810740,2.152650395,-1.280847450,0.259344241,1.306839556,-0.177292436,-0.175640917,0.249564300,-1.279453649,0.259663634,1.305536994,-0.177292436,-0.175640917,0.249564300,-0.980909763,0.513489142,1.107183392,-1.039041098,0.262983602,1.071805383,-0.184697850,-0.191473427,0.266036405
58.280000000,1.696711243,2.677923244,2.823515634,2.292942119,3.106359850,2.329836712,3.106359850,2.329836712,1.697993651,2.678211763,2.823515634,2.292942119,1.984077162,2.926278904,1.930583939,2.674706539,2.810891929,2.263480852,-1.409648607,0.348086532,1.451989473,-0.282844216,-0.036894593,0.285240357,-1.408366198,0.348375051,1.450813746,-0.282844216,-0.036894593,0.285240357,-1.122282687,0.596442192,1.270929470,-1.175775910,0.344869827,1.225309834,-0.295467920,-0.066355860,0.302827330
58.380000000,1.636726072,2.770950155,2.778644755,2.333826311,2.999619873,2.576115653,2.999619873,2.576115653,1.625819015,2.789756931,2.778644755,2.333826311,1.861374726,3.044230993,1.810201692,2.830550663,2.789873384,2.310972412,-1.362893801,0.194834502,1.376749795,-0.220975118,-0.242289342,0.327923967,-1.373800858,0.213641278,1.390313415,-0.220975118,-0.242289342,0.327923967,-1.138245147,0.468115340,1.230745297,-1.189418181,0.254435010,1.216327580,-0.209746489,-0.265143241,0.338074737
58.480000000,1.576685779,2.863945949,2.758381990,2.420790736,3.025391755,2.481798043,3.025391755,2.481798043,1.577685033,2.864119908,2.758381990,2.420790736,1.795602664,3.101441950,1.810201692,2.830550663,2.793137715,2.432189546,-1.448705975,0.382147905,1.498261000,-0.267009764,-0.061007308,0.273890682,-1.447706722,0.382321865,1.497339227,-0.267009764,-0.061007308,0.273890682,-1.229789090,0.619643907,1.377076533,-1.215190062,0.348752620,1.264244943,-0.232254040,-0.049608498,0.237493036
58.600000000,1.503122134,2.974542081,2.701936183,2.479363661,3.057682603,2.703477083,3.057682603,2.703477083,1.517545613,2.957084655,2.701936183,2.479363661,1.795602664,3.101441950,1.686144222,2.982693950,2.701062964,2.479662105,-1.554560469,0.271064998,1.578015996,-0.355746420,-0.224113422,0.420454922,-1.540136990,0.253607572,1.560877557,-0.355746420,-0.224113422,0.420454922,-1.262079939,0.397964867,1.323337375,-1.371538381,0.279216867,1.399671243,-0.356619639,-0.223814978,0.421035285
58.700000000,1.427859575,3.055853385,2.665544488,2.545822358,2.912269018,2.650257998,2.912269018,2.650257998,1.428104238,3.054730277,2.665544488,2.545822358,1.730308563,3.159578613,1.616715349,3.067060347,2.680531249,2.560396970,-1.484409443,0.405595388,1.538823906,-0.246724529,-0.104435640,0.267917517,-1.484164779,0.404472279,1.538292208,-0.246724529,-0.104435640,0.267917517,-1.181960454,0.509320615,1.287026808,-1.295553669,0.416802350,1.360949487,-0.231737769,-0.089861027,0.248550594
58.780000000,1.356260571,3.108082822,2.554615485,2.788790260,2.890237933,2.958950799,2.890237933,2.958950799,1.354585588,3.103931191,2.554615485,2.788790260,1.664983783,3.215058775,1.616715349,3.067060347,2.636378291,2.657324793,-1.533977362,0.149132023,1.541209560,-0.335622447,-0.170160539,0.376293817,-1.535652345,0.144980392,1.542480936,-0.335622447,-0.170160539,0.376293817,-1.225254150,0.256107977,1.251734407,-1.273522584,0.108109548,1.278103066,-0.253859641,-0.301626006,0.394237194
58.880000000,1.254251284,3.152027836,2.466845059,2.918517134,3.142458796,2.835448676,3.142458796,2.835448676,1.230192654,3.149339930,2.466845059,2.918517134,1.501030380,3.281256770,1.471537819,3.181763625,2.466774902,2.918529109,-1.888207512,0.316579160,1.914562606,-0.675613737,0.083068458,0.680701322,-1.912266142,0.313891255,1.937856939,-0.675613737,0.083068458,0.680701322,-1.641428416,0.445808095,1.700891561,-1.670920977,0.346314949,1.706432230,-0.675683894,0.083080433,0.680772416
59.000000000,1.121302076,3.169254445,2.289068342,3.023317659,3.001683909,2.993335212,3.001683909,2.993335212,1.120154950,3.158967371,2.289068342,3.023317659,1.501030380,3.281256770,1.471537819,3.181763625,2.345655317,2.973652467,-1.880381833,0.175919233,1.888592972,-0.712615568,0.029982447,0.713246026,-1.881528960,0.165632159,1.888805241,-0.712615568,0.029982447,0.713246026,-1.500653529,0.287921558,1.528024816,-1.530146090,0.188428412,1.541704357,-0.656028593,-0.019682745,0.656323796
59.080000000,1.031909819,3.158437259,2.156353272,3.077565896,2.846070008,3.090364143,2.846070008,3.090364143,1.032413572,3.147688230,2.156353272,3.077565896,1.323820013,3.287004281,1.258691119,3.229308114,2.105326296,3.082086049,-1.814160190,0.068073116,1.815436902,-0.689716737,-0.012798246,0.689835467,-1.813656436,0.057324087,1.814562129,-0.689716737,-0.012798246,0.689835467,-1.522249995,0.196640138,1.534898170,-1.587378889,0.138943972,1.593448200,-0.740743713,-0.008278093,0.740789967
59.180000000,0.925694805,3.120647397,1.934010845,3.137572141,2.587619328,3.346666591,2.587619328,3.346666591,0.928396670,3.110482895,1.934010845,3.137572141,1.323820013,3.287004281,1.258691119,3.229308114,2.017177595,3.121060586,-1.661924523,-0.226019193,1.677223240,-0.653608483,-0.209094450,0.686239418,-1.659222659,-0.236183696,1.675948260,-0.653608483,-0.209094450,0.686239418,-1.263799315,-0.059662310,1.265206821,-1.328928209,-0.117358476,1.334100145,-0.570441733,-0.225606005,0.613434463
59.280000000,0.831620957,3.058346589,1.776321239,3.151032664,2.545344079,3.263411580,2.545344079,3.263411580,0.836160156,3.049703386,1.776321239,3.151032664,1.218345720,3.258087371,1.124757409,3.203825839,1.759374478,3.153108923,-1.713723121,-0.205064991,1.725948605,-0.769022840,-0.112378916,0.777190549,-1.709183923,-0.213708194,1.722492634,-0.769022840,-0.112378916,0.777190549,-1.326998358,-0.005324209,1.327009039,-1.420586670,-0.059585741,1.421835766,-0.785969601,-0.110302657,0.793671777
59.400000000,0.742430444,2.956784878,1.544150466,3.124794995,2.596541661,3.247809555,2.596541661,3.247809555,0.748351749,2.950570959,1.544150466,3.124794995,1.152961205,3.228606939,1.072020263,3.189367384,1.566913746,3.148552173,-1.854111216,-0.291024677,1.876812128,-1.052391194,-0.123014560,1.059556420,-1.848189912,-0.297238596,1.871939297,-1.052391194,-0.123014560,1.059556420,-1.443580455,-0.019202616,1.443708167,-1.524521398,-0.058442171,1.525641170,-1.029627914,-0.099257382,1.034401117
59.480000000,0.700771949,2.876849964,1.255018414,3.190952958,2.544938853,3.101839197,2.544938853,3.101839197,0.707080461,2.872341181,1.255018414,3.190952958,1.065479723,3.169219507,0.992291081,3.143476764,1.165894140,3.150237878,-1.844166904,-0.224989233,1.857840608,-1.289920439,0.089113761,1.292994974,-1.837858393,-0.229498016,1.852131964,-1.289920439,0.089113761,1.292994974,-1.479459130,0.067380311,1.480992716,-1.552647772,0.041637567,1.553205972,-1.379044713,0.048398682,1.379893747
59.580000000,0.667521858,2.769762207,1.105975974,3.114161012,2.221141691,3.045264899,2.221141691,3.045264899,0.674511435,2.766591228,1.105975974,3.114161012,0.962429615,3.045384082,0.903955084,3.063002193,1.073517629,3.104428258,-1.553619833,-0.275502692,1.577858143,-1.115165717,0.068896113,1.117291928,-1.546630256,-0.278673671,1.571535607,-1.115165717,0.068896113,1.117291928,-1.258712077,0.000119183,1.258712082,-1.317186608,0.017737293,1.317306028,-1.147624062,0.059163359,1.149148072
59.700000000,0.636602513,2.639569017,1.019144248,3.034648551,2.420289378,3.071346111,2.420289378,3.071346111,0.644954986,2.659899778,1.019144248,3.034648551,0.962429615,3.045384082,0.831600782,2.961117023,0.972059539,3.005790376,-1.783686866,-0.431777094,1.835203066,-1.401145130,-0.036697560,1.401625623,-1.775334392,-0.411446333,1.822388622,-1.401145130,-0.036697560,1.401625623,-1.457859764,-0.025962029,1.458090915,-1.588688597,-0.110229088,1.592508056,-1.448229839,-0.065555735,1.449712807
59.780000000,0.616814916,2.552916119,1.059646823,2.984503388,2.224356885,3.092299129,2.224356885,3.092299129,0.615416868,2.553196874,1.059646823,2.984503388,0.846580713,2.889459068,0.764059324,2.794509287,0.939683952,2.891183472,-1.607541969,-0.539383009,1.695619419,-1.164710062,-0.107795740,1.169687758,-1.608940016,-0.539102255,1.696855686,-1.164710062,-0.107795740,1.169687758,-1.377776172,-0.202840061,1.392627470,-1.460297561,-0.297789841,1.490351555,-1.284672933,-0.201115656,1.300319981
59.880000000,0.590869308,2.445178567,1.063714323,2.923495869,2.277338622,3.066893380,2.277338622,3.066893380,0.585933086,2.446476213,1.063714323,2.923495869,0.846580713,2.889459068,0.764059324,2.794509287,0.897891136,2.822487227,-1.686469314,-0.621714813,1.797417051,-1.213624299,-0.143397512,1.222066604,-1.691405536,-0.620417168,1.801602106,-1.213624299,-0.143397512,1.222066604,-1.430757909,-0.177434312,1.441718117,-1.513279298,-0.272384093,1.537597909,-1.379447486,-0.244406153,1.400931738
60.000000000,0.557724475,2.316531139,1.001978354,2.839495202,1.986213663,2.984177199,1.986213663,2.984177199,0.556456533,2.339735189,1.001978354,2.839495202,0.793511831,2.814325092,0.692190569,2.629751830,0.861478870,2.733722514,-1.428489188,-0.667646060,1.576810903,-0.984235309,-0.144681998,0.994812557,-1.429757130,-0.644442011,1.568282805,-0.984235309,-0.144681998,0.994812557,-1.192701832,-0.169852107,1.204735406,-1.294023094,-0.354425370,1.341682939,-1.124734793,-0.250454686,1.152282910
60.100000000,0.528840354,2.209656364,0.987452977,2.771197060,2.064389355,3.054975985,2.064389355,3.054975985,0.521078987,2.211655448,0.987452977,2.771197060,0.745049070,2.737746073,0.692190569,2.629751830,0.823511300,2.618725892,-1.535549001,-0.845319621,1.752847967,-1.076936378,-0.283778925,1.113697644,-1.543310367,-0.843320537,1.758691678,-1.076936378,-0.283778925,1.113697644,-1.319340285,-0.317229913,1.356942742,-1.372198785,-0.425224155,1.436574081,-1.240878055,-0.436250093,1.315329803
60.200000000,0.490508959,2.105074423,0.927419711,2.705070181,1.923042213,3.213026875,1.923042213,3.213026875,0.482596698,2.108028858,0.927419711,2.705070181,0.639795036,2.583812559,0.608990548,2.429727953,0.785885190,2.534816438,-1.432533255,-1.107952452,1.810997008,-0.995622503,-0.507956695,1.117713815,-1.440445516,-1.104998017,1.815462449,-0.995622503,-0.507956695,1.117713815,-1.283247178,-0.629214316,1.429207464,-1.314051666,-0.783298922,1.529800308,-1.137157023,-0.678210437,1.324045125
60.300000000,0.447583306,2.002950937,1.007942951,2.656731228,1.754927026,3.046552003,1.754927026,3.046552003,0.438218652,2.006591686,1.007942951,2.656731228,0.639795036,2.583812559,0.584317695,2.396734462,0.811828289,2.455600884,-1.307343720,-1.043601066,1.672797294,-0.746984076,-0.389820775,0.842582605,-1.316708374,-1.039960317,1.677867219,-0.746984076,-0.389820775,0.842582605,-1.115131991,-0.462739444,1.207330588,-1.170609331,-0.649817541,1.338876037,-0.943098737,-0.590951119,1.112950337
60.400000000,0.401998849,1.901865096,0.958309978,2.584981703,1.832453305,3.200474295,1.832453305,3.200474295,0.393842882,1.905151640,0.958309978,2.584981703,0.585408188,2.513229641,0.543689171,2.293381748,0.750926087,2.376719967,-1.430454456,-1.298609199,1.931990115,-0.874143327,-0.615492592,1.069091992,-1.438610423,-1.295322655,1.935835926,-0.874143327,-0.615492592,1.069091992,-1.247045117,-0.687244654,1.423877361,-1.288764134,-0.907092547,1.575985369,-1.081527218,-0.823754327,1.359511793
60.500000000,0.355940538,1.801016025,0.929471155,2.516281590,1.560273016,3.247402754,1.560273016,3.247402754,0.349433103,1.803729472,0.929471155,2.516281590,0.478746497,2.373677230,0.465673235,2.171521667,0.720590780,2.287927176,-1.204332478,-1.446386729,1.882140082,-0.630801861,-0.731121164,0.965634063,-1.210839913,-1.443673281,1.884230834,-0.630801861,-0.731121164,0.965634063,-1.081526518,-0.873725523,1.390358191,-1.094599781,-1.075881087,1.534818814,-0.839682236,-0.959475578,1.275013585
60.600000000,0.310045947,1.700146592,0.888910307,2.445883694,1.571667168,3.092932469,1.571667168,3.092932469,0.304989889,1.702307335,0.888910307,2.445883694,0.478746497,2.373677230,0.440372673,2.137771163,0.674148993,2.218210468,-1.261621221,-1.392785877,1.879239368,-0.682756861,-0.647048775,0.940653522,-1.266677279,-1.390625134,1.881039498,-0.682756861,-0.647048775,0.940653522,-1.092920671,-0.719255239,1.308359160,-1.131294495,-0.955161306,1.480594595,-0.897518175,-0.874722001,1.253266713
60.680000000,0.273522111,1.619399234,0.908183280,2.382764438,1.511055017,3.075107707,1.511055017,3.075107707,0.269400277,1.621201831,0.908183280,2.382764438,0.370557570,2.223524422,0.361840109,1.991544698,0.647813979,2.145737103,-1.237532905,-1.455708473,1.910647757,-0.602871737,-0.692343269,0.918037871,-1.241654740,-1.453905876,1.911948951,-0.602871737,-0.692343269,0.918037871,-1.140497447,-0.851583286,1.423351158,-1.149214908,-1.083563010,1.579494761,-0.863241038,-0.929370605,1.268430057
60.800000000,0.219065795,1.498159881,0.833662155,2.319726415,1.223736875,3.037624135,1.223736875,3.037624135,0.216004947,1.499525812,0.833662155,2.319726415,0.313847446,2.151117006,0.322039841,1.921461828,0.610922544,2.082667197,-1.004671080,-1.539464255,1.838291100,-0.390074720,-0.717897721,0.817028411,-1.007731927,-1.538098323,1.838823017,-0.390074720,-0.717897721,0.817028411,-0.909889429,-0.886507129,1.270351787,-0.901697034,-1.116162307,1.434878335,-0.612814331,-0.954956938,1.134673591
60.880000000,0.182948511,1.417261706,0.803542855,2.263342831,1.316679574,3.130611979,1.316679574,3.130611979,0.180430411,1.418403767,0.803542855,2.263342831,0.313847446,2.151117006,0.322039841,1.921461828,0.607400947,2.001528106,-1.133731063,-1.713350272,2.054486622,-0.513136719,-0.867269148,1.007702866,-1.136249163,-1.712208211,2.054925575,-0.513136719,-0.867269148,1.007702866,-1.002832128,-0.979494973,1.401814067,-0.994639733,-1.209150151,1.565679497,-0.709278627,-1.129083873,1.333381627
60.980000000,0.138011446,1.316062627,0.737302228,2.176142565,1.187767952,2.870808872,1.187767952,2.870808872,0.136020286,1.316990185,0.737302228,2.176142565,0.258742249,2.079028397,0.220845380,1.748145051,0.573260100,1.941718472,-1.049756507,-1.554746245,1.875959650,-0.450465724,-0.694666307,0.827937586,-1.051747667,-1.553818687,1.876306389,-0.450465724,-0.694666307,0.827937586,-0.929025703,-0.791780475,1.220657641,-0.966922572,-1.122663820,1.481658973,-0.614507852,-0.929090400,1.113924985
61.080000000,0.093234077,1.214798222,0.725784987,2.115711882,1.051091300,3.130110676,1.051091300,3.130110676,0.091638475,1.215557576,0.725784987,2.115711882,0.205641863,2.004123207,0.220845380,1.748145051,0.563075536,1.887116829,-0.957857223,-1.915312454,2.141474318,-0.325306313,-1.014398793,1.065283582,-0.959452825,-1.914553100,2.141509584,-0.325306313,-1.014398793,1.065283582,-0.845449437,-1.125987469,1.408059846,-0.830245920,-1.381965624,1.612184007,-0.488015764,-1.242993847,1.335362531
61.180000000,0.048551736,1.113486604,0.699823550,2.042890978,1.132156929,2.996998662,1.132156929,2.996998662,0.047216585,1.114123365,0.699823550,2.042890978,0.151417634,1.934171138,0.171826655,1.660092917,0.599186124,1.833334282,-1.083605193,-1.883512058,2.172974433,-0.432333379,-0.954107684,1.047489199,-1.084940344,-1.882875297,2.173088800,-0.432333379,-0.954107684,1.047489199,-0.980739296,-1.062827524,1.446185296,-0.960330275,-1.336905745,1.646071446,-0.532970805,-1.163664379,1.279911195
61.280000000,0.003950331,1.012147681,0.658046265,1.983143577,1.026256618,3.223673439,1.026256618,3.223673439,0.002835094,1.012689363,0.658046265,1.983143577,0.096472931,1.859057008,0.094853504,1.536927615,0.579617613,1.767045649,-1.022306288,-2.211525759,2.436381811,-0.368210353,-1.240529862,1.294022103,-1.023421524,-2.210984076,2.436358389,-0.368210353,-1.240529862,1.294022103,-0.929783687,-1.364616431,1.651264882,-0.931403114,-1.686745824,1.926816867,-0.446639006,-1.456627790,1.523565201
61.380000000,-0.040597355,0.910781277,0.659387806,1.904655152,0.811363237,3.063346804,0.811363237,3.063346804,-0.041562689,0.911249794,0.659387806,1.904655152,0.041696187,1.784766760,0.072512333,1.486271806,0.617548112,1.835292380,-0.851960592,-2.152565527,2.315032440,-0.151975431,-1.158691652,1.168615795,-0.852925926,-2.152097010,2.314952305,-0.151975431,-1.158691652,1.168615795,-0.769667050,-1.278580044,1.492365336,-0.738850903,-1.577074998,1.741570041,-0.193815125,-1.228054424,1.243254588
61.480000000,-0.085121406,0.809415784,0.633299996,1.846091399,0.826802679,3.057798810,0.826802679,3.057798810,-0.085965935,0.809831195,0.633299996,1.846091399,-0.067991988,1.639012039,-0.026408559,1.311901508,0.617262136,1.833595957,-0.911924085,-2.248383026,2.426279408,-0.193502683,-1.211707411,1.227060772,-0.912768614,-2.247967615,2.426212056,-0.193502683,-1.211707411,1.227060772,-0.894794667,-1.418786771,1.677382902,-0.853211238,-1.745897303,1.943225877,-0.209540542,-1.224202854,1.242006387
61.580000000,-0.129667734,0.708050965,0.604080901,1.764896576,0.670922362,3.056668270,0.670922362,3.056668270,-0.139346585,0.688161731,0.604080901,1.764896576,-0.067991988,1.639012039,-0.026408559,1.311901508,0.562461488,1.786139468,-0.800590096,-2.348617305,2.481319759,-0.066841460,-1.291771694,1.293499861,-0.810268946,-2.368506539,2.503269660,-0.066841460,-1.291771694,1.293499861,-0.738914350,-1.417656231,1.598669323,-0.697330921,-1.744766762,1.878957548,-0.108460873,-1.270528802,1.275149872
61.680000000,-0.174277185,0.606716985,0.549457832,1.713548013,0.588194724,3.129986758,0.588194724,3.129986758,-0.182933998,0.586396163,0.549457832,1.713548013,-0.123000692,1.566535575,-0.126334213,1.137293270,0.572307260,1.732171364,-0.762471908,-2.523269773,2.635954051,-0.038736891,-1.416438745,1.416968336,-0.771128721,-2.543590595,2.657911326,-0.038736891,-1.416438745,1.416968336,-0.711195416,-1.563451183,1.717608373,-0.714528937,-1.992693488,2.116926767,-0.015887464,-1.397815394,1.397905679
61.780000000,-0.204486586,0.500027597,0.490093251,1.620792587,0.588149962,2.990420817,0.588149962,2.990420817,-0.204534098,0.500613549,0.490093251,1.620792587,-0.186037304,1.475800075,-0.126334213,1.137293270,0.547153537,1.670034292,-0.792636548,-2.490393220,2.613490212,-0.098056711,-1.369628230,1.373133863,-0.792684060,-2.489807268,2.612946278,-0.098056711,-1.369628230,1.373133863,-0.774187266,-1.514620742,1.701012027,-0.714484175,-1.853127547,1.986093991,-0.040996426,-1.320386525,1.321022817
61.880000000,-0.212387397,0.389615838,0.381428860,1.513016872,0.399706952,3.047698324,0.399706952,3.047698324,-0.207963168,0.390208471,0.381428860,1.513016872,-0.220705044,1.413685217,-0.212595815,0.956856407,0.437894658,1.580110779,-0.612094349,-2.658082485,2.727647703,-0.018278092,-1.534681451,1.534790294,-0.607670120,-2.657489852,2.726080573,-0.018278092,-1.534681451,1.534790294,-0.620411996,-1.634013107,1.747830048,-0.612302767,-2.090841917,2.178654309,0.038187706,-1.467587544,1.468084296
62.000000000,-0.185848396,0.259048997,0.278061796,1.367568949,0.268641198,2.809530655,0.268641198,2.809530655,-0.177461476,0.261352517,0.278061796,1.367568949,-0.273762071,1.231446331,-0.233399619,0.860789927,0.333738431,1.446731549,-0.454489594,-2.550481659,2.590659662,0.009420598,-1.441961707,1.441992479,-0.446102674,-2.548178138,2.586932435,0.009420598,-1.441961707,1.441992479,-0.542403269,-1.578084325,1.668697529,-0.502040817,-1.948740728,2.012370594,0.065097233,-1.362799106,1.364352980
62.080000000,-0.146587634,0.178520364,0.234704076,1.237751654,0.183582085,2.825053042,0.183582085,2.825053042,-0.137209430,0.182591587,0.234704076,1.237751654,-0.273762071,1.231446331,-0.233399619,0.860789927,0.264814857,1.306381918,-0.330169719,-2.646532678,2.667048417,0.051121991,-1.587301388,1.588124414,-0.320791515,-2.642461456,2.661862082,0.051121991,-1.587301388,1.588124414,-0.457344156,-1.593606712,1.657934266,-0.416981704,-1.964263115,2.008034693,0.081232772,-1.518671124,1.520842118
62.180000000,-0.076024657,0.090998947,0.192551639,1.072651258,0.229903253,2.909662801,0.229903253,2.909662801,-0.067092470,0.097207683,0.192551639,1.072651258,-0.259816868,1.045994125,-0.210174852,0.704983347,0.256999584,1.127242313,-0.305927910,-2.818663854,2.835217419,-0.037351614,-1.837011544,1.837391236,-0.296995723,-2.812455118,2.828093042,-0.037351614,-1.837011544,1.837391236,-0.489720121,-1.863668676,1.926937138,-0.440078106,-2.204679454,2.248172643,0.027096331,-1.782420489,1.782626436
62.300000000,0.033860949,0.012248907,0.232249323,0.922304751,-0.005764041,2.609751463,-0.005764041,2.609751463,0.040662321,0.020253168,0.232249323,0.922304751,-0.217089167,0.938876729,-0.167920762,0.568496536,0.212067894,0.967855878,0.039624990,-2.597502556,2.597804779,0.238013363,-1.687446712,1.704149866,0.046426361,-2.589498296,2.589914444,0.238013363,-1.687446712,1.704149866,-0.211325126,-1.670874734,1.684185466,-0.162156721,-2.041254927,2.047685640,0.217831935,-1.641895585,1.656282543
62.380000000,0.116964847,-0.022681163,0.233885282,0.774199057,-0.013715401,2.717747804,-0.013715401,2.717747804,0.122454687,-0.013587859,0.233885282,0.774199057,-0.217089167,0.938876729,-0.167920762,0.568496536,0.219310142,0.718678160,0.130680249,-2.740428967,2.743543010,0.247600683,-1.943548748,1.959256959,0.136170088,-2.731335663,2.734727920,0.247600683,-1.943548748,1.959256959,-0.203373765,-1.778871075,1.790458933,-0.154205361,-2.149251268,2.154776162,0.233025543,-1.999069645,2.012605363
62.480000000,0.224158941,-0.055257767,0.266796976,0.722771130,-0.031864650,2.525147770,-0.031864650,2.525147770,0.227214290,-0.049195010,0.266796976,0.722771130,-0.172473868,0.869590616,-0.091614109,0.475562818,0.238409100,0.675197278,0.256023592,-2.580405537,2.593075551,0.298661626,-1.802376640,1.826953836,0.259078941,-2.574342780,2.587346642,0.298661626,-1.802376640,1.826953836,-0.140609217,-1.655557154,1.661517512,-0.059749458,-2.049584952,2.050455674,0.270273750,-1.849950492,1.869589453
62.580000000,0.335526795,-0.068058341,0.358426693,0.593984382,0.082827406,2.549504809,0.082827406,2.549504809,0.336870661,-0.063125062,0.358426693,0.593984382,-0.119618724,0.788197312,-0.001326938,0.382758075,0.300871563,0.611587971,0.252699388,-2.617563151,2.629732654,0.275599286,-1.955520428,1.974845591,0.254043255,-2.612629871,2.624951965,0.275599286,-1.955520428,1.974845591,-0.202446130,-1.761307497,1.772903983,-0.084154345,-2.166746734,2.168380355,0.218044156,-1.937916838,1.950144848
62.680000000,0.446855277,-0.069746232,0.361639664,0.547900649,-0.036612993,2.243644342,-0.036612993,2.243644342,0.469517210,-0.065914076,0.361639664,0.547900649,0.017451969,0.657037526,0.140248946,0.326783145,0.350412633,0.513301885,0.483468271,-2.313390574,2.363369950,0.398252657,-1.695743693,1.741881699,0.506130203,-2.309558418,2.364366272,0.398252657,-1.695743693,1.741881699,0.054064962,-1.586606817,1.587527704,0.176861940,-1.916861197,1.925003116,0.387025626,-1.730342458,1.773097250
62.780000000,0.556973921,-0.054068620,0.463232783,0.473595273,-0.010263869,2.410431140,-0.010263869,2.410431140,0.556959720,-0.051936074,0.463232783,0.473595273,0.017451969,0.657037526,0.232153623,0.293645647,0.408264573,0.475765520,0.567237790,-2.464499761,2.528936096,0.473496652,-1.936835867,1.993873681,0.567223589,-2.462367214,2.526854744,0.473496652,-1.936835867,1.993873681,0.027715838,-1.753393615,1.753612653,0.242417492,-2.116785493,2.130621286,0.418528441,-1.934665620,1.979418378
62.880000000,0.665951900,-0.033378731,0.474504735,0.496794935,0.078624149,2.126144828,0.078624149,2.126144828,0.666067462,-0.033132051,0.474504735,0.496794935,0.175286062,0.548651212,0.324168142,0.276149591,0.485337825,0.424433912,0.587327751,-2.159523560,2.237966910,0.395880586,-1.629349894,1.676753564,0.587443313,-2.159276879,2.237759211,0.395880586,-1.629349894,1.676753564,0.096661913,-1.577493616,1.580452351,0.245543993,-1.849995237,1.866219234,0.406713677,-1.701710917,1.749638837
62.980000000,0.774571151,-0.011396275,0.524795553,0.462054764,0.062085456,2.209153923,0.062085456,2.209153923,0.775168555,-0.014257159,0.524795553,0.462054764,0.259162326,0.493706506,0.324168142,0.276149591,0.525761667,0.407188618,0.712485695,-2.220550198,2.332054684,0.462710097,-1.747099159,1.807333977,0.713083099,-2.223411082,2.334961316,0.462710097,-1.747099159,1.807333977,0.197076870,-1.715447417,1.726730765,0.262082686,-1.933004332,1.950690412,0.463676211,-1.801965306,1.860665094
63.100000000,0.906569438,0.005668421,0.584662026,0.566666120,0.019291462,2.207649099,0.019291462,2.207649099,0.907295030,-0.001052933,0.584662026,0.566666120,0.259162326,0.493706506,0.516866739,0.241155116,0.603841965,0.453690702,0.887277977,-2.201980678,2.374022138,0.565370564,-1.640982979,1.735646569,0.888003569,-2.208702032,2.380528304,0.565370564,-1.640982979,1.735646569,0.239870865,-1.713942593,1.730646481,0.497575277,-1.966493983,2.028467338,0.584550503,-1.753958397,1.848802139
63.200000000,1.016782897,0.015668018,0.624672309,0.542211709,0.019931495,1.895590969,0.019931495,1.895590969,1.017695749,0.007367168,0.624672309,0.542211709,0.410658271,0.381970581,0.620655919,0.222596319,0.651753703,0.490666877,0.996851402,-1.879922951,2.127868187,0.604740813,-1.353379260,1.482345058,0.997764254,-1.888223801,2.135631670,0.604740813,-1.353379260,1.482345058,0.390726776,-1.513620388,1.563238335,0.600724424,-1.672994650,1.777577265,0.631822207,-1.404924092,1.540458051
63.300000000,1.127238066,0.023823219,0.659840443,0.516821065,0.215266552,1.783316505,0.215266552,1.783316505,1.106016213,0.014153920,0.659840443,0.516821065,0.410658271,0.381970581,0.620655919,0.222596319,0.714480055,0.436872084,0.911971513,-1.759493286,1.981794304,0.444573891,-1.266495440,1.342258039,0.890749660,-1.769162585,1.980750164,0.444573891,-1.266495440,1.342258039,0.195391719,-1.401345924,1.414902231,0.405389367,-1.560720186,1.612509857,0.499213503,-1.346444421,1.436010689
63.400000000,1.237751285,0.031441672,0.775364847,0.443775343,0.054205761,1.798414800,0.054205761,1.798414800,1.238483037,0.024382945,0.775364847,0.443775343,0.565329204,0.269987830,0.808550919,0.173106176,0.773566417,0.424060549,1.183545524,-1.766973128,2.126728484,0.721159086,-1.354639457,1.534639530,1.184277276,-1.774031855,2.133002975,0.721159086,-1.354639457,1.534639530,0.511123443,-1.528426971,1.611625322,0.754345158,-1.625308624,1.791832788,0.719360655,-1.374354252,1.551234786
63.480000000,1.326167775,0.037481662,0.773393723,0.423868676,0.234884647,1.752001285,0.234884647,1.752001285,1.326794997,0.031244046,0.773393723,0.423868676,0.565329204,0.269987830,0.808550919,0.173106176,0.800046656,0.421765310,1.091283128,-1.714519623,2.032357351,0.538509076,-1.328132609,1.433153254,1.091910350,-1.720757239,2.037958216,0.538509076,-1.328132609,1.433153254,0.330444557,-1.482013455,1.518406232,0.573666272,-1.578895108,1.679881768,0.565162009,-1.330235975,1.445315137
63.580000000,1.436671802,0.045105984,0.853621536,0.455220418,-0.067761330,1.564729017,-0.067761330,1.564729017,1.437180260,0.039824135,0.853621536,0.455220418,0.643749987,0.214367180,0.901540245,0.150714751,0.864313237,0.445768776,1.504433132,-1.519623032,2.138357596,0.921382866,-1.109508599,1.442205158,1.504941590,-1.524904882,2.142471490,0.921382866,-1.109508599,1.442205158,0.711511317,-1.350361836,1.526343815,0.969301574,-1.414014266,1.714345906,0.932074566,-1.118960241,1.456308696
63.700000000,1.569250063,0.054448214,0.889371949,0.501176955,0.164565276,1.478273939,0.164565276,1.478273939,1.569644652,0.050174634,0.889371949,0.501176955,0.721962234,0.156337692,1.024065004,0.096909677,0.859437534,0.505993019,1.404684787,-1.423825725,2.000104759,0.724806672,-0.977096984,1.216578492,1.405079376,-1.428099305,2.003425985,0.724806672,-0.977096984,1.216578492,0.557396957,-1.321936247,1.434645186,0.859499728,-1.381364262,1.626931777,0.694872258,-0.972280920,1.195063865
63.780000000,1.657622872,0.060799325,0.953937877,0.411070548,-0.037246232,1.416337026,-0.037246232,1.416337026,1.657957825,0.057106807,0.953937877,0.411070548,0.798898728,0.103190685,1.117785265,0.074148335,0.945225201,0.397592879,1.694869104,-1.355537701,2.170268126,0.991184108,-1.005266478,1.411738867,1.695204056,-1.359230219,2.172837679,0.991184108,-1.005266478,1.411738867,0.836144960,-1.313146341,1.556756791,1.155031497,-1.342188691,1.770753580,0.982471433,-1.018744146,1.415305533
63.900000000,1.790157097,0.070470970,0.995167001,0.463475462,-0.015946049,1.238933377,-0.015946049,1.238933377,1.790420436,0.067469376,0.995167001,0.463475462,0.880438888,0.048674712,1.269030880,0.054737019,0.996371625,0.462743227,1.806103146,-1.168462407,2.151119004,1.011113051,-0.775457915,1.274238824,1.806366485,-1.171464002,2.152971850,1.011113051,-0.775457915,1.274238824,0.896384937,-1.190258665,1.490040820,1.284976929,-1.184196359,1.747422881,1.012317674,-0.776190150,1.275640318
63.980000000,1.878502300,0.076992671,1.042117401,0.455307711,-0.032342664,1.232895301,-0.032342664,1.232895301,1.878729828,0.074362870,1.042117401,0.455307711,1.036475002,-0.057922300,1.269030880,0.054737019,1.047446883,0.453970429,1.910844964,-1.155902630,2.233257569,1.074460065,-0.777587590,1.326313271,1.911072492,-1.158532432,2.234814414,1.074460065,-0.777587590,1.326313271,1.068817666,-1.290817601,1.675882240,1.301373544,-1.178158283,1.755457217,1.079789547,-0.778924873,1.331416322
64.080000000,1.988927630,0.085191496,1.140354809,0.388836749,0.125904232,1.168777434,0.125904232,1.168777434,1.989110670,0.082954094,1.140354809,0.388836749,1.116953890,-0.113555519,1.457488651,0.009535186,1.073137967,0.421536384,1.863023398,-1.083585937,2.155229609,1.014450577,-0.779940684,1.279616132,1.863206439,-1.085823340,2.156513519,1.014450577,-0.779940684,1.279616132,0.991049658,-1.282332952,1.620665674,1.331584419,-1.159242248,1.765491335,0.947233736,-0.747241050,1.206491167
64.180000000,2.099341454,0.093488774,1.153053597,0.423890258,-0.036486117,1.328913903,-0.036486117,1.328913903,2.099489613,0.091616323,1.153053597,0.423890258,1.116953890,-0.113555519,1.457488651,0.009535186,1.140546942,0.388767998,2.135827571,-1.235425129,2.467394306,1.189539714,-0.905023645,1.494681414,2.135975730,-1.237297581,2.468460578,1.189539714,-0.905023645,1.494681414,1.153440007,-1.442469422,1.846927688,1.493974768,-1.319378718,1.993168535,1.177033060,-0.940145905,1.506413338
64.300000000,2.231838890,0.103545120,1.209145270,0.419974752,0.132426642,0.891084308,0.132426642,0.891084308,2.231963196,0.102003384,1.209145270,0.419974752,1.183213564,-0.158443989,1.552940760,-0.014182011,1.172648054,0.415843443,2.099412248,-0.787539189,2.242264427,1.076718627,-0.471109556,1.175273252,2.099536554,-0.789080925,2.242922747,1.076718627,-0.471109556,1.175273252,1.050786922,-1.049528297,1.485147400,1.420514118,-0.905266319,1.684448713,1.040221411,-0.475240865,1.143640881
64.400000000,2.342236978,0.111979123,1.284435328,0.454152745,-0.002090168,0.794126387,-0.002090168,0.794126387,2.342340591,0.110646889,1.284435328,0.454152745,1.282779202,-0.227945249,1.757309046,-0.062200065,1.251944880,0.404066870,2.344327147,-0.682147263,2.441555787,1.286525497,-0.339973642,1.330687766,2.344430760,-0.683479498,2.442027807,1.286525497,-0.339973642,1.330687766,1.284869371,-1.022071635,1.641803803,1.759399214,-0.856326451,1.956727009,1.254035048,-0.390059516,1.313297502
64.500000000,2.452642485,0.120415655,1.347270426,0.436366224,0.242346590,0.842864221,0.242346590,0.842864221,2.452733270,0.119258658,1.347270426,0.436366224,1.362375839,-0.284336757,1.852306408,-0.086178817,1.311164529,0.423958520,2.210295895,-0.722448565,2.325368761,1.104923836,-0.406497996,1.177326337,2.210386679,-0.723605562,2.325814757,1.104923836,-0.406497996,1.177326337,1.120029248,-1.127200977,1.589039823,1.609959818,-0.929043037,1.858787664,1.068817939,-0.418905701,1.147978123
64.580000000,2.540961147,0.127194187,1.385065400,0.413904729,0.074473815,0.640616738,0.074473815,0.640616738,2.563109012,0.127900670,1.385065400,0.413904729,1.515661629,-0.389975631,1.946832891,-0.109243983,1.386526884,0.365526364,2.466487332,-0.513422551,2.519357552,1.310591585,-0.226712008,1.330055878,2.488635197,-0.512716068,2.540901988,1.310591585,-0.226712008,1.330055878,1.441187815,-1.030592368,1.771762667,1.872359076,-0.749860721,2.016933219,1.312053069,-0.275090373,1.340581206
64.700000000,2.672673675,0.144397667,1.444019252,0.408922151,0.036785987,0.622527036,0.036785987,0.622527036,2.672657142,0.142821340,1.444019252,0.408922151,1.515661629,-0.389975631,1.984152057,-0.134779988,1.429401913,0.393317131,2.635887688,-0.478129368,2.678901192,1.407233265,-0.213604885,1.423352560,2.635871155,-0.479705696,2.679166718,1.407233265,-0.213604885,1.423352560,1.478875642,-1.012502666,1.792270854,1.947366071,-0.757307023,2.089437374,1.392615926,-0.229209905,1.411352648
64.800000000,2.777410941,0.180252768,1.534742795,0.321689175,0.128551832,0.567106952,0.128551832,0.567106952,2.775843604,0.182257483,1.534742795,0.321689175,1.608434613,-0.449163509,2.140554144,-0.152382921,1.505667387,0.318692694,2.648859109,-0.386854185,2.676959234,1.406190963,-0.245417777,1.427446290,2.647291772,-0.384849469,2.675119220,1.406190963,-0.245417777,1.427446290,1.479882781,-1.016270461,1.795232212,2.012002312,-0.719489873,2.136777710,1.377115555,-0.248414258,1.399341594
64.880000000,2.853477622,0.225924156,1.618221652,0.274566441,0.146951555,0.508670241,0.146951555,0.508670241,2.849860466,0.230705708,1.618221652,0.274566441,1.678364785,-0.482450208,2.140554144,-0.152382921,1.607803427,0.307200910,2.706526067,-0.282746085,2.721254986,1.471270097,-0.234103800,1.489778604,2.702908911,-0.277964533,2.717164121,1.471270097,-0.234103800,1.489778604,1.531413230,-0.991120449,1.824156305,1.993602589,-0.661053162,2.100343440,1.460851872,-0.201469332,1.474678977
64.980000000,2.934737519,0.301761290,1.721593365,0.239597263,0.131411423,0.422443957,0.131411423,0.422443957,2.928089331,0.308814019,1.721593365,0.239597263,1.775041726,-0.509803832,2.276226333,-0.164775532,1.636420632,0.266203610,2.803326097,-0.120682667,2.805922577,1.590181942,-0.182846695,1.600659715,2.796677908,-0.113629938,2.798985367,1.590181942,-0.182846695,1.600659715,1.643630303,-0.932247789,1.889604856,2.144814911,-0.587219489,2.223748576,1.505009209,-0.156240347,1.513097408
65.080000000,3.003157800,0.389784808,1.804557998,0.281014610,0.278454198,0.349840347,0.278454198,0.349840347,2.996890139,0.395359325,1.804557998,0.281014610,1.872646412,-0.518446989,2.314259674,-0.141939838,1.802994532,0.248898330,2.724703602,0.039944461,2.724996381,1.526103800,-0.068825738,1.527654997,2.718435941,0.045518978,2.718817012,1.526103800,-0.068825738,1.527654997,1.594192214,-0.868287337,1.815315872,2.035805476,-0.491780185,2.094361881,1.524540334,-0.100942017,1.527878438
65.180000000,3.052661628,0.490328985,1.924685021,0.269292138,0.252016413,0.293643860,0.252016413,0.293643860,3.053707440,0.515221750,1.924685021,0.269292138,1.972735426,-0.515842769,2.403691966,-0.108342850,1.836578878,0.268884459,2.800645215,0.196685125,2.807543171,1.672668608,-0.024351722,1.672845862,2.801691026,0.221577890,2.810439355,1.672668608,-0.024351722,1.672845862,1.720719013,-0.809486629,1.901615767,2.151675552,-0.401986710,2.188904063,1.584562464,-0.024759401,1.584755890
65.300000000,3.091960550,0.618490833,1.967246490,0.314505524,0.392855988,0.304016634,0.392855988,0.304016634,3.081858081,0.599093071,1.967246490,0.314505524,2.073349294,-0.502295674,2.512698527,-0.012756892,1.918502963,0.316247959,2.699104562,0.314474199,2.717362592,1.574390503,0.010488890,1.574425442,2.689002093,0.295076437,2.705143686,1.574390503,0.010488890,1.574425442,1.680493306,-0.806312308,1.863919872,2.119842539,-0.316773527,2.143380008,1.525646975,0.012231325,1.525696004
65.400000000,3.098974261,0.730240151,2.092507142,0.349548778,0.416627839,-0.057897908,0.416627839,-0.057897908,3.093093285,0.731026526,2.092507142,0.349548778,2.170707915,-0.475986091,2.631334232,0.071252371,2.047199113,0.341242222,2.682346421,0.788138058,2.795736741,1.675879303,0.407446686,1.724698304,2.676465445,0.788924433,2.790317015,1.675879303,0.407446686,1.724698304,1.754080076,-0.418088183,1.803217857,2.214706393,0.129150279,2.218468887,1.630571273,0.399140129,1.678712459
65.480000000,3.096613688,0.819079150,2.206678362,0.394428194,0.623065715,0.283766047,0.623065715,0.283766047,3.089974032,0.819554536,2.206678362,0.394428194,2.346369708,-0.391562275,2.688612135,0.149494994,2.206678364,0.394428195,2.473547973,0.535313103,2.530810086,1.583612647,0.110662147,1.587474449,2.466908317,0.535788489,2.524421904,1.583612647,0.110662147,1.587474449,1.723303993,-0.675328323,1.850903832,2.065546420,-0.134271053,2.069905971,1.583612649,0.110662148,1.587474451
65.600000000,3.076562758,0.951166796,2.264903758,0.440714763,0.644162369,0.243475530,0.644162369,0.243475530,3.074750606,0.951196599,2.264903758,0.440714763,2.346369708,-0.391562275,2.688612135,0.149494994,2.254198313,0.397693022,2.432400389,0.707691266,2.533258491,1.620741390,0.197239233,1.632698982,2.430588237,0.707721069,2.531526870,1.620741390,0.197239233,1.632698982,1.702207340,-0.635037805,1.816805670,2.044449766,-0.093980536,2.046608704,1.610035944,0.154217492,1.617404952
65.680000000,3.046636493,1.035029847,2.444148005,0.490625843,0.814869205,0.008695845,0.814869205,0.008695845,3.044722678,1.034398073,2.444148005,0.490625843,2.446295965,-0.329610230,2.761429361,0.310778283,2.325787202,0.475467259,2.231767287,1.026334002,2.456450022,1.629278800,0.481929998,1.699060308,2.229853472,1.025702228,2.454447304,1.629278800,0.481929998,1.699060308,1.631426760,-0.338306075,1.666134530,1.946560156,0.302082438,1.969860462,1.510917996,0.466771414,1.581375586
65.780000000,3.002606965,1.136610368,2.498763102,0.555061102,0.548554698,-0.065527730,0.548554698,-0.065527730,2.999780294,1.135601489,2.498763102,0.555061102,2.509131136,-0.271226359,2.777883814,0.381901744,2.356196735,0.518940305,2.454052266,1.202138099,2.732674246,1.950208404,0.620588833,2.046568669,2.451225596,1.201129219,2.729691983,1.950208404,0.620588833,2.046568669,1.960576438,-0.205698628,1.971337590,2.229329116,0.447429475,2.273785707,1.807642037,0.584468035,1.899782255
65.880000000,2.954766794,1.236640886,2.511312728,0.606160482,0.863778406,0.200641602,0.863778406,0.200641602,2.954895127,1.236797732,2.511312728,0.606160482,2.647399536,-0.124288448,2.809324679,0.417918647,2.511312728,0.606160482,2.090988388,1.035999285,2.333565289,1.647534322,0.405518880,1.696707077,2.091116722,1.036156130,2.333749916,1.647534322,0.405518880,1.696707077,1.783621130,-0.324930050,1.812976523,1.945546273,0.217277045,1.957641340,1.647534322,0.405518880,1.696707077
65.980000000,2.899234036,1.332327719,2.482380683,0.669171210,1.020758405,0.095584932,1.020758405,0.095584932,2.901544631,1.333628449,2.482380683,0.669171210,2.707958128,-0.041763794,2.801083165,0.556176219,2.374296637,0.638218255,1.878475631,1.236742786,2.249045001,1.461622278,0.573586278,1.570140408,1.880786226,1.238043517,2.251690160,1.461622278,0.573586278,1.570140408,1.687199723,-0.137348727,1.692781019,1.780324760,0.460591287,1.838940071,1.353538232,0.542633322,1.458258093
66.100000000,2.828634442,1.444743296,2.582409033,0.728555906,0.982807528,-0.086371852,0.982807528,-0.086371852,2.830840587,1.446130266,2.582409033,0.728555906,2.773602947,0.054227225,2.831362461,0.597438546,2.582409033,0.728555906,1.845826913,1.531115148,2.398205702,1.599601505,0.814927758,1.795224840,1.848033058,1.532502118,2.400789230,1.599601505,0.814927758,1.795224840,1.790795418,0.140599076,1.796306302,1.848554933,0.683810398,1.970977422,1.599601505,0.814927758,1.795224840
66.200000000,2.768541958,1.537686101,2.553414625,0.786050851,1.096862859,-0.110746619,1.096862859,-0.110746619,2.771922922,1.539872798,2.553414625,0.786050851,2.773602947,0.054227225,2.801118694,0.749485260,2.466211008,0.761058830,1.671679099,1.648432720,2.347731127,1.456551766,0.896797470,1.710493715,1.675060062,1.650619417,2.351674015,1.456551766,0.896797470,1.710493715,1.676740087,0.164973843,1.684836398,1.704255835,0.860231879,1.909053911,1.369348149,0.871805449,1.623317311
66.300000000,2.708758103,1.630843074,2.557940597,0.863337369,1.388108652,-0.048199128,1.388108652,-0.048199128,2.689392853,1.671098997,2.557940597,0.863337369,2.835238113,0.139822826,2.831936278,0.792283061,2.428032770,0.825279705,1.320649451,1.679042202,2.136187653,1.169831945,0.911536497,1.483039300,1.301284202,1.719298125,2.156229723,1.169831945,0.911536497,1.483039300,1.447129462,0.188021954,1.459292957,1.443827626,0.840482189,1.670643147,1.039924119,0.873478833,1.358089631
66.380000000,2.661281182,1.705605321,2.453041520,0.913309792,1.157128471,-0.070582569,1.157128471,-0.070582569,2.665824697,1.708578601,2.453041520,0.913309792,2.870345125,0.191216511,2.801890036,0.838754464,2.359013720,0.883708288,1.504152710,1.776187890,2.327513437,1.295913049,0.983892361,1.627093977,1.508696226,1.779161170,2.332719179,1.295913049,0.983892361,1.627093977,1.713216654,0.261799080,1.733104169,1.644761565,0.909337033,1.879397362,1.201885249,0.954290857,1.534665824
66.480000000,2.602307564,1.799311558,2.362951110,0.938157751,1.502317587,-0.038775940,1.502317587,-0.038775940,2.606904588,1.802328230,2.362951110,0.938157751,2.934850973,0.289627233,2.789551614,0.911029793,2.336834349,0.916851857,1.099989976,1.838087498,2.142088606,0.860633522,0.976933691,1.301956027,1.104587001,1.841104170,2.147039126,0.860633522,0.976933691,1.301956027,1.432533386,0.328403173,1.469694032,1.287234027,0.949805732,1.599719466,0.834516761,0.955627797,1.268716954
66.600000000,2.531895455,1.912005411,2.401479323,1.011111379,1.501914375,0.141148993,1.501914375,0.141148993,2.536191516,1.914824083,2.401479323,1.011111379,2.985562091,0.371504333,2.768579268,1.044469395,2.319509670,0.995510950,1.029981080,1.770856418,2.048607692,0.899564948,0.869962386,1.251419853,1.034277141,1.773675090,2.053205428,0.899564948,0.869962386,1.251419853,1.483647716,0.230355340,1.501424033,1.266664893,0.903320402,1.555772381,0.817595295,0.854361957,1.182538126
66.680000000,2.485064874,1.987205196,2.366309007,1.088567672,1.410051572,0.023663719,1.410051572,0.023663719,2.489056931,1.989813225,2.366309007,1.088567672,3.094790792,0.539891948,2.758728773,1.141754872,2.371063746,1.051071544,1.075013302,1.963541477,2.238559521,0.956257435,1.064903953,1.431240270,1.079005359,1.966149506,2.242765356,0.956257435,1.064903953,1.431240270,1.684739220,0.516228229,1.762055001,1.348677201,1.118091153,1.751872718,0.961012174,1.027407825,1.406808884
66.780000000,2.426572318,2.081242959,2.321618982,1.140449607,1.696074821,-0.023264103,1.696074821,-0.023264103,2.430139333,2.083565147,2.321618982,1.140449607,3.151969024,0.635726626,2.789927833,1.263548572,2.291331727,1.110699786,0.730497497,2.104507061,2.227684126,0.625544161,1.163713709,1.321187002,0.734064512,2.106829250,2.231049125,0.625544161,1.163713709,1.321187002,1.455894204,0.658990728,1.598091585,1.093853013,1.286812675,1.688905347,0.595256906,1.133963888,1.280704839
66.880000000,2.368093182,2.175278811,2.309559608,1.201882551,1.647893859,-0.054765774,1.647893859,-0.054765774,2.371216466,2.177296172,2.309559608,1.201882551,3.199589139,0.714373439,2.789270671,1.358484792,2.291762587,1.162131724,0.720199322,2.230044585,2.343455977,0.661665749,1.256648325,1.420199484,0.723322607,2.232061946,2.346336745,0.661665749,1.256648325,1.420199484,1.551695280,0.769139212,1.731858357,1.141376812,1.413250566,1.816595219,0.643868727,1.216897498,1.376737615
66.980000000,2.309564108,2.269283722,2.299091273,1.265608659,1.745281594,-0.138815442,1.745281594,-0.138815442,2.312256322,2.271016456,2.299091273,1.265608659,3.199589139,0.714373439,2.783841160,1.444826125,2.299091273,1.265608659,0.564282514,2.408099164,2.473328999,0.553809678,1.404424101,1.509672883,0.566974728,2.409831898,2.475631256,0.553809678,1.404424101,1.509672883,1.454307545,0.853188880,1.686102518,1.038559566,1.583641567,1.893812711,0.553809678,1.404424101,1.509672883
67.100000000,2.239253572,2.382040669,2.238388373,1.337512485,1.968755868,-0.116644562,1.968755868,-0.116644562,2.241494749,2.383483873,2.238388373,1.337512485,3.253788254,0.803190455,2.783841160,1.444826125,2.277454589,1.291027485,0.270497704,2.498685231,2.513284085,0.269632505,1.454157047,1.478943678,0.272738881,2.500128435,2.514960971,0.269632505,1.454157047,1.478943678,1.285032386,0.919835016,1.580317908,0.815085292,1.561470686,1.761407034,0.308698721,1.407672047,1.441122997
67.180000000,2.192326635,2.457165845,2.210871344,1.381848260,1.956408019,-0.073985995,1.956408019,-0.073985995,2.194290503,2.458420763,2.210871344,1.381848260,3.313168179,0.907135151,2.776210875,1.644587910,2.233572616,1.374661509,0.235918616,2.531151841,2.542122584,0.254463325,1.455834255,1.477905599,0.237882484,2.532406758,2.543555005,0.254463325,1.455834255,1.477905599,1.356760160,0.981121146,1.674334744,0.819802856,1.718573905,1.904093745,0.277164597,1.448647504,1.474923660
67.300000000,2.121850096,2.569812471,2.242475190,1.514615658,2.093644969,-0.199172167,2.093644969,-0.199172167,2.123466930,2.570850796,2.242475190,1.514615658,3.415575184,1.088623283,2.776210875,1.644587910,2.285999397,1.470202728,0.028205126,2.768984638,2.769128285,0.148830221,1.713787825,1.720238107,0.029821961,2.770022964,2.770183490,0.148830221,1.713787825,1.720238107,1.321930215,1.287795450,1.845512562,0.682565906,1.843760077,1.966048687,0.192354428,1.669374895,1.680420414
67.380000000,2.074835122,2.644892844,2.156123657,1.519916771,2.156644742,0.081089994,2.156644742,0.081089994,2.076271580,2.645812463,2.156123657,1.519916771,3.456002496,1.158708248,2.774992679,1.718356876,2.156123657,1.519916771,-0.081809620,2.563802850,2.565107769,-0.000521085,1.438826776,1.438826871,-0.080373162,2.564722469,2.565981525,-0.000521085,1.438826776,1.438826871,1.299357754,1.077618254,1.688073362,0.618347937,1.637266882,1.750141998,-0.000521085,1.438826776,1.438826871
67.480000000,2.016070536,2.738731647,2.142082068,1.594071206,2.339638715,-0.026038743,2.339638715,-0.026038743,2.017326800,2.739531242,2.142082068,1.594071206,3.456002496,1.158708248,2.788926296,1.864260360,2.142082068,1.594071206,-0.323568179,2.764770390,2.783640004,-0.197556647,1.620109949,1.632110558,-0.322311915,2.765569984,2.784288474,-0.197556647,1.620109949,1.632110558,1.116363781,1.184746991,1.627849356,0.449287581,1.890299102,1.942959090,-0.197556647,1.620109949,1.632110558
67.600000000,1.945556907,2.851354019,2.114500743,1.671336633,2.290906279,-0.069061021,2.290906279,-0.069061021,1.946611080,2.852024734,2.114500743,1.671336633,3.506048963,1.247859984,2.765418809,1.901800546,2.114500743,1.671336633,-0.345349372,2.920415040,2.940763539,-0.176405536,1.740397654,1.749314983,-0.344295199,2.921085755,2.941306032,-0.176405536,1.740397654,1.749314983,1.215142684,1.316921005,1.791885230,0.474512530,1.970861567,2.027179681,-0.176405536,1.740397654,1.749314983
67.680000000,1.898509486,2.926402524,2.106506386,1.755418844,2.377417387,-0.124807280,2.377417387,-0.124807280,1.899427574,2.926987215,2.106506386,1.755418844,3.565648802,1.356757681,2.725802935,2.049607001,2.206785171,1.716405217,-0.478907901,3.051209804,3.088565046,-0.270911000,1.880226124,1.899642874,-0.477989813,3.051794495,3.089000470,-0.270911000,1.880226124,1.899642874,1.188231415,1.481564961,1.899191573,0.348385548,2.174414281,2.202146670,-0.170632216,1.841212497,1.849102164
67.780000000,1.839656049,3.020188821,2.114771415,1.825356028,2.529572618,0.163639956,2.529572618,0.163639956,1.840443524,3.020682145,2.114771415,1.825356028,3.607425853,1.437718516,2.732079144,2.141580103,2.209318823,1.788709995,-0.689916568,2.856548865,2.938682747,-0.414801203,1.661716072,1.712705562,-0.689129094,2.857042189,2.938977540,-0.414801203,1.661716072,1.712705562,1.077853235,1.274078560,1.668845042,0.202506526,1.977940147,1.988279688,-0.320253795,1.625070039,1.656325791
67.880000000,1.768258642,3.105001435,2.117905257,1.889197938,2.591631399,-0.078691222,2.591631399,-0.078691222,1.768808938,3.104775415,2.117905257,1.889197938,3.650217003,1.521251700,2.752967670,2.182060520,2.034197416,1.849403629,-0.823372757,3.183692657,3.288440608,-0.473726142,1.967889160,2.024105779,-0.822822461,3.183466637,3.288084037,-0.473726142,1.967889160,2.024105779,1.058585604,1.599942922,1.918442294,0.161336271,2.260751743,2.266501232,-0.557433983,1.928094851,2.007058146
68.000000000,1.661982254,3.184490241,2.262970899,1.996114894,2.828369166,-0.153538117,2.828369166,-0.153538117,1.659658365,3.179756115,2.262970899,1.996114894,3.696852779,1.621102840,2.744936526,2.270720261,2.292492313,1.967314744,-1.166386912,3.338028358,3.535942837,-0.565398267,2.149653011,2.222764780,-1.168710800,3.333294232,3.532242258,-0.565398267,2.149653011,2.222764780,0.868483613,1.774640957,1.975756643,-0.083432640,2.424258377,2.425693650,-0.535876853,2.120852860,2.187505625
68.080000000,1.579829826,3.218720528,2.233425862,2.032949845,2.727874600,-0.120974510,2.727874600,-0.120974510,1.576960205,3.211133327,2.233425862,2.032949845,3.724687450,1.725147588,2.732555710,2.363052138,2.167693117,1.996012068,-1.148044774,3.339695037,3.531510972,-0.494448738,2.153924355,2.209947891,-1.150914394,3.332107836,3.525272553,-0.494448738,2.153924355,2.209947891,0.996812851,1.846122097,2.098047344,0.004681111,2.484026647,2.484031058,-0.560181483,2.116986578,2.189848275
68.180000000,1.469596891,3.237354641,2.278682578,2.114905282,2.874646372,0.033027534,2.874646372,0.033027534,1.467690187,3.227414880,2.278682578,2.114905282,3.735455095,1.831020107,2.693334852,2.454818915,2.278682578,2.114905282,-1.405049482,3.204327107,3.498839272,-0.595963795,2.081877749,2.165499435,-1.406956185,3.194387346,3.490506585,-0.595963795,2.081877749,2.165499435,0.860808723,1.797992573,1.993431451,-0.181311520,2.421791381,2.428568994,-0.595963795,2.081877749,2.165499435
68.280000000,1.357576364,3.228187078,2.404859561,2.245782875,2.951311955,-0.009240545,2.951311955,-0.009240545,1.357671399,3.217448214,2.404859561,2.245782875,3.729250278,1.943525744,2.657642460,2.524870317,2.340198262,2.172554880,-1.593735592,3.237427623,3.608452681,-0.546452394,2.255023420,2.320288957,-1.593640556,3.226688759,3.598779039,-0.546452394,2.255023420,2.320288957,0.777938323,1.952766289,2.102019081,-0.293669495,2.534110863,2.551070292,-0.611113694,2.181795425,2.265765041
68.400000000,1.230682339,3.181646839,2.356423827,2.230585794,2.980341802,-0.000941647,2.980341802,-0.000941647,1.233413887,3.171637131,2.356423827,2.230585794,3.700533731,2.044178463,2.529055047,2.636182770,2.429193759,2.301193585,-1.749659463,3.182588486,3.631828425,-0.623917975,2.231527442,2.317107758,-1.746927915,3.172578778,3.621741742,-0.623917975,2.231527442,2.317107758,0.720191928,2.045120110,2.168223392,-0.451286755,2.637124417,2.675459760,-0.551148043,2.302135232,2.367190484
68.500000000,1.138732629,3.116256239,2.387782399,2.314006235,3.020202077,0.359407351,3.020202077,0.359407351,1.143247423,3.107834177,2.387782399,2.314006235,3.648088077,2.178750382,2.465608035,2.612912651,2.387782399,2.314006235,-1.881469448,2.756848888,3.337685287,-0.632419678,1.954598884,2.054364001,-1.876954653,2.748426826,3.328184008,-0.632419678,1.954598884,2.054364001,0.627886000,1.819343031,1.924642796,-0.554594042,2.253505300,2.320745718,-0.632419678,1.954598884,2.054364001
68.600000000,1.065042349,3.030938335,2.460551430,2.510645852,3.013010271,0.432383664,3.013010271,0.432383664,1.070674424,3.024528542,2.460551430,2.510645852,3.591390063,2.246793030,2.439385208,2.680198610,2.375973182,2.375976316,-1.947967922,2.598554671,3.247624578,-0.552458841,2.078262188,2.150438210,-1.942335846,2.592144878,3.239117721,-0.552458841,2.078262188,2.150438210,0.578379792,1.814409366,1.904364601,-0.573625063,2.247814946,2.319852957,-0.637037089,1.943592652,2.045328495
68.680000000,1.022086854,2.951702118,2.345650989,2.501819294,2.937345752,0.345114750,2.937345752,0.345114750,1.028175443,2.946960515,2.345650989,2.501819294,3.493590447,2.324198242,2.365061346,2.681524634,2.400231359,2.580581796,-1.915258898,2.606587368,3.234581017,-0.591694764,2.156704544,2.236398261,-1.909170310,2.601845765,3.227155505,-0.591694764,2.156704544,2.236398261,0.556244695,1.979083492,2.055767406,-0.572284406,2.336409885,2.405477206,-0.537114393,2.235467046,2.299087816
68.800000000,0.986064055,2.822018527,2.329929589,2.465606756,2.983846666,0.574129823,2.983846666,0.574129823,0.996963268,2.840999779,2.329929589,2.465606756,3.421901711,2.372370041,2.221994283,2.662036079,2.316241642,2.550108102,-1.997782611,2.247888704,3.007347500,-0.653917077,1.891476932,2.001322695,-1.986883398,2.266869956,3.014366440,-0.653917077,1.891476932,2.001322695,0.438055045,1.798240217,1.850826870,-0.761852384,2.087906256,2.222559693,-0.667605025,1.975978278,2.085710101
68.900000000,0.967592525,2.712030378,2.270757991,2.510057602,2.897623934,0.678383797,2.897623934,0.678383797,0.971740546,2.710548585,2.270757991,2.510057602,3.348584592,2.403184491,2.221994283,2.662036079,2.219809300,2.532492701,-1.930031410,2.033646580,2.803701064,-0.626865943,1.831673805,1.935972582,-1.925883389,2.032164788,2.799771518,-0.626865943,1.831673805,1.935972582,0.450960658,1.724800694,1.782779557,-0.675629652,1.983652282,2.095555249,-0.677814634,1.854108903,1.974120691
68.980000000,0.953033797,2.624165073,2.269029281,2.481777412,3.203835134,0.569053551,3.203835134,0.569053551,0.953883346,2.623818423,2.269029281,2.481777412,3.207494343,2.456158735,2.087543434,2.584094557,2.175053409,2.495086546,-2.250801337,2.055111523,3.047882877,-0.934805853,1.912723861,2.128937423,-2.249951788,2.054764872,3.047021780,-0.934805853,1.912723861,2.128937423,0.003659209,1.887105184,1.887108732,-1.116291700,2.015041006,2.303583603,-1.028781725,1.926032995,2.183573890
69.100000000,0.918047066,2.495818544,2.255235379,2.288618675,3.225138449,0.824916603,3.225138449,0.824916603,0.911187917,2.498017746,2.255235379,2.288618675,3.106576304,2.494612433,2.087543434,2.584094557,2.136775841,2.409167290,-2.307091383,1.670901941,2.848610880,-0.969903071,1.463702073,1.755886023,-2.313950533,1.673101144,2.855456969,-0.969903071,1.463702073,1.755886023,-0.118562146,1.669695830,1.673899981,-1.137595015,1.759177954,2.094953339,-1.088362609,1.584250688,1.922077889
69.180000000,0.891032924,2.411594015,2.218930813,2.230917834,2.803545387,0.826257803,2.803545387,0.826257803,0.882041883,2.414356938,2.218930813,2.230917834,2.906965692,2.568126767,1.954841533,2.516053292,2.107650705,2.311398798,-1.912512463,1.585336212,2.484148712,-0.584614575,1.404660031,1.521461141,-1.921503504,1.588099135,2.492836653,-0.584614575,1.404660031,1.521461141,0.103420305,1.741868964,1.744936459,-0.848703854,1.689795489,1.890953999,-0.695894682,1.485140995,1.640095480
69.280000000,0.848519986,2.308813943,2.205804616,2.154682405,3.231499598,0.936069167,3.231499598,0.936069167,0.829479492,2.292431213,2.205804616,2.154682405,2.808664181,2.606271175,1.954841533,2.516053292,2.072459706,2.240170367,-2.382979612,1.372744775,2.750094553,-1.025694982,1.218613237,1.592817761,-2.402020106,1.356362046,2.758517462,-1.025694982,1.218613237,1.592817761,-0.422835417,1.670202007,1.722894232,-1.276658065,1.579984125,2.031306390,-1.159039892,1.304101200,1.744721585
69.400000000,0.793084315,2.187879396,2.199692651,2.075032357,3.071425346,0.962014957,3.071425346,0.962014957,0.783231072,2.191830902,2.199692651,2.075032357,2.705994011,2.651722348,1.898999308,2.489860391,2.102157916,2.102726841,-2.278341031,1.225864439,2.587195677,-0.871732695,1.113017400,1.413762931,-2.288194274,1.229815945,2.597745233,-0.871732695,1.113017400,1.413762931,-0.365431335,1.689707391,1.728771566,-1.172426038,1.527845433,1.925849029,-0.969267430,1.140711883,1.496897776
69.500000000,0.745296320,2.087795251,2.141142912,2.014334702,3.066097874,1.089010235,3.066097874,1.089010235,0.736998696,2.091223070,2.141142912,2.014334702,2.603514735,2.694962404,1.749539163,2.419800872,2.099178374,2.037085285,-2.320801554,0.998785016,2.526596794,-0.924954962,0.925324467,1.308345157,-2.329099177,1.002212835,2.535573612,-0.924954962,0.925324467,1.308345157,-0.462583139,1.605952169,1.671246699,-1.316558711,1.330790637,1.871985726,-0.966919500,0.948075050,1.354171193
69.580000000,0.707002124,2.007797768,2.115565448,1.938895020,3.030833511,1.388059779,3.030833511,1.388059779,0.700034019,2.010734190,2.115565448,1.938895020,2.603514735,2.694962404,1.749539163,2.419800872,2.138092966,2.000861161,-2.323831388,0.619737989,2.405050414,-0.915268063,0.550835241,1.068239248,-2.330799492,0.622674411,2.412540092,-0.915268063,0.550835241,1.068239248,-0.427318776,1.306902626,1.374989385,-1.281294348,1.031741093,1.645054677,-0.892740545,0.612801382,1.082825570
69.700000000,0.649843874,1.887715895,2.091540565,1.810540090,2.774257425,1.464122965,2.774257425,1.464122965,0.635329102,1.869866294,2.091540565,1.810540090,2.507994402,2.732924351,1.674405528,2.391378828,2.073236127,1.919557088,-2.124413551,0.423592930,2.166232652,-0.682716860,0.346417124,0.765576341,-2.138928323,0.405743328,2.177071891,-0.682716860,0.346417124,0.765576341,-0.266263023,1.268801386,1.296438565,-1.099851897,0.927255862,1.438567910,-0.701021298,0.455434123,0.835973146
69.780000000,0.611959143,1.807596815,2.063379376,1.807508942,2.890314276,1.380189596,2.890314276,1.380189596,0.607576173,1.809507283,2.063379376,1.807508942,2.394250945,2.789807161,1.607498263,2.370361059,2.094652595,1.890481563,-2.278355133,0.427407219,2.318098153,-0.826934900,0.427319347,0.930818539,-2.282738103,0.429317687,2.322758473,-0.826934900,0.427319347,0.930818539,-0.496063331,1.409617565,1.494356219,-1.282816013,0.990171464,1.620511170,-0.795661682,0.510291967,0.945238279
69.900000000,0.555408675,1.687302946,2.035313451,1.706865368,3.054940547,1.509864108,3.054940547,1.509864108,0.552055684,1.688768761,2.035313451,1.706865368,2.311825295,2.819907768,1.522047410,2.338761528,2.019492725,1.755403325,-2.499531872,0.177438838,2.505822045,-1.019627096,0.197001259,1.038483948,-2.502884863,0.178904652,2.509270713,-1.019627096,0.197001259,1.038483948,-0.743115251,1.310043660,1.506132354,-1.532893137,0.828897420,1.742650941,-1.035447822,0.245539217,1.064162440
70.000000000,0.508474027,1.587005738,2.002864115,1.638267220,3.163607709,1.578755577,3.163607709,1.578755577,0.515021771,1.608328277,2.002864115,1.638267220,2.210769957,2.864084615,1.461892219,2.313752291,1.978686572,1.722005238,-2.655133682,0.008250162,2.655146500,-1.160743594,0.059511643,1.162268182,-2.648585938,0.029572700,2.648751030,-1.160743594,0.059511643,1.162268182,-0.952837752,1.285329038,1.599990787,-1.701715490,0.734996715,1.853660104,-1.184921137,0.143249661,1.193548728
70.080000000,0.471005415,1.506729722,1.984602658,1.643747677,3.049417481,1.659341035,3.049417481,1.659341035,0.468691747,1.507771879,1.984602658,1.643747677,2.007934010,2.953711542,1.308315677,2.248060804,1.934184520,1.598368666,-2.578412066,-0.152611314,2.582924504,-1.064814823,-0.015593358,1.064928993,-2.580725734,-0.151569156,2.585172822,-1.064814823,-0.015593358,1.064928993,-1.041483471,1.294370507,1.661349701,-1.741101803,0.588719768,1.837940819,-1.115232961,-0.060972369,1.116898468
70.200000000,0.414909346,1.386267722,1.911333060,1.508623711,3.088763123,1.725033520,3.088763123,1.725033520,0.422339130,1.407212460,1.911333060,1.508623711,2.007934010,2.953711542,1.308315677,2.248060804,1.923211130,1.548222141,-2.673853777,-0.338765798,2.695228430,-1.177430063,-0.216409809,1.197152772,-2.666423993,-0.317821060,2.685298333,-1.177430063,-0.216409809,1.197152772,-1.080829114,1.228678022,1.636411090,-1.780447446,0.523027284,1.855680643,-1.165551994,-0.176811379,1.178886642
70.300000000,0.368257090,1.285847908,1.917501395,1.532036523,3.116555524,1.869552294,3.116555524,1.869552294,0.357449773,1.266435084,1.917501395,1.532036523,1.908155699,2.999065968,1.239469712,2.230220632,1.876448860,1.509813191,-2.748298434,-0.583704387,2.809600522,-1.199054129,-0.337515772,1.245651517,-2.759105751,-0.603117211,2.824254754,-1.199054129,-0.337515772,1.245651517,-1.208399825,1.129513674,1.654095304,-1.877085812,0.360668337,1.911421669,-1.240106664,-0.359739104,1.291230715
70.400000000,0.321638259,1.185419709,1.879274819,1.441894225,2.905537336,1.875695192,2.905537336,1.875695192,0.329608804,1.206125711,1.879274819,1.441894225,1.799986207,3.047548756,1.161532523,2.192666845,1.875034264,1.352181806,-2.583899077,-0.690275483,2.674512046,-1.026262517,-0.433800967,1.114180431,-2.575928532,-0.669569481,2.661527962,-1.026262517,-0.433800967,1.114180431,-1.105551129,1.171853564,1.611050612,-1.744004813,0.316971653,1.772575476,-1.030503072,-0.523513386,1.155855894
70.500000000,0.275055336,1.084964799,1.836842150,1.288180306,3.157029085,1.972897426,3.157029085,1.972897426,0.273956228,1.085466543,1.836842150,1.288180306,1.587958040,3.137424309,1.037953727,2.185106921,1.802876450,1.361971174,-2.881973749,-0.887932626,3.015658641,-1.320186934,-0.684717120,1.487188985,-2.883072857,-0.887430883,3.016561398,-1.320186934,-0.684717120,1.487188985,-1.569071045,1.164526883,1.953997647,-2.119075358,0.212209495,2.129674445,-1.354152635,-0.610926252,1.485584143
70.580000000,0.237807690,1.004598355,1.865659012,1.374545539,3.059990117,2.172045655,3.059990117,2.172045655,0.227544064,0.984944104,1.865659012,1.374545539,1.587958040,3.137424309,1.014644311,2.134892822,1.789985597,1.355674525,-2.822182427,-1.167447300,3.054119652,-1.194331104,-0.797500116,1.436117412,-2.832446052,-1.187101551,3.071149741,-1.194331104,-0.797500116,1.436117412,-1.472032077,0.965378654,1.760350642,-2.045345805,-0.037152833,2.045683210,-1.270004520,-0.816371130,1.509759353
70.680000000,0.191271362,0.904130771,1.734107159,1.189668418,3.113049523,2.097915928,3.113049523,2.097915928,0.181151790,0.884415463,1.734107159,1.189668418,1.403631502,3.212389198,0.820719596,2.108493776,1.739812763,1.269718247,-2.921778161,-1.193785157,3.156249456,-1.378942364,-0.908247511,1.651180058,-2.931897733,-1.213500465,3.173106947,-1.378942364,-0.908247511,1.651180058,-1.709418021,1.114473269,2.040627511,-2.292329927,0.010577848,2.292354333,-1.373236760,-0.828197681,1.603649151
70.780000000,0.144756982,0.803645401,1.712632822,1.152914214,3.049099711,2.157201892,3.049099711,2.157201892,0.144036469,0.803973982,1.712632822,1.152914214,1.403631502,3.212389198,0.820719596,2.108493776,1.719230084,1.186915069,-2.904342729,-1.353556491,3.204266197,-1.336466889,-1.004287678,1.671746837,-2.905063243,-1.353227910,3.204780526,-1.336466889,-1.004287678,1.671746837,-1.645468209,1.055187306,1.954734222,-2.228380115,-0.048708116,2.228912385,-1.329869628,-0.970286823,1.646210723
70.880000000,0.099928486,0.702402609,1.686710228,1.092319652,3.031366885,2.479588116,3.031366885,2.479588116,0.098677137,0.702989005,1.686710228,1.092319652,1.301955889,3.255572248,0.723356436,2.029608824,1.682811688,1.122572361,-2.931438399,-1.777185507,3.428078093,-1.344656657,-1.387268465,1.931997753,-2.932689748,-1.776599112,3.428844348,-1.344656657,-1.387268465,1.931997753,-1.729410996,0.775984132,1.895524668,-2.308010450,-0.449979292,2.351466266,-1.348555197,-1.357015756,1.913136922
70.980000000,0.071467392,0.595279088,1.719697791,1.169848310,3.099461091,2.243073976,3.099461091,2.243073976,0.072388606,0.595704428,1.719697791,1.169848310,1.199933352,3.298305585,0.649930919,2.000354097,1.640149587,1.039956029,-3.027993699,-1.647794888,3.447314003,-1.379763300,-1.073225666,1.748016045,-3.027072485,-1.647369547,3.446301533,-1.379763300,-1.073225666,1.748016045,-1.899527739,1.055231610,2.172951766,-2.449530171,-0.242719879,2.461526153,-1.459311504,-1.203117947,1.891317758
71.080000000,0.066857723,0.484623672,1.572166025,1.085058884,2.901632068,2.599802973,2.901632068,2.599802973,0.072236449,0.485225691,1.572166025,1.085058884,0.984560529,3.341214489,0.649930919,2.000354097,1.568666219,1.105201957,-2.834774345,-2.115179301,3.536937808,-1.329466042,-1.514744088,2.015422936,-2.829395619,-2.114577281,3.532267918,-1.329466042,-1.514744088,2.015422936,-1.917071539,0.741411516,2.055445042,-2.251701148,-0.599448876,2.330128111,-1.332965849,-1.494601015,2.002655774
71.180000000,0.089702262,0.375748968,1.535320355,1.095585847,2.850252416,2.546089954,2.850252416,2.546089954,0.098174115,0.377848704,1.535320355,1.095585847,0.984560529,3.341214489,0.528013960,1.968246789,1.492286476,1.082421126,-2.760550154,-2.170340986,3.511554805,-1.314932061,-1.450504107,1.957807061,-2.752078301,-2.168241250,3.503598878,-1.314932061,-1.450504107,1.957807061,-1.865691887,0.795124535,2.028060464,-2.322238456,-0.577843166,2.393051226,-1.357965940,-1.463668828,1.996596587
71.280000000,0.137614972,0.274800533,1.459336371,1.159740957,2.904527006,2.787372938,2.904527006,2.787372938,0.158956911,0.259925529,1.459336371,1.159740957,0.873297176,3.337257980,0.481499719,1.856503474,1.392215767,1.049008648,-2.766912034,-2.512572405,3.737488769,-1.445190635,-1.627631981,2.176640034,-2.745570095,-2.527447410,3.731775121,-1.445190635,-1.627631981,2.176640034,-2.031229830,0.549885042,2.104345072,-2.423027287,-0.930869464,2.595684726,-1.512311240,-1.738364290,2.304125797
71.380000000,0.200776007,0.182464973,1.449535618,1.087419559,2.888037714,2.875985481,2.888037714,2.875985481,0.208557026,0.186698277,1.449535618,1.087419559,0.660727507,3.274203468,0.481499719,1.856503474,1.343404608,1.082120436,-2.687261707,-2.693520508,3.804790167,-1.438502096,-1.788565922,2.295268250,-2.679480689,-2.689287204,3.796298516,-1.438502096,-1.788565922,2.295268250,-2.227310207,0.398217987,2.262628632,-2.406537996,-1.019482007,2.613573930,-1.544633107,-1.793865045,2.367243806
71.480000000,0.274489552,0.098524575,1.388966165,1.037712491,2.646405296,2.876522878,2.646405296,2.876522878,0.281182245,0.103102019,1.388966165,1.037712491,0.552177190,3.228454071,0.399171240,1.774502000,1.292865546,1.005616333,-2.371915744,-2.777998303,3.652842573,-1.257439132,-1.838810386,2.227639290,-2.365223051,-2.773420859,3.645016233,-1.257439132,-1.838810386,2.227639290,-2.094228106,0.351931193,2.123592929,-2.247234056,-1.102020877,2.502900501,-1.353539750,-1.870906544,2.309190584
71.600000000,0.376761384,0.011777672,1.447481498,0.988082879,2.768813779,2.864348228,2.768813779,2.864348228,0.379370465,0.014255330,1.447481498,0.988082879,0.446472747,3.163074935,0.413333371,1.663489323,1.289500156,0.868275053,-2.392052395,-2.852570556,3.722777651,-1.321332282,-1.876265350,2.294840008,-2.389443314,-2.850092898,3.719202721,-1.321332282,-1.876265350,2.294840008,-2.322341032,0.298726706,2.341475072,-2.355480408,-1.200858906,2.643927016,-1.479313623,-1.996073175,2.484487254
71.680000000,0.454996155,-0.031292645,1.409601123,0.953237877,2.567221349,3.013181123,2.567221349,3.013181123,0.457142230,-0.027885586,1.409601123,0.953237877,0.446472747,3.163074935,0.413333371,1.663489323,1.216568040,0.855570324,-2.112225193,-3.044473767,3.705444074,-1.157620225,-2.059943246,2.362932662,-2.110079119,-3.041066709,3.701421432,-1.157620225,-2.059943246,2.362932662,-2.120748601,0.149893812,2.126039225,-2.153887978,-1.349691800,2.541830320,-1.350653308,-2.157610799,2.545495771
71.780000000,0.555689415,-0.077698251,1.354214628,0.959823613,2.650471351,2.958055159,2.650471351,2.958055159,0.558029043,-0.073498967,1.354214628,0.959823613,0.294803916,3.031967363,0.411617066,1.587426303,1.183551602,0.848714065,-2.094781936,-3.035753410,3.688347886,-1.296256723,-1.998231546,2.381850290,-2.092442308,-3.031554126,3.683562845,-1.296256723,-1.998231546,2.381850290,-2.355667435,0.073912204,2.356826696,-2.238854285,-1.370628855,2.625088945,-1.466919749,-2.109341094,2.569274878
71.880000000,0.663545379,-0.105818481,1.370793159,0.920036614,2.446967201,3.068751099,2.446967201,3.068751099,0.664152146,-0.104174455,1.370793159,0.920036614,0.222743885,2.943655352,0.417033397,1.537526881,1.231741740,0.749829509,-1.783421822,-3.174569580,3.641220319,-1.076174042,-2.148714485,2.403148873,-1.782815055,-3.172925554,3.639489811,-1.076174042,-2.148714485,2.403148873,-2.224223316,-0.125095747,2.227738383,-2.029933804,-1.531224218,2.542691262,-1.215225461,-2.318921590,2.618047032
72.000000000,0.796426926,-0.113832778,1.285748454,0.919711912,2.278261253,2.956575491,2.278261253,2.956575491,0.796707581,-0.109793993,1.285748454,0.919711912,0.222743885,2.943655352,0.425246665,1.477134556,1.180672582,0.734332555,-1.481834327,-3.070408269,3.409287303,-0.992512799,-2.036863580,2.265809987,-1.481553672,-3.066369484,3.405528314,-0.992512799,-2.036863580,2.265809987,-2.055517367,-0.012920139,2.055557972,-1.853014587,-1.479440936,2.371161855,-1.097588671,-2.222242937,2.478520640
72.080000000,0.885086801,-0.112311420,1.316809874,0.898757485,2.257812147,3.105388199,2.257812147,3.105388199,0.885265093,-0.109306582,1.316809874,0.898757485,0.160809289,2.838527222,0.443144632,1.418918436,1.036785296,0.812082570,-1.372725346,-3.217699618,3.498280393,-0.941002273,-2.206630714,2.398896493,-1.372547054,-3.214694781,3.495446746,-0.941002273,-2.206630714,2.398896493,-2.097002858,-0.266860976,2.113914796,-1.814667515,-1.686469763,2.477336968,-1.221026851,-2.293305628,2.598106479
72.180000000,0.995409933,-0.099870708,1.182986841,1.032594260,2.189733984,2.841082149,2.189733984,2.841082149,0.995512690,-0.099128255,1.182986841,1.032594260,0.114261106,2.752207916,0.522948045,1.363107901,1.092459795,0.796042490,-1.194324051,-2.940952857,3.174210713,-1.006747143,-1.808487889,2.069823243,-1.194221294,-2.940210404,3.173484161,-1.006747143,-1.808487889,2.069823243,-2.075472878,-0.088874233,2.077374857,-1.666785939,-1.477974248,2.227685625,-1.097274190,-2.045039659,2.320818359
72.280000000,1.105114676,-0.084505447,1.264908944,1.026481137,2.105411467,2.883940634,2.105411467,2.883940634,1.105522577,-0.086754168,1.264908944,1.026481137,0.057110600,2.644878017,0.526260266,1.272503654,1.179505402,0.782897130,-1.000296791,-2.968446081,3.132453640,-0.840502523,-1.857459497,2.038774209,-0.999888890,-2.970694801,3.134454561,-0.840502523,-1.857459497,2.038774209,-2.048300868,-0.239062617,2.062204495,-1.579151201,-1.611436979,2.256202042,-0.925906066,-2.101043503,2.296015210
72.380000000,1.213591412,-0.062616397,1.244060635,1.008792177,2.157718600,2.872758323,2.157718600,2.872758323,1.214068492,-0.064928734,1.244060635,1.008792177,0.019575622,2.562780421,0.581112638,1.280186285,1.242932151,0.771929748,-0.944127187,-2.935374720,3.083472214,-0.913657965,-1.863966146,2.075846976,-0.943650107,-2.937687057,3.085527632,-0.913657965,-1.863966146,2.075846976,-2.138142978,-0.309977902,2.160495706,-1.576605962,-1.592572038,2.240975693,-0.914786449,-2.100828575,2.291356574
72.480000000,1.321861010,-0.039607848,1.328711565,1.013410612,1.995703447,2.930726790,1.995703447,2.930726790,1.322600959,-0.043089636,1.328711565,1.013410612,-0.068143255,2.331034692,0.616583517,1.250082012,1.302347799,0.766988732,-0.673842437,-2.970334638,3.045808840,-0.666991882,-1.917316178,2.030019581,-0.673102488,-2.973816426,3.049041013,-0.666991882,-1.917316178,2.030019581,-2.063846702,-0.599692097,2.149207720,-1.379119930,-1.680644778,2.174060406,-0.693355648,-2.163738057,2.272114530
72.600000000,1.451802368,-0.012013747,1.325818148,0.998976098,1.901465744,3.102014940,1.901465744,3.102014940,1.452866359,-0.016808331,1.325818148,0.998976098,-0.106533272,2.207882913,0.626858878,1.145713422,1.324904248,0.759115394,-0.449663376,-3.114028687,3.146326718,-0.575647597,-2.103038843,2.180399626,-0.448599385,-3.118823272,3.150920502,-0.575647597,-2.103038843,2.180399626,-2.007999016,-0.894132027,2.198074642,-1.274606867,-1.956301518,2.334895778,-0.576561497,-2.342899546,2.412799503
72.720000000,1.581891749,0.014879271,1.393907976,1.003754846,1.871161040,2.920469918,1.871161040,2.920469918,1.583077663,0.009566409,1.393907976,1.003754846,-0.144946595,2.094903271,0.626858878,1.145713422,1.389126834,0.764505797,-0.289269291,-2.905590647,2.919954406,-0.477253064,-1.916715073,1.975238506,-0.288083377,-2.910903510,2.925124147,-0.477253064,-1.916715073,1.975238506,-2.016107635,-0.825566647,2.178589058,-1.244302162,-1.774756496,2.167498210,-0.482034206,-2.155964122,2.209194032
72.800000000,1.668708240,0.032462619,1.454508157,1.004745525,1.755597571,3.142268741,1.755597571,3.142268741,1.669894393,0.027158929,1.454508157,1.004745525,-0.144946595,2.094903271,0.672634548,1.097934583,1.517023909,0.782445655,-0.086889331,-3.109806123,3.111019748,-0.301089415,-2.137523216,2.158624640,-0.085703178,-3.115109812,3.116288526,-0.301089415,-2.137523216,2.158624640,-1.900544166,-1.047365470,2.170032846,-1.082963023,-2.044334158,2.313463001,-0.238573662,-2.359823086,2.371852101
72.880000000,1.755565845,0.049881814,1.550025361,1.016194316,1.568866180,2.939878762,1.568866180,2.939878762,1.778406746,0.049213241,1.550025361,1.016194316,-0.175606347,1.997018655,0.746550947,1.014740637,1.582842247,0.806333922,0.186699665,-2.889996948,2.896021258,-0.018840819,-1.923684446,1.923776708,0.209540566,-2.890665521,2.898250231,-0.018840819,-1.923684446,1.923776708,-1.744472527,-0.942860107,1.982969888,-0.822315233,-1.925138125,2.093408499,0.013976067,-2.133544840,2.133590616
73.000000000,1.885881799,0.075892474,1.589826545,1.016427893,1.520853637,2.829741050,1.520853637,2.829741050,1.886891444,0.071346929,1.589826545,1.016427893,-0.215542364,1.894672673,0.770011740,0.972277244,1.660098993,0.827117987,0.365028162,-2.753848576,2.777935841,0.068972908,-1.813313157,1.814624442,0.366037807,-2.758394120,2.782574671,0.068972908,-1.813313157,1.814624442,-1.736396001,-0.935068376,1.972162250,-0.750841897,-1.857463806,2.003480807,0.139245356,-2.002623063,2.007458194
73.080000000,1.972755707,0.093211011,1.664294908,0.998655991,1.475864579,3.034280112,1.475864579,3.034280112,1.995362497,0.093504297,1.664294908,0.998655991,-0.277891055,1.671541269,0.803995372,0.873716871,1.676300429,0.858920090,0.496891128,-2.941069101,2.982748439,0.188430329,-2.035624121,2.044326674,0.519497918,-2.940775814,2.986308838,0.188430329,-2.035624121,2.044326674,-1.753755634,-1.362738843,2.220971855,-0.671869207,-2.160563241,2.262618339,0.200435850,-2.175360022,2.184574502
73.200000000,2.103072033,0.119212522,1.736710510,1.029353535,1.134170648,3.021706230,1.134170648,3.021706230,2.103841939,0.115678275,1.736710510,1.029353535,-0.277891055,1.671541269,0.803995372,0.873716871,1.709996541,0.864505026,0.968901385,-2.902493708,3.059941114,0.602539863,-1.992352696,2.081471487,0.969671291,-2.906027955,3.063537317,0.602539863,-1.992352696,2.081471487,-1.412061703,-1.350164962,1.953679522,-0.330175276,-2.147989359,2.173217430,0.575825893,-2.157201205,2.232732070
73.300000000,2.211665837,0.140886636,1.761061723,1.024731363,1.190668403,2.896408912,1.190668403,2.896408912,2.212325987,0.137799877,1.761061723,1.024731363,-0.316648017,1.559168052,0.893212008,0.839190287,1.817579525,0.899217048,1.020997434,-2.755522276,2.938594694,0.570393321,-1.871677549,1.956661797,1.021657584,-2.758609034,2.941718549,0.570393321,-1.871677549,1.956661797,-1.507316419,-1.337240859,2.014997743,-0.297456395,-2.057218625,2.078612224,0.626911123,-1.997191864,2.093273249
73.400000000,2.320248782,0.162587846,1.801304011,1.024144722,1.167703685,3.042831935,1.167703685,3.042831935,2.320825071,0.159907024,1.801304011,1.024144722,-0.390397595,1.318115693,0.893212008,0.839190287,1.881797668,0.899283781,1.152545098,-2.880244088,3.102284031,0.633600327,-2.018687213,2.115785300,1.153121386,-2.882924911,3.104987113,0.633600327,-2.018687213,2.115785300,-1.558101279,-1.724716242,2.324290367,-0.274491676,-2.203641648,2.220671563,0.714093984,-2.143548154,2.259364713
73.500000000,2.428829799,0.184318704,1.934428965,1.036671968,0.988191607,2.905572331,0.988191607,2.905572331,2.451019656,0.186437562,1.934428965,1.036671968,-0.390397595,1.318115693,0.964925594,0.740351770,1.934155330,0.915247530,1.440638192,-2.721253627,3.079067993,0.946237359,-1.868900363,2.094792044,1.462828049,-2.719134770,3.087646320,0.946237359,-1.868900363,2.094792044,-1.378589202,-1.587456638,2.102504879,-0.023266013,-2.165220562,2.165345559,0.945963723,-1.990324802,2.203687859
73.600000000,2.537396393,0.206110785,1.954757383,1.023314419,0.974442243,3.007098441,0.974442243,3.007098441,2.581206529,0.212998611,1.954757383,1.023314419,-0.416030442,1.224991620,0.964925594,0.740351770,1.991319937,0.938591217,1.562954150,-2.800987656,3.207546963,0.980315139,-1.983784022,2.212784856,1.606764286,-2.794099829,3.223148356,0.980315139,-1.983784022,2.212784856,-1.390472685,-1.782106820,2.260380279,-0.009516650,-2.266746671,2.266766648,1.016877694,-2.068507224,2.304943032
73.700000000,2.645916842,0.228064731,2.059942578,1.043952701,0.784897654,2.941468040,0.784897654,2.941468040,2.689700513,0.235124156,2.059942578,1.043952701,-0.455327409,1.102612344,1.060682976,0.715551203,2.005433706,0.952236316,1.861019188,-2.713403309,3.290281133,1.275044924,-1.897515338,2.286111112,1.904802859,-2.706343884,3.309466898,1.275044924,-1.897515338,2.286111112,-1.240225063,-1.838855696,2.218005518,0.275785322,-2.225916837,2.242936314,1.220536052,-1.989231724,2.333827565
73.780000000,2.732772024,0.245490790,2.088004560,1.031100021,0.788670912,2.942361839,0.788670912,2.942361839,2.733095109,0.243945548,2.088004560,1.031100021,-0.501283702,0.950823887,1.078125499,0.608332931,2.102944195,1.009596543,1.944101111,-2.696871049,3.324551486,1.299333648,-1.911261818,2.311101397,1.944424196,-2.698416291,3.325993977,1.299333648,-1.911261818,2.311101397,-1.289954614,-1.991537953,2.372805581,0.289454586,-2.334028908,2.351908778,1.314273283,-1.932765296,2.337283883
73.880000000,2.841334081,0.267293516,2.222629530,1.066574894,0.696755606,3.049882770,0.696755606,3.049882770,2.841618541,0.265943591,2.222629530,1.066574894,-0.501283702,0.950823887,1.078125499,0.608332931,2.104399320,1.011124021,2.144578475,-2.782589255,3.513121090,1.525873924,-1.983307877,2.502359160,2.144862935,-2.783939180,3.514364006,1.525873924,-1.983307877,2.502359160,-1.198039308,-2.099058884,2.416887747,0.381369893,-2.441549839,2.471155319,1.407643714,-2.038758749,2.477498347
74.000000000,2.971599275,0.293474327,2.222761178,1.048993909,0.736728134,2.886631605,0.736728134,2.886631605,2.971832952,0.292332737,2.222761178,1.048993909,-0.555368834,0.779870941,1.088701595,0.512680866,2.229561568,1.043737472,2.234871141,-2.593157278,3.423319103,1.486033043,-1.837637696,2.363304151,2.235104818,-2.594298868,3.424336456,1.486033043,-1.837637696,2.363304151,-1.292096969,-2.106760664,2.471427739,0.351973460,-2.373950739,2.399901546,1.492833433,-1.842894133,2.371668283
74.100000000,3.080150556,0.315292761,2.315125081,1.061310153,0.512346814,3.056139365,0.512346814,3.056139365,3.080355674,0.314292797,2.315125081,1.061310153,-0.622649119,0.552276064,1.192651327,0.485017605,2.228776325,1.027356046,2.567803742,-2.740846604,3.755776373,1.802778268,-1.994829212,2.688745631,2.568008861,-2.741846568,3.756646392,1.802778268,-1.994829212,2.688745631,-1.134995933,-2.503863301,2.749099343,0.680304513,-2.571121760,2.659601725,1.716429512,-2.028783319,2.657459694
74.200000000,3.184758621,0.351994627,2.277205475,1.055491955,0.603863602,2.999877955,0.603863602,2.999877955,3.184406411,0.351416802,2.277205475,1.055491955,-0.622649119,0.552276064,1.192651327,0.485017605,2.326579398,1.063318061,2.580895019,-2.647883328,3.697608040,1.673341874,-1.944386000,2.565289446,2.580542810,-2.648461152,3.697776044,1.673341874,-1.944386000,2.565289446,-1.226512721,-2.447601891,2.737715922,0.588787725,-2.514860349,2.582865378,1.722715796,-1.936559893,2.591913180
74.300000000,3.279587265,0.409039422,2.259883197,1.050919738,0.269818912,2.859430164,0.269818912,2.859430164,3.276676227,0.412161068,2.259883197,1.050919738,-0.648560903,0.440493088,1.228750718,0.433784413,2.270130164,1.045106089,3.009768353,-2.450390742,3.881123591,1.990064285,-1.808510426,2.689064116,3.006857315,-2.447269096,3.876895271,1.990064285,-1.808510426,2.689064116,-0.918379815,-2.418937076,2.587407595,0.958931806,-2.425645751,2.608315073,2.000311252,-1.814324075,2.700558637
74.380000000,3.343827221,0.470451416,2.174611583,1.024407261,0.380360836,2.977415993,0.380360836,2.977415993,3.338421321,0.475484156,2.174611583,1.024407261,-0.637422006,0.204360365,1.315513181,0.424766255,2.178105157,1.015943126,2.963466384,-2.506964577,3.881623938,1.794250747,-1.953008732,2.652089525,2.958060485,-2.501931837,3.874246346,1.794250747,-1.953008732,2.652089525,-1.017782842,-2.773055628,2.953932875,0.935152345,-2.552649738,2.718553033,1.797744321,-1.961472867,2.660687965
74.480000000,3.405005984,0.563813471,2.031797115,0.933396628,0.230053778,2.766330888,0.230053778,2.766330888,3.396856076,0.569226457,2.031797115,0.933396628,-0.637422006,0.204360365,1.353202607,0.337405890,2.096666366,0.992666657,3.174952206,-2.202517417,3.864117555,1.801743337,-1.832934260,2.570199808,3.166802298,-2.197104431,3.854335828,1.801743337,-1.832934260,2.570199808,-0.867475784,-2.561970523,2.704848831,1.123148829,-2.428924997,2.676030630,1.866612588,-1.773664231,2.574903368
74.580000000,3.441302382,0.670064134,2.035876587,0.921742622,0.191179673,2.903176485,0.191179673,2.903176485,3.431408785,0.674154903,2.035876587,0.921742622,-0.587961754,0.069437457,1.353202607,0.337405890,2.032182416,0.933292928,3.250122709,-2.233112351,3.943360039,1.844696914,-1.981433864,2.707210162,3.240229112,-2.229021582,3.932889767,1.844696914,-1.981433864,2.707210162,-0.779141426,-2.833739028,2.938900856,1.162022934,-2.565770595,2.816642690,1.841002743,-1.969883557,2.696244115
74.680000000,3.450566432,0.782375799,1.995337333,0.949340702,0.291119880,2.704664581,0.291119880,2.704664581,3.440110690,0.784292574,1.995337333,0.949340702,-0.462019153,-0.106356838,1.450832026,0.330428296,2.062425169,0.932610508,3.159446552,-1.922288782,3.698282936,1.704217454,-1.755323879,2.446532046,3.148990810,-1.920372007,3.688356242,1.704217454,-1.755323879,2.446532046,-0.753139033,-2.811021419,2.910164913,1.159712146,-2.374236285,2.642334233,1.771305290,-1.772054073,2.505533490
74.800000000,3.425635197,0.915316617,1.956461559,0.939309969,0.095185816,2.718727897,0.095185816,2.718727897,3.415882047,0.914475384,1.956461559,0.939309969,-0.462019153,-0.106356838,1.494273639,0.338009481,1.984929335,0.930659050,3.330449381,-1.803411280,3.787371823,1.861275742,-1.779417928,2.575009816,3.320696230,-1.804252513,3.779199728,1.861275742,-1.779417928,2.575009816,-0.557204970,-2.825084734,2.879510572,1.399087823,-2.380718416,2.761388584,1.889743519,-1.788068847,2.601599656
74.900000000,3.376465306,1.016810613,1.962586842,0.929502263,-0.206042050,2.520542488,-0.206042050,2.520542488,3.368043183,1.014046936,1.962586842,0.929502263,-0.366930004,-0.188218802,1.541818214,0.297078499,1.943988853,0.938966835,3.582507356,-1.503731875,3.885301598,2.168628892,-1.591040226,2.689676611,3.574085233,-1.506495553,3.878609816,2.168628892,-1.591040226,2.689676611,-0.160887954,-2.708761290,2.713535085,1.747860264,-2.223463990,2.828216331,2.150030903,-1.581575653,2.669084942
74.980000000,3.324054692,1.089724450,1.939890632,0.854690953,0.074225515,2.382491840,0.074225515,2.382491840,3.302761960,1.103447284,1.939890632,0.854690953,-0.251319864,-0.254639636,1.529352597,0.363548908,1.939371403,0.882761724,3.249829177,-1.292767390,3.497518721,1.865665118,-1.527800887,2.411406619,3.228536445,-1.279044556,3.472665050,1.865665118,-1.527800887,2.411406619,-0.325545379,-2.637131476,2.657149265,1.455127082,-2.018942932,2.488679447,1.865145889,-1.499730116,2.393315609
75.080000000,3.254218689,1.176888700,1.887467424,0.978177892,-0.057171971,2.284586541,-0.057171971,2.284586541,3.249828236,1.174474202,1.887467424,0.978177892,-0.159851026,-0.294035000,1.582101833,0.397844725,1.895272286,0.938497164,3.311390660,-1.107697841,3.491747787,1.944639395,-1.306408649,2.342717639,3.307000207,-1.110112339,3.488352014,1.944639395,-1.306408649,2.342717639,-0.102679055,-2.578621541,2.580665038,1.639273804,-1.886741816,2.499402585,1.952444257,-1.346089376,2.371496402
75.180000000,3.183626374,1.262866823,1.895358326,0.974358928,0.109563409,2.297360180,0.109563409,2.297360180,3.183651020,1.263239869,1.895358326,0.974358928,-0.036026123,-0.339603594,1.547183831,0.441426850,1.904046876,0.943253011,3.074062964,-1.034493356,3.243461055,1.785794917,-1.323001252,2.222475151,3.074087610,-1.034120311,3.243365452,1.785794917,-1.323001252,2.222475151,-0.145589532,-2.636963774,2.640979791,1.437620422,-1.855933330,2.347603246,1.794483467,-1.354107169,2.248060750
75.280000000,3.114317984,1.349412072,1.833639799,1.048559187,0.058683882,2.080186046,0.058683882,2.080186046,3.117463393,1.351994291,1.833639799,1.048559187,0.200334730,-0.420408940,1.609096283,0.418642553,1.860992670,1.079660752,3.055634103,-0.730773974,3.141803681,1.774955917,-1.031626859,2.052978929,3.058779512,-0.728191755,3.144263878,1.774955917,-1.031626859,2.052978929,0.141650849,-2.500594986,2.504603810,1.550412401,-1.661543493,2.272554816,1.802308789,-1.000525294,2.061399484
75.400000000,3.024577406,1.446814255,1.820556972,1.116188272,0.086316805,2.455082598,0.086316805,2.455082598,3.028334880,1.450270443,1.881556413,1.091112374,0.300756313,-0.428002872,1.637377512,0.437267528,1.820557238,1.116188320,2.938260601,-1.008268343,3.106441760,1.734240167,-1.338894326,2.190942029,2.942018075,-1.004812155,3.108877261,1.795239609,-1.363970224,2.254617490,0.214439509,-2.883085470,2.891049313,1.551060707,-2.017815070,2.545067184,1.734240434,-1.338894278,2.190942211
75.480000000,2.962575536,1.509855844,1.770521304,1.153035707,-0.149818750,2.128969527,-0.149818750,2.128969527,2.965772519,1.512980049,1.770521304,1.153035707,0.300756313,-0.428002872,1.657326357,0.464501566,1.881556591,1.091112429,3.112394286,-0.619113683,3.173373591,1.920340054,-0.975933820,2.154101377,3.115591270,-0.615989478,3.175901761,1.920340054,-0.975933820,2.154101377,0.450575064,-2.556972399,2.596367797,1.807145108,-1.664467961,2.456873426,2.031375341,-1.037857098,2.281147328
75.600000000,2.868294033,1.603316330,1.789946563,1.154096707,-0.071175619,1.857995605,-0.071175619,1.857995605,2.871970471,1.607068079,1.789946563,1.154096707,0.415084472,-0.448555313,1.688830004,0.530650266,1.785323527,1.177893544,2.939469652,-0.254679275,2.950481887,1.861122181,-0.703898898,1.989786278,2.943146089,-0.250927526,2.953823543,1.861122181,-0.703898898,1.989786278,0.486260091,-2.306550917,2.357249671,1.760005623,-1.327345339,2.204419525,1.856499145,-0.680102061,1.977151458
75.680000000,2.805474929,1.665707618,1.719546109,1.227000746,0.019161589,1.961587239,0.019161589,1.961587239,2.809464623,1.669821350,1.719546109,1.227000746,0.545725667,-0.478549740,1.688830004,0.530650266,1.741943924,1.254966547,2.786313340,-0.295879621,2.801979082,1.700384520,-0.734586493,1.852275582,2.790303034,-0.291765889,2.805515703,1.700384520,-0.734586493,1.852275582,0.526564079,-2.440136979,2.496304910,1.669668415,-1.430936973,2.198948212,1.722782335,-0.706620692,1.862066534
75.800000000,2.711602131,1.759709936,1.675932493,1.370981174,-0.000297690,1.837481046,-0.000297690,1.837481046,2.715700112,1.763962791,1.675932493,1.370981174,0.663921388,-0.493892411,1.675600298,0.593578939,1.675932503,1.370981176,2.711899821,-0.077771110,2.713014741,1.676230183,-0.466499872,1.739933837,2.715997802,-0.073518255,2.716992638,1.676230183,-0.466499872,1.739933837,0.664219078,-2.331373457,2.424147103,1.675897988,-1.243902107,2.087085652,1.676230193,-0.466499869,1.739933846
75.880000000,2.649217806,1.822604646,1.619497208,1.423219360,-0.121968405,1.517617843,-0.121968405,1.517617843,2.637567713,1.842432339,1.619497208,1.423219360,0.909488050,-0.543271251,1.759065782,0.617220676,1.652073701,1.367097479,2.771186210,0.304986803,2.787918572,1.741465613,-0.094398483,1.744022234,2.759536117,0.324814496,2.778586698,1.741465613,-0.094398483,1.744022234,1.031456454,-2.060889094,2.304596770,1.881034186,-0.900397167,2.085426735,1.774042105,-0.150520364,1.780416179
76.000000000,2.555821284,1.917132584,1.682160752,1.456853128,0.059744793,1.717152167,0.059744793,1.717152167,2.559442292,1.920878374,1.682160752,1.456853128,0.909488050,-0.543271251,1.759065782,0.617220676,1.619497210,1.423219361,2.496076492,0.199980417,2.504074683,1.622415959,-0.260299039,1.643164366,2.499697499,0.203726207,2.507985636,1.622415959,-0.260299039,1.643164366,0.849743257,-2.260423418,2.414865966,1.699320989,-1.099931491,2.024238402,1.559752418,-0.293932806,1.587206382
76.100000000,2.478061212,1.995974925,1.626610135,1.467729388,0.128500711,1.345675747,0.128500711,1.345675747,2.481314246,1.999318692,1.539224671,1.537433576,1.152475019,-0.586998821,1.732654667,0.686930666,1.626610135,1.467729388,2.349560501,0.650299178,2.437893264,1.498109423,0.122053641,1.503073164,2.352813535,0.653642944,2.441921503,1.410723959,0.191757829,1.423697002,1.023974308,-1.932674568,2.187179547,1.604153956,-0.658745081,1.734143880,1.498109424,0.122053641,1.503073164
76.200000000,2.400332741,2.074863473,1.506434180,1.612939261,-0.060947019,1.283025445,-0.060947019,1.283025445,2.387593966,2.093534909,1.506434180,1.612939261,1.152475019,-0.586998821,1.801897815,0.672877506,1.539224671,1.537433577,2.461279760,0.791838027,2.585518424,1.567381199,0.329913815,1.601726240,2.448540985,0.810509464,2.579201145,1.567381199,0.329913815,1.601726240,1.213422038,-1.870024266,2.229211475,1.862844834,-0.610147940,1.960222279,1.600171690,0.254408131,1.620269402
76.300000000,2.322626250,2.153763209,1.555303705,1.637576277,-0.115353154,1.341283116,-0.115353154,1.341283116,2.293911847,2.187755455,1.555303705,1.637576277,1.275288059,-0.615123415,1.815268116,0.704488052,1.555303705,1.637576277,2.437979403,0.812480092,2.569799111,1.670656859,0.296293160,1.696727432,2.409265001,0.846472339,2.553639220,1.670656859,0.296293160,1.696727432,1.390641212,-1.956406531,2.400293627,1.930621270,-0.636795064,2.032930506,1.670656859,0.296293160,1.696727432
76.440000000,2.213780295,2.264163631,1.416814825,1.763256034,0.079192374,1.139113692,0.079192374,1.139113692,2.231438633,2.250539418,1.416814825,1.763256034,1.411830052,-0.642895027,1.837810400,0.729870029,1.533827667,1.703503917,2.134587920,1.125049938,2.412924150,1.337622450,0.624142342,1.476071639,2.152246258,1.111425726,2.422278081,1.337622450,0.624142342,1.476071639,1.332637678,-1.782008719,2.225191735,1.758618025,-0.409243663,1.805607304,1.454635293,0.564390225,1.560288486
76.500000000,2.167095204,2.311432934,1.386329148,1.802781294,0.179246486,1.071440532,0.179246486,1.071440532,2.153320935,2.328993570,1.386329148,1.802781294,1.438014847,-0.659670380,1.867228151,0.755434091,1.416814825,1.763256034,1.987848718,1.239992401,2.342887894,1.207082662,0.731340761,1.411349660,1.974074449,1.257553037,2.340600259,1.207082662,0.731340761,1.411349660,1.258768361,-1.731110912,2.140383792,1.687981665,-0.316006442,1.717306662,1.237568339,0.691815502,1.417809607
76.600000000,2.089261588,2.390192719,1.471250678,1.843293139,-0.009145318,0.782134924,-0.009145318,0.782134924,2.059639108,2.423227495,1.471250678,1.843293139,1.653661036,-0.679667113,1.910378120,0.815882910,1.371633839,1.863501721,2.098406906,1.608057794,2.643702218,1.480395996,1.061158214,1.821435989,2.068784426,1.641092571,2.640654053,1.480395996,1.061158214,1.821435989,1.662806354,-1.461802037,2.213998682,1.919523438,0.033747986,1.919820084,1.380779157,1.081366796,1.753825883
76.700000000,2.011438114,2.468957689,1.348772060,1.937531591,0.109171092,0.981824357,0.109171092,0.981824357,2.012830618,2.470355720,1.348772060,1.937531591,1.770151030,-0.702809227,1.871461312,0.855262803,1.319529928,1.976075179,1.902267022,1.487133331,2.414577679,1.239600969,0.955707234,1.565243393,1.903659527,1.488531363,2.416535787,1.239600969,0.955707234,1.565243393,1.660979938,-1.684633585,2.365765134,1.762290220,-0.126561555,1.766828981,1.210358836,0.994250821,1.566366243
76.780000000,1.949200032,2.531984121,1.280791648,2.019861380,0.184661525,0.842318992,0.184661525,0.842318992,1.950460228,2.533241537,1.280791648,2.019861380,1.902643432,-0.726150962,1.957040773,0.871403363,1.280791648,2.019861380,1.764538508,1.689665129,2.443064550,1.096130124,1.177542388,1.608759560,1.765798703,1.690922545,2.444844395,1.096130124,1.177542388,1.608759560,1.717981907,-1.568469954,2.326275958,1.772379248,0.029084371,1.772617866,1.096130124,1.177542388,1.608759560
76.880000000,1.871411641,2.610795509,1.252664477,2.050880245,0.262555203,0.710900946,0.262555203,0.710900946,1.856913345,2.627621968,1.252664477,2.050880245,2.131834594,-0.770561193,1.957040773,0.871403363,1.282661683,2.029233022,1.608856438,1.899894564,2.489581971,0.990109274,1.339979299,1.666091503,1.594358142,1.916721022,2.493150088,0.990109274,1.339979299,1.666091503,1.869279391,-1.481462139,2.385148950,1.694485570,0.160502417,1.702070026,1.020106480,1.318332076,1.666918323
76.980000000,1.793607099,2.689572296,1.223844458,2.158617721,0.173432936,0.718935907,0.173432936,0.718935907,1.794540415,2.690501054,1.223844458,2.158617721,2.255400000,-0.796699429,2.040517313,0.880711464,1.280759634,2.057335625,1.620174163,1.970636390,2.551151132,1.050411522,1.439681814,1.782147045,1.621107479,1.971565147,2.552461280,1.050411522,1.439681814,1.782147045,2.081967064,-1.515635336,2.575215977,1.867084378,0.161775557,1.874079882,1.107326698,1.338399719,1.737091311
77.100000000,1.695325449,2.778911164,1.174357334,2.213791843,0.311318539,0.617564876,0.311318539,0.617564876,1.696663949,2.780060669,1.174357334,2.213791843,2.255400000,-0.796699429,2.001623118,0.920117158,1.174357334,2.213791843,1.384006910,2.161346288,2.566494283,0.863038795,1.596226966,1.814600917,1.385345410,2.162495793,2.568184176,0.863038795,1.596226966,1.814600917,1.944081460,-1.414264305,2.404079086,1.690304578,0.302552282,1.717168440,0.863038795,1.596226966,1.814600917
77.180000000,1.620234066,2.825960575,1.209222338,2.149417792,0.173967311,0.621065572,0.173967311,0.621065572,1.620159780,2.824457907,1.209222338,2.149417792,2.377282411,-0.822878561,2.036303930,0.978016301,1.238808448,2.176195110,1.446266755,2.204895003,2.636901497,1.035255027,1.528352220,1.845972232,1.446192469,2.203392335,2.635604379,1.035255027,1.528352220,1.845972232,2.203315100,-1.443944133,2.634306757,1.862336619,0.356950730,1.896236142,1.064841137,1.555129538,1.884758480
77.300000000,1.494411419,2.868422822,1.184593659,2.098957065,0.219637551,0.588428785,0.219637551,0.588428785,1.493146859,2.861888464,1.184593659,2.098957065,2.509535950,-0.826203391,2.064885008,0.999878592,1.188045645,2.113361471,1.274773868,2.279994037,2.612167917,0.964956109,1.510528280,1.792438556,1.273509308,2.273459679,2.605848205,0.964956109,1.510528280,1.792438556,2.289898399,-1.414632176,2.691620120,1.845247457,0.411449807,1.890563176,0.968408094,1.524932687,1.806442342
77.380000000,1.405454173,2.875013026,1.308622138,1.997198050,0.117803265,0.232130902,0.117803265,0.232130902,1.404793892,2.866056232,1.308622138,1.997198050,2.659015377,-0.804723730,2.064885008,0.999878592,1.263518235,2.062949711,1.287650907,2.642882124,2.939875980,1.190818873,1.765067148,2.129204458,1.286990626,2.633925330,2.931536716,1.190818873,1.765067148,2.129204458,2.541212112,-1.036854633,2.744599520,1.947081743,0.767747690,2.092979653,1.145714970,1.830818809,2.159759316
77.480000000,1.294735086,2.857900987,1.306549127,1.958247552,0.285409541,0.115108892,0.285409541,0.115108892,1.295894106,2.847511592,1.306549127,1.958247552,2.763371054,-0.765882423,2.084412613,1.054565301,1.217703678,2.010467857,1.009325546,2.742792095,2.922609542,1.021139586,1.843138661,2.107103741,1.010484565,2.732402700,2.913263389,1.021139586,1.843138661,2.107103741,2.477961513,-0.880991315,2.629912348,1.799003073,0.939456410,2.029529601,0.932294137,1.895358965,2.112240035
77.600000000,1.170547351,2.805974552,1.288705373,1.888481091,0.400612335,0.156192710,0.400612335,0.156192710,1.174069778,2.794963184,1.288705373,1.888481091,2.880725427,-0.704527432,2.087730257,1.076686777,1.198075658,1.942536344,0.769935016,2.649781842,2.759373795,0.888093038,1.732288382,1.946672104,0.773457442,2.638770474,2.749790179,0.888093038,1.732288382,1.946672104,2.480113091,-0.860720142,2.625223821,1.687117921,0.920494067,1.921893912,0.797463323,1.786343634,1.956264637
77.680000000,1.091421600,2.764474144,1.349299152,1.847585591,0.411386118,0.135736477,0.411386118,0.135736477,1.094497658,2.756041885,1.349299152,1.847585591,2.985842430,-0.624575190,2.087730257,1.076686777,1.276181367,1.845338644,0.680035482,2.628737667,2.715273463,0.937913033,1.711849114,1.951949858,0.683111539,2.620305409,2.707885118,0.937913033,1.711849114,1.951949858,2.574456312,-0.760311666,2.684380586,1.676344138,0.940950301,1.922372789,0.864795249,1.709602168,1.915883711
77.780000000,0.993707015,2.710949098,1.176256587,1.818621789,0.484180001,0.135583904,0.484180001,0.135583904,0.995008161,2.707455566,1.176256587,1.818621789,3.183826956,-0.451095026,2.090071201,1.113603750,1.197487287,1.850148722,0.509527014,2.575365194,2.625285444,0.692076587,1.683037885,1.819776504,0.510828160,2.571871662,2.622111602,0.692076587,1.683037885,1.819776504,2.699646956,-0.586678930,2.762659199,1.605891200,0.978019846,1.880268429,0.713307287,1.714564818,1.857024448
77.880000000,0.899412655,2.652309848,1.136943152,1.796866480,0.490753824,0.076934344,0.490753824,0.076934344,0.898609511,2.653313344,1.136943152,1.796866480,3.183826956,-0.451095026,2.090071201,1.113603750,1.220811785,1.811769170,0.408658831,2.575375504,2.607596791,0.646189328,1.719932136,1.837315215,0.407855687,2.576379000,2.608462193,0.646189328,1.719932136,1.837315215,2.693073132,-0.528029370,2.744350180,1.599317377,1.036669406,1.905911732,0.730057961,1.734834826,1.882189284
78.000000000,0.802576839,2.561527567,1.193933644,1.736288628,0.669387478,0.113210859,0.669387478,0.113210859,0.803135967,2.561555765,1.193933644,1.736288628,3.349282235,-0.253431001,2.086331847,1.143598954,1.193933644,1.736288628,0.133189360,2.448316708,2.451936808,0.524546165,1.623077769,1.705734482,0.133748489,2.448344906,2.451995399,0.524546165,1.623077769,1.705734482,2.679894756,-0.366641860,2.704858990,1.416944368,1.030388096,1.751979158,0.524546165,1.623077769,1.705734482
78.080000000,0.751869866,2.489082185,1.322358603,1.631460448,0.856203104,0.190697620,0.856203104,0.190697620,0.754770022,2.487442038,1.322358603,1.631460448,3.349282235,-0.253431001,2.086331847,1.143598954,1.322358603,1.631460448,-0.104333239,2.298384565,2.300751406,0.466155499,1.440762828,1.514298014,-0.101433082,2.296744418,2.298983164,0.466155499,1.440762828,1.514298014,2.493079130,-0.444128621,2.532329714,1.230128742,0.952901334,1.556032672,0.466155499,1.440762828,1.514298014
78.180000000,0.694789106,2.394407586,1.299039892,1.581344772,0.745434109,0.043235595,0.745434109,0.043235595,0.697654458,2.392586512,1.299039892,1.581344772,3.400579341,-0.147997086,2.075929537,1.154048283,1.316826563,1.603534448,-0.050645003,2.351171991,2.351717383,0.553605783,1.538109177,1.634704622,-0.047779651,2.349350917,2.349836723,0.553605783,1.538109177,1.634704622,2.655145232,-0.191232680,2.662022941,1.330495427,1.110812688,1.733240581,0.571392454,1.560298853,1.661632284
78.280000000,0.644063843,2.295899475,1.312678145,1.524925587,1.077017285,0.030175118,1.077017285,0.030175118,0.643357020,2.296177754,1.312678145,1.524925587,3.494979805,0.089053087,2.074036312,1.181187470,1.311996368,1.559910361,-0.432953442,2.265724358,2.306719651,0.235660860,1.494750469,1.513213470,-0.433660266,2.266002637,2.307125739,0.235660860,1.494750469,1.513213470,2.417962520,0.058877969,2.418679260,0.997019027,1.151012352,1.522785729,0.234979083,1.529735243,1.547677319
78.400000000,0.587360262,2.175735377,1.350025374,1.473490389,1.060858829,-0.003603702,1.060858829,-0.003603702,0.586064187,2.176289580,1.350025374,1.473490389,3.494979805,0.089053087,2.074036312,1.181187470,1.411295709,1.515121418,-0.473498566,2.179339079,2.230183785,0.289166546,1.477094091,1.505132634,-0.474794641,2.179893282,2.231000823,0.289166546,1.477094091,1.505132634,2.434120977,0.092656789,2.435883866,1.013177484,1.184791172,1.558928714,0.350436880,1.518725120,1.558631450
78.480000000,0.550536850,2.095168721,1.265216108,1.398005781,1.093086551,-0.203056426,1.093086551,-0.203056426,0.547858346,2.096386291,1.265216108,1.398005781,3.549788153,0.241328533,2.068574208,1.208531955,1.258469915,1.413561443,-0.542549701,2.298225147,2.361397681,0.172129557,1.601062207,1.610288413,-0.545228205,2.299442717,2.363199231,0.172129557,1.601062207,1.610288413,2.456701602,0.444384959,2.496569797,0.975487656,1.411588381,1.715854867,0.165383364,1.616617869,1.625055381
78.600000000,0.504836814,1.970865088,1.343910173,1.355619262,1.197422349,0.057455311,1.197422349,0.057455311,0.500326489,1.972669927,1.343910173,1.355619262,3.608042343,0.477732816,2.065044054,1.217711861,1.271687849,1.377502906,-0.692585535,1.913409777,2.034898449,0.146487824,1.298163951,1.306402819,-0.697095860,1.915214616,2.038133868,0.146487824,1.298163951,1.306402819,2.410619994,0.420277505,2.446982210,0.867621705,1.160256550,1.448779722,0.074265500,1.320047595,1.322135022
78.700000000,0.474052398,1.864907825,1.327533024,1.231595750,1.347055099,-0.048288966,1.347055099,-0.048288966,0.466783181,1.844109134,1.327533024,1.231595750,3.627493937,0.603034409,2.056439579,1.224298952,1.323073041,1.271865567,-0.873002701,1.913196790,2.102963546,-0.019522074,1.279884716,1.280033592,-0.880271917,1.892398100,2.087115047,-0.019522074,1.279884716,1.280033592,2.280438839,0.651323375,2.371628857,0.709384480,1.272587918,1.456951046,-0.023982058,1.320154533,1.320372345
78.800000000,0.446721994,1.757745110,1.272281669,1.194310509,1.344437222,-0.057585248,1.344437222,-0.057585248,0.444465225,1.758385111,1.272281669,1.194310509,3.627493937,0.603034409,2.056439579,1.224298952,1.327533024,1.231595750,-0.897715228,1.815330358,2.025170842,-0.072155553,1.251895757,1.253973449,-0.899971996,1.815970360,2.026745653,-0.072155553,1.251895757,1.253973449,2.283056716,0.660619658,2.376713340,0.712002357,1.281884200,1.466347319,-0.016904198,1.289180998,1.289291820
78.880000000,0.425248785,1.671865585,1.252930282,1.117757314,1.244119689,-0.007688608,1.244119689,-0.007688608,0.422175789,1.672662352,1.252930282,1.117757314,3.646262797,0.737380272,2.050773168,1.233971117,1.289039040,1.164537426,-0.818870904,1.679554193,1.868542706,0.008810592,1.125445922,1.125480409,-0.821943900,1.680350960,1.870607154,0.008810592,1.125445922,1.125480409,2.402143108,0.745068880,2.515038597,0.806653479,1.241659725,1.480678462,0.044919351,1.172226034,1.173086367
78.980000000,0.398131230,1.564545733,1.248961485,1.077906383,1.557201429,-0.017827724,1.557201429,-0.017827724,0.394316129,1.565490729,1.248961485,1.077906383,3.660156470,0.847123351,2.042702628,1.259494468,1.250937532,1.104885966,-1.159070199,1.582373457,1.961466157,-0.308239944,1.095734106,1.138264071,-1.162885300,1.583318452,1.964484549,-0.308239944,1.095734106,1.138264071,2.102955041,0.864951075,2.273886600,0.485501199,1.277322192,1.366478465,-0.306263897,1.122713690,1.163736914
79.080000000,0.370629135,1.457315836,1.298915155,1.023285309,1.326048212,-0.159415640,1.326048212,-0.159415640,0.366520178,1.458319931,1.298915155,1.023285309,3.692390798,1.108731847,2.036551716,1.269899295,1.298915155,1.023285309,-0.955419077,1.616731476,1.877936708,-0.027133058,1.182700949,1.183012146,-0.959528034,1.617735571,1.880894049,-0.027133058,1.182700949,1.183012146,2.366342585,1.268147487,2.684730020,0.710503504,1.429314935,1.596169293,-0.027133058,1.182700949,1.183012146
79.200000000,0.337231012,1.328719901,1.268621071,0.938240335,1.828555884,0.009187521,1.828555884,0.009187521,0.333177684,1.329706684,1.268621071,0.938240335,3.705367322,1.236146602,2.031509967,1.283023841,1.196392283,0.984534756,-1.491324872,1.319532380,1.991284905,-0.559934813,0.929052815,1.084742424,-1.495378200,1.320519164,1.994975394,-0.559934813,0.929052815,1.084742424,1.876811438,1.226959082,2.242286726,0.202954083,1.273836321,1.289902838,-0.632163601,0.975347235,1.162296455
79.280000000,0.314805233,1.243022472,1.164470930,0.858937127,1.698300469,-0.032521413,1.698300469,-0.032521413,0.305410804,1.222525558,1.164470930,0.858937127,3.723248164,1.367351184,2.030239588,1.348035542,1.164733969,0.878005575,-1.383495236,1.275543885,1.881773437,-0.533829538,0.891458540,1.039072810,-1.392889664,1.255046971,1.874909202,-0.533829538,0.891458540,1.039072810,2.024947696,1.399872598,2.461718193,0.331939120,1.380556956,1.419901788,-0.533566500,0.910526988,1.055344781
79.380000000,0.286722751,1.135909466,1.124315464,0.813678918,1.733506633,-0.060671697,1.733506633,-0.060671697,0.283254637,1.136758259,1.124315464,0.813678918,3.723248164,1.367351184,2.030239588,1.348035542,1.164470930,0.858937127,-1.446783882,1.196581163,1.877495694,-0.609191169,0.874350615,1.065646695,-1.450251996,1.197429956,1.880709800,-0.609191169,0.874350615,1.065646695,1.989741531,1.428022882,2.449146936,0.296732955,1.408707240,1.439620274,-0.569035703,0.919608824,1.081425920
79.500000000,0.253049699,1.007368502,1.192445275,0.770794083,2.028082625,0.027574311,2.028082625,0.027574311,0.250058853,1.008107673,1.192445275,0.770794083,3.755531080,1.651437767,2.012489843,1.316844148,1.137100018,0.795993758,-1.775032927,0.979794191,2.027495634,-0.835637350,0.743219772,1.118331530,-1.778023773,0.980533362,2.030471426,-0.835637350,0.743219772,1.118331530,1.727448455,1.623863456,2.370867075,-0.015592782,1.289269837,1.289364126,-0.890982607,0.768419447,1.176570632
79.580000000,0.230622609,0.921670165,1.167257629,0.713455064,2.125811897,-0.029859315,2.125811897,-0.029859315,0.222425796,0.900888939,1.167257629,0.713455064,3.770239932,1.758890261,2.012489843,1.316844148,1.225948017,0.742134063,-1.895189287,0.951529481,2.120648671,-0.958554267,0.743314380,1.212989097,-1.903386101,0.930748254,2.118766377,-0.958554267,0.743314380,1.212989097,1.644428035,1.788749576,2.429767192,-0.113322054,1.346703464,1.351462951,-0.899863879,0.771993379,1.185634336
79.680000000,0.202637918,0.814532088,1.094591981,0.633390437,2.035136342,0.104337130,2.035136342,0.104337130,0.200318706,0.815105899,1.094591981,0.633390437,3.770239932,1.758890261,2.000431271,1.340280213,1.078667660,0.672316885,-1.832498424,0.710194958,1.965305918,-0.940544361,0.529053308,1.079129787,-1.834817635,0.710768770,1.967675786,-0.940544361,0.529053308,1.079129787,1.735103590,1.654553131,2.397525919,-0.034705071,1.235943083,1.236430244,-0.956468682,0.567979755,1.112399812
79.780000000,0.174669642,0.707395494,1.072876778,0.589439718,2.211336205,0.014256827,2.211336205,0.014256827,0.172658202,0.707894689,1.072876778,0.589439718,3.786929638,1.887362126,1.994783778,1.350947107,1.088834533,0.626986551,-2.036666562,0.693138667,2.151383717,-1.138459427,0.575182891,1.275509790,-2.038678003,0.693637863,2.153448742,-1.138459427,0.575182891,1.275509790,1.575593433,1.873105299,2.447655640,-0.216552427,1.336690280,1.354118111,-1.122501672,0.612729725,1.278846246
79.900000000,0.141131586,0.578832667,1.057823432,0.514110991,2.249827502,-0.014773974,2.249827502,-0.014773974,0.139423210,0.579272801,1.057823432,0.514110991,3.822816200,2.156143973,1.998742921,1.431769734,1.026341207,0.531595349,-2.108695916,0.593606641,2.190654539,-1.192004070,0.528884965,1.304067870,-2.110404292,0.594046776,2.192418265,-1.192004070,0.528884965,1.304067870,1.572988698,2.170917948,2.680891303,-0.251084581,1.446543708,1.468173071,-1.223486295,0.546369324,1.339939608
79.980000000,0.118764232,0.493121138,1.009060018,0.464611450,2.387522288,0.156637120,2.387522288,0.156637120,0.117230474,0.493509070,1.009060018,0.464611450,3.822816200,2.156143973,1.998742921,1.431769734,1.057823432,0.514110991,-2.268758056,0.336484017,2.293574636,-1.378462270,0.307974329,1.412446961,-2.270291814,0.336871950,2.295148717,-1.378462270,0.307974329,1.412446961,1.435293912,1.999506853,2.461320026,-0.388779367,1.275132613,1.333083860,-1.329698856,0.357473871,1.376911985
80.100000000,0.085230126,0.364549265,1.056955138,0.431860298,2.555657315,0.196049007,2.555657315,0.196049007,0.083959070,0.364871608,1.056955138,0.431860298,3.839662767,2.285850156,1.990397177,1.432341412,0.998884378,0.471315264,-2.470427190,0.168500258,2.476166964,-1.498702177,0.235811290,1.517140462,-2.471698246,0.168822600,2.477457020,-1.498702177,0.235811290,1.517140462,1.284005452,2.089801149,2.452741088,-0.565260139,1.236292404,1.359388809,-1.556772938,0.275266256,1.580921722
80.180000000,0.062922659,0.278827473,0.965282342,0.345869602,2.664120284,-0.049285743,2.664120284,-0.049285743,0.061810886,0.279110601,0.965282342,0.345869602,3.874274218,2.550095511,1.971515731,1.403166892,0.953601006,0.375260278,-2.601197625,0.328113216,2.621809941,-1.698837941,0.395155345,1.744189811,-2.602309398,0.328396344,2.622948410,-1.698837941,0.395155345,1.744189811,1.210153934,2.599381253,2.867273172,-0.692604553,1.452452635,1.609136328,-1.710519277,0.424546020,1.762417522
80.280000000,0.035076495,0.171658695,0.959730004,0.319807566,2.804650334,0.009242946,2.804650334,0.009242946,0.034119066,0.171899954,0.959730004,0.319807566,3.874274218,2.550095511,1.971515731,1.403166892,0.959730004,0.319807566,-2.769573838,0.162415748,2.774332013,-1.844920330,0.310564620,1.870877176,-2.770531267,0.162657007,2.775301931,-1.844920330,0.310564620,1.870877176,1.069623884,2.540852565,2.756814649,-0.833134603,1.393923946,1.623926486,-1.844920330,0.310564620,1.870877176
80.380000000,0.007258603,0.064488202,0.934477054,0.281611116,2.922469131,0.039754330,2.922469131,0.039754330,0.006439640,0.064696611,0.934477054,0.281611116,3.888968416,2.681545465,1.968598438,1.414461492,0.960869887,0.289339778,-2.915210527,0.024733872,2.915315452,-1.987992077,0.241856786,2.002650045,-2.916029491,0.024942281,2.916136161,-1.987992077,0.241856786,2.002650045,0.966499286,2.641791135,2.813037730,-0.953870692,1.374707162,1.673227145,-1.961599243,0.249585448,1.977413585
80.500000000,-0.021466561,-0.026778976,0.925532210,0.220142895,2.813487965,0.143412621,2.813487965,0.143412621,-0.010172293,0.000371686,0.925532210,0.220142895,3.903583008,2.815990140,1.962022456,1.426602080,1.023500457,0.250843963,-2.834954526,-0.170191597,2.840058511,-1.887955755,0.076730274,1.889514347,-2.823660258,-0.143040935,2.827281019,-1.887955755,0.076730274,1.889514347,1.090095042,2.672577518,2.886343325,-0.851465510,1.283189458,1.539989838,-1.789987509,0.107431342,1.793208514
80.600000000,-0.030091433,-0.034941917,0.262460575,0.092424352,2.900054084,-0.067109481,2.900054084,-0.067109481,-0.010164800,0.000381980,0.262460575,0.092424352,3.924078579,2.947387355,1.951306009,1.460304190,0.251444821,0.095534759,-2.930145517,0.032167564,2.930322082,-2.637593509,0.159533833,2.642413776,-2.910218884,0.067491461,2.911001382,-2.637593509,0.159533833,2.642413776,1.024024495,3.014496836,3.183679843,-0.948748075,1.527413671,1.798086603,-2.648609262,0.162644240,2.653598345
80.700000000,-0.030587982,-0.027110043,0.261763744,0.104763634,2.872551860,-0.011927806,2.872551860,-0.011927806,-0.010170327,0.000374056,0.261763744,0.104763634,3.972825207,3.096733969,1.951306009,1.460304190,0.214400963,0.081985334,-2.903139842,-0.015182238,2.903179540,-2.610788116,0.116691439,2.613394627,-2.882722187,0.012301862,2.882748435,-2.610788116,0.116691439,2.613394627,1.100273347,3.108661774,3.297632403,-0.921245851,1.472231995,1.736709810,-2.658150897,0.093913140,2.659809367
80.800000000,-0.027187917,-0.017140679,0.248109781,0.094417176,2.833390718,0.131230389,2.833390718,0.131230389,-0.010178235,0.000369327,0.248109781,0.094417176,4.037766353,3.220453969,2.003589186,1.596671963,0.188055842,0.073323291,-2.860578635,-0.148371068,2.864423869,-2.585280937,-0.036813212,2.585543025,-2.843568953,-0.130861062,2.846578474,-2.585280937,-0.036813212,2.585543025,1.204375635,3.089223581,3.315693442,-0.829801532,1.465441574,1.684069355,-2.645334876,-0.057907098,2.645968601
80.880000000,-0.023293423,-0.010705123,0.236792327,0.093889651,2.920227382,-0.095802466,2.920227382,-0.095802466,-0.010167445,0.000373461,0.236792327,0.093889651,4.105858624,3.313291400,2.039335353,1.648075360,0.168641416,0.070264383,-2.943520805,0.085097343,2.944750633,-2.683435056,0.189692117,2.690131372,-2.930394827,0.096175927,2.931972656,-2.683435056,0.189692117,2.690131372,1.185631241,3.409093866,3.609382554,-0.880892029,1.743877826,1.953735048,-2.751585966,0.166066849,2.756592739
80.980000000,-0.018253770,-0.005438863,0.235345335,0.103531158,2.978112138,0.078078998,2.978112138,0.078078998,-0.010172533,0.000372682,0.235345335,0.103531158,4.209812786,3.404775951,2.093259682,1.697035414,0.147069726,0.064541344,-2.996365908,-0.083517861,2.997529631,-2.742766803,0.025452160,2.742884895,-2.988284671,-0.077706317,2.989294824,-2.742766803,0.025452160,2.742884895,1.231700648,3.326696953,3.547393283,-0.884852456,1.618956416,1.844988820,-2.831042412,-0.013537655,2.831074779
81.100000000,-0.013143416,-0.002700497,0.225188307,0.098184907,2.794532339,-0.038141319,2.794532339,-0.038141319,-0.010160971,0.000370948,0.225188307,0.098184907,4.303652810,3.460467614,2.142699520,1.727514376,0.127658128,0.059398802,-2.807675755,0.035440822,2.807899428,-2.569344031,0.136326226,2.572958140,-2.804693310,0.038512267,2.804957710,-2.569344031,0.136326226,2.572958140,1.509120471,3.498608934,3.810211158,-0.651832819,1.765655695,1.882133379,-2.666874210,0.097540121,2.668657364
81.200000000,-0.010214944,-0.002475634,0.215430632,0.098983356,2.680626442,0.006134340,2.680626442,0.006134340,-0.010166671,0.000371875,0.215430632,0.098983356,4.468205195,3.537503822,2.227530889,1.767401663,0.116082913,0.050438211,-2.690841386,-0.008609974,2.690855161,-2.465195810,0.092849016,2.466943721,-2.690793113,-0.005762465,2.690799283,-2.465195810,0.092849016,2.466943721,1.787578753,3.531369482,3.958030851,-0.453095553,1.761267322,1.818614352,-2.564543529,0.044303871,2.564926187
81.280000000,-0.008817355,-0.003056789,0.202282817,0.084674910,2.807144913,0.038238466,2.807144913,0.038238466,-0.010170011,0.000373708,0.202282817,0.084674910,4.580847296,3.557246446,2.285316176,1.777385406,0.100856258,0.048271524,-2.815962268,-0.041295255,2.816265044,-2.604862097,0.046436444,2.605275971,-2.817314924,-0.037864758,2.817569364,-2.604862097,0.046436444,2.605275971,1.773702383,3.519007980,3.940740705,-0.521828737,1.739146940,1.815747039,-2.706288656,0.010033057,2.706307253
81.400000000,-0.008144403,-0.004403138,0.197594558,0.099921020,2.627406522,0.094165019,2.627406522,0.094165019,-0.010175366,0.000380782,0.197594558,0.099921020,4.716973343,3.569636076,2.286014971,1.777094829,0.090817425,0.045454105,-2.635550926,-0.098568157,2.637393479,-2.429811965,0.005756001,2.429818782,-2.637581888,-0.093784237,2.639248700,-2.429811965,0.005756001,2.429818782,2.089566821,3.475471057,4.055266769,-0.341391552,1.682929810,1.717207307,-2.536589098,-0.048710914,2.537056760
81.480000000,-0.008451514,-0.005270238,0.186411726,0.100102127,2.926870746,-0.010089676,2.926870746,-0.010089676,-0.010169767,0.000370875,0.186411726,0.100102127,4.869815398,3.548412765,2.430835497,1.772004813,0.077706808,0.037133294,-2.935322260,0.004819437,2.935326217,-2.740459020,0.110191802,2.742673491,-2.937040514,0.010460551,2.937059142,-2.740459020,0.110191802,2.742673491,1.942944651,3.558502441,4.054377084,-0.496035249,1.782094489,1.849841003,-2.849163938,0.047222970,2.849555255
81.600000000,-0.009673822,-0.006140002,0.180776435,0.096171961,2.716375990,0.013998979,2.716375990,0.013998979,-0.010170092,0.000373730,0.180776435,0.096171961,4.978272992,3.509665525,2.430681942,1.771571263,0.069335312,0.032542442,-2.726049812,-0.020138980,2.726124200,-2.535599555,0.082172982,2.536930725,-2.726546082,-0.013625249,2.726580126,-2.535599555,0.082172982,2.536930725,2.261897002,3.495666546,4.163635749,-0.285694049,1.757572284,1.780640734,-2.647040678,0.018543463,2.647105629
81.680000000,-0.010772948,-0.006317281,0.169034268,0.084427260,2.810676107,-0.143061447,2.810676107,-0.143061447,-0.010169767,0.000385888,0.169034268,0.084427260,5.199540169,3.359635819,2.535907193,1.719996673,0.056921074,0.029024775,-2.821449055,0.136744165,2.824760828,-2.641641839,0.227488707,2.651419000,-2.820845873,0.143447335,2.824490853,-2.641641839,0.227488707,2.651419000,2.388864062,3.502697266,4.239759385,-0.274768914,1.863058120,1.883210958,-2.753755033,0.172086222,2.759126755
81.780000000,-0.012229325,-0.006091156,0.164731286,0.091924135,2.669511360,0.018711489,2.669511360,0.018711489,-0.010170611,0.000376772,0.164731286,0.091924135,5.199540169,3.359635819,2.535907193,1.719996673,0.048113702,0.026282345,-2.681740684,-0.024802645,2.681855378,-2.504780073,0.073212646,2.505849817,-2.679681971,-0.018334717,2.679744694,-2.504780073,0.073212646,2.505849817,2.530028809,3.340924330,4.190801970,-0.133604167,1.701285184,1.706523176,-2.621397657,0.007570856,2.621408590
81.900000000,-0.013831529,-0.005212561,0.158465345,0.090370807,2.682694243,0.157582627,2.682694243,0.157582627,-0.010168746,0.000378399,0.158465345,0.090370807,5.302131537,3.265363410,2.593655422,1.676772331,0.042295260,0.026532166,-2.696525771,-0.162795188,2.701435453,-2.524228898,-0.067211820,2.525123553,-2.692862989,-0.157204229,2.697447728,-2.524228898,-0.067211820,2.525123553,2.619437295,3.107780783,4.064449918,-0.089038821,1.519189704,1.521796724,-2.640398983,-0.131050461,2.643649185
82.000000000,-0.014871295,-0.004089175,0.144865693,0.091645839,2.663762021,0.099292132,2.663762021,0.099292132,-0.010166412,0.000378592,0.144865693,0.091645839,5.369410225,3.155764436,2.644951106,1.629636127,0.032496992,0.020944187,-2.678633315,-0.103381307,2.680627563,-2.518896328,-0.007646292,2.518907933,-2.673928433,-0.098913540,2.675757304,-2.518896328,-0.007646292,2.518907933,2.705648205,3.056472304,4.081979318,-0.018810914,1.530343996,1.530459603,-2.631265028,-0.078347945,2.632431205
82.080000000,-0.015454124,-0.003033061,0.141398335,0.096728334,2.877281481,0.007109074,2.877281481,0.007109074,-0.010169874,0.000374752,0.141398335,0.096728334,5.449135910,2.898845142,2.703316646,1.507435792,0.026638410,0.021782402,-2.892735605,-0.010142134,2.892753384,-2.735883145,0.089619261,2.737350580,-2.887451355,-0.006734322,2.887459208,-2.735883145,0.089619261,2.737350580,2.571854429,2.891736068,3.869957712,-0.173964835,1.500326718,1.510378769,-2.850643071,0.014673328,2.850680835
82.180000000,-0.015837640,-0.001615818,0.130391594,0.087729448,2.647614577,0.146120586,2.647614577,0.146120586,-0.010171627,0.000373362,0.130391594,0.087729448,5.449135910,2.898845142,2.717132307,1.447377984,0.020612945,0.019542585,-2.663452217,-0.147736403,2.667546393,-2.517222983,-0.058391138,2.517900131,-2.657786204,-0.145747224,2.661779435,-2.517222983,-0.058391138,2.517900131,2.801521333,2.752724556,3.927596499,0.069517730,1.301257398,1.303113015,-2.627001632,-0.126578000,2.630049346
82.280000000,0.036490984,0.014131791,0.439839326,1.065751489,2.745591879,-0.079139286,2.745591879,-0.079139286,0.075615701,0.022446361,0.439839326,1.065751489,5.461707221,2.764593776,2.723126548,1.380780357,0.031253136,0.028594804,-2.709100895,0.093271077,2.710706025,-2.305752553,1.144890775,2.574348407,-2.669976178,0.101585648,2.671908013,-2.305752553,1.144890775,2.574348407,2.716115342,2.843733062,3.932442025,-0.022465330,1.459919644,1.460092482,-2.714338743,0.107734090,2.716475924
82.380000000,0.139225855,0.038996570,0.556370528,1.081438626,2.793315884,0.075923364,2.793315884,0.075923364,0.182846206,0.050031200,0.556370528,1.081438626,5.470060394,2.615289299,2.722934790,1.381488979,0.232500011,0.482519644,-2.654090028,-0.036926794,2.654346900,-2.236945356,1.005515262,2.452546731,-2.610469677,-0.025892164,2.610598081,-2.236945356,1.005515262,2.452546731,2.676744510,2.539365935,3.689626068,-0.070381093,1.305565615,1.307461309,-2.560815872,0.406596280,2.592893840
82.500000000,0.278148558,0.072130462,0.587905916,1.089623351,2.509873282,-0.080475227,2.509873282,-0.080475227,0.311519598,0.083142389,0.587905916,1.089623351,5.461366288,2.476305871,2.753275689,1.314710545,0.371744547,0.594579338,-2.231724724,0.152605690,2.236936239,-1.921967366,1.170098578,2.250130938,-2.198353684,0.163617616,2.204434087,-1.921967366,1.170098578,2.250130938,2.951493007,2.556781098,3.904925166,0.243402407,1.395185772,1.416258476,-2.138128735,0.675054565,2.242162606
82.600000000,0.395499747,0.099526732,0.595942950,1.071998278,2.532147090,-0.048825802,2.532147090,-0.048825802,0.419006081,0.109644389,0.595942950,1.071998278,5.455206175,2.333054826,2.869757423,1.274218167,0.471971223,0.701955180,-2.136647343,0.148352534,2.141791386,-1.936204139,1.120824080,2.237215476,-2.113141009,0.158470191,2.119074733,-1.936204139,1.120824080,2.237215476,2.923059085,2.381880627,3.770627234,0.337610333,1.323043968,1.365439885,-2.060175867,0.750780982,2.192714456
82.700000000,0.512514702,0.120528509,0.730327585,1.086456745,2.281155574,0.179904970,2.281155574,0.179904970,0.528400911,0.126713247,0.730327585,1.086456745,5.446147471,2.173783807,2.920823609,1.136655270,0.603867865,0.726877831,-1.768640872,-0.059376461,1.769637279,-1.550827988,0.906551775,1.796358419,-1.752754662,-0.053191723,1.753561594,-1.550827988,0.906551775,1.796358419,3.164991897,1.993878837,3.740685302,0.639668035,0.956750300,1.150889365,-1.677287708,0.546972860,1.764220328
82.820000000,0.651072729,0.142656473,0.797617817,1.091170751,2.307866562,-0.047893374,2.307866562,-0.047893374,0.659683489,0.147195270,0.797617817,1.091170751,5.429780982,2.061564062,2.971147842,1.091046285,0.706639791,0.735444686,-1.656793833,0.190549847,1.667715518,-1.510248745,1.139064125,1.891644351,-1.648183073,0.195088644,1.659688833,-1.510248745,1.139064125,1.891644351,3.121914420,2.109457435,3.767779228,0.663281280,1.138939659,1.318000608,-1.601226771,0.783338060,1.782567163
82.880000000,0.719514359,0.153283246,0.767771291,1.070144170,2.317797118,0.064424968,2.317797118,0.064424968,0.725311685,0.157435735,0.767771291,1.070144170,5.416833896,1.897430320,2.971147842,1.091046285,0.741689053,0.767431894,-1.598282760,0.088858277,1.600750940,-1.550025827,1.005719202,1.847715123,-1.592485433,0.093010766,1.595199315,-1.550025827,1.005719202,1.847715123,3.099036777,1.833005352,3.600546843,0.653350723,1.026621317,1.216888859,-1.576108065,0.703006926,1.725785436
82.980000000,0.831200946,0.178967111,0.825794545,1.065365798,2.299013447,0.122845159,2.299013447,0.122845159,0.854280410,0.189334522,0.825794545,1.065365798,5.400430706,1.770732884,3.059972532,0.962008065,0.796442659,0.813471776,-1.467812501,0.056121951,1.468885023,-1.473218902,0.942520638,1.748919405,-1.444733037,0.066489362,1.446262211,-1.473218902,0.942520638,1.748919405,3.101417260,1.647887725,3.512025480,0.760959086,0.839162905,1.132807624,-1.502570788,0.690626617,1.653688029
83.100000000,0.963620963,0.208441208,0.916728488,1.079398463,1.787289957,0.022804946,1.787289957,0.022804946,0.962207238,0.213671041,0.916728488,1.079398463,5.392642552,1.595277161,3.059972532,0.962008065,0.851457385,0.840538496,-0.823668994,0.185636263,0.844328984,-0.870561469,1.056593517,1.369038762,-0.825082719,0.190866095,0.846871513,-0.870561469,1.056593517,1.369038762,3.605352595,1.572472215,3.933349235,1.272682576,0.939203119,1.581715347,-0.935832571,0.817733550,1.242767380
83.180000000,1.051810160,0.225413824,1.009818143,1.078218722,2.063930545,0.030792066,2.063930545,0.030792066,1.049735701,0.227315488,1.009818143,1.078218722,5.380181772,1.458510940,3.171901367,0.833476074,0.996861279,0.865978578,-1.012120385,0.194621758,1.030662555,-1.054112403,1.047426656,1.486020039,-1.014194845,0.196523422,1.033059843,-1.054112403,1.047426656,1.486020039,3.316251227,1.427718874,3.610526746,1.107970822,0.802684008,1.368174316,-1.067069266,0.835186512,1.355054733
83.280000000,1.162082148,0.243991885,1.070532885,1.076493959,1.676057859,-0.042717686,1.676057859,-0.042717686,1.159129418,0.244386180,1.070532885,1.076493959,5.363892155,1.342758858,3.207851157,0.784086341,1.026924635,0.886482809,-0.513975711,0.286709571,0.588534969,-0.605524974,1.119211645,1.272515304,-0.516928441,0.287103866,0.591306725,-0.605524974,1.119211645,1.272515304,3.687834295,1.385476544,3.939500862,1.531793298,0.826804027,1.740688257,-0.649133225,0.929200495,1.133484673
83.380000000,1.272142931,0.261535090,1.140135647,1.085097011,1.520386816,-0.040783758,1.520386816,-0.040783758,1.268532613,0.261429964,1.140135647,1.085097011,5.323902720,1.064102303,3.242992434,0.654047094,1.127444156,0.917285920,-0.248243885,0.302318848,0.391179898,-0.380251169,1.125880769,1.188359566,-0.251854203,0.302213722,0.393400144,-0.380251169,1.125880769,1.188359566,3.803515904,1.104886061,3.960745692,1.722605618,0.694830852,1.857460640,-0.392942660,0.958069678,1.035519890
83.480000000,1.381956533,0.278791685,1.215213377,1.083618472,1.714047478,-0.062843083,1.714047478,-0.062843083,1.377939065,0.278460180,1.215213377,1.083618472,5.323902720,1.064102303,3.242992434,0.654047094,1.165961243,0.923977287,-0.332090945,0.341634768,0.476443817,-0.498834100,1.146461555,1.250283791,-0.336108413,0.341303263,0.479016474,-0.498834100,1.146461555,1.250283791,3.609855242,1.126945386,3.781674334,1.528944956,0.716890177,1.688669359,-0.548086235,0.986820370,1.128810419
83.580000000,1.491564893,0.295999401,1.244132108,1.081561644,1.698052491,0.009729328,1.698052491,0.009729328,1.487341162,0.295497419,1.244132108,1.081561644,5.302544146,0.921676030,3.342250339,0.600233858,1.222751245,0.929680659,-0.206487597,0.286270073,0.352969804,-0.453920383,1.071832317,1.163988071,-0.210711328,0.285768092,0.355053047,-0.453920383,1.071832317,1.163988071,3.604491656,0.911946702,3.718064938,1.644197849,0.590504530,1.747020940,-0.475301246,0.919951331,1.035481398
83.700000000,1.622902910,0.316646411,1.278246252,1.072726831,1.450150752,0.088035448,1.450150752,0.088035448,1.596741766,0.312554100,1.278246252,1.072726831,5.284408321,0.779965813,3.342250339,0.600233858,1.287748957,0.932108043,0.172752158,0.228610963,0.286541935,-0.171904500,0.984691384,0.999584053,0.146591014,0.224518652,0.268137186,-0.171904500,0.984691384,0.999584053,3.834257569,0.691930365,3.896190285,1.892099587,0.512198410,1.960201025,-0.162401795,0.844072595,0.859553890
83.780000000,1.710368582,0.330445150,1.410217419,1.097504880,1.404244325,0.048660820,1.404244325,0.048660820,1.706139217,0.329662340,1.410217419,1.097504880,5.269235479,0.617678576,3.387986607,0.537982607,1.386191220,0.946079354,0.306124257,0.281784330,0.416070269,0.005973094,1.048844059,1.048861067,0.301894892,0.281001520,0.412434698,0.005973094,1.048844059,1.048861067,3.864991154,0.569017756,3.906653021,1.983742282,0.489321786,2.043200737,-0.018053106,0.897418533,0.897600099
83.900000000,1.841486492,0.351137345,1.423372147,1.079063503,1.302853840,-0.024312812,1.302853840,-0.024312812,1.815523654,0.346782875,1.423372147,1.079063503,5.252386378,0.497426086,3.481377480,0.413935618,1.473643502,0.947932750,0.538632652,0.375450157,0.656572886,0.120518307,1.103376315,1.109938717,0.512669813,0.371095687,0.632884150,0.120518307,1.103376315,1.109938717,3.949532538,0.521738898,3.983844719,2.178523640,0.438248430,2.222167171,0.170789662,0.972245562,0.987132484
84.000000000,1.950713136,0.368347492,1.487935399,1.079707525,1.343808409,0.023033313,1.343808409,0.023033313,1.946815052,0.367291203,1.487935399,1.079707525,5.215855147,0.186403376,3.546936435,0.424281716,1.573459461,0.962168354,0.606904726,0.345314179,0.698265873,0.144126990,1.056674212,1.066458147,0.603006642,0.344257890,0.694356180,0.144126990,1.056674212,1.066458147,3.872046737,0.163370063,3.875491674,2.203128026,0.401248402,2.239368969,0.229651052,0.939135041,0.966806201
84.100000000,2.059910777,0.385510538,1.509587710,1.074356434,1.275871466,0.027274529,1.275871466,0.027274529,2.056199558,0.384354719,1.509587710,1.074356434,5.215855147,0.186403376,3.528670819,0.268770361,1.583430508,0.985714028,0.784039312,0.358236010,0.862003875,0.233716244,1.047081905,1.072848451,0.780328093,0.357080190,0.858148119,0.233716244,1.047081905,1.072848451,3.939983681,0.159128848,3.943195835,2.252799354,0.241495832,2.265706328,0.307559042,0.958439500,1.006577786
84.180000000,2.147270460,0.399201558,1.615343399,1.076461096,0.938115827,-0.092405690,0.938115827,-0.092405690,2.143729168,0.397984790,1.615343399,1.076461096,5.199980911,0.047493777,3.583284141,0.277375434,1.708046463,1.002177577,1.209154633,0.491607248,1.305271088,0.677227572,1.168866786,1.350883691,1.205613341,0.490390479,1.301532309,0.677227572,1.168866786,1.350883691,4.261865083,0.139899467,4.264160627,2.645168314,0.369781124,2.670890018,0.769930636,1.094583266,1.338247253
84.300000000,2.278307622,0.419674414,1.667371633,1.072927916,0.959298701,0.158182980,0.959298701,0.158182980,2.253141214,0.415006805,1.667371633,1.072927916,5.184937887,-0.062512405,3.673625685,0.223347668,1.704707915,0.998875558,1.319008922,0.261491434,1.344679257,0.708072932,0.914744937,1.156773779,1.293842513,0.256823825,1.319085640,0.708072932,0.914744937,1.156773779,4.225639186,-0.220695384,4.231398466,2.714326985,0.065164688,2.715109098,0.745409214,0.840692578,1.123565266
84.400000000,2.387514600,0.436677218,1.725012661,1.070846082,0.931233379,0.012494868,0.936090333,0.039555541,2.384427084,0.435393517,1.725012661,1.070846082,5.163925332,-0.244876655,3.721116477,0.087398880,1.777924222,1.015908919,1.451424268,0.397121677,1.504771754,0.788922329,1.031290541,1.298444693,1.448336751,0.395837976,1.501454977,0.788922329,1.031290541,1.298444693,4.227835000,-0.284432195,4.237391941,2.785026145,0.047843339,2.785437059,0.841833889,0.976353379,1.289166481
84.480000000,2.474883493,0.450247851,1.780586376,1.069383916,0.788626028,0.163160079,0.788626028,0.163160079,2.471957509,0.448963701,1.780586376,1.069383916,5.153484051,-0.361629126,3.715895837,0.029022644,1.788147671,1.030499076,1.686257465,0.287087772,1.710521449,0.991960348,0.906223836,1.343587352,1.683331481,0.285803621,1.707421619,0.991960348,0.906223836,1.343587352,4.364858023,-0.524789206,4.396292673,2.927269809,-0.134137436,2.930341513,0.999521643,0.867338996,1.323374645
84.580000000,2.584109026,0.467176071,1.849873453,1.064047880,0.901583190,0.027000127,0.901583190,0.027000127,2.603260954,0.469318920,1.849873453,1.064047880,5.126967138,-0.650673022,3.807762435,-0.027989480,1.863134397,1.051024781,1.682525836,0.440175944,1.739151532,0.948290263,1.037047754,1.405248187,1.701677765,0.442318793,1.758224425,0.948290263,1.037047754,1.405248187,4.225383949,-0.677673149,4.279382013,2.906179245,-0.054989607,2.906699445,0.961551207,1.024024654,1.404708944
84.700000000,2.715191244,0.487475321,1.954500664,1.077171807,0.561387188,0.013049362,0.561387188,0.013049362,2.712677743,0.486256422,1.954500664,1.077171807,5.110894980,-0.794469926,3.807762435,-0.027989480,1.859889803,1.055905430,2.153804056,0.474425959,2.205436896,1.393113476,1.064122445,1.753032155,2.151290555,0.473207060,2.202720130,1.393113476,1.064122445,1.753032155,4.549507792,-0.807519288,4.620617767,3.246375247,-0.041038842,3.246634631,1.298502614,1.042856068,1.665430220
84.780000000,2.802593069,0.500977569,1.938929898,1.071700322,0.510426857,0.019240544,0.510426857,0.019240544,2.822100913,0.503180960,1.938929898,1.071700322,5.095888600,-0.940378096,3.847502003,-0.163646928,1.958589170,1.061627220,2.292166212,0.481737025,2.342241769,1.428503041,1.052459778,1.774342843,2.311674056,0.483940416,2.361786457,1.428503041,1.052459778,1.774342843,4.585461743,-0.959618640,4.684797470,3.337075146,-0.182887471,3.342082937,1.448162313,1.042386676,1.784304926
84.880000000,2.911854165,0.517831623,2.017212016,1.066965699,0.464854667,0.141789408,0.464854667,0.141789408,2.909637128,0.516689497,2.017212016,1.066965699,5.095888600,-0.940378096,3.913043112,-0.153497303,2.019286871,1.065470446,2.446999497,0.376042214,2.475725002,1.552357349,0.925176291,1.807142636,2.444782460,0.374900089,2.473360337,1.552357349,0.925176291,1.807142636,4.631033933,-1.082167504,4.755792446,3.448188445,-0.295286711,3.460808835,1.554432204,0.923681038,1.808160982
85.000000000,3.044850279,0.516849410,2.166570943,1.085554241,0.325856293,0.111664662,0.325856293,0.111664662,3.042046032,0.514770747,2.166570943,1.085554241,5.078324596,-1.115447610,4.003871382,-0.211273237,2.083420443,1.081559341,2.718993986,0.405184748,2.749018548,1.840714650,0.973889579,2.082472409,2.716189739,0.403106085,2.745939040,1.840714650,0.973889579,2.082472409,4.752468303,-1.227112272,4.908335716,3.678015089,-0.322937899,3.692165203,1.757564150,0.969894679,2.007418100
85.080000000,3.131523892,0.497759265,2.499653511,0.942611054,0.271636199,0.092573550,0.271636199,0.092573550,3.127683964,0.492566704,2.499653511,0.942611054,5.044614405,-1.252772793,4.044732342,-0.367961692,2.680450015,0.979399705,2.859887693,0.405185715,2.888448213,2.228017312,0.850037505,2.384664526,2.856047765,0.399993155,2.883921525,2.228017312,0.850037505,2.384664526,4.772978206,-1.345346343,4.958959340,3.773096143,-0.460535241,3.801098159,2.408813816,0.886826155,2.566874487
85.200000000,3.250821486,0.437902279,2.751227065,0.926616985,0.279572385,0.033332861,0.279572385,0.033332861,3.244331828,0.429930316,2.751227065,0.926616985,4.997794906,-1.376307868,4.064659399,-0.439274301,2.754120365,0.923354234,2.971249102,0.404569418,2.998665977,2.471654681,0.893284124,2.628123549,2.964759444,0.396597455,2.991168350,2.471654681,0.893284124,2.628123549,4.718222521,-1.409640729,4.924297995,3.785087014,-0.472607163,3.814477846,2.474547980,0.890021373,2.629738723
85.280000000,3.318477333,0.378889754,2.954802817,0.853301849,0.119809320,0.145269478,0.119809320,0.145269478,3.310142838,0.370821354,2.954802817,0.853301849,4.908736203,-1.530370663,4.064659399,-0.439274301,2.829566618,0.882675224,3.198668013,0.233620275,3.207188098,2.834993497,0.708032371,2.922070835,3.190333518,0.225551876,3.198296673,2.834993497,0.708032371,2.922070835,4.788926883,-1.675640141,5.073617110,3.944850079,-0.584543780,3.987923467,2.709757298,0.737405745,2.808300526
85.380000000,3.384740133,0.287787178,3.120383025,0.770717756,0.045943484,0.397608575,0.045943484,0.397608575,3.374627109,0.281143964,3.120383025,0.770717756,4.842663446,-1.599502260,4.079778845,-0.546234192,3.014178871,0.816839221,3.338796649,-0.109821397,3.340602312,3.074439541,0.373109181,3.096996763,3.328683625,-0.116464611,3.330720445,3.074439541,0.373109181,3.096996763,4.796719963,-1.997110836,5.195861246,4.033835361,-0.943842767,4.142784919,2.968235387,0.419230646,2.997695056
85.480000000,3.426977424,0.182976491,3.191460353,0.714941706,-0.116443627,0.570322722,-0.116443627,0.570322722,3.416054479,0.178727779,3.191460353,0.714941706,4.611303082,-1.754522314,4.038268643,-0.717163519,3.137756485,0.746775196,3.543421051,-0.387346232,3.564529401,3.307903980,0.144618984,3.311063785,3.532498106,-0.391594944,3.554136952,3.307903980,0.144618984,3.311063785,4.727746709,-2.324845036,5.268443165,4.154712270,-1.287486241,4.349626981,3.254200112,0.176452474,3.258980491
85.600000000,3.442709099,0.048327928,3.213141472,0.605097187,-0.113748238,0.381133566,-0.113748238,0.381133566,3.432147253,0.047277801,3.213141472,0.605097187,4.611303082,-1.754522314,4.038268643,-0.717163519,3.245457512,0.607502091,3.556457337,-0.332805638,3.571995014,3.326889710,0.223963621,3.334419717,3.545895492,-0.333855765,3.561577531,3.326889710,0.223963621,3.334419717,4.725051320,-2.135655881,5.185280708,4.152016882,-1.098297086,4.294822543,3.359205750,0.226368525,3.366824317
85.700000000,3.436933661,-0.063626116,3.222025911,0.533415707,-0.080762676,0.541553236,-0.080762676,0.541553236,3.427201067,-0.063335428,3.222025911,0.533415707,4.437035181,-1.803995261,3.939872140,-0.877833666,3.285536878,0.482140638,3.517696337,-0.605179352,3.569373834,3.302788587,-0.008137529,3.302798611,3.507963743,-0.604888664,3.559733125,3.302788587,-0.008137529,3.302798611,4.517797857,-2.345548497,5.090392443,4.020634816,-1.419386902,4.263820294,3.366299554,-0.059412598,3.366823806
85.780000000,3.428786239,-0.152603352,3.234827452,0.459580961,-0.201655008,0.538003218,-0.201655008,0.538003218,3.423233160,-0.151814380,3.234827452,0.459580961,4.290833828,-1.841878333,3.939872140,-0.877833666,3.264768602,0.382070122,3.630441247,-0.690606570,3.695543408,3.436482460,-0.078422257,3.437377161,3.624888169,-0.689817598,3.689940725,3.436482460,-0.078422257,3.437377161,4.492488837,-2.379881551,5.083924876,4.141527148,-1.415836884,4.376852888,3.466423610,-0.155933096,3.469929074
85.880000000,3.409531572,-0.262275854,3.216721171,0.401127970,0.116404999,0.739316006,0.116404999,0.739316006,3.408803206,-0.261434187,3.216721171,0.401127970,4.005656892,-1.888296497,3.863883745,-0.952752225,3.249818215,0.356677571,3.293126573,-1.001591860,3.442073340,3.100316172,-0.338188035,3.118706705,3.292398207,-1.000750192,3.441131631,3.100316172,-0.338188035,3.118706705,3.889251893,-2.627612503,4.693679554,3.747478746,-1.692068230,4.111774780,3.133413215,-0.382638435,3.156689809
86.000000000,3.380888947,-0.392158271,3.202522730,0.340779395,-0.320324936,0.808169791,-0.320324936,0.808169791,3.382910986,-0.391731549,3.202522730,0.340779395,3.848125485,-1.903644482,3.707594232,-1.075286176,3.247076830,0.252599930,3.701213883,-1.200328062,3.890985950,3.522847666,-0.467390396,3.553717696,3.703235922,-1.199901341,3.892777867,3.522847666,-0.467390396,3.553717696,4.168450421,-2.711814273,4.972918214,4.027919168,-1.883455967,4.446519898,3.567401766,-0.555569862,3.610403472
86.100000000,3.349589330,-0.498304542,3.175859351,0.303246463,0.040634521,0.851042641,0.040634521,0.851042641,3.351929295,-0.498030977,3.153246896,0.266907406,3.708737048,-1.905272128,3.628828528,-1.082960168,3.219050209,0.156754796,3.308954809,-1.349347183,3.573502449,3.135224830,-0.547796179,3.182721381,3.311294774,-1.349073619,3.575566068,3.112612375,-0.584135235,3.166949600,3.668102527,-2.756314769,4.588272796,3.588194007,-1.934002809,4.076211857,3.178415688,-0.694287845,3.253361631
86.180000000,3.322039892,-0.582348819,3.126912486,0.255163799,-0.048669999,0.824735269,-0.048669999,0.824735269,3.326138985,-0.582745448,3.126912486,0.255163799,3.708737048,-1.905272128,3.544812997,-1.148715199,3.195925014,0.100576548,3.370709891,-1.407084089,3.652611504,3.175582485,-0.569571471,3.226257240,3.374808983,-1.407480718,3.656547230,3.175582485,-0.569571471,3.226257240,3.757407047,-2.730007397,4.644464243,3.593482996,-1.973450468,4.099710575,3.244595012,-0.724158722,3.324425161
86.300000000,3.263264447,-0.700881900,3.103435862,0.156215372,-0.113422206,1.096671614,-0.113422206,1.096671614,3.265427490,-0.700704465,3.089111650,0.137997486,3.420368264,-1.884175331,3.437052417,-1.245211935,3.155697021,-0.020351460,3.376686653,-1.797553514,3.825338075,3.216858068,-0.940456242,3.351512162,3.378849697,-1.797376079,3.827164230,3.202533856,-0.958674128,3.342944687,3.533790471,-2.980846945,4.623107569,3.550474624,-2.341883549,4.253267992,3.269119228,-1.117023074,3.454689722
86.400000000,3.208486213,-0.796728869,3.046872005,0.084199569,-0.284011907,1.158339058,-0.284011907,1.158339058,3.210077454,-0.796604713,3.046872005,0.084199569,3.235279364,-1.857163141,3.341816356,-1.292528616,3.131946567,-0.068334709,3.492498120,-1.955067927,4.002478447,3.330883912,-1.074139489,3.499794748,3.494089361,-1.954943771,4.003806390,3.330883912,-1.074139489,3.499794748,3.519291271,-3.015502199,4.634508018,3.625828263,-2.450867674,4.376457808,3.415958474,-1.226673767,3.629531764
86.480000000,3.163203119,-0.872719995,3.013111505,0.085737073,-0.187287399,1.264201302,-0.187287399,1.264201302,3.165765787,-0.873313531,3.013111505,0.085737073,3.235279364,-1.857163141,3.341816356,-1.292528616,3.088561431,-0.143041593,3.350490518,-2.136921298,3.973942544,3.200398904,-1.178464229,3.410473733,3.353053186,-2.137514833,3.976422429,3.200398904,-1.178464229,3.410473733,3.422566763,-3.121364444,4.632157083,3.529103755,-2.556729918,4.357917069,3.275848830,-1.407242895,3.565321601
86.580000000,3.106629899,-0.967764315,2.947590843,0.046424433,0.091062151,1.281086723,0.091062151,1.281086723,3.110398864,-0.969185749,2.947590843,0.046424433,3.113687746,-1.837619705,3.221882789,-1.326946005,3.020847294,-0.188172269,3.015567747,-2.248851038,3.761778812,2.856528691,-1.234662290,3.111936236,3.019336713,-2.250272472,3.765650061,2.856528691,-1.234662290,3.111936236,3.022625595,-3.118706427,4.343108940,3.130820637,-2.608032728,4.074784973,2.929785143,-1.469258992,3.277554419
86.680000000,3.050566828,-1.063142263,2.914046311,0.019111504,-0.035935469,1.250208939,-0.035935469,1.250208939,3.055054697,-1.065075053,2.914046311,0.019111504,2.959759077,-1.813028858,3.138445432,-1.355169850,2.987114551,-0.242005273,3.086502297,-2.313351202,3.857212752,2.949981780,-1.231097435,3.196559619,3.090990166,-2.315283992,3.861963253,2.949981780,-1.231097435,3.196559619,2.995694546,-3.063237797,4.284578347,3.174380901,-2.605378789,4.106664430,3.023050020,-1.492214212,3.371280866
86.800000000,2.983885175,-1.177989430,2.856209179,-0.049667758,0.081098323,1.441791014,0.081098323,1.441791014,2.999690702,-1.160959064,2.856209179,-0.049667758,2.804048988,-1.792456013,3.033194488,-1.390396586,2.933286431,-0.303577584,2.902786852,-2.619780445,3.910168933,2.775110855,-1.491458772,3.150506233,2.918592379,-2.602750078,3.910561270,2.775110855,-1.491458772,3.150506233,2.722950665,-3.234247028,4.227861653,2.952096164,-2.832187601,4.090985012,2.852188107,-1.745368598,3.343843379
86.880000000,2.939691702,-1.254722460,2.790470194,-0.091619459,-0.053236901,1.536349947,-0.053236901,1.536349947,2.933245281,-1.276022292,2.790470194,-0.091619459,2.507644931,-1.737315854,2.745765053,-1.457652642,2.867767860,-0.393131060,2.992928603,-2.791072406,4.092396217,2.843707095,-1.627969405,3.276729227,2.986482182,-2.812372239,4.102257114,2.843707095,-1.627969405,3.276729227,2.560881831,-3.273665800,4.156320912,2.799001954,-2.994002589,4.098592860,2.921004761,-1.929481007,3.500737889
86.980000000,2.884587199,-1.350721310,2.776546693,-0.105843459,0.042544301,1.566780758,0.042544301,1.566780758,2.888914337,-1.352712112,2.776546693,-0.105843459,2.507644931,-1.737315854,2.745765053,-1.457652642,2.833384631,-0.426114873,2.842042898,-2.917502067,4.072962822,2.734002392,-1.672624217,3.205064874,2.846370036,-2.919492870,4.077408613,2.734002392,-1.672624217,3.205064874,2.465100629,-3.304096611,4.122350729,2.703220752,-3.024433400,4.056426977,2.790840330,-1.992895631,3.429347276
87.080000000,2.829553219,-1.446769418,2.719769409,-0.162359642,0.110331298,1.585951433,0.110331298,1.585951433,2.822402451,-1.467725941,2.719769409,-0.162359642,2.205950884,-1.678080937,2.622303540,-1.528697790,2.783338371,-0.468059222,2.719221921,-3.032720851,4.073274312,2.609438111,-1.748311074,3.140980558,2.712071153,-3.053677373,4.084149292,2.609438111,-1.748311074,3.140980558,2.095619586,-3.264032369,3.878856630,2.511972242,-3.114649222,4.001380302,2.673007073,-2.054010655,3.371042359
87.180000000,2.774510120,-1.542822688,2.663875792,-0.183662436,-0.013680700,1.796730963,-0.013680700,1.796730963,2.778028142,-1.544406366,2.663875792,-0.183662436,2.059709423,-1.654535303,2.517752051,-1.562425178,2.714586848,-0.487882106,2.788190820,-3.339553651,4.350474300,2.677556492,-1.980393399,3.330355354,2.791708841,-3.341137329,4.353944982,2.677556492,-1.980393399,3.330355354,2.073390122,-3.451266266,4.026187457,2.531432751,-3.359156141,4.206195639,2.728267548,-2.284613069,3.558496971
87.300000000,2.708409895,-1.658051897,2.601813391,-0.241759778,-0.138917232,1.792358190,-0.138917232,1.792358190,2.711451860,-1.659377883,2.601813391,-0.241759778,2.059709423,-1.654535303,2.417109771,-1.598678996,2.672728149,-0.520144258,2.847327127,-3.450410087,4.473544628,2.740730623,-2.034117968,3.413098337,2.850369092,-3.451736073,4.476503757,2.740730623,-2.034117968,3.413098337,2.198626654,-3.446893493,4.088402367,2.556027003,-3.391037186,4.246458199,2.811645381,-2.312502448,3.640469382
87.400000000,2.653256519,-1.754039744,2.572891253,-0.254695270,-0.137623383,1.967846695,-0.137623383,1.967846695,2.644847639,-1.774337029,2.572891253,-0.254695270,1.894990278,-1.623379106,2.301700087,-1.640715502,2.616483059,-0.436668005,2.790879902,-3.721886440,4.652037112,2.710514635,-2.222541965,3.505222158,2.782471021,-3.742183724,4.663269669,2.710514635,-2.222541965,3.505222158,2.032613661,-3.591225801,4.126550745,2.439323469,-3.608562197,4.355688248,2.754106442,-2.404514700,3.656062532
87.500000000,2.598078247,-1.850011098,2.596217977,-0.291596474,-0.168718709,2.099495908,-0.168718709,2.099495908,2.589393267,-1.870182715,2.596217977,-0.291596474,1.586754213,-1.566214352,2.190536062,-1.674558437,2.598745211,-0.356393630,2.766796956,-3.949507006,4.822216398,2.764936686,-2.391092382,3.655433991,2.758111976,-3.969678623,4.833790443,2.764936686,-2.391092382,3.655433991,1.755472922,-3.665710260,4.064371647,2.359254771,-3.774054345,4.450794230,2.767463920,-2.455889539,3.700033780
87.600000000,2.542895421,-1.945980093,2.490883952,-0.320935557,0.190750378,2.168324065,0.190750378,2.168324065,2.545039317,-1.946858365,2.490883952,-0.320935557,1.586754213,-1.566214352,2.092416230,-1.708112725,2.515432046,-0.340690548,2.352145044,-4.114304158,4.739207213,2.300133574,-2.489259622,3.389251824,2.354288940,-4.115182429,4.741033942,2.300133574,-2.489259622,3.389251824,1.396003835,-3.734538416,3.986929130,1.901665852,-3.876436789,4.317765069,2.324681668,-2.509014613,3.420423831
87.680000000,2.498716195,-2.022740366,2.512423541,-0.348317118,-0.047161471,2.215270403,-0.047161471,2.215270403,2.500673486,-2.023528390,2.512423541,-0.348317118,1.450784851,-1.548273176,2.092416230,-1.708112725,2.494961635,-0.340309283,2.545877666,-4.238010769,4.943908208,2.559585012,-2.563587521,3.622631145,2.547834957,-4.238798793,4.945591792,2.559585012,-2.563587521,3.622631145,1.497946322,-3.763543579,4.050691725,2.139577701,-3.923383128,4.468862037,2.542123106,-2.555579686,3.604632771
87.780000000,2.443470893,-2.118669899,2.400994746,-0.376570471,-0.091837336,2.429766823,-0.091837336,2.429766823,2.445220140,-2.119357216,2.400994746,-0.376570471,1.299873582,-1.524469696,1.974750523,-1.785506771,2.445293761,-0.362270040,2.535308229,-4.548436722,5.207308751,2.492832082,-2.806337294,3.753630349,2.537057475,-4.549124039,5.208760904,2.492832082,-2.806337294,3.753630349,1.391710918,-3.954236519,4.191997821,2.066587859,-4.215273594,4.694605079,2.537131097,-2.792036863,3.772599111
87.880000000,2.388182426,-2.214575883,2.363652379,-0.402114977,0.166926841,2.380122303,0.166926841,2.380122303,2.389754668,-2.215172414,2.363652379,-0.402114977,1.149246626,-1.502552318,1.796358760,-1.810611108,2.423114864,-0.399758396,2.221255585,-4.594698186,5.103452537,2.196725538,-2.782237279,3.544918528,2.222827826,-4.595294716,5.104674042,2.196725538,-2.782237279,3.544918528,0.982319785,-3.882674620,4.005011157,1.629431918,-4.190733411,4.496364631,2.256188023,-2.779880699,3.580240368
87.980000000,2.332879663,-2.310483242,2.307548010,-0.453553067,0.020356791,2.600168088,0.020356791,2.600168088,2.334324495,-2.311029898,2.307548010,-0.453553067,0.991496112,-1.482222745,1.768714526,-1.858564101,2.347051189,-0.429069349,2.312522872,-4.910651331,5.427914749,2.287191219,-3.053721155,3.815292462,2.313967704,-4.911197986,5.429024976,2.287191219,-3.053721155,3.815292462,0.971139321,-4.082390834,4.196311059,1.748357735,-4.458732189,4.789263775,2.326694398,-3.029237437,3.819657874
88.100000000,2.249291093,-2.413714637,2.255196826,-0.498887121,0.157915488,2.412757169,0.157915488,2.412757169,2.249906946,-2.413051413,2.255196826,-0.498887121,0.668484236,-1.415439973,1.585748379,-1.883582460,2.306314766,-0.456471856,2.091375605,-4.826471806,5.260102852,2.097281339,-2.911644290,3.588350803,2.091991459,-4.825808582,5.259739227,2.097281339,-2.911644290,3.588350803,0.510568749,-3.828197142,3.862094485,1.427832891,-4.296339629,4.527387875,2.148399278,-2.869229025,3.584423895
88.200000000,2.161680978,-2.481243637,2.173068512,-0.551897507,0.107953381,2.621158751,0.107953381,2.621158751,2.159763131,-2.476934021,2.173068512,-0.551897507,0.668484236,-1.415439973,1.500681950,-1.862961608,2.196080547,-0.534983701,2.053727597,-5.102402388,5.500209739,2.065115131,-3.173056258,3.785893094,2.051809750,-5.098092771,5.495495715,2.065115131,-3.173056258,3.785893094,0.560530855,-4.036598724,4.075331164,1.392728569,-4.484120358,4.695426312,2.088127166,-3.156142452,3.784377127
88.300000000,2.059681204,-2.525254198,2.073101013,-0.606324167,0.271161702,2.982294926,0.271161702,2.982294926,2.057070414,-2.517609122,2.073101013,-0.606324167,0.519501431,-1.337957786,1.340591204,-1.909600712,2.141803558,-0.594683276,1.788519502,-5.507549124,5.790673481,1.801939311,-3.588619094,4.015616052,1.785908712,-5.499904048,5.782595825,1.801939311,-3.588619094,4.015616052,0.248339729,-4.320252712,4.327384443,1.069429502,-4.891895638,5.007426724,1.870641856,-3.576978202,4.036591881
88.400000000,1.949219840,-2.542508918,1.891294750,-0.669962993,0.318602033,2.964449815,0.318602033,2.964449815,1.947650214,-2.532843466,1.891294750,-0.669962993,0.415445165,-1.266556850,1.340591204,-1.909600712,1.995801225,-0.629979832,1.630617808,-5.506958734,5.743301222,1.572692718,-3.634412808,3.960090762,1.629048181,-5.497293282,5.733588004,1.572692718,-3.634412808,3.960090762,0.096843133,-4.231006666,4.232114838,1.021989172,-4.874050527,4.980043214,1.677199193,-3.594429647,3.966474709
88.480000000,1.859500086,-2.536274591,1.768607643,-0.704993881,0.436329586,2.780775759,0.436329586,2.780775759,1.859460868,-2.526047532,1.768607643,-0.704993881,0.329066455,-1.179767137,1.237563185,-1.895905524,1.846756684,-0.681389218,1.423170501,-5.317050350,5.504220081,1.332278057,-3.485769640,3.731695969,1.423131282,-5.306823291,5.494331268,1.332278057,-3.485769640,3.731695969,-0.107263131,-3.960542896,3.961995130,0.801233599,-4.676681283,4.744820660,1.410427098,-3.462164977,3.738434288
88.600000000,1.731131283,-2.494459283,1.643742495,-0.730691205,0.242983672,3.004400831,0.242983672,3.004400831,1.713987569,-2.474605232,1.643742495,-0.730691205,0.194219008,-0.995218343,1.026859547,-1.765746467,1.681386781,-0.734906104,1.488147611,-5.498860113,5.696669716,1.400758823,-3.735092035,3.989114913,1.471003897,-5.479006062,5.673037978,1.400758823,-3.735092035,3.989114913,-0.048764663,-3.999619174,3.999916440,0.783875875,-4.770147298,4.834125219,1.438403109,-3.739306935,4.006422326
88.680000000,1.654564666,-2.446666490,1.519649447,-0.741603160,0.429820535,2.843310849,0.429820535,2.843310849,1.658434433,-2.438246624,1.519649447,-0.741603160,0.155017511,-0.891425568,0.943074397,-1.692942425,1.539431494,-0.748854962,1.224744131,-5.289977338,5.429904090,1.089828911,-3.584914009,3.746910128,1.228613898,-5.281557473,5.422577012,1.089828911,-3.584914009,3.746910128,-0.274803024,-3.734736417,3.744832814,0.513253862,-4.536253274,4.565196961,1.109610958,-3.592165810,3.759639835
88.780000000,1.569746577,-2.373323376,1.362002373,-0.757310732,0.509163841,2.909249721,0.509163841,2.909249721,1.574744880,-2.365796190,1.362002373,-0.757310732,0.120533056,-0.757543155,0.904791089,-1.669046029,1.442168495,-0.756913878,1.060582736,-5.282573097,5.387987960,0.852838533,-3.666560453,3.764438752,1.065581040,-5.275045911,5.381595703,0.852838533,-3.666560453,3.764438752,-0.388630784,-3.666792875,3.687330183,0.395627248,-4.578295750,4.595357754,0.933004654,-3.666163599,3.783021704
88.900000000,1.473278136,-2.280473588,1.322853094,-0.740368989,0.561805165,2.816105175,0.561805165,2.816105175,1.475111424,-2.277889556,1.322853094,-0.740368989,0.087622995,-0.567131140,0.887548861,-1.602104822,1.452030369,-0.772737179,0.911472970,-5.096578763,5.177441266,0.761047928,-3.556474164,3.636990848,0.913306259,-5.093994731,5.175220830,0.761047928,-3.556474164,3.636990848,-0.474182170,-3.383236315,3.416304538,0.325743696,-4.418209997,4.430201862,0.890225204,-3.588842354,3.697606030
89.000000000,1.394904498,-2.201822841,1.493425525,-0.743828297,0.850977697,2.953288736,0.850977697,2.953288736,1.393465520,-2.203138494,1.493425525,-0.743828297,0.046104345,-0.224863308,0.823753904,-1.400234880,1.493425520,-0.743828682,0.543926801,-5.155111576,5.183727590,0.642447828,-3.697117032,3.752520961,0.542487823,-5.156427230,5.184885227,0.642447828,-3.697117032,3.752520961,-0.804873351,-3.178152044,3.278486164,-0.027223793,-4.353523615,4.353608733,0.642447823,-3.697117417,3.752521339
89.080000000,1.332450427,-2.138898240,1.321853332,-0.690848967,0.607991516,2.972926010,0.607991516,2.972926010,1.329839307,-2.141524381,1.321853332,-0.690848967,0.046104345,-0.224863308,0.775519683,-1.353809986,1.365288087,-0.721069261,0.724458911,-5.111824250,5.162904984,0.713861816,-3.663774977,3.732672738,0.721847791,-5.114450391,5.165139595,0.713861816,-3.663774977,3.732672738,-0.561887171,-3.197789318,3.246778976,0.167528167,-4.326735996,4.329978068,0.757296571,-3.693995271,3.770822080
89.180000000,1.261143733,-2.054628076,1.197466896,-0.690040106,0.780473701,3.007768290,0.780473701,3.007768290,1.257339124,-2.058058132,1.197466896,-0.690040106,0.030970891,-0.096613805,0.720504422,-1.213343074,1.305763865,-0.696991893,0.480670032,-5.062396367,5.085164762,0.416993195,-3.697808396,3.721245794,0.476865423,-5.065826423,5.088221495,0.416993195,-3.697808396,3.721245794,-0.749502810,-3.104382095,3.193578346,-0.059969279,-4.221111365,4.221537335,0.525290164,-3.704760183,3.741814770
89.280000000,1.192744112,-1.967847322,1.216954508,-0.658209589,0.981968434,2.923249264,0.981968434,2.923249264,1.189614738,-1.970465691,1.216954508,-0.658209589,0.031447320,0.029485753,0.646295526,-1.012571162,1.191627814,-0.678888415,0.210775678,-4.891096586,4.895636037,0.234986074,-3.581458853,3.589159507,0.207646304,-4.893714955,4.898118317,0.234986074,-3.581458853,3.589159507,-0.950521114,-2.893763511,3.045875513,-0.335672908,-3.935820425,3.950108698,0.209659380,-3.602137679,3.608234044
89.380000000,1.125744579,-1.879824587,1.150504049,-0.638437367,0.923694623,3.099757165,0.923694623,3.099757165,1.121834653,-1.882902080,1.150504049,-0.638437367,0.017170287,0.251170154,0.604957200,-0.858338584,1.162844987,-0.659146551,0.202049956,-4.979581752,4.983679224,0.226809426,-3.738194532,3.745068874,0.198140029,-4.982659245,4.986597299,0.226809426,-3.738194532,3.745068874,-0.906524336,-2.848587011,2.989353497,-0.318737423,-3.958095749,3.970908650,0.239150364,-3.758903715,3.766503689
89.480000000,1.058665120,-1.791812248,1.185355883,-0.621150358,1.206320417,2.980516032,1.206320417,2.980516032,1.054101770,-1.795324531,1.185355883,-0.621150358,0.028261064,0.563146632,0.571448294,-0.734503904,1.185355883,-0.621150361,-0.147655297,-4.772328280,4.774611953,-0.020964534,-3.601666389,3.601727404,-0.152218647,-4.775840563,4.778265752,-0.020964534,-3.601666389,3.601727404,-1.178059353,-2.417369400,2.689144596,-0.634872123,-3.715019936,3.768877252,-0.020964534,-3.601666393,3.601727407
89.580000000,0.991222523,-1.704035242,1.131995187,-0.580984309,1.080255363,3.036518094,1.080255363,3.036518094,0.986379002,-1.707711153,1.131995187,-0.580984309,0.028261064,0.563146632,0.571448294,-0.734503904,1.093208630,-0.603586983,-0.089032840,-4.740553336,4.741389330,0.051739824,-3.617502403,3.617872392,-0.093876361,-4.744229247,4.745157944,0.051739824,-3.617502403,3.617872392,-1.051994299,-2.473371462,2.687798057,-0.508807068,-3.771021998,3.805192708,0.012953267,-3.640105076,3.640128123
89.680000000,0.923458756,-1.616487850,1.088787800,-0.552456120,1.357891058,3.036013175,1.357891058,3.036013175,0.918681773,-1.620119460,1.088787800,-0.552456120,0.037169586,0.882215559,0.508988994,-0.488009380,1.106336145,-0.577736468,-0.434432302,-4.652501025,4.672739797,-0.269103258,-3.588469295,3.598545323,-0.439209285,-4.656132635,4.676801889,-0.269103258,-3.588469295,3.598545323,-1.320721472,-2.153797616,2.526489536,-0.848902064,-3.524022555,3.624826848,-0.251554913,-3.613749643,3.622494494
89.780000000,0.855480105,-1.529079619,1.080907079,-0.520288791,1.264810791,2.929142231,1.264810791,2.929142231,0.850983826,-1.532495215,1.080907079,-0.520288791,0.037169586,0.882215559,0.508988994,-0.488009380,1.051117137,-0.556931910,-0.409330686,-4.458221850,4.476973718,-0.183903712,-3.449431022,3.454329885,-0.413826965,-4.461637445,4.480788039,-0.183903712,-3.449431022,3.454329885,-1.227641205,-2.046926672,2.386841370,-0.755821797,-3.417151611,3.499741664,-0.213693654,-3.486074141,3.492617628
89.880000000,0.787412493,-1.441741165,1.014869162,-0.480137092,1.528598120,2.998196219,1.528598120,2.998196219,0.769791775,-1.427327682,1.014869162,-0.480137092,0.041168673,1.206079863,0.445997425,-0.238826583,1.049792378,-0.496522274,-0.741185627,-4.439937383,4.501377578,-0.513728958,-3.478333310,3.516065992,-0.758806344,-4.425523901,4.490105663,-0.513728958,-3.478333310,3.516065992,-1.487429447,-1.792116355,2.328975610,-1.082600695,-3.237022801,3.413259568,-0.478805742,-3.494718492,3.527366196
90.000000000,0.705713083,-1.336935803,1.055657563,-0.482372863,1.664260701,2.853137599,1.664260701,2.853137599,0.702137248,-1.339678427,1.055657563,-0.482372863,0.041168673,1.206079863,0.445997425,-0.238826583,1.014869162,-0.480137092,-0.958547618,-4.190073402,4.298316955,-0.608603138,-3.335510461,3.390579275,-0.962123453,-4.192816026,4.301788903,-0.608603138,-3.335510461,3.390579275,-1.623092028,-1.647057735,2.312407169,-1.218263276,-3.091964181,3.323312791,-0.649391539,-3.333274691,3.395943099
90.100000000,0.637629920,-1.249595707,1.042028372,-0.456055059,1.577364903,2.962715604,1.577364903,2.962715604,0.648002266,-1.269563670,1.042028372,-0.456055059,0.054072408,1.389549904,0.414290583,-0.117830651,0.981414520,-0.452270795,-0.939734983,-4.212311311,4.315862419,-0.535336531,-3.418770663,3.460430327,-0.929362636,-4.232279275,4.333116981,-0.535336531,-3.418770663,3.460430327,-1.523292494,-1.573165701,2.189810573,-1.163074320,-3.080546255,3.292796244,-0.595950383,-3.414986399,3.466596164
90.180000000,0.583211565,-1.179690718,0.939839918,-0.412459772,1.642651824,3.015751878,1.642651824,3.015751878,0.566848765,-1.164360646,0.939839918,-0.412459772,0.059698310,1.507604370,0.348664115,0.129004332,0.993616551,-0.422858941,-1.059440259,-4.195442596,4.327141347,-0.702811906,-3.428211650,3.499511351,-1.075803059,-4.180112524,4.316328641,-0.702811906,-3.428211650,3.499511351,-1.582953514,-1.508147508,2.186378452,-1.293987709,-2.886747547,3.163497367,-0.649035273,-3.438610819,3.499327242
90.280000000,0.515227589,-1.092291923,0.953064578,-0.367453204,1.940691616,3.108082573,1.940691616,3.108082573,0.512738304,-1.094231766,0.953064578,-0.367453204,0.066065367,1.691231256,0.324638466,0.255770269,0.952288892,-0.389777763,-1.425464027,-4.200374496,4.435661574,-0.987627039,-3.475535777,3.613136602,-1.427953312,-4.202314339,4.438298825,-0.987627039,-3.475535777,3.613136602,-1.874626249,-1.416851317,2.349827915,-1.616053150,-2.852312304,3.278309513,-0.988402724,-3.497860335,3.634826938
90.400000000,0.433691315,-0.987373775,0.897057619,-0.336534973,2.077007354,3.066396924,2.077007354,3.066396924,0.431553323,-0.989049283,0.901896046,-0.324152359,0.067996890,2.015997060,0.324638466,0.255770269,0.897057619,-0.336534973,-1.643316040,-4.053770699,4.374190724,-1.179949735,-3.402931898,3.601697777,-1.645454031,-4.055446207,4.376546916,-1.175111309,-3.390549283,3.588413442,-2.009010465,-1.050399865,2.267038359,-1.752368888,-2.810626655,3.312162272,-1.179949735,-3.402931898,3.601697777
90.480000000,0.379345822,-0.917427541,0.899884425,-0.304556830,2.049182583,2.947394285,2.049182583,2.947394285,0.377408224,-0.918959602,0.899884425,-0.304556830,0.067996890,2.015997060,0.250844102,0.514311643,0.901896046,-0.324152359,-1.669836762,-3.864821826,4.210130943,-1.149298158,-3.251951115,3.449068325,-1.671774359,-3.866353887,4.212306006,-1.149298158,-3.251951115,3.449068325,-1.981185693,-0.931397226,2.189200206,-1.798338481,-2.433082643,3.025543329,-1.147286538,-3.271546644,3.466883881
90.580000000,0.311442343,-0.829965441,0.876426988,-0.251908283,2.255368752,2.942705148,2.255368752,2.942705148,0.309734986,-0.831312355,0.876426988,-0.251908283,0.077110118,2.341531662,0.226685420,0.630457133,0.854647050,-0.287699202,-1.943926409,-3.772670589,4.244042089,-1.378941764,-3.194613431,3.479516541,-1.945633766,-3.774017503,4.246021534,-1.378941764,-3.194613431,3.479516541,-2.178258634,-0.601173486,2.259694722,-2.028683332,-2.312248015,3.076044041,-1.400721703,-3.230404350,3.521013143
90.700000000,0.229997891,-0.724975756,0.972320145,-0.257703432,2.194089516,3.047972640,2.194089516,3.047972640,0.228502623,-0.726146814,0.972320145,-0.257703432,0.086703863,2.497878902,0.226685420,0.630457133,0.876426988,-0.251908283,-1.964091626,-3.772948396,4.253562685,-1.221769371,-3.305676071,3.524232496,-1.965586893,-3.774119454,4.255291939,-1.221769371,-3.305676071,3.524232496,-2.107385654,-0.550093738,2.177998488,-1.967404096,-2.417515506,3.116899116,-1.317662528,-3.299880922,3.553230733
90.800000000,0.162156550,-0.637472994,0.795372907,-0.180708016,2.215015575,2.879376953,2.215015575,2.879376953,0.160838446,-0.638524551,0.795372907,-0.180708016,0.086703863,2.497878902,0.158350877,0.886451573,0.806956294,-0.203585528,-2.052859025,-3.516849947,4.072157134,-1.419642667,-3.060084969,3.373352237,-2.054177129,-3.517901503,4.073729822,-1.419642667,-3.060084969,3.373352237,-2.128311712,-0.381498051,2.162232991,-2.056664698,-1.992925380,2.863847281,-1.408059281,-3.082962480,3.389290279
90.880000000,0.107908154,-0.567460998,0.800270406,-0.141345880,2.441414883,3.080471513,2.441414883,3.080471513,0.106700081,-0.568433592,0.800270406,-0.141345880,0.098697559,2.833214128,0.130427054,1.097870567,0.901034248,-0.177517774,-2.333506728,-3.647932511,4.330434765,-1.641144477,-3.221817393,3.615724341,-2.334714801,-3.648905105,4.331905085,-1.641144477,-3.221817393,3.615724341,-2.342717324,-0.247257385,2.355729329,-2.310987828,-1.982600946,3.044892651,-1.540380635,-3.257989287,3.603785051
90.980000000,0.040081405,-0.479948633,0.769217148,-0.122530922,2.645525405,2.880541099,2.645525405,2.880541099,0.025429540,-0.463307951,0.769217148,-0.122530922,0.103388334,2.995374426,0.105648244,1.213956714,0.769217148,-0.122530922,-2.605444000,-3.360489732,4.252202920,-1.876308256,-3.003072021,3.541041405,-2.620095864,-3.343849050,4.248085311,-1.876308256,-3.003072021,3.541041405,-2.542137071,0.114833327,2.544729373,-2.539877161,-1.666584385,3.037841257,-1.876308256,-3.003072021,3.541041405
91.080000000,-0.022025036,-0.388309659,0.723713078,-0.069731596,2.712266326,3.035799674,2.712266326,3.035799674,-0.023516022,-0.389635191,0.723713078,-0.069731596,0.111409840,3.159219902,0.105648244,1.213956714,0.767695298,-0.100432768,-2.734291362,-3.424109333,4.381880187,-1.988553247,-3.105531270,3.687637250,-2.735782348,-3.425434865,4.383846378,-1.988553247,-3.105531270,3.687637250,-2.600856486,0.123420228,2.603783212,-2.606618082,-1.821842959,3.180183893,-1.944571028,-3.136232442,3.690164009
91.180000000,-0.065761934,-0.286670062,0.605538565,-0.009390507,2.642255424,2.823226699,2.642255424,2.823226699,-0.063584594,-0.286694639,0.605538565,-0.009390507,0.111409840,3.159219902,0.075745622,1.339635635,0.675079485,-0.049774163,-2.708017358,-3.109896761,4.123689595,-2.036716858,-2.832617206,3.488830147,-2.705840018,-3.109921338,4.122278609,-2.036716858,-2.832617206,3.488830147,-2.530845584,0.335993203,2.553051273,-2.566509801,-1.483591064,2.964458636,-1.967175939,-2.873000862,3.481941287
91.280000000,-0.084505926,-0.177487629,0.494143256,0.037477869,2.621584165,2.922387924,2.621584165,2.922387924,-0.078131955,-0.177187394,0.494143256,0.037477869,0.140302905,3.327303754,0.022823953,1.436274920,0.570472689,-0.013740506,-2.706090091,-3.099875553,4.114869624,-2.127440909,-2.884910055,3.584509848,-2.699716120,-3.099575318,4.110454267,-2.127440909,-2.884910055,3.584509848,-2.481281261,0.404915831,2.514102926,-2.598760213,-1.486113003,2.993674415,-2.051111476,-2.936128430,3.581606964
91.400000000,-0.070133346,-0.044634818,0.370993716,0.146745730,2.734681395,2.907935731,2.734681395,2.907935731,-0.054220655,-0.024748888,0.370993716,0.146745730,0.202204566,3.479772478,0.037270485,1.520316846,0.442050830,0.072740092,-2.804814741,-2.952570549,4.072426621,-2.363687679,-2.761190001,3.634720026,-2.788902050,-2.932684619,4.047050002,-2.363687679,-2.761190001,3.634720026,-2.532476829,0.571836747,2.596234996,-2.697410910,-1.387618885,3.033399378,-2.292630565,-2.835195639,3.646160888
91.500000000,-0.028068995,0.059396236,0.400917008,0.175712618,2.808158741,2.978552742,2.808158741,2.978552742,-0.018233670,0.056056343,0.400917008,0.175712618,0.315187013,3.631788688,0.058849320,1.651142424,0.350943312,0.177847741,-2.836227736,-2.919156506,4.070093669,-2.407241734,-2.802840124,3.694688827,-2.826392411,-2.922496399,4.065646230,-2.407241734,-2.802840124,3.694688827,-2.492971728,0.653235946,2.577135083,-2.749309421,-1.327410318,3.052985497,-2.457215429,-2.800705001,3.725836305
91.600000000,0.038387327,0.150309516,0.270177243,0.360065716,2.792810276,2.679856536,2.792810276,2.679856536,0.047235910,0.145029875,0.270177243,0.360065716,0.544654556,3.848257016,0.205765961,1.917578631,0.269661510,0.359545792,-2.754422950,-2.529547021,3.739713079,-2.522633034,-2.319790821,3.427113490,-2.745574366,-2.534826662,3.736780005,-2.522633034,-2.319790821,3.427113490,-2.248155721,1.168400480,2.533646350,-2.587044315,-0.762277906,2.697010548,-2.523148767,-2.320310744,3.427845045
91.680000000,0.106249992,0.209861354,0.230716365,0.403105960,2.819736008,2.629240070,2.819736008,2.629240070,0.113655452,0.203445163,0.230716365,0.403105960,0.544654556,3.848257016,0.205765961,1.917578631,0.248209302,0.362643579,-2.713486017,-2.419378716,3.635436663,-2.589019643,-2.226134110,3.414483239,-2.706080556,-2.425794907,3.634192195,-2.589019643,-2.226134110,3.414483239,-2.275081453,1.219016947,2.581084643,-2.613970047,-0.711661439,2.709114507,-2.571526706,-2.266596491,3.427857822
91.780000000,0.205039056,0.264188033,0.227966013,0.474240070,2.927660195,2.598929568,2.927660195,2.598929568,0.210274882,0.257009062,0.227966013,0.474240070,0.706613022,3.930024564,0.406431507,2.069942959,0.226928212,0.471985868,-2.722621139,-2.334741535,3.586597817,-2.699694182,-2.124689498,3.435499111,-2.717385313,-2.341920506,3.587307430,-2.699694182,-2.124689498,3.435499111,-2.221047173,1.331094996,2.589375298,-2.521228688,-0.528986609,2.576125178,-2.700731983,-2.126943700,3.437708938
91.880000000,0.313779644,0.293428564,0.224800440,0.547657664,2.969777118,2.643025513,2.969777118,2.643025513,0.316817475,0.286199091,0.224800440,0.547657664,0.869635000,3.989582159,0.406431507,2.069942959,0.230900892,0.493409523,-2.655997475,-2.349596949,3.546114551,-2.744976679,-2.095367848,3.453326423,-2.652959643,-2.356826422,3.548637154,-2.744976679,-2.095367848,3.453326423,-2.100142118,1.346556646,2.494756845,-2.563345612,-0.573082554,2.626626037,-2.738876227,-2.149615990,3.481708185
92.000000000,0.448262300,0.297369216,0.242401290,0.609510240,3.120374855,2.428315857,3.120374855,2.428315857,0.449426846,0.289883828,0.242401290,0.609510240,1.243010911,4.006655457,0.537337028,2.126885096,0.224200535,0.589365334,-2.672112555,-2.130946641,3.417765219,-2.877973564,-1.818805617,3.404524300,-2.670948008,-2.138432029,3.421528139,-2.877973564,-1.818805617,3.404524300,-1.877363944,1.578339600,2.452682464,-2.583037826,-0.301430761,2.600566268,-2.896174320,-1.838950523,3.430679920
92.080000000,0.537404818,0.292743007,0.303712307,0.659694026,3.054422334,2.484986330,3.054422334,2.484986330,0.537982190,0.288097628,0.303712307,0.659694026,1.243010911,4.006655457,0.845636605,2.152012337,0.332353605,0.614749864,-2.517017515,-2.192243323,3.337859787,-2.750710027,-1.825292304,3.301226688,-2.516440143,-2.196888703,3.340477655,-2.750710027,-1.825292304,3.301226688,-1.811411423,1.521669127,2.365732080,-2.208785728,-0.332973994,2.233742616,-2.722068728,-1.870236466,3.302641761
92.200000000,0.670547969,0.283868219,0.325465224,0.642518119,2.889287935,2.186303752,2.889287935,2.186303752,0.670822944,0.285381214,0.325465224,0.642518119,1.381970125,3.991055065,0.845636605,2.152012337,0.314260037,0.643131662,-2.218739966,-1.902435532,2.922681644,-2.563822711,-1.543785633,2.992734699,-2.218464991,-1.900922538,2.921488218,-2.563822711,-1.543785633,2.992734699,-1.507317810,1.804751313,2.351411126,-2.043651330,-0.034291415,2.043939006,-2.575027898,-1.543172090,3.002024113
92.280000000,0.759085066,0.278942958,0.391239968,0.592842203,2.989372813,2.150331600,2.989372813,2.150331600,0.759381723,0.283553931,0.391239968,0.592842203,1.595457538,3.977613776,0.959687472,2.141899036,0.416033636,0.576220286,-2.230287747,-1.871388642,2.911404967,-2.598132845,-1.557489396,3.029202453,-2.229991090,-1.866777669,2.908215798,-2.598132845,-1.557489396,3.029202453,-1.393915275,1.827282177,2.298251498,-2.029685341,-0.008432564,2.029702858,-2.573339176,-1.574111313,3.016604207
92.400000000,0.891837029,0.273525584,0.439623329,0.614562945,2.785644587,2.147415410,2.785644587,2.147415410,0.892223805,0.280801115,0.439623329,0.614562945,1.727330865,3.963402067,1.177271302,2.128278367,0.462710594,0.590307935,-1.893807558,-1.873889826,2.664201596,-2.346021258,-1.532852465,2.802401189,-1.893420781,-1.866614295,2.658813867,-2.346021258,-1.532852465,2.802401189,-1.058313722,1.815986657,2.101864761,-1.608373285,-0.019137043,1.608487131,-2.322933993,-1.557107475,2.796534646
92.500000000,1.002497784,0.270439642,0.488776089,0.576328334,3.120831839,2.106570877,3.120831839,2.106570877,1.002911315,0.278535014,0.488776089,0.576328334,1.926956692,3.938205086,1.409396860,2.105865335,0.494513745,0.561944118,-2.118334055,-1.836131236,2.803340344,-2.632055750,-1.530242543,3.044562318,-2.117920524,-1.828035864,2.797731664,-2.632055750,-1.530242543,3.044562318,-1.193875147,1.831634209,2.186371821,-1.711434979,-0.000705542,1.711435124,-2.626318094,-1.544626759,3.046870288
92.600000000,1.113211332,0.268149702,0.535403547,0.555969426,2.764309511,1.807542325,2.764309511,1.807542325,1.091476761,0.276694844,0.535403547,0.555969426,2.088997638,3.920910615,1.409396860,2.105865335,0.572639684,0.559488199,-1.651098179,-1.539392623,2.257400019,-2.228905964,-1.251572899,2.556258304,-1.672832750,-1.530847481,2.267567732,-2.228905964,-1.251572899,2.556258304,-0.675311873,2.113368290,2.218641849,-1.354912650,0.298323010,1.387366177,-2.191669826,-1.248054126,2.522113346
92.680000000,1.201799226,0.266667629,0.599445433,0.561525207,3.036022365,1.856091200,3.036022365,1.856091200,1.202173731,0.274406935,0.599445433,0.561525207,2.398982724,3.885079768,1.672600397,2.087278949,0.650491849,0.532376196,-1.834223139,-1.589423572,2.427064444,-2.436576931,-1.294565994,2.759131794,-1.833848633,-1.581684265,2.421719622,-2.436576931,-1.294565994,2.759131794,-0.637039640,2.028988568,2.126643861,-1.363421967,0.231187748,1.382883667,-2.385530516,-1.323715005,2.728182042
92.780000000,1.312552801,0.265082608,0.655086857,0.526428753,3.012400823,1.877377770,3.012400823,1.877377770,1.312874545,0.272183548,0.655086857,0.526428753,2.573870938,3.872749739,1.800390975,2.075873698,0.665886911,0.514212206,-1.699848023,-1.612295162,2.342857014,-2.357313967,-1.350949017,2.716982220,-1.699526278,-1.605194222,2.337742086,-2.357313967,-1.350949017,2.716982220,-0.438529886,1.995371969,2.042992353,-1.212009848,0.198495929,1.228156548,-2.346513913,-1.363165564,2.713733203
92.880000000,1.423303961,0.263625492,0.696746422,0.544167677,3.035886170,1.570317760,3.035886170,1.570317760,1.423574711,0.269965628,0.696746422,0.544167677,2.738729969,3.849447909,1.943211869,2.068916173,0.765339055,0.513081316,-1.612582209,-1.306692268,2.075539945,-2.339139748,-1.026150083,2.554321584,-1.612311460,-1.300352132,2.071343504,-2.339139748,-1.026150083,2.554321584,-0.297156201,2.279130149,2.298420336,-1.092674301,0.498598413,1.201056829,-2.270547116,-1.057236444,2.504622347
92.980000000,1.534372032,0.269189954,0.764743866,0.522795076,3.021535063,1.513884348,3.021535063,1.513884348,1.534059600,0.274049201,0.764743866,0.522795076,2.738729969,3.849447909,2.025641385,2.057265258,0.801490993,0.501779376,-1.487163031,-1.244694394,1.939308643,-2.256791197,-0.991089273,2.464825441,-1.487475463,-1.239835147,1.936433434,-2.256791197,-0.991089273,2.464825441,-0.282805093,2.335563560,2.352623188,-0.995893678,0.543380910,1.134489767,-2.220044070,-1.012104972,2.439867239
93.080000000,1.644143041,0.284831965,0.837874958,0.433275259,3.097913087,1.395311386,3.097913087,1.395311386,1.643168715,0.292883600,0.837874958,0.433275259,2.916676333,3.840283263,2.081016965,2.056536700,0.911147912,0.408538237,-1.453770046,-1.110479421,1.829374727,-2.260038129,-0.962036127,2.456274792,-1.454744373,-1.102427786,1.825274832,-2.260038129,-0.962036127,2.456274792,-0.181236754,2.444971877,2.451679881,-1.016896122,0.661225314,1.212970173,-2.186765175,-0.986773149,2.399096326
93.180000000,1.753249315,0.304398466,0.867855687,0.435230862,3.050436481,1.537145279,3.050436481,1.537145279,1.752258969,0.311740188,0.867855687,0.435230862,3.090790562,3.847285331,2.367466802,2.066058648,0.944362044,0.396487183,-1.297187166,-1.232746813,1.789513691,-2.182580794,-1.101914417,2.444969183,-1.298177513,-1.225405091,1.785184161,-2.182580794,-1.101914417,2.444969183,0.040354081,2.310140052,2.310492483,-0.682969680,0.528913369,0.863826913,-2.106074438,-1.140658096,2.395130566
93.280000000,1.862167828,0.325111743,0.961400182,0.435149897,2.877686680,1.226536001,2.877686680,1.226536001,1.883179583,0.334443865,0.961400182,0.435149897,3.426317091,3.854688450,2.422019939,2.075841899,0.980449404,0.457286923,-1.015518852,-0.901424258,1.357882260,-1.916286497,-0.791386104,2.073269376,-0.994507097,-0.892092136,1.335991297,-1.916286497,-0.791386104,2.073269376,0.548630411,2.628152449,2.684805510,-0.455666741,0.849305898,0.963821916,-1.897237276,-0.769249078,2.047255095
93.380000000,1.971053813,0.345708943,1.050028953,0.406553617,2.905888692,1.022973142,2.905888692,1.022973142,1.970457741,0.349594384,1.050028953,0.406553617,3.426317091,3.854688450,2.506789027,2.077616580,1.000861342,0.430329305,-0.934834878,-0.677264200,1.154384271,-1.855859739,-0.616419526,1.955553222,-0.935430951,-0.673378758,1.152592736,-1.855859739,-0.616419526,1.955553222,0.520428399,2.831715308,2.879141765,-0.399099664,1.054643438,1.127631732,-1.905027350,-0.592643837,1.995082936
93.500000000,2.101764759,0.369856424,1.087288291,0.397553132,2.898971961,1.162117310,2.898971961,1.162117310,2.101370355,0.372296346,1.087288291,0.397553132,3.603363155,3.862370543,2.787208484,2.104039743,1.040345342,0.439818834,-0.797207202,-0.792260886,1.123929105,-1.811683670,-0.764564178,1.966406901,-0.797601606,-0.789820964,1.122490747,-1.811683670,-0.764564178,1.966406901,0.704391194,2.700253234,2.790615430,-0.111763477,0.941922433,0.948529886,-1.858626619,-0.722298476,1.994043129
93.580000000,2.188932442,0.385653366,1.083478354,0.451303229,2.910805082,1.033433013,2.910805082,1.033433013,2.188633073,0.387442645,1.083478354,0.451303229,3.939716761,3.874405495,2.939560839,2.120216905,1.092838509,0.450554564,-0.721872640,-0.647779648,0.969906480,-1.827326728,-0.582129784,1.917810746,-0.722172009,-0.645990368,0.968935481,-1.827326728,-0.582129784,1.917810746,1.028911679,2.840972482,3.021553224,0.028755757,1.086783892,1.087164257,-1.817966573,-0.582878449,1.909122769
93.700000000,2.319757162,0.408961183,1.172869294,0.464099361,3.096746863,0.931054325,3.096746863,0.931054325,2.319571851,0.410075056,1.172869294,0.464099361,3.939716761,3.874405495,3.020740760,2.122130959,1.110449505,0.428797256,-0.776989701,-0.522093142,0.936105893,-1.923877569,-0.466954964,1.979735295,-0.777175012,-0.520979268,0.935639031,-1.923877569,-0.466954964,1.979735295,0.842969898,2.943351170,3.061684889,-0.076006102,1.191076634,1.193499257,-1.986297358,-0.502257069,2.048814134
93.780000000,2.406996284,0.424300432,1.233034426,0.467027355,3.166150706,0.883354553,3.166150706,0.883354553,2.428665516,0.428914760,1.233034426,0.467027355,4.292610277,3.880697562,3.129736961,2.141683339,1.246828948,0.426057135,-0.759154422,-0.459054121,0.887156200,-1.933116279,-0.416327197,1.977439477,-0.737485189,-0.454439793,0.866256273,-1.933116279,-0.416327197,1.977439477,1.126459572,2.997343009,3.202026902,-0.036413744,1.258328786,1.258855550,-1.919321758,-0.457297418,1.973047627
93.900000000,2.537886312,0.447179568,1.267008748,0.411395006,2.837469607,0.744989489,2.837469607,0.744989489,2.537775165,0.447807545,1.267008748,0.411395006,4.292610277,3.880697562,3.306183720,2.144829372,1.234366928,0.466978858,-0.299583295,-0.297809921,0.422422655,-1.570460859,-0.333594483,1.605500728,-0.299694442,-0.297181944,0.422059079,-1.570460859,-0.333594483,1.605500728,1.455140671,3.135708073,3.456891593,0.468714113,1.399839884,1.476226480,-1.603102679,-0.278010631,1.627030457
93.980000000,2.625440232,0.460651064,1.360578051,0.385298489,2.884234964,0.573624767,2.884234964,0.573624767,2.625201770,0.461902698,1.360578051,0.385298489,4.484476113,3.892819593,3.349803281,2.152498997,1.318503998,0.476677117,-0.258794732,-0.112973703,0.282378772,-1.523656913,-0.188326279,1.535251502,-0.259033193,-0.111722070,0.282099302,-1.523656913,-0.188326279,1.535251502,1.600241149,3.319194826,3.684810175,0.465568317,1.578874229,1.646085566,-1.565730965,-0.096947651,1.568729519
94.080000000,2.736301369,0.460602213,1.450344300,0.449212593,2.928741961,0.619768366,2.928741961,0.619768366,2.735652775,0.459740335,1.450344300,0.449212593,4.636239328,3.900311272,3.630839780,2.180481168,1.450511766,0.449214223,-0.192440592,-0.159166152,0.249734349,-1.478397661,-0.170555773,1.488203251,-0.193089186,-0.160028030,0.250783581,-1.478397661,-0.170555773,1.488203251,1.707497367,3.280542906,3.698311644,0.702097819,1.560712803,1.711363725,-1.478230195,-0.170554143,1.488036702
94.180000000,2.844660211,0.438323862,1.445065840,0.554120632,2.918374964,0.561916725,2.918374964,0.561916725,2.842770086,0.432442435,1.445065840,0.554120632,4.809067017,3.886421429,3.630839780,2.180481168,1.407088977,0.522132389,-0.073714753,-0.123592863,0.143906430,-1.473309124,-0.007796093,1.473329751,-0.075604878,-0.129474290,0.149932282,-1.473309124,-0.007796093,1.473329751,1.890692053,3.324504704,3.824532385,0.712464815,1.618564443,1.768433479,-1.511285988,-0.039784336,1.511809555
94.280000000,2.949923662,0.404389489,1.508865840,0.587162442,2.895161634,0.407966713,2.895161634,0.407966713,2.947978534,0.397983448,1.508865840,0.587162442,4.983928731,3.847878325,3.826863614,2.162372645,1.508919928,0.587156415,0.054762028,-0.003577224,0.054878741,-1.386295794,0.179195728,1.397829438,0.052816900,-0.009983266,0.053752121,-1.386295794,0.179195728,1.397829438,2.088767097,3.439911611,4.024417955,0.931701980,1.754405932,1.986456331,-1.386241705,0.179189701,1.397775023
94.380000000,3.047835230,0.350499301,1.551119973,0.524209219,2.931037410,0.619341051,2.931037410,0.619341051,3.045019907,0.345192395,1.551119973,0.524209219,5.312058064,3.731817845,3.966926196,2.126133907,1.551136337,0.524207818,0.116797820,-0.268841750,0.293117071,-1.379917437,-0.095131832,1.383192755,0.113982497,-0.274148656,0.296899806,-1.379917437,-0.095131832,1.383192755,2.381020654,3.112476794,3.918771638,1.035888787,1.506792856,1.828521339,-1.379901073,-0.095133233,1.383176527
94.480000000,3.131739979,0.276686745,1.644908604,0.613147975,2.992710319,0.177662765,2.992710319,0.177662765,3.126802230,0.270930949,1.644908604,0.613147975,5.312058064,3.731817845,4.130990863,2.068103667,1.596388656,0.574710072,0.139029660,0.099023980,0.170689762,-1.347801715,0.435485211,1.416409839,0.134091911,0.093268185,0.163338895,-1.347801715,0.435485211,1.416409839,2.319347745,3.554155080,4.243983070,1.138280544,1.890440902,2.206682896,-1.396321663,0.397047308,1.451675153
94.580000000,3.195693666,0.184766604,1.741257810,0.597442970,2.743555632,0.262030541,2.743555632,0.262030541,3.188678401,0.179420477,1.741257810,0.597442970,5.457399008,3.634492170,4.179946647,2.041158573,1.690838667,0.633795338,0.452138034,-0.077263937,0.458692182,-1.002297822,0.335412430,1.056930661,0.445122769,-0.082610064,0.452723649,-1.002297822,0.335412430,1.056930661,2.713843375,3.372461629,4.328792361,1.436391015,1.779128032,2.286594783,-1.052716965,0.371764797,1.116432744
94.680000000,3.235496930,0.079780708,1.801504916,0.613849397,2.757543443,0.240603323,2.757543443,0.240603323,3.227122090,0.075851962,1.801504916,0.613849397,5.588385921,3.509372158,4.392039794,1.847069381,1.864688195,0.650108276,0.477953487,-0.160822616,0.504285087,-0.956038528,0.373246073,1.026314912,0.469578647,-0.164751361,0.497641554,-0.956038528,0.373246073,1.026314912,2.830842478,3.268768835,4.324178400,1.634496351,1.606466058,2.291792206,-0.892855249,0.409504953,0.982285499
94.800000000,3.248209838,-0.054450748,1.941838434,0.627458774,2.617233363,0.113561442,2.617233363,0.113561442,3.239463175,-0.056004363,1.941838434,0.627458774,5.694583563,3.365997373,4.465040247,1.722889041,1.971298144,0.619926638,0.630976476,-0.168012190,0.652962027,-0.675394928,0.513897332,0.848674718,0.622229812,-0.169565805,0.644920539,-0.675394928,0.513897332,0.848674718,3.077350200,3.252435932,4.477546621,1.847806884,1.609327599,2.450372543,-0.645935219,0.506365197,0.820754543
94.880000000,3.235003295,-0.143561866,2.045513693,0.605652810,2.550016916,-0.008813516,2.550016916,-0.008813516,3.226673851,-0.143519874,2.045513693,0.605652810,5.772395378,3.208506144,4.465040247,1.722889041,2.144867154,0.551122350,0.684986379,-0.134748350,0.698114215,-0.504503223,0.614466326,0.795042368,0.676656936,-0.134706358,0.689935078,-0.504503223,0.614466326,0.795042368,3.222378463,3.217319660,4.553555616,1.915023331,1.731702556,2.581880730,-0.405149761,0.559935866,0.691140002
94.980000000,3.195024194,-0.248650257,2.123916371,0.586181712,2.523286599,0.218922639,2.523286599,0.218922639,3.187716553,-0.246893760,2.123916371,0.586181712,5.830341885,3.030435944,4.510302608,1.577027698,2.161931130,0.516762802,0.671737595,-0.467572896,0.818447194,-0.399370228,0.367259072,0.542564102,0.664429955,-0.465816399,0.811450604,-0.399370228,0.367259072,0.542564102,3.307055287,2.811513305,4.340647617,1.987016010,1.358105059,2.406799114,-0.361355468,0.297840163,0.468280404
95.080000000,3.140729882,-0.346286751,2.178342615,0.549425197,2.351814530,0.266707820,2.351814530,0.266707820,3.134286219,-0.343874046,2.178342615,0.549425197,5.861252103,2.663306987,4.521066567,1.304499337,2.310616017,0.445593125,0.788915352,-0.612994572,0.999074460,-0.173471915,0.282717377,0.331695071,0.782471689,-0.610581866,0.992508015,-0.173471915,0.282717377,0.331695071,3.509437573,2.396599166,4.249687005,2.169252037,1.037791516,2.404717370,-0.041198513,0.178885305,0.183568161
95.200000000,3.071058932,-0.460352401,2.119800758,0.486516806,2.164027610,0.069645179,2.164027610,0.069645179,3.059466809,-0.479630927,2.119800758,0.486516806,5.861252103,2.663306987,4.521066567,1.304499337,2.291645853,0.403068069,0.907031322,-0.529997580,1.050525227,-0.044226852,0.416871627,0.419211126,0.895439200,-0.549276106,1.050483508,-0.044226852,0.416871627,0.419211126,3.697224493,2.593661808,4.516254037,2.357038957,1.234854158,2.660920411,0.127618244,0.333422890,0.357011540
95.280000000,3.025042113,-0.536269438,2.186626314,0.461042870,2.227333639,-0.021751642,2.227333639,-0.021751642,3.027333074,-0.537772864,2.186626314,0.461042870,5.851898470,2.474690591,4.461478701,1.007169095,2.257516294,0.304032342,0.797708474,-0.514517796,0.949245685,-0.040707325,0.482794512,0.484507613,0.799999435,-0.516021222,0.951985817,-0.040707325,0.482794512,0.484507613,3.624564831,2.496442233,4.401101457,2.234145062,1.028920737,2.459691452,0.030182655,0.325783984,0.327179151
95.400000000,2.957786304,-0.650905231,2.026178083,0.385955328,2.149666039,0.003083757,2.149666039,0.003083757,2.963075446,-0.654058154,2.026178083,0.385955328,5.840475904,2.315848083,4.461478701,1.007169095,2.218919968,0.249224184,0.808120264,-0.653988988,1.039596055,-0.123487956,0.382871571,0.402293320,0.813409407,-0.657141911,1.045691329,-0.123487956,0.382871571,0.402293320,3.690809865,2.312764326,4.355566127,2.311812661,1.004085338,2.520449394,0.069253929,0.246140426,0.255697509
95.480000000,2.913981888,-0.727889073,1.953839101,0.323513936,2.000716254,0.031200497,2.000716254,0.031200497,2.920228115,-0.731603616,1.953839101,0.323513936,5.830394482,1.959485021,4.432759008,0.889789323,2.222917885,0.187488227,0.913265635,-0.759089571,1.187548355,-0.046877153,0.292313439,0.296048330,0.919511861,-0.762804113,1.194726821,-0.046877153,0.292313439,0.296048330,3.829678229,1.928284524,4.287740260,2.432042755,0.858588825,2.579148451,0.222201631,0.156287730,0.271660485
95.600000000,2.849336302,-0.843962007,2.005136387,0.297672767,1.897762217,0.188948871,1.897762217,0.188948871,2.856001409,-0.847904822,2.005136387,0.297672767,5.827491108,1.771230730,4.372188185,0.615797974,2.177962277,0.102652121,0.951574085,-1.032910878,1.404420920,0.107374170,0.108723897,0.152807389,0.958239192,-1.036853692,1.411838492,0.107374170,0.108723897,0.152807389,3.929728891,1.582281860,4.236317391,2.474425968,0.426849103,2.510972726,0.280200060,-0.086296750,0.293187998
95.700000000,2.796063067,-0.941052638,1.943253267,0.244591848,1.649976695,0.157017794,1.649976695,0.157017794,2.802496514,-0.944842936,1.943253267,0.244591848,5.827491108,1.771230730,4.370736498,0.521670829,2.095372199,0.048739022,1.146086373,-1.098070433,1.587221676,0.293276572,0.087574053,0.306072480,1.152519820,-1.101860730,1.594490202,0.293276572,0.087574053,0.306072480,4.177514413,1.614212936,4.478538833,2.720759804,0.364653034,2.745087566,0.445395504,-0.108278772,0.458368245
95.800000000,2.743059546,-1.038311829,1.971612901,0.195713328,1.682406585,0.072615423,1.682406585,0.072615423,2.748977055,-1.041790221,1.971612901,0.195713328,5.817376789,1.414111159,4.306719928,0.236529260,2.046976222,0.072945903,1.060652961,-1.110927253,1.535950541,0.289206316,0.123097905,0.314314154,1.066570470,-1.114405644,1.542553891,0.289206316,0.123097905,0.314314154,4.134970204,1.341495736,4.347135769,2.624313343,0.163913837,2.629427365,0.364569637,0.000330480,0.364569787
95.880000000,2.700748315,-1.116161330,1.855156123,0.154727048,1.906990874,0.216897293,1.906990874,0.216897293,2.706165238,-1.119322438,1.855156123,0.154727048,5.817376789,1.414111159,4.306719928,0.236529260,2.038407609,0.088866860,0.793757442,-1.333058623,1.551481927,-0.051834751,-0.062170246,0.080944307,0.799174365,-1.336219731,1.556972330,-0.051834751,-0.062170246,0.080944307,3.910385915,1.197213866,4.089552426,2.399729055,0.019631967,2.399809357,0.131416735,-0.128030434,0.183472478
95.980000000,2.647862160,-1.213482539,1.812081457,0.102129788,1.608681331,0.227237969,1.608681331,0.227237969,2.652621195,-1.216246925,1.812081457,0.102129788,5.809240442,1.239753253,4.280218168,0.187899665,1.868927338,0.086537818,1.039180829,-1.440720508,1.776393080,0.203400125,-0.125108181,0.238796290,1.043939864,-1.443484894,1.781420523,0.203400125,-0.125108181,0.238796290,4.200559111,1.012515284,4.320866122,2.671536836,-0.039338304,2.671826448,0.260246007,-0.140700151,0.295845427
96.080000000,2.594983426,-1.310796201,1.798886543,0.069020091,1.404059418,0.137254063,1.404059418,0.137254063,2.588452271,-1.332584056,1.798886543,0.069020091,5.809080305,1.059653084,4.228551301,0.013135357,1.739213381,0.049677449,1.190924008,-1.448050264,1.874873212,0.394827125,-0.068233972,0.400679840,1.184392853,-1.469838119,1.887646823,0.394827125,-0.068233972,0.400679840,4.405020887,0.922399021,4.500558739,2.824491883,-0.124118706,2.827217687,0.335153963,-0.087576614,0.346407047
96.180000000,2.542098882,-1.408101894,1.765728502,0.010592915,1.506416078,0.047400087,1.506416078,0.047400087,2.545698939,-1.410162266,1.765728502,0.010592915,5.802321406,0.877425120,4.198652416,-0.216685540,1.716631344,-0.005356312,1.035682804,-1.455501981,1.786371990,0.259312423,-0.036807172,0.261911628,1.039282861,-1.457562353,1.790138787,0.259312423,-0.036807172,0.261911628,4.295905327,0.830025033,4.375356458,2.692236337,-0.264085627,2.705157614,0.210215266,-0.052756399,0.216734159
96.280000000,2.489192768,-1.505385904,1.716825330,-0.024168722,1.260968471,-0.063727023,1.260968471,-0.063727023,2.492298201,-1.507148240,1.716825330,-0.024168722,5.797699802,0.694466172,4.196341614,-0.308165014,1.768126544,0.006210870,1.228224297,-1.441658882,1.893915324,0.455856859,0.039558301,0.457570033,1.231329730,-1.443421217,1.897271123,0.455856859,0.039558301,0.457570033,4.536731331,0.758193195,4.599650867,2.935373143,-0.244437992,2.945533130,0.507158073,0.069937892,0.511957635
96.380000000,2.436237913,-1.602640708,1.627504528,-0.076819289,1.069324402,0.160829479,1.069324402,0.160829479,2.438892341,-1.604136688,1.627504528,-0.076819289,5.790836416,0.330339186,4.169899342,-0.356817861,1.627862549,-0.057811812,1.366913511,-1.763470187,2.231205873,0.558180126,-0.237648768,0.606664644,1.369567939,-1.764966168,2.234014752,0.558180126,-0.237648768,0.606664644,4.721512014,0.169509707,4.724553867,3.100574941,-0.517647340,3.143489101,0.558538147,-0.218641292,0.599807366
96.500000000,2.372613003,-1.719298957,1.670315749,-0.092548877,1.094781928,0.247772087,1.094781928,0.247772087,2.374810016,-1.720527505,1.670315749,-0.092548877,5.790836416,0.330339186,4.113537164,-0.636150761,1.615557695,-0.091917838,1.277831076,-1.967071043,2.345681297,0.575533822,-0.340320964,0.668623615,1.280028089,-1.968299592,2.347908684,0.575533822,-0.340320964,0.668623615,4.696054488,0.082567100,4.696780289,3.018755237,-0.883922848,3.145505171,0.520775768,-0.339689925,0.621768965
96.580000000,2.330147707,-1.797043559,1.612534370,-0.142709290,0.896402308,0.100591266,0.896402308,0.100591266,2.332077246,-1.798124302,1.612534370,-0.142709290,5.787765714,0.120884018,4.113537164,-0.636150761,1.619557448,-0.133043309,1.433745399,-1.897634825,2.378369988,0.716132062,-0.243300556,0.756333452,1.435674937,-1.898715568,2.380395626,0.716132062,-0.243300556,0.756333452,4.891363406,0.020292752,4.891405500,3.217134856,-0.736742027,3.300415958,0.723155140,-0.233634575,0.759959519
96.700000000,2.266410022,-1.913628863,1.522583652,-0.200411092,0.868070852,0.096482933,0.868070852,0.096482933,2.268015209,-1.914524991,1.522583652,-0.200411092,5.778355462,-0.026912560,4.054251585,-0.911978060,1.570820458,-0.185699435,1.398339169,-2.010111796,2.448653071,0.654512800,-0.296894024,0.718702349,1.399944357,-2.011007924,2.450305506,0.654512800,-0.296894024,0.718702349,4.910284610,-0.123395493,4.911834830,3.186180732,-1.008460992,3.341966671,0.702749606,-0.282182367,0.757287196
96.780000000,2.223891858,-1.991342370,1.471820168,-0.247075439,0.803961449,0.103702230,0.803961449,0.103702230,2.225334343,-1.992141850,1.471820168,-0.247075439,5.776771927,-0.393300248,4.021590974,-1.153464556,1.531683189,-0.208565079,1.419930408,-2.095044601,2.530891986,0.667858718,-0.350777670,0.754374073,1.421372893,-2.095844081,2.532363187,0.667858718,-0.350777670,0.754374073,4.972810477,-0.497002479,4.997584967,3.217629525,-1.257166786,3.454505476,0.727721739,-0.312267310,0.791890019
96.880000000,2.170740939,-2.088477899,1.497834512,-0.262309969,0.692210368,0.307831709,0.692210368,0.307831709,2.171977022,-2.089165419,1.497834512,-0.262309969,5.776771927,-0.393300248,4.021590974,-1.153464556,1.497844474,-0.262333692,1.478530571,-2.396309608,2.815733010,0.805624144,-0.570141678,0.986960888,1.479766654,-2.396997127,2.816967266,0.805624144,-0.570141678,0.986960888,5.084561559,-0.701131957,5.132674962,3.329380606,-1.461296264,3.635954069,0.805634106,-0.570165400,0.986982723
97.000000000,2.106877478,-2.204998028,1.465592356,-0.313318115,0.682542136,0.039625985,0.682542136,0.039625985,2.107891977,-2.205564931,1.465592356,-0.313318115,5.773284604,-0.753167188,4.000331892,-1.192321309,1.489525131,-0.289004069,1.424335342,-2.244624013,2.658395780,0.783050220,-0.352944100,0.858916285,1.425349840,-2.245190916,2.659418060,0.783050220,-0.352944100,0.858916285,5.090742467,-0.792793173,5.152104413,3.317789756,-1.231947294,3.539127435,0.806982995,-0.328630055,0.871331893
97.080000000,2.064279982,-2.282649851,1.368993395,-0.355790765,0.572090149,0.174562987,0.572090149,0.174562987,2.054489608,-2.302547105,1.368993395,-0.355790765,5.772440906,-0.933405824,3.972012771,-1.420822543,1.368995307,-0.355795557,1.492189833,-2.457212837,2.874808763,0.796903246,-0.530353752,0.957251214,1.482399459,-2.477110091,2.886794513,0.796903246,-0.530353752,0.957251214,5.200350757,-1.107968810,5.317070893,3.399922623,-1.595385530,3.755626290,0.796905159,-0.530358544,0.957255461
97.200000000,1.987287346,-2.390890812,1.430016707,-0.362991256,0.399256756,0.241193599,0.399256756,0.241193599,1.987854848,-2.390669619,1.430016707,-0.362991256,5.749670249,-1.147004814,3.939659192,-1.569201926,1.373994843,-0.364934821,1.588030591,-2.632084411,3.074037980,1.030759951,-0.604184856,1.194782581,1.588598092,-2.631863218,3.074141815,1.030759951,-0.604184856,1.194782581,5.350413494,-1.388198414,5.527569031,3.540402436,-1.810395525,3.976428217,0.974738087,-0.606128420,1.147826642
97.300000000,1.904447111,-2.464279539,1.594465942,-0.428518859,0.631244505,0.113436458,0.631244505,0.113436458,1.902298638,-2.460519121,1.594465942,-0.428518859,5.749670249,-1.147004814,3.918360444,-1.608027837,1.589079878,-0.423176797,1.273202605,-2.577715997,2.875006893,0.963221437,-0.541955317,1.105219934,1.271054132,-2.573955579,2.870683879,0.963221437,-0.541955317,1.105219934,5.118425744,-1.260441272,5.271337050,3.287115938,-1.721464295,3.710602446,0.957835372,-0.536613255,1.097908186
97.400000000,1.805855952,-2.515445405,1.674061954,-0.434081412,0.484838655,0.280211631,0.484838655,0.280211631,1.802580308,-2.508097386,1.674061954,-0.434081412,5.706768036,-1.319741404,3.868478798,-1.768947813,1.647565248,-0.437124920,1.321017297,-2.795657036,3.092051901,1.189223299,-0.714293043,1.387251458,1.317741654,-2.788309017,3.084008794,1.189223299,-0.714293043,1.387251458,5.221929381,-1.599953036,5.461537895,3.383640143,-2.049159444,3.955764787,1.162726593,-0.717336551,1.366200885
97.480000000,1.719199226,-2.537652819,1.697350836,-0.452423850,0.269356519,0.233979063,0.269356519,0.233979063,1.716449185,-2.528224421,1.697350836,-0.452423850,5.646475703,-1.471548284,3.805607573,-1.892010472,1.797175761,-0.439293699,1.449842708,-2.771631882,3.127936567,1.427994317,-0.686402912,1.584397907,1.447092666,-2.762203484,3.118308078,1.427994317,-0.686402912,1.584397907,5.377119185,-1.705527347,5.641119947,3.536251055,-2.125989534,4.126124456,1.527819242,-0.673272762,1.669589126
97.580000000,1.606950385,-2.540506292,1.775125561,-0.465672684,0.444876511,0.402795077,0.444876511,0.402795077,1.605999079,-2.529845778,1.775125561,-0.465672684,5.532750174,-1.666970769,3.682837465,-2.004600552,1.727904977,-0.450687712,1.162073874,-2.943301369,3.164401782,1.330249050,-0.868467761,1.588646841,1.161122567,-2.932640855,3.154138234,1.330249050,-0.868467761,1.588646841,5.087873663,-2.069765846,5.492757874,3.237960953,-2.407395629,4.034841366,1.283028466,-0.853482789,1.540972068
97.680000000,1.497003432,-2.515798070,1.768036340,-0.473391323,0.379383929,0.295238164,0.379383929,0.295238164,1.477637125,-2.497298689,1.768036340,-0.473391323,5.425730045,-1.781536707,3.625974700,-2.102311794,1.800572006,-0.476808514,1.117619502,-2.811036234,3.025061662,1.388652411,-0.768629487,1.587182033,1.098253195,-2.792536853,3.000736936,1.388652411,-0.768629487,1.587182033,5.046346116,-2.076774872,5.456977459,3.246590771,-2.397549958,4.035913457,1.421188077,-0.772046678,1.617353277
97.780000000,1.392612118,-2.475351291,1.837248617,-0.484833870,0.134930446,0.370835112,0.134930446,0.370835112,1.394995718,-2.465435483,1.837248617,-0.484833870,5.282139040,-1.899101229,3.516340215,-2.161021500,1.837248613,-0.484833893,1.257681672,-2.846186403,3.111678041,1.702318171,-0.855668982,1.905270731,1.260065271,-2.836270594,3.103577834,1.702318171,-0.855668982,1.905270731,5.147208594,-2.269936341,5.625510403,3.381409769,-2.531856612,4.224243119,1.702318167,-0.855669005,1.905270738
97.900000000,1.274340017,-2.411716809,1.751972324,-0.461973606,0.118730132,0.477613434,0.118730132,0.477613434,1.275508241,-2.408083331,1.751972324,-0.461973606,4.944878365,-2.077505066,3.389571236,-2.207449649,1.758793684,-0.462428739,1.155609885,-2.889330243,3.111858522,1.633242192,-0.939587040,1.884225003,1.156778109,-2.885696765,3.108919654,1.633242192,-0.939587040,1.884225003,4.826148233,-2.555118500,5.460800062,3.270841104,-2.685063083,4.231780392,1.640063552,-0.940042173,1.890367092
98.000000000,1.189260499,-2.339395782,1.778029980,-0.484671972,0.184448322,0.711970247,0.184448322,0.711970247,1.191193917,-2.336694826,1.778029980,-0.484671972,4.944878365,-2.077505066,3.109609191,-2.244610937,1.784767986,-0.474029205,1.004812178,-3.051366029,3.212550724,1.593581659,-1.196642219,1.992850998,1.006745596,-3.048665073,3.210591133,1.593581659,-1.196642219,1.992850998,4.760430043,-2.789475313,5.517505479,2.925160869,-2.956581184,4.159079034,1.600319665,-1.185999452,1.991887981
98.080000000,1.131424385,-2.271845214,1.783401658,-0.484662714,0.010862218,0.639005194,0.010862218,0.639005194,1.134914255,-2.268331185,1.783401658,-0.484662714,4.772974001,-2.132746961,3.109609191,-2.244610937,1.796266888,-0.520898648,1.120562167,-2.910850408,3.119087954,1.772539440,-1.123667908,2.098696175,1.124052037,-2.907336379,3.117065576,1.772539440,-1.123667908,2.098696175,4.762111784,-2.771752155,5.510019841,3.098746973,-2.883616131,4.232903825,1.785404670,-1.159903842,2.129095291
98.200000000,1.050344568,-2.166131670,1.729799638,-0.441167927,-0.000956057,0.858195455,-0.000956057,0.858195455,1.051678214,-2.164779526,1.729799638,-0.441167927,4.584875962,-2.160931142,2.981117250,-2.236071372,1.778203991,-0.498910419,1.051300626,-3.024327125,3.201841277,1.730755696,-1.299363382,2.164222835,1.052634271,-3.022974981,3.201002444,1.730755696,-1.299363382,2.164222835,4.585832020,-3.019126597,5.490444492,2.982073308,-3.094266827,4.297353652,1.779160048,-1.357105874,2.237665487
98.280000000,0.997223013,-2.095057136,1.711899238,-0.436491837,-0.036592040,0.801928727,-0.036592040,0.801928727,0.996174042,-2.095734955,1.711899238,-0.436491837,4.377925434,-2.187777490,2.817610265,-2.163531406,1.743912172,-0.465244945,1.033815054,-2.896985863,3.075922732,1.748491278,-1.238420564,2.142640250,1.032766082,-2.897663682,3.076208802,1.748491278,-1.238420564,2.142640250,4.414517475,-2.989706216,5.331632751,2.854202306,-2.965460132,4.115874706,1.780504213,-1.267173672,2.185388837
98.380000000,0.930173624,-2.006890804,1.680681267,-0.390435343,-0.001478444,0.937858667,-0.001478444,0.937858667,0.912942907,-1.992160400,1.680681267,-0.390435343,4.014006960,-2.234462390,2.687574224,-2.141417313,1.699732404,-0.398595960,0.931652068,-2.944749472,3.088612152,1.682159711,-1.328294011,2.143367974,0.914421352,-2.930019067,3.069393775,1.682159711,-1.328294011,2.143367974,4.015485404,-3.172321058,5.117396205,2.689052668,-3.079275980,4.088146868,1.701210848,-1.336454627,2.163383767
98.480000000,0.862160449,-1.919538187,1.657548694,-0.364799472,-0.114493598,1.375340997,-0.114493598,1.375340997,0.857479634,-1.923103407,1.657548694,-0.364799472,4.014006960,-2.234462390,2.599138548,-2.153126985,1.680190139,-0.391493143,0.976654047,-3.294879184,3.436579981,1.772042292,-1.740140469,2.483590694,0.971973232,-3.298444404,3.438672338,1.772042292,-1.740140469,2.483590694,4.128500558,-3.609803387,5.484085826,2.713632146,-3.528467982,4.451279111,1.794683737,-1.766834140,2.518450435
98.580000000,0.793331285,-1.832824608,1.655844541,-0.346312931,0.076831441,1.120392096,0.076831441,1.120392096,0.788098457,-1.836810523,1.655844541,-0.346312931,3.818192565,-2.264019952,2.472090292,-2.120676597,1.645367063,-0.343978645,0.716499844,-2.953216704,3.038891398,1.579013100,-1.466705027,2.155111599,0.711267016,-2.957202619,3.041537127,1.579013100,-1.466705027,2.155111599,3.741361124,-3.384412048,5.045000294,2.395258851,-3.241068693,4.030110574,1.568535622,-1.464370741,2.145853132
98.680000000,0.723891726,-1.746571357,1.601487826,-0.297691494,-0.075945755,1.239225467,-0.075945755,1.239225467,0.718629252,-1.750590431,1.601487826,-0.297691494,3.632477673,-2.279480483,2.340176507,-2.091779069,1.665240561,-0.333880854,0.799837482,-2.985796825,3.091071444,1.677433581,-1.536916962,2.275059816,0.794575007,-2.989815899,3.093597994,1.677433581,-1.536916962,2.275059816,3.708423428,-3.518705951,5.112112664,2.416122262,-3.331004537,4.115001581,1.741186317,-1.573106321,2.346570537
98.780000000,0.654091081,-1.660594619,1.633400580,-0.264288516,-0.027599596,1.448442065,-0.027599596,1.448442065,0.649135126,-1.664397651,1.633400580,-0.264288516,3.267267053,-2.316035330,2.086757794,-2.024182544,1.633368373,-0.264341006,0.681690678,-3.109036684,3.182893539,1.661000176,-1.712730581,2.385868317,0.676734722,-3.112839716,3.185551912,1.661000176,-1.712730581,2.385868317,3.294866650,-3.764477394,5.002742877,2.114357390,-3.472624609,4.065664626,1.660967969,-1.712783071,2.385883577
98.900000000,0.570114923,-1.557580609,1.562171518,-0.226838958,-0.099509682,1.427641259,-0.099509682,1.427641259,0.565736347,-1.560954186,1.562171518,-0.226838958,3.079732919,-2.337780527,2.086757794,-2.024182544,1.582231921,-0.285541386,0.669624606,-2.985221868,3.059403000,1.661681201,-1.654480217,2.344885755,0.665246029,-2.988595445,3.061740520,1.661681201,-1.654480217,2.344885755,3.179242601,-3.765421787,4.928081244,2.186267476,-3.451823804,4.085933559,1.681741603,-1.713182645,2.400676904
98.980000000,0.514088372,-1.488947450,1.535115069,-0.191305318,0.187939489,1.404224302,0.187939489,1.404224302,0.510131047,-1.492013946,1.535115069,-0.191305318,2.888083056,-2.361918337,1.824923921,-1.947680568,1.542659421,-0.226501741,0.326148884,-2.893171752,2.911497189,1.347175580,-1.595529621,2.088204208,0.322191559,-2.896238248,2.914104217,1.347175580,-1.595529621,2.088204208,2.700143567,-3.766142639,4.634070097,1.636984432,-3.351904870,3.730279385,1.354719933,-1.630726044,2.120031492
99.100000000,0.430059741,-1.385985920,1.516213633,-0.171167790,-0.013319670,1.520277361,-0.013319670,1.520277361,0.426734935,-1.388584500,1.516213633,-0.171167790,2.888083056,-2.361918337,1.701085714,-1.925432893,1.503279540,-0.177169804,0.443379411,-2.906263281,2.939889719,1.529533304,-1.691445152,2.280451453,0.440054605,-2.908861861,2.941959446,1.529533304,-1.691445152,2.280451453,2.901402726,-3.882195698,4.846605123,1.714405384,-3.445710255,3.848649761,1.516599211,-1.697447165,2.276268887
99.200000000,0.360067568,-1.300167268,1.481380909,-0.130720870,-0.111684393,1.860090737,-0.111684393,1.860090737,0.357211462,-1.302410817,1.481380909,-0.130720870,2.481301802,-2.413538848,1.701085714,-1.925432893,1.510975079,-0.150971231,0.471751961,-3.160258005,3.195274726,1.593065302,-1.990811606,2.549742714,0.468895856,-3.162501554,3.197073569,1.593065302,-1.990811606,2.549742714,2.592986195,-4.273629585,4.998748567,1.812770107,-3.785523630,4.197180556,1.622659472,-2.011061967,2.584065402
99.280000000,0.304103021,-1.231486070,1.492972020,-0.079121254,-0.127078201,1.809359304,-0.127078201,1.809359304,0.301590030,-1.233454396,1.492972020,-0.079121254,2.481301802,-2.413538848,1.548884860,-1.887557766,1.485075950,-0.104916915,0.431181222,-3.040845374,3.071263231,1.620050221,-1.888480558,2.488156253,0.428668232,-3.042813700,3.072860502,1.620050221,-1.888480558,2.488156253,2.608380003,-4.222898152,4.963518414,1.675963061,-3.696917070,4.059069845,1.612154151,-1.914276219,2.502697434
99.400000000,0.220272981,-1.128384536,1.444851204,-0.040729472,-0.092443474,2.135539808,-0.092443474,2.135539808,0.218232876,-1.129990263,1.444851204,-0.040729472,2.326779151,-2.429212749,1.420684685,-1.856853058,1.445294732,-0.068206914,0.312716455,-3.263924344,3.278870797,1.537294678,-2.176269280,2.664474227,0.310676351,-3.265530071,3.280275360,1.537294678,-2.176269280,2.664474227,2.419222625,-4.564752557,5.166198217,1.513128159,-3.992392866,4.269514916,1.537738207,-2.203746722,2.687217596
99.500000000,0.150480380,-1.042424135,1.392447239,0.034884578,-0.010369875,2.158630424,-0.010369875,2.158630424,0.148740957,-1.043803118,1.392447239,0.034884578,2.141991374,-2.456546876,1.315441086,-1.830349409,1.455915245,0.006210718,0.160850254,-3.201054559,3.205093305,1.402817113,-2.123745846,2.545229316,0.159110832,-3.202433542,3.206383765,1.402817113,-2.123745846,2.545229316,2.152361248,-4.615177300,5.092398300,1.325810960,-3.988979833,4.203538368,1.466285120,-2.152419706,2.604400630
99.580000000,0.094669419,-0.973632324,1.362942733,0.051712854,0.086065240,1.882527483,0.086065240,1.882527483,0.093142498,-0.974846467,1.362942733,0.051712854,1.948931006,-2.488154860,1.181132177,-1.792465706,1.426211126,0.056062401,0.008604178,-2.856159807,2.856172767,1.276877493,-1.830814629,2.232106256,0.007077258,-2.857373950,2.857382715,1.276877493,-1.830814629,2.232106256,1.862865766,-4.370682343,4.751119132,1.095066937,-3.674993189,3.834676849,1.340145886,-1.826465082,2.265384226
99.680000000,0.024949526,-0.887604742,1.338906876,0.097300351,-0.088929445,2.124498741,-0.088929445,2.124498741,0.023667762,-0.888628531,1.338906876,0.097300351,1.763083325,-2.512452583,0.928876372,-1.743042454,1.349969111,0.075163087,0.113878971,-3.012103482,3.014255432,1.427836321,-2.027198390,2.479566469,0.112597207,-3.013127271,3.015230354,1.427836321,-2.027198390,2.479566469,1.852012769,-4.636951324,4.993122157,1.017805816,-3.867541194,3.999225371,1.438898556,-2.049335654,2.504037875
99.780000000,-0.044743447,-0.801566112,1.302987468,0.143302377,-0.064835995,2.101296896,-0.064835995,2.101296896,-0.045855817,-0.802455190,1.302987468,0.143302377,1.571996473,-2.540650417,0.928876372,-1.743042454,1.303646670,0.149301142,0.020092547,-2.902863008,2.902932544,1.367823463,-1.957994519,2.388447940,0.018980178,-2.903752086,2.903814117,1.367823463,-1.957994519,2.388447940,1.636832468,-4.641947314,4.922082424,0.993712366,-3.844339350,3.970693807,1.368482664,-1.951995754,2.383911120
99.900000000,-0.111115135,-0.686469888,1.285334829,0.145830843,-0.128428291,2.344441851,-0.128428291,2.344441851,-0.110665648,-0.686972315,1.285334829,0.145830843,1.385487187,-2.568645295,0.798473000,-1.714127579,1.319142988,0.144431082,0.017313157,-3.030911739,3.030961187,1.413763121,-2.198611009,2.613927415,0.017762643,-3.031414167,3.031466207,1.413763121,-2.198611009,2.613927415,1.513915478,-4.913087146,5.141047109,0.926901291,-4.058569431,4.163067598,1.447571279,-2.200010769,2.633535645
99.980000000,-0.138471028,-0.602232399,1.274619146,0.135272689,-0.186498169,2.387268651,-0.186498169,2.387268651,-0.134457467,-0.601784375,1.274619146,0.135272689,1.158350675,-2.570138674,0.670371870,-1.685105703,1.296284984,0.133673163,0.048027141,-2.989501050,2.989886810,1.461117315,-2.251995961,2.684464494,0.052040702,-2.989053026,2.989506017,1.461117315,-2.251995961,2.684464494,1.344848845,-4.957407325,5.136585033,0.856870039,-4.072374354,4.161545283,1.482783153,-2.253595487,2.697654259
100.080000000,-0.148535657,-0.491682712,1.295712281,0.155312813,-0.160161751,2.599831797,-0.160161751,2.599831797,-0.140745726,-0.491498811,1.295712281,0.155312813,0.998830793,-2.548130423,0.509939824,-1.586185537,1.295712280,0.155312812,0.011626093,-3.091514510,3.091536370,1.455874032,-2.444518984,2.845213922,0.019416025,-3.091330608,3.091391581,1.455874032,-2.444518984,2.845213922,1.158992543,-5.147962220,5.276815208,0.670101574,-4.186017334,4.239313298,1.455874031,-2.444518985,2.845213922
100.180000000,-0.130463639,-0.381426693,1.226283964,0.134089333,-0.125546514,2.699260371,-0.125546514,2.699260371,-0.120662996,-0.382855842,1.226283964,0.134089333,0.627905474,-2.415549349,0.430179882,-1.575181411,1.224557217,0.139178361,-0.004917125,-3.080687063,3.080690987,1.351830479,-2.565171038,2.899577227,0.004883518,-3.082116213,3.082120082,1.351830479,-2.565171038,2.899577227,0.753451988,-5.114809719,5.170006612,0.555726396,-4.274441782,4.310415801,1.350103731,-2.560082010,2.894270199
100.280000000,-0.085414131,-0.278521095,1.269035623,0.144750722,0.068240670,2.642476952,0.068240670,2.642476952,-0.075417815,-0.282098106,1.269035623,0.144750722,0.627905474,-2.415549349,0.248720917,-1.398488021,1.159793357,0.099826371,-0.153654802,-2.920998048,2.925036648,1.200794953,-2.497726230,2.771379591,-0.143658485,-2.924575058,2.928101267,1.200794953,-2.497726230,2.771379591,0.559664803,-5.058026301,5.088895239,0.180480247,-4.040964973,4.044993329,1.091552686,-2.542650582,2.767048833
100.400000000,-0.005929848,-0.169884856,1.104147909,0.087524942,0.145991422,2.780821529,0.145991422,2.780821529,0.003629207,-0.175403435,1.104147909,0.087524942,0.475665966,-2.314661331,0.248720917,-1.398488021,1.122923109,0.113250251,-0.151921270,-2.950706385,2.954614737,0.958156487,-2.693296587,2.858655341,-0.142362215,-2.956224964,2.959650830,0.958156487,-2.693296587,2.858655341,0.329674544,-5.095482860,5.106136590,0.102729495,-4.179309550,4.180571930,0.976931687,-2.667571278,2.840832984
100.480000000,0.051614005,-0.101498447,1.173469342,0.130009887,0.061404793,2.747471149,0.061404793,2.747471149,0.058097564,-0.105534566,1.173469342,0.130009887,0.283845577,-2.130703939,0.234868059,-1.242273093,1.094533083,0.090367351,-0.009790789,-2.848969596,2.848986419,1.112064549,-2.617461261,2.843904186,-0.003307229,-2.853005715,2.853007632,1.112064549,-2.617461261,2.843904186,0.222440784,-4.878175088,4.883244013,0.173463265,-3.989744242,3.993513318,1.033128290,-2.657103797,2.850886643
100.580000000,0.124054493,-0.016966561,1.226356647,0.179495467,0.033754838,2.780865968,0.033754838,2.780865968,0.126081983,-0.018171159,1.226356647,0.179495467,0.174388587,-2.012514918,0.113001296,-1.057006682,1.119872918,0.154024970,0.090299655,-2.797832529,2.799289354,1.192601808,-2.601370501,2.861717589,0.092327144,-2.799037127,2.800559433,1.192601808,-2.601370501,2.861717589,0.140633749,-4.793380886,4.795443480,0.079246457,-3.837872651,3.838690725,1.086118080,-2.626840999,2.842524602
100.680000000,0.198356851,0.065353641,1.234474854,0.197225610,0.360559553,2.788977229,0.360559553,2.788977229,0.196544523,0.067145807,1.234474854,0.197225610,0.021819117,-1.863388601,0.113001296,-1.057006682,1.196878439,0.196123116,-0.162202702,-2.723623588,2.728449224,0.873915301,-2.591751618,2.735124203,-0.164015030,-2.721831422,2.726768641,0.873915301,-2.591751618,2.735124203,-0.338740436,-4.652365830,4.664681436,-0.247558257,-3.845983911,3.853943089,0.836318886,-2.592854113,2.724393828
100.800000000,0.303380590,0.146186666,1.229739581,0.212183757,0.510465678,2.802990399,0.510465678,2.802990399,0.302237460,0.146933784,1.229739581,0.212183757,-0.095813068,-1.724483237,0.072936805,-0.940177581,1.120043800,0.197102109,-0.207085088,-2.656803733,2.664862156,0.719273904,-2.590806642,2.688797874,-0.208228217,-2.656056615,2.664206399,0.719273904,-2.590806642,2.688797874,-0.606278746,-4.527473636,4.567886978,-0.437528873,-3.743167980,3.768652019,0.609578122,-2.605888290,2.676236026
100.880000000,0.383448013,0.183468855,1.147506029,0.168456415,0.601812640,3.189683299,0.601812640,3.189683299,0.383445749,0.181981336,1.147506029,0.168456415,-0.270850834,-1.389320487,0.051271891,-0.829564798,1.083301601,0.190499850,-0.218364627,-3.006214445,3.014134768,0.545693389,-3.021226884,3.070112891,-0.218366891,-3.007701964,3.015618544,0.545693389,-3.021226884,3.070112891,-0.872663474,-4.579003787,4.661417941,-0.550540749,-4.019248098,4.056778326,0.481488961,-2.999183450,3.037586704
100.980000000,0.488421977,0.217349831,1.143832525,0.172964790,0.728551401,2.797908587,0.728551401,2.797908587,0.489613630,0.213378933,1.143832525,0.172964790,-0.270850834,-1.389320487,0.056298589,-0.602925816,0.998099815,0.175530814,-0.240129424,-2.580558756,2.591707089,0.415281124,-2.624943797,2.657590704,-0.238937771,-2.584529653,2.595550960,0.415281124,-2.624943797,2.657590704,-0.999402235,-4.187229074,4.304845194,-0.672252812,-3.400834403,3.466640806,0.269548414,-2.622377773,2.636194517
101.080000000,0.595344849,0.246209799,1.237527088,0.190835444,0.834702493,2.917324425,0.834702493,2.917324425,0.617015293,0.251102717,1.237527088,0.190835444,-0.405999690,-1.008954530,0.041211144,-0.395802349,1.082301184,0.192958521,-0.239357645,-2.671114626,2.681817560,0.402824595,-2.726488981,2.756085960,-0.217687201,-2.666221708,2.675093628,0.402824595,-2.726488981,2.756085960,-1.240702183,-3.926278955,4.117645970,-0.793491350,-3.313126774,3.406822206,0.247598691,-2.724365904,2.735594029
101.200000000,0.724685870,0.276638916,1.271844053,0.201788632,0.735235295,2.726840752,0.735235295,2.726840752,0.724295646,0.278420406,1.271844053,0.201788632,-0.486232749,-0.777913212,0.041211144,-0.395802349,1.120658636,0.200912825,-0.010549425,-2.450201836,2.450224547,0.536608757,-2.525052120,2.581440909,-0.010939650,-2.448420346,2.448444785,0.536608757,-2.525052120,2.581440909,-1.221468044,-3.504753964,3.711507043,-0.694024152,-3.122643102,3.198838768,0.385423341,-2.525927927,2.555163995
101.280000000,0.811036464,0.296395829,1.292713213,0.194853248,1.035641135,3.040090425,1.035641135,3.040090425,0.831852902,0.304708779,1.292713213,0.194853248,-0.520788199,-0.636769805,0.054556050,-0.265851706,1.294078560,0.221213388,-0.224604671,-2.743694597,2.752872554,0.257072078,-2.845237177,2.856827024,-0.203788233,-2.735381646,2.742962339,0.257072078,-2.845237177,2.856827024,-1.556429334,-3.676860230,3.992715044,-0.981085085,-3.305942131,3.448446218,0.258437425,-2.818877037,2.830699146
101.400000000,0.941301920,0.321871107,1.362609680,0.204066239,1.094536416,2.775212130,1.094536416,2.775212130,0.940545666,0.325846759,1.362609680,0.204066239,-0.520788199,-0.636769805,0.119226561,-0.250637148,1.212130575,0.213977161,-0.153234496,-2.453341023,2.458121842,0.268073263,-2.571145891,2.585083068,-0.153990750,-2.449365371,2.454201270,0.268073263,-2.571145891,2.585083068,-1.615324616,-3.411981935,3.775035674,-0.975309855,-3.025849278,3.179149755,0.117594158,-2.561234969,2.563933102
101.500000000,1.050023173,0.342581565,1.413167967,0.197624897,1.033046183,2.923313864,1.033046183,2.923313864,1.049218226,0.346980078,1.413167967,0.197624897,-0.571172502,-0.409737382,0.185064709,-0.043933137,1.248450038,0.209275845,0.016976990,-2.580732299,2.580788138,0.380121784,-2.725688967,2.752067026,0.016172043,-2.576333786,2.576384542,0.380121784,-2.725688967,2.752067026,-1.604218685,-3.333051246,3.699019897,-0.847981474,-2.967247001,3.086037483,0.215403855,-2.714038019,2.722572532
101.600000000,1.158768661,0.363324644,1.513757802,0.213938066,1.007398049,3.040995885,1.007398049,3.040995885,1.157930422,0.368072098,1.513757802,0.213938066,-0.614968499,-0.249282664,0.185064709,-0.043933137,1.351422594,0.232150588,0.151370613,-2.677671240,2.681946370,0.506359754,-2.827057819,2.872047373,0.150532373,-2.672923787,2.677159234,0.506359754,-2.827057819,2.872047373,-1.622366548,-3.290278549,3.668515523,-0.822333339,-3.084929022,3.192650810,0.344024546,-2.808845297,2.829834764
101.680000000,1.245732405,0.380123057,1.679220421,0.227952792,1.524090765,2.892266276,1.524090765,2.892266276,1.244884231,0.384945408,1.679220421,0.227952792,-0.673524524,-0.033655118,0.242622069,0.164834763,1.465723309,0.225928940,-0.278358360,-2.512143219,2.527517938,0.155129656,-2.664313484,2.668825875,-0.279206534,-2.507320868,2.522818706,0.155129656,-2.664313484,2.668825875,-2.197615289,-2.925921394,3.659307169,-1.281468696,-2.727431513,3.013477174,-0.058367456,-2.666337336,2.666976106
101.780000000,1.354396075,0.401381486,1.528778022,0.196753281,1.324449110,3.016411926,1.324449110,3.016411926,1.353572821,0.406064359,1.528778022,0.196753281,-0.754714996,0.318791735,0.217697996,0.248509198,1.475954387,0.230974825,0.029946965,-2.615030440,2.615201909,0.204328912,-2.819658645,2.827052383,0.029123711,-2.610347567,2.610510029,0.204328912,-2.819658645,2.827052383,-2.079164106,-2.697620191,3.405888735,-1.106751114,-2.767902728,2.980970235,0.151505278,-2.785437101,2.789554389
101.900000000,1.484762000,0.427119259,1.608377636,0.199689084,1.571372518,3.062559404,1.571372518,3.062559404,1.484012320,0.431366465,1.608377636,0.199689084,-0.802534713,0.512756839,0.299840539,0.360086611,1.522313347,0.222813262,-0.086610518,-2.635440144,2.636862935,0.037005118,-2.862870319,2.863109471,-0.087360198,-2.631192939,2.632642795,0.037005118,-2.862870319,2.863109471,-2.373907232,-2.549802564,3.483809504,-1.271531979,-2.702472793,2.986662480,-0.049059172,-2.839746141,2.840169880
102.000000000,1.593379883,0.448672815,1.845738085,0.218331167,1.305210945,3.021114172,1.305210945,3.021114172,1.592688775,0.452500787,1.845738085,0.218331167,-0.802534713,0.512756839,0.299840539,0.360086611,1.592379964,0.229121878,0.288168938,-2.572441357,2.588531605,0.540527140,-2.802783005,2.854428517,0.287477830,-2.568613385,2.584650504,0.540527140,-2.802783005,2.854428517,-2.107745658,-2.508357332,3.276346787,-1.005370405,-2.661027561,2.844615498,0.287169019,-2.791992294,2.806721756
102.100000000,1.701984565,0.470283362,1.818425992,0.228695283,1.484115976,3.002136372,1.484115976,3.002136372,1.701367574,0.473674684,1.818425992,0.228695283,-0.906258789,0.933911066,0.373999189,0.579429506,1.801916913,0.244832539,0.217868589,-2.531853009,2.541209630,0.334310016,-2.773441088,2.793517255,0.217251598,-2.528461687,2.537777918,0.334310016,-2.773441088,2.793517255,-2.390374765,-2.068225305,3.160925091,-1.110116787,-2.422706866,2.664932990,0.317800936,-2.757303833,2.775557937
102.180000000,1.788872679,0.487589075,1.851366716,0.231000920,1.782081179,3.013544532,1.782081179,3.013544532,1.788316960,0.490640610,1.851366716,0.231000920,-0.906258789,0.933911066,0.373999189,0.579429506,1.803924059,0.246140421,0.006791501,-2.525955457,2.525964587,0.069285537,-2.782543612,2.783406086,0.006235781,-2.522903922,2.522911629,0.069285537,-2.782543612,2.783406086,-2.688339968,-2.079633466,3.398830260,-1.408081990,-2.434115027,2.812047449,0.021842880,-2.767404111,2.767490312
102.280000000,1.897468211,0.509196226,1.938287238,0.232002602,1.785984202,3.078154939,1.785984202,3.078154939,1.896976548,0.511818133,1.938287238,0.232002602,-0.950418728,1.092733626,0.397862888,0.702097214,1.934294564,0.249667983,0.111484009,-2.568958713,2.571376587,0.152303036,-2.846152337,2.850224437,0.110992346,-2.566336806,2.568735857,0.152303036,-2.846152337,2.850224437,-2.736402929,-1.985421313,3.380798542,-1.388121314,-2.376057725,2.751823231,0.148310363,-2.828486956,2.832372578
102.380000000,2.006090793,0.530716990,1.977345051,0.227802016,1.839115381,3.104160820,1.839115381,3.104160820,2.005672710,0.532948353,1.977345051,0.227802016,-1.001026789,1.279936897,0.419226976,0.790161351,2.012787056,0.249156490,0.166975412,-2.573443830,2.578855160,0.138229670,-2.876358804,2.879678352,0.166557329,-2.571212467,2.576601423,0.138229670,-2.876358804,2.879678352,-2.840142171,-1.824223924,3.375529658,-1.419888405,-2.313999469,2.714899009,0.173671675,-2.855004330,2.860281730
102.500000000,2.136437760,0.556514559,2.012331841,0.236731596,1.997551586,3.206991218,1.997551586,3.206991218,2.136084626,0.558390593,2.012331841,0.236731596,-1.043233288,1.473734581,0.481428753,1.002225785,1.988910226,0.251039874,0.138886174,-2.650476659,2.654113014,0.014780255,-2.970259622,2.970296396,0.138533040,-2.648600625,2.652221084,0.014780255,-2.970259622,2.970296396,-3.040784874,-1.733256637,3.500078745,-1.516122833,-2.204765433,2.675746449,-0.008641360,-2.955951344,2.955963975
102.580000000,2.223334475,0.573716365,2.077421519,0.243251358,1.913586636,3.135575568,1.913586636,3.135575568,2.223017465,0.575398972,2.077421519,0.243251358,-1.097162026,1.664782178,0.546602236,1.015124570,2.077544412,0.243903684,0.309747838,-2.561859203,2.580516673,0.163834882,-2.892324210,2.896960684,0.309430829,-2.560176596,2.578808182,0.163834882,-2.892324210,2.896960684,-3.010748663,-1.470793390,3.350797026,-1.366984400,-2.120450998,2.522886994,0.163957775,-2.891671884,2.896316356
102.680000000,2.331947606,0.595211229,2.087720109,0.251534476,2.185569607,2.999100328,2.185569607,2.999100328,2.331668791,0.596664474,2.087720109,0.251534476,-1.140304855,1.863555870,0.519637867,1.110648368,2.138179538,0.248760822,0.146377999,-2.403889098,2.408341611,-0.097849499,-2.747565852,2.749307664,0.146099184,-2.402435854,2.406874115,-0.097849499,-2.747565852,2.749307664,-3.325874462,-1.135544458,3.514385032,-1.665931741,-1.888451959,2.518249266,-0.047390069,-2.750339506,2.750747756
102.780000000,2.440568975,0.616698689,2.245932850,0.274597319,2.147521014,3.203905884,2.147521014,3.203905884,2.440325586,0.617960512,2.245932850,0.274597319,-1.183044342,2.058615725,0.541514810,1.218636118,2.161377530,0.263605750,0.293047961,-2.587207195,2.603750790,0.098411836,-2.929308565,2.930961201,0.292804572,-2.585945372,2.602469593,0.098411836,-2.929308565,2.930961201,-3.330565356,-1.145290159,3.521981706,-1.606006204,-1.985269767,2.553537149,0.013856516,-2.940300134,2.940332784
102.880000000,2.549192166,0.638181934,2.242298048,0.264619428,2.416037604,3.148333830,2.416037604,3.148333830,2.548985025,0.639267296,2.242298048,0.264619428,-1.235247038,2.247163545,0.574451632,1.326913477,2.245983316,0.274686020,0.133154562,-2.510151896,2.513681101,-0.173739556,-2.883714402,2.888943437,0.132947421,-2.509066534,2.512586294,-0.173739556,-2.883714402,2.888943437,-3.651284642,-0.901170284,3.760849295,-1.841585972,-1.821420352,2.590175861,-0.170054288,-2.873647809,2.878675076
102.980000000,2.658956359,0.652701813,2.335310486,0.281522889,2.458565640,3.350825925,2.458565640,3.350825925,2.658520120,0.654301156,2.335310486,0.281522889,-1.332667205,2.642724708,0.602660969,1.431931117,2.277057286,0.280483149,0.200390718,-2.698124112,2.705555426,-0.123255155,-3.069303036,3.071776841,0.199954480,-2.696524769,2.703928184,-0.123255155,-3.069303036,3.071776841,-3.791232846,-0.708101217,3.856793205,-1.855904672,-1.918894808,2.669557910,-0.181508354,-3.070342776,3.075703179
103.080000000,2.769457731,0.648114746,2.275369307,0.252219416,2.602033611,3.075865402,2.602033611,3.075865402,2.768674227,0.645136837,2.275369307,0.252219416,-1.332667205,2.642724708,0.687784102,1.547001957,2.320163372,0.266720851,0.167424121,-2.427750657,2.433516815,-0.326664304,-2.823645986,2.842478887,0.166640617,-2.430728566,2.436433963,-0.326664304,-2.823645986,2.842478887,-3.934700816,-0.433140695,3.958469574,-1.914249508,-1.528863446,2.449851958,-0.281870239,-2.809144551,2.823250598
103.180000000,2.879018620,0.634829751,2.308719792,0.256901295,2.652235007,3.004482260,2.652235007,3.004482260,2.878301933,0.629630430,2.308719792,0.256901295,-1.348522238,2.836123545,0.663144577,1.647713260,2.205226861,0.235130096,0.226783613,-2.369652509,2.380479746,-0.343515215,-2.747580966,2.768971626,0.226066926,-2.374851830,2.385587447,-0.343515215,-2.747580966,2.768971626,-4.000757245,-0.168358715,4.004298089,-1.989090430,-1.356769000,2.407758887,-0.447008146,-2.769352165,2.805196552
103.280000000,2.988401850,0.617652141,2.348075630,0.213962222,2.737387677,3.221326221,2.737387677,3.221326221,2.987930541,0.614104746,2.348075630,0.213962222,-1.355151343,3.041207722,0.710467747,1.742119145,2.347218951,0.219083811,0.251014173,-2.603674080,2.615745942,-0.389312047,-3.007363999,3.032458094,0.250542863,-2.607221475,2.619231861,-0.389312047,-3.007363999,3.032458094,-4.092539021,-0.180118499,4.096500739,-2.026919930,-1.479207076,2.509274393,-0.390168726,-3.002242410,3.027489244
103.400000000,3.118997524,0.592593124,2.340837334,0.197616086,2.787073940,3.019149071,2.787073940,3.019149071,3.118931238,0.592364945,2.340837334,0.197616086,-1.360295458,3.483245122,0.816176081,1.936184993,2.515694971,0.225565150,0.331923584,-2.426555947,2.449152308,-0.446236606,-2.821532985,2.856602089,0.331857298,-2.426784125,2.449369400,-0.446236606,-2.821532985,2.856602089,-4.147369398,0.464096051,4.173255093,-1.970897859,-1.082964077,2.248832934,-0.271378969,-2.793583920,2.806734342
103.480000000,3.202627555,0.562612409,2.472514162,0.181458402,2.887866531,3.106283933,2.887866531,3.106283933,3.201831080,0.561541509,2.472514162,0.181458402,-1.360295458,3.483245122,0.816176081,1.936184993,2.340838694,0.197616776,0.314761024,-2.543671524,2.563072243,-0.415352369,-2.924825531,2.954170269,0.313964549,-2.544742423,2.564037390,-0.415352369,-2.924825531,2.954170269,-4.248161989,0.376961189,4.264854045,-2.071690450,-1.170098939,2.379292510,-0.547027837,-2.908667157,2.959659454
103.580000000,3.297743719,0.505618423,2.245009882,0.164979048,2.985585864,3.117037051,2.985585864,3.117037051,3.294768852,0.501810651,2.245009882,0.164979048,-1.344726166,3.669638115,0.879351033,2.037919123,2.329425257,0.174428726,0.312157855,-2.611418628,2.630009463,-0.740575982,-2.952058004,3.043534005,0.309182988,-2.615226400,2.633439432,-0.740575982,-2.952058004,3.043534005,-4.330312030,0.552601064,4.365428984,-2.106234831,-1.079117928,2.366584177,-0.656160607,-2.942608325,3.014878190
103.700000000,3.389762674,0.409033965,2.272343736,0.107610255,2.986309773,3.015207869,2.986309773,3.015207869,3.383745031,0.403739063,2.272343736,0.107610255,-1.296361752,3.859230121,0.928950694,2.116125262,2.223246738,0.145015372,0.403452900,-2.606173904,2.637217598,-0.713966038,-2.907597614,2.993972509,0.397435258,-2.611468805,2.641538208,-0.713966038,-2.907597614,2.993972509,-4.282671525,0.844022253,4.365048563,-2.057359079,-0.899082607,2.245234044,-0.763063035,-2.870192496,2.969893965
103.780000000,3.433628652,0.330938178,2.106305268,0.071844793,2.912390227,2.952822663,2.912390227,2.952822663,3.434166735,0.305454872,2.106305268,0.071844793,-1.061503072,4.278940616,1.186062790,2.304939397,2.106305389,0.071844825,0.521238425,-2.621884485,2.673194297,-0.806084959,-2.880977870,2.991622712,0.521776508,-2.647367791,2.698297045,-0.806084959,-2.880977870,2.991622712,-3.973893299,1.326117953,4.189321756,-1.726327437,-0.647883266,1.843897813,-0.806084838,-2.880977838,2.991622648
103.880000000,3.465670093,0.223344862,2.003769504,0.058402246,3.120477094,2.872987463,3.120477094,2.872987463,3.456841341,0.219951414,2.003769504,0.058402246,-1.061503072,4.278940616,1.186062790,2.304939397,1.978658149,0.086319336,0.345193000,-2.649642601,2.672033705,-1.116707590,-2.814585217,3.028023413,0.336364248,-2.653036049,2.674273955,-1.116707590,-2.814585217,3.028023413,-4.181980166,1.405953152,4.411990749,-1.934414304,-0.568048067,2.016094567,-1.141818945,-2.786668127,3.011522830
104.000000000,3.468477697,0.088511473,1.871486588,0.031760138,3.032084091,2.618220219,3.032084091,2.618220219,3.459479544,0.087566247,1.871486588,0.031760138,-0.773692292,4.551844133,1.260180818,2.323299257,1.881070527,0.062599602,0.436393606,-2.529708746,2.567073376,-1.160597503,-2.586460081,2.834918397,0.427395453,-2.530653972,2.566491068,-1.160597503,-2.586460081,2.834918397,-3.805776383,1.933623914,4.268821303,-1.771903273,-0.294920962,1.796279372,-1.151013564,-2.555620617,2.802860854
104.080000000,3.448683400,0.000583318,1.807148060,0.058802710,3.185676142,2.808772413,3.185676142,2.808772413,3.432837900,-0.019645797,1.807148060,0.058802710,-0.582025026,4.645387933,1.347392703,2.320177803,1.841445831,0.059416041,0.263007258,-2.808189095,2.820478472,-1.378528082,-2.749969703,3.076145809,0.247161757,-2.828418209,2.839196806,-1.378528082,-2.749969703,3.076145809,-3.767701168,1.836615520,4.191506729,-1.838283440,-0.488594609,1.902106910,-1.344230312,-2.749356372,3.060378341
104.180000000,3.400958604,-0.101264077,1.752207631,0.088751407,3.227777502,2.511148380,3.227777502,2.511148380,3.393653645,-0.098950376,1.752207631,0.088751407,-0.582025026,4.645387933,1.433329187,2.322985626,1.822364613,0.032322562,0.173181102,-2.612412457,2.618146394,-1.475569870,-2.422396973,2.836426191,0.165876143,-2.610098756,2.615364298,-1.475569870,-2.422396973,2.836426191,-3.809802527,2.134239553,4.366872309,-1.794448314,-0.188162755,1.804286556,-1.405412888,-2.478825818,2.849519753
104.300000000,3.322695961,-0.210329363,1.662255621,0.004225989,3.200771040,2.689261679,3.200771040,2.689261679,3.316617219,-0.207172753,1.662255621,0.004225989,-0.114089563,4.754922867,1.433329187,2.322985626,1.780271423,0.041089416,0.121924921,-2.899591043,2.902153322,-1.538515419,-2.685035691,3.094583389,0.115846179,-2.896434432,2.898750206,-1.538515419,-2.685035691,3.094583389,-3.314860603,2.065661188,3.905797865,-1.767441853,-0.366276054,1.804995526,-1.420499617,-2.648172264,3.005101579
104.380000000,3.267322970,-0.280242254,1.654587057,-0.001929974,3.189918580,2.407680056,3.189918580,2.407680056,3.251724236,-0.296906783,1.654587057,-0.001929974,0.049162303,4.769830328,1.604303199,2.272296752,1.785160448,-0.018242707,0.077404390,-2.687922310,2.689036590,-1.535331523,-2.409610030,2.857177520,0.061805655,-2.704586838,2.705292943,-1.535331523,-2.409610030,2.857177520,-3.140756277,2.362150273,3.929898714,-1.585615382,-0.135383304,1.591384547,-1.404758133,-2.425922762,2.803292111
104.480000000,3.198321779,-0.367303586,1.589248865,0.009915452,3.080297879,2.401747301,3.080297879,2.401747301,3.199840435,-0.368692715,1.589248865,0.009915452,0.049162303,4.769830328,1.604303199,2.272296752,1.735141395,-0.015310992,0.118023901,-2.769050887,2.771564983,-1.491049013,-2.391831849,2.818525635,0.119542556,-2.770440015,2.773017905,-1.491049013,-2.391831849,2.818525635,-3.031135575,2.368083028,3.846504920,-1.475994680,-0.129450549,1.481660467,-1.345156483,-2.417058293,2.766155591
104.580000000,3.130730667,-0.455098036,1.574722254,-0.021728283,3.118337110,2.199432176,3.118337110,2.199432176,3.134982139,-0.458427293,1.574722254,-0.021728283,0.475724925,4.831395698,1.658242637,2.244794037,1.736627443,-0.090468120,0.012393557,-2.654530211,2.654559143,-1.543614857,-2.221160458,2.704866098,0.016645029,-2.657859469,2.657911589,-1.543614857,-2.221160458,2.704866098,-2.642612185,2.631963522,3.729695851,-1.460094474,0.045361861,1.460798949,-1.381709668,-2.289900296,2.674465362
104.680000000,3.064475485,-0.543792776,1.492046528,-0.105549799,3.079187230,2.357797177,3.079187230,2.357797177,3.070171269,-0.548196119,1.492046528,-0.105549799,0.475724925,4.831395698,1.803227796,2.188148831,1.587314881,-0.121626086,-0.014711745,-2.901589953,2.901627249,-1.587140702,-2.463346976,2.930374367,-0.009015960,-2.905993296,2.906007282,-1.587140702,-2.463346976,2.930374367,-2.603462305,2.473598521,3.591198354,-1.275959434,-0.169648346,1.287188035,-1.491872349,-2.479423263,2.893652160
104.780000000,2.999185632,-0.633210788,1.434331907,-0.150899542,3.074874547,2.149452307,3.074874547,2.149452307,3.005387149,-0.637985471,1.434331907,-0.150899542,0.891367516,4.866830072,1.892010603,2.155670122,1.453344751,-0.155481971,-0.075688915,-2.782663096,2.783692281,-1.640542640,-2.300351849,2.825420107,-0.069487398,-2.787437779,2.788303762,-1.640542640,-2.300351849,2.825420107,-2.183507031,2.717377765,3.485949637,-1.182863944,0.006217815,1.182880286,-1.621529796,-2.304934278,2.818169779
104.880000000,2.934487038,-0.723084389,1.467759512,-0.192736814,3.126619313,1.910136941,3.126619313,1.910136941,2.940602089,-0.727778296,1.467759512,-0.192736814,0.891367516,4.866830072,1.892010603,2.155670122,1.446875864,-0.154765776,-0.192132276,-2.633221330,2.640221465,-1.658859801,-2.102873755,2.678412565,-0.186017225,-2.637915237,2.644465769,-1.658859801,-2.102873755,2.678412565,-2.235251798,2.956693131,3.706532729,-1.234608711,0.245533181,1.258787199,-1.679743450,-2.064902717,2.661834196
104.980000000,2.870099120,-0.813200453,1.386430013,-0.209328398,3.069021753,1.999232450,3.069021753,1.999232450,2.875790153,-0.817554756,1.386430013,-0.209328398,1.089415518,4.888070292,2.044300575,2.127429752,1.404059989,-0.183883415,-0.198922633,-2.812432902,2.819458998,-1.682591741,-2.208560847,2.776482664,-0.193231600,-2.816787205,2.823407270,-1.682591741,-2.208560847,2.776482664,-1.979606236,2.888837842,3.502031543,-1.024721179,0.128197302,1.032709079,-1.664961764,-2.183115865,2.745558696
105.080000000,2.805805166,-0.903394653,1.341639986,-0.250971614,2.888332713,1.712486668,2.888332713,1.712486668,2.810885486,-0.907268332,1.341639986,-0.250971614,1.301662235,4.905671381,1.979757319,2.037434920,1.391432888,-0.244802009,-0.082527547,-2.615881321,2.617182814,-1.546692727,-1.963458282,2.499485311,-0.077447227,-2.619755000,2.620899528,-1.546692727,-1.963458282,2.499485311,-1.586670478,3.193184713,3.565662886,-0.908575394,0.324948251,0.964935548,-1.496899825,-1.957288677,2.464079555
105.200000000,2.728657090,-1.011626253,1.317016616,-0.308342115,3.074253905,1.552848635,3.074253905,1.552848635,2.733005779,-1.014915499,1.317016616,-0.308342115,1.502093520,4.926566919,2.085880678,2.046235464,1.318972090,-0.262747220,-0.345596815,-2.564474888,2.587656973,-1.757237288,-1.861190750,2.559670661,-0.341248126,-2.567764134,2.590340312,-1.757237288,-1.861190750,2.559670661,-1.572160384,3.373718284,3.722050958,-0.988373227,0.493386829,1.104677418,-1.755281815,-1.815595855,2.525351967
105.280000000,2.677178818,-1.083739457,1.296505035,-0.339820176,3.155040782,1.549778765,3.155040782,1.549778765,2.681039006,-1.086641352,1.296505035,-0.339820176,1.732810867,4.953620054,2.230733979,1.970996901,1.265245369,-0.328297092,-0.477861965,-2.633518223,2.676522050,-1.858535748,-1.889598941,2.650422473,-0.474001776,-2.636420117,2.678691605,-1.858535748,-1.889598941,2.650422473,-1.422229915,3.403841289,3.689020663,-0.924306804,0.421218136,1.015759709,-1.889795413,-1.878075857,2.664300214
105.400000000,2.599888081,-1.191845547,1.223751624,-0.352979622,3.081814608,1.714659147,3.081814608,1.714659147,2.616096330,-1.176313575,1.223751624,-0.352979622,1.916337748,4.967962201,2.230733979,1.970996901,1.237056021,-0.320678202,-0.481926528,-2.906504694,2.946187827,-1.858062984,-2.067638768,2.779843184,-0.465718278,-2.890972721,2.928244660,-1.858062984,-2.067638768,2.779843184,-1.165476860,3.253303055,3.455765773,-0.851080630,0.256337754,0.888846040,-1.844758587,-2.035337348,2.746949648
105.480000000,2.548318414,-1.263884191,1.202090474,-0.378657574,3.076024096,1.710240937,3.076024096,1.710240937,2.551166620,-1.266009018,1.202090474,-0.378657574,2.162722894,4.985496999,2.381305487,1.896825726,1.180791479,-0.355655163,-0.527705682,-2.974125128,3.020578349,-1.873933622,-2.088898511,2.806265171,-0.524857476,-2.976249955,3.022174576,-1.873933622,-2.088898511,2.806265171,-0.913301202,3.275256062,3.400209017,-0.694718608,0.186584789,0.719338466,-1.895232617,-2.065896101,2.803539436
105.580000000,2.483816681,-1.353894206,1.135056485,-0.404616526,3.043245433,1.533352088,3.043245433,1.533352088,2.486256990,-1.355702819,1.135056485,-0.404616526,2.540507225,5.028331621,2.381305487,1.896825726,1.135078173,-0.404629712,-0.559428752,-2.887246294,2.940944013,-1.908188948,-1.937968614,2.719725613,-0.556988443,-2.889054907,2.942256682,-1.908188948,-1.937968614,2.719725613,-0.502738207,3.494979533,3.530952796,-0.661939945,0.363473638,0.755167251,-1.908167260,-1.937981800,2.719719792
105.700000000,2.406313624,-1.461822918,1.106674085,-0.459788812,3.067528480,1.268524469,3.067528480,1.268524469,2.408307735,-1.463284660,1.083539724,-0.451859092,2.782318763,5.049211466,2.512161953,1.837218708,1.106683347,-0.459794826,-0.661214856,-2.730347388,2.809270714,-1.960854395,-1.728313282,2.613812686,-0.659220745,-2.731809129,2.810222964,-1.983988757,-1.720383561,2.626010469,-0.285209718,3.780686996,3.791429644,-0.555366527,0.568694238,0.794886858,-1.960845134,-1.728319295,2.613809714
105.780000000,2.354574051,-1.533729473,1.084152197,-0.460870332,2.956894306,1.425397873,2.956894306,1.425397873,2.356318271,-1.535011561,1.084152197,-0.460870332,2.782318763,5.049211466,2.512161953,1.837218708,1.083545588,-0.451863569,-0.602320254,-2.959127346,3.019805347,-1.872742109,-1.886268205,2.658038891,-0.600576034,-2.960409434,3.020714417,-1.872742109,-1.886268205,2.658038891,-0.174575543,3.623813593,3.628016204,-0.444732352,0.411820835,0.606121494,-1.873348717,-1.877261442,2.652083320
105.880000000,2.289857582,-1.623582686,1.044181465,-0.482502231,2.983015498,1.067538839,2.983015498,1.067538839,2.291342884,-1.624675811,1.044181465,-0.482502231,2.959673694,5.072646785,2.594316194,1.793694274,1.085627797,-0.515756455,-0.693157916,-2.691121525,2.778957171,-1.938834034,-1.550041070,2.482278133,-0.691672615,-2.692214649,2.779645791,-1.938834034,-1.550041070,2.482278133,-0.023341804,4.005107946,4.005175964,-0.388699305,0.726155435,0.823643652,-1.897387701,-1.583295294,2.471215101
105.980000000,2.225086530,-1.713381253,0.998912378,-0.513158684,2.924299101,1.095282192,2.924299101,1.095282192,2.226355441,-1.714309748,0.998912378,-0.513158684,3.372421915,5.108651038,2.759923815,1.778748925,0.998913090,-0.513159297,-0.699212571,-2.808663446,2.894389154,-1.925386723,-1.608440877,2.508823646,-0.697943660,-2.809591941,2.894983977,-1.925386723,-1.608440877,2.508823646,0.448122814,4.013368845,4.038309491,-0.164375286,0.683466733,0.702955197,-1.925386010,-1.608441490,2.508823492
106.080000000,2.160281578,-1.803158893,0.973950820,-0.561104511,3.080153669,0.923384146,3.080153669,0.923384146,2.161373594,-1.803959311,0.973950820,-0.561104511,3.372421915,5.108651038,2.727565581,1.733822319,0.994225770,-0.545551315,-0.919872091,-2.726543039,2.877533945,-2.106202849,-1.484488656,2.576780358,-0.918780075,-2.727343457,2.877943564,-2.106202849,-1.484488656,2.576780358,0.292268246,4.185266892,4.195459413,-0.352588089,0.810438173,0.883814682,-2.085927900,-1.468935461,2.551248046
106.180000000,2.095484345,-1.892943568,0.922127534,-0.591652931,2.979144960,0.909827326,2.979144960,0.909827326,2.096462916,-1.893650583,0.922127534,-0.591652931,3.579077564,5.135045779,2.766351747,1.652746072,0.940871399,-0.577196370,-0.883660615,-2.802770894,2.938771983,-2.057017427,-1.501480257,2.546716249,-0.882682045,-2.803477909,2.939152255,-2.057017427,-1.501480257,2.546716249,0.599932603,4.225218453,4.267597697,-0.212793214,0.742918746,0.772793126,-2.038273561,-1.487023696,2.523053424
106.300000000,2.017770009,-2.000720352,0.944332322,-0.648109416,3.325670757,0.591611400,3.325670757,0.591611400,2.018612610,-2.001335943,0.944332322,-0.648109416,3.793993072,5.162257202,2.944738709,1.634656817,0.922127613,-0.591653019,-1.307900748,-2.592331752,2.903581974,-2.381338436,-1.239720816,2.684712358,-1.307058147,-2.592947343,2.903752214,-2.381338436,-1.239720816,2.684712358,0.468322315,4.570645802,4.594576023,-0.380932048,1.043045417,1.110429181,-2.403543144,-1.183264419,2.679017419
106.380000000,1.965965489,-2.072569580,0.862835777,-0.640145760,3.017357496,0.695448539,3.017357496,0.695448539,1.966725603,-2.073119922,0.862835777,-0.640145760,4.002651768,5.189970791,2.905881541,1.580768425,0.900780111,-0.626507815,-1.051392007,-2.768018119,2.960971034,-2.154521719,-1.335594299,2.534911432,-1.050631893,-2.768568462,2.961215747,-2.154521719,-1.335594299,2.534911432,0.985294271,4.494522251,4.601253641,-0.111475956,0.885319885,0.892310589,-2.116577385,-1.321956354,2.495489617
106.480000000,1.901204837,-2.162377730,0.844526520,-0.661036916,2.929557960,0.538936341,2.929557960,0.538936341,1.901871417,-2.162863188,0.844526520,-0.661036916,4.107371091,5.199235251,3.010210888,1.594625219,0.862835791,-0.640145778,-1.028353122,-2.701314070,2.890433852,-2.085031440,-1.199973257,2.405679098,-1.027686542,-2.701799528,2.890650501,-2.085031440,-1.199973257,2.405679098,1.177813131,4.660298910,4.806831566,0.080652928,1.055688879,1.058765273,-2.066722169,-1.179082119,2.379406473
106.600000000,1.823489532,-2.270142152,0.819263975,-0.653361933,3.029187500,0.469067494,3.029187500,0.469067494,1.824051367,-2.270544674,0.819263975,-0.653361933,4.625369932,5.252633424,3.160496885,1.540876198,0.854592173,-0.638336725,-1.205697969,-2.739209646,2.992820923,-2.209923526,-1.122429427,2.478630632,-1.205136133,-2.739612168,2.992963069,-2.209923526,-1.122429427,2.478630632,1.596182431,4.783565929,5.042846553,0.131309384,1.071808704,1.079822232,-2.174595327,-1.107404220,2.440329679
106.700000000,1.758702309,-2.359937930,0.790818408,-0.684545429,2.985755945,0.394530906,2.985755945,0.394530906,1.759179291,-2.360281790,0.790818408,-0.684545429,4.625369932,5.252633424,3.263287385,1.545127847,0.829661532,-0.698868527,-1.227053637,-2.754468836,3.015420235,-2.194937537,-1.079076335,2.445844748,-1.226576654,-2.754812696,3.015540296,-2.194937537,-1.079076335,2.445844748,1.639613987,4.858102518,5.127328164,0.277531440,1.150596941,1.183594956,-2.156094413,-1.093399433,2.417491559
106.780000000,1.706864273,-2.431762318,0.775063413,-0.725643626,2.872097290,0.443881315,2.872097290,0.443881315,1.707293707,-2.432072668,0.775063413,-0.725643626,5.052901777,5.298283162,3.298094923,1.457144459,0.768612193,-0.709820158,-1.165233016,-2.875643632,3.102755917,-2.097033877,-1.169524940,2.401112173,-1.164803582,-2.875953982,3.102882320,-2.097033877,-1.169524940,2.401112173,2.180804487,4.854401848,5.321759625,0.425997633,1.013263145,1.099170680,-2.103485097,-1.153701473,2.399099131
106.880000000,1.674074063,-2.477304930,0.738791940,-0.919712111,2.970920907,0.274936980,2.970920907,0.274936980,1.694329804,-2.450018999,0.738791940,-0.919712111,5.052901777,5.298283162,3.298094923,1.457144459,0.824162822,-0.812223319,-1.296846844,-2.752241910,3.042473873,-2.232128967,-1.194649091,2.531716053,-1.276591102,-2.724955979,3.009164324,-2.232128967,-1.194649091,2.531716053,2.081980870,5.023346182,5.437706429,0.327174016,1.182207479,1.226644757,-2.146758084,-1.087160299,2.406343240
106.980000000,1.670931516,-2.481769412,0.741376439,-0.918761324,2.992710591,0.195373924,2.992710591,0.195373924,1.694328804,-2.450020378,0.741376439,-0.918761324,5.258707135,5.328506870,3.379883025,1.433260422,0.838909574,-1.106719933,-1.321779075,-2.677143336,2.985665146,-2.251334152,-1.114135248,2.511932088,-1.298381787,-2.645394302,2.946846837,-2.251334152,-1.114135248,2.511932088,2.265996544,5.133132946,5.611042165,0.387172434,1.237886498,1.297021772,-2.153801016,-1.302093857,2.516804965
107.080000000,1.675392488,-2.475696963,0.733341998,-0.921301939,3.044504506,0.365345955,3.044504506,0.365345955,1.694324187,-2.450026757,0.733341998,-0.921301939,5.479007195,5.351959284,3.466390599,1.425600970,0.908114855,-1.215152551,-1.369112017,-2.841042918,3.153726776,-2.311162507,-1.286647894,2.645172006,-1.350180318,-2.815372712,3.122388573,-2.311162507,-1.286647894,2.645172006,2.434502690,4.986613329,5.549154516,0.421886093,1.060255015,1.141108484,-2.136389650,-1.580498507,2.657468018
