stamp,ann_x,ann_y,kf2_x,kf2_y,output_x,output_y,alpha_ann,alpha_kf2,alpha_target,slip_latch_alpha,slip_latch_active,severe_slip_boost,severe_slip_boost_active,disagreement_boost,ann_kf2_disagreement,ann_kf2_disagreement_rate,fuzzy_input_error,velocity_error_baseline,baseline_initialized,velocity_error,velocity_error_raw,odom_speed,odom_vx,odom_vy,imu_raw_vx,imu_raw_vy,imu_vx,imu_vy
1.250000000,-0.025462591,0.131826167,-0.068211054,0.030793913,-0.068211054,0.030793913,0.000000000,1.000000000,0.000000000,0.000000000,False,0.000000000,False,0.000000000,0.109703908,0.000000000,0.000000000,0.050000000,False,0.003391104,0.003423702,0.000119150,0.000119150,0.000000000,-0.003279862,0.000410428,-0.003247423,0.000407152
1.302000000,-0.028030897,0.125193590,-0.065013548,0.053372763,-0.065013548,0.053372763,0.000000000,1.000000000,0.000000000,0.000000000,False,0.000000000,False,0.000000000,0.080783339,-0.556164802,0.000000000,0.050000000,False,0.004314355,0.004370190,0.000094258,-0.000094258,0.000000000,-0.003709470,-0.002455362,-0.003647427,-0.002447173
1.351000000,-0.027291216,0.124719719,-0.065013548,0.053372763,-0.065013548,0.053372763,0.000000000,1.000000000,0.000000000,0.000000000,False,0.000000000,False,0.000000000,0.080705406,-0.001590464,0.000000000,0.050000000,False,0.006782819,0.006911512,0.000172837,-0.000172837,0.000000000,-0.003629499,-0.005985022,-0.003508008,-0.005906206
1.400000000,-0.023665483,0.130091346,0.064684432,-0.071785939,0.064684432,-0.071785939,0.000000000,1.000000000,0.000000000,0.000000000,False,0.000000000,False,0.000000000,0.220363666,2.850168581,0.000000000,0.050000000,False,0.009522167,0.009724905,0.000009678,-0.000009678,0.000000000,-0.000181938,-0.009723379,-0.000045849,-0.009522099
1.450000000,-0.021917220,0.132166061,0.064684432,-0.071785939,0.064684432,-0.071785939,0.000000000,1.000000000,0.000000000,0.000000000,False,0.000000000,False,0.000000000,0.221576768,0.024262035,0.000000000,0.050000000,False,0.011351598,0.011650070,0.000356180,0.000356180,0.000000000,0.002235078,-0.011497559,0.002327524,-0.011179114
1.500000000,-0.029764563,0.131446147,0.064684432,-0.071785939,0.064684432,-0.071785939,0.000000000,1.000000000,0.000000000,0.000000000,False,0.000000000,False,0.000000000,0.224106880,0.050602230,0.000000000,0.050000000,False,0.011680133,0.012014019,0.000016121,0.000016121,0.000000000,0.006105539,-0.010356430,0.006178661,-0.009922127
1.550000000,-0.016408214,0.140475799,0.023076250,0.020638275,0.023076250,0.020638275,0.000000000,1.000000000,0.000000000,0.000000000,False,0.000000000,False,0.000000000,0.126174700,-1.958643588,0.000000000,0.050000000,False,0.013918113,0.014371497,0.000825297,-0.000825297,0.000000000,0.007305112,-0.011850586,0.007288071,-0.011308719
1.600000000,-0.026181573,0.135595933,0.064602710,0.057321991,0.064602710,0.057321991,0.000000000,1.000000000,0.000000000,0.000000000,False,0.000000000,False,0.000000000,0.119869078,-0.126112438,0.000000000,0.050000000,False,0.012594219,0.013194940,0.000307717,0.000307717,0.000000000,0.007640047,-0.010970113,0.007521086,-0.010323839
1.650000000,-0.026181573,0.135595933,0.064602710,0.057321991,0.064602710,0.057321991,0.000000000,1.000000000,0.000000000,0.000000000,False,0.000000000,False,0.000000000,0.119869078,0.000000000,0.000000000,0.050000000,False,0.010867048,0.011593871,0.000054113,-0.000054113,0.000000000,0.006098202,-0.009826844,0.005960048,-0.009051111
1.700000000,-0.020190048,0.137308420,-0.107359149,-0.128322995,-0.107359149,-0.128322995,0.000000000,1.000000000,0.000000000,0.000000000,False,0.000000000,False,0.000000000,0.279568418,3.193986802,0.000000000,0.050000000,False,0.009139698,0.009983505,0.000289418,0.000289418,0.000000000,0.005857913,-0.008286268,0.005646948,-0.007404791
1.750000000,-0.022171280,0.133665475,-0.107359149,-0.128322995,-0.107359149,-0.128322995,0.000000000,1.000000000,0.000000000,0.000000000,False,0.000000000,False,0.000000000,0.275490347,-0.081561431,0.000000000,0.050000000,False,0.010498043,0.011500214,0.000413949,0.000413949,0.000000000,0.004831735,-0.010617819,0.004598238,-0.009628117
1.800000000,-0.023471653,0.127964024,-0.079072471,0.042429859,-0.079072471,0.042429859,0.000000000,1.000000000,0.000000000,0.000000000,False,0.000000000,False,0.000000000,0.102017373,-3.469459484,0.000000000,0.050000000,False,0.011494077,0.012600662,0.000089332,-0.000089332,0.000000000,0.004474290,-0.011745214,0.004151517,-0.010683117
1.850000000,-0.027512572,0.126736926,-0.079072471,0.042429859,-0.079072471,0.042429859,0.000000000,1.000000000,0.000000000,0.000000000,False,0.000000000,False,0.000000000,0.098823604,-0.063875374,0.000000000,0.050000000,False,0.012497513,0.013724675,0.000413429,0.000413429,0.000000000,-0.000292140,-0.013706527,-0.000590147,-0.012457153
1.901000000,-0.028215391,0.122663174,-0.051149602,-0.048573240,-0.051149602,-0.048573240,0.000000000,1.000000000,0.000000000,0.000000000,False,0.000000000,False,0.000000000,0.172765411,1.449839359,0.000000000,0.050000000,False,0.009791170,0.011171046,0.000002357,0.000002357,0.000000000,0.000631085,-0.011153339,0.000282786,-0.009787154
1.950000000,-0.031117709,0.125314491,-0.051149602,-0.048573240,-0.051149602,-0.048573240,0.000000000,1.000000000,0.000000000,0.000000000,False,0.000000000,False,0.000000000,0.175037767,0.046374602,0.000000000,0.050000000,False,0.008875533,0.010356284,0.000014309,-0.000014309,0.000000000,0.001544452,-0.010238305,0.001110797,-0.008803932
2.002000000,-0.030337639,0.128047902,0.013609535,-0.144828296,0.013609535,-0.144828296,0.000000000,1.000000000,0.000000000,0.000000000,False,0.000000000,False,0.000000000,0.276392428,1.949128092,0.000000000,0.050000000,False,0.013350457,0.014914853,0.000011727,-0.000011727,0.000000000,-0.001146739,-0.014871603,-0.001405250,-0.013277530
2.050000000,-0.024514093,0.126807830,0.013609535,-0.144828296,0.013609535,-0.144828296,0.000000000,1.000000000,0.000000000,0.000000000,False,0.000000000,False,0.000000000,0.274298371,-0.043626184,0.000000000,0.134061584,True,0.134061584,0.136322566,0.880572651,0.880572651,0.000000000,0.876224447,-0.136253202,0.876112722,-0.133987378
2.100000000,1.354626745,1.209288580,0.013609535,-0.144828296,0.013609535,-0.144828296,0.000000000,1.000000000,0.000000000,0.000000000,False,0.000000000,False,0.000000000,1.905770100,32.629434582,0.000000000,0.134058901,True,0.133791932,0.137354857,0.880091413,0.880091413,0.000000000,0.866373273,-0.136668099,0.867082646,-0.133158001
2.150000000,0.583743392,0.269218912,0.004106079,-0.091028693,0.004106079,-0.091028693,0.000000000,1.000000000,0.000000000,0.000000000,False,0.000000000,False,0.000000000,0.682464469,-24.466112612,0.000398815,0.134062909,True,0.134461724,0.140049425,0.879975391,0.879975391,0.000000000,0.859221167,-0.138503081,0.861040873,-0.133121897
2.200000000,0.578110966,0.258246044,0.019495132,0.008511409,0.019495132,0.008511409,0.000000000,1.000000000,0.000000000,0.000000000,False,0.000000000,False,0.000000000,0.611897898,-1.411331423,0.000628964,0.134069230,True,0.134698195,0.141668691,0.879965009,0.879965009,0.000000000,0.852762792,-0.139032577,0.855566484,-0.132470056
2.250000000,0.622578080,0.259003393,0.019495132,0.008511409,0.019495132,0.008511409,0.000000000,1.000000000,0.000000000,0.000000000,False,0.000000000,False,0.000000000,0.653035432,0.822750687,0.002507955,0.134094436,True,0.136602391,0.145615367,0.879713200,0.879713200,0.000000000,0.847821176,-0.142080026,0.851807488,-0.133721668
2.300000000,0.634229065,0.251731368,0.019495132,0.008511409,0.019495132,0.008511409,0.000000000,1.000000000,0.000000000,0.000000000,False,0.000000000,False,0.000000000,0.661100413,0.161299610,0.003159104,0.134126185,True,0.137285289,0.147843162,0.880058063,0.880058063,0.000000000,0.843269109,-0.143192784,0.848280719,-0.133556921
2.350000000,0.729688809,0.252465473,0.315510967,0.046235213,0.315510967,0.046235213,0.000000000,1.000000000,0.000000000,0.000000000,False,0.000000000,False,0.000000000,0.462681537,-3.968377511,0.003427276,0.134160630,True,0.137587906,0.150285830,0.879651795,0.879651795,0.000000000,0.837131989,-0.144145401,0.843595555,-0.132779439
2.400000000,0.711575318,0.237997132,0.315990081,0.167548771,0.315990081,0.167548771,0.000000000,1.000000000,0.000000000,0.000000000,False,0.000000000,False,0.000000000,0.401809222,-1.217446312,0.001176831,0.134172457,True,0.135349288,0.149511318,0.879325616,0.879325616,0.000000000,0.839780799,-0.144186829,0.846588903,-0.131330642
2.450000000,0.695859565,0.234703145,0.315990081,0.167548771,0.315990081,0.167548771,0.000000000,1.000000000,0.000000000,0.000000000,False,0.000000000,False,0.000000000,0.385759685,-0.320990745,0.000000000,0.134140546,True,0.130965392,0.147328124,0.880405715,0.880405715,0.000000000,0.843943651,-0.142744856,0.851075468,-0.127638828
2.500000000,0.663020678,0.229533519,0.395075111,-0.044718424,0.395075111,-0.044718424,0.000000000,1.000000000,0.000000000,0.000000000,False,0.000000000,False,0.000000000,0.383417468,-0.046844323,0.000000000,0.134091723,True,0.129233756,0.146957600,0.879480458,0.879480458,0.000000000,0.840846096,-0.141788301,0.848779378,-0.125534089
2.550000000,0.694772012,0.225952245,0.395075111,-0.044718424,0.395075111,-0.044718424,0.000000000,1.000000000,0.000000000,0.000000000,False,0.000000000,False,0.000000000,0.403832692,0.408304481,0.000000000,0.134051410,True,0.130040215,0.150009373,0.880234038,0.880234038,0.000000000,0.827119287,-0.140291252,0.837600887,-0.122853051
2.600000000,0.760496999,0.220153110,0.395075111,-0.044718424,0.395075111,-0.044718424,0.000000000,1.000000000,0.000000000,0.000000000,False,0.000000000,False,0.000000000,0.451320380,0.949753759,0.000000000,0.133996410,True,0.128523835,0.149780147,0.880503977,0.880503977,0.000000000,0.821917642,-0.137846776,0.833383582,-0.119574431
2.650000000,0.793930649,0.210313739,0.551280294,-0.081935755,0.551280294,-0.081935755,0.000000000,1.000000000,0.000000000,0.000000000,False,0.000000000,False,0.000000000,0.379853869,-1.429330226,0.000000000,0.133917938,True,0.126109913,0.149490945,0.879934881,0.879934881,0.000000000,0.808920554,-0.131546600,0.823227937,-0.112641167
2.701000000,0.922988987,0.226583469,0.551280294,-0.081935755,0.551280294,-0.081935755,0.000000000,1.000000000,0.000000000,0.000000000,False,0.000000000,False,0.000000000,0.483064658,2.023740960,0.000000000,0.133852723,True,0.127363856,0.152378731,0.880357634,0.880357634,0.000000000,0.811828114,-0.136099164,0.826230103,-0.115289905
2.750000000,0.848049261,0.200576890,0.633069450,-0.124918640,0.633069450,-0.124918640,0.000000000,1.000000000,0.000000000,0.000000000,False,0.000000000,False,0.000000000,0.390081605,-1.897613322,0.000000000,0.133804746,True,0.129030913,0.156288342,0.880168009,0.880168009,0.000000000,0.812427870,-0.140845019,0.827364850,-0.117731911
2.800000000,0.846452206,0.197028912,0.633069450,-0.124918640,0.633069450,-0.124918640,0.000000000,1.000000000,0.000000000,0.000000000,False,0.000000000,False,0.000000000,0.386241410,-0.076803915,0.000000000,0.133761325,True,0.129440912,0.158153425,0.879832061,0.879832061,0.000000000,0.803447452,-0.138484286,0.820690100,-0.115139819
2.850000000,0.906099469,0.204776194,0.680016442,0.133309577,0.680016442,0.133309577,0.000000000,1.000000000,0.000000000,0.000000000,False,0.000000000,False,0.000000000,0.237109706,-2.982634075,0.000000000,0.133717048,True,0.129311427,0.160345745,0.880001866,0.880001866,0.000000000,0.798527396,-0.138103832,0.817571165,-0.113242451
2.901000000,0.983565026,0.209104970,0.680016442,0.133309577,0.680016442,0.133309577,0.000000000,1.000000000,0.000000000,0.000000000,False,0.000000000,False,0.000000000,0.312868478,1.485466118,0.000000000,0.133680867,True,0.130080850,0.162823035,0.879630462,0.879630462,0.000000000,0.793612900,-0.138247314,0.814337674,-0.112507242
2.950000000,0.990735666,0.196684626,0.911647325,0.015687996,0.911647325,0.015687996,0.000000000,1.000000000,0.000000000,0.000000000,False,0.000000000,False,0.000000000,0.197521507,-2.354019805,0.000000000,0.133675261,True,0.133117512,0.168282113,0.879561078,0.879561078,0.000000000,0.792632733,-0.144091402,0.814618871,-0.116201470
3.000000000,0.997044019,0.200620102,0.911647325,0.015687996,0.911647325,0.015687996,0.000000000,1.000000000,0.000000000,0.000000000,False,0.000000000,False,0.000000000,0.203697028,0.123510416,0.000000000,0.133671445,True,0.133291678,0.170130205,0.879743924,0.879743924,0.000000000,0.809264024,-0.154844666,0.828690429,-0.123126813
3.053000000,0.957571930,0.189476583,0.878757404,-0.030234242,0.878757404,-0.030234242,0.000000000,1.000000000,0.000000000,0.000000000,False,0.000000000,False,0.000000000,0.233419314,0.560797842,0.001397826,0.133685493,True,0.135083319,0.174139726,0.880155604,0.880155604,0.000000000,0.795596341,-0.152231322,0.819089789,-0.120492612
3.100000000,0.998638179,0.187040301,0.951593763,0.034804099,0.951593763,0.034804099,0.000000000,1.000000000,0.000000000,0.000000000,False,0.000000000,False,0.000000000,0.159339381,-1.576168778,0.002418820,0.133709803,True,0.136128623,0.176647415,0.880000214,0.880000214,0.000000000,0.798052526,-0.156489251,0.821480837,-0.122908439
3.150000000,0.998638179,0.187040301,0.951593763,0.034804099,0.951593763,0.034804099,0.000000000,1.000000000,0.000000000,0.000000000,False,0.000000000,False,0.000000000,0.159339381,0.000000000,0.000483099,0.133714658,True,0.134197757,0.177140280,0.880390456,0.880390456,0.000000000,0.772951069,-0.140838407,0.802607003,-0.109356172
3.200000000,1.109902921,0.176453159,1.049236980,-0.066903691,1.049236980,-0.066903691,0.000000000,1.000000000,0.000000000,0.000000000,False,0.000000000,False,0.000000000,0.250804532,1.829303018,0.003174410,0.133746561,True,0.136920971,0.181594848,0.879907594,0.879907594,0.000000000,0.787832925,-0.156521385,0.814162637,-0.120103925
3.250000000,1.054700752,0.173468126,1.049236980,-0.066903691,1.049236980,-0.066903691,0.000000000,1.000000000,0.000000000,0.000000000,False,0.000000000,False,0.000000000,0.240433907,-0.207412507,0.001687545,0.133763521,True,0.135451066,0.182469612,0.880142839,0.880142839,0.000000000,0.769000603,-0.144715454,0.800305136,-0.109420896
3.300000000,1.133872353,0.170787715,1.049236980,-0.066903691,1.049236980,-0.066903691,0.000000000,1.000000000,0.000000000,0.000000000,False,0.000000000,False,0.000000000,0.252310030,0.237522461,0.000000000,0.133749675,True,0.132371994,0.181337994,0.879807641,0.879807641,0.000000000,0.772581275,-0.146239443,0.803803220,-0.108377454
3.350000000,1.142998313,0.169537154,1.090202007,-0.185887331,1.090202007,-0.185887331,0.000000000,1.000000000,0.000000000,0.000000000,False,0.000000000,False,0.000000000,0.359324386,2.140287130,0.000000000,0.133741397,True,0.132917661,0.184053439,0.880139605,0.880139605,0.000000000,0.765000206,-0.143591739,0.799273554,-0.105488325
3.400000000,1.186393337,0.166689821,1.090202007,-0.185887331,1.090202007,-0.185887331,0.000000000,1.000000000,0.000000000,0.000000000,False,0.000000000,False,0.000000000,0.365463296,0.122778186,0.000000000,0.133691353,True,0.128711995,0.181376099,0.879866102,0.879866102,0.000000000,0.765246584,-0.140569041,0.800092113,-0.101009348
3.450000000,1.191502823,0.164259452,1.240258186,0.117071912,1.240258186,0.117071912,0.000000000,1.000000000,0.000000000,0.000000000,False,0.000000000,False,0.000000000,0.067850935,-5.952247219,0.000000000,0.133660505,True,0.130591081,0.185679904,0.879836872,0.879836872,0.000000000,0.748088691,-0.130841291,0.787918958,-0.092763826
3.500000000,1.306648396,0.163537053,1.089836477,-0.025698652,1.089836477,-0.025698652,0.000000000,1.000000000,0.000000000,0.000000000,False,0.000000000,False,0.000000000,0.287780402,4.398589355,0.000000000,0.133657266,True,0.133334940,0.190002265,0.880265925,0.880265925,0.000000000,0.756102937,-0.143820768,0.792950719,-0.100768353
3.550000000,1.200820245,0.141076367,1.089836477,-0.025698652,1.089836477,-0.025698652,0.000000000,1.000000000,0.000000000,0.000000000,False,0.000000000,False,0.000000000,0.200327989,-1.749048257,0.000000000,0.133623145,True,0.130228091,0.189344601,0.880300486,0.880300486,0.000000000,0.752928482,-0.140099074,0.792604498,-0.096274448
3.601000000,1.277991567,0.162628671,1.306374782,0.005442991,1.306374782,0.005442991,0.000000000,1.000000000,0.000000000,0.000000000,False,0.000000000,False,0.000000000,0.159727721,-0.796083706,0.000000000,0.133608935,True,0.132195072,0.193509163,0.880384560,0.880384560,0.000000000,0.745041028,-0.138303740,0.787385587,-0.093950668
3.650000000,1.335262054,0.152226451,1.306374782,0.005442991,1.306374782,0.005442991,0.000000000,1.000000000,0.000000000,0.000000000,False,0.000000000,False,0.000000000,0.149598992,-0.206708736,0.000000000,0.133598454,True,0.132555602,0.195333748,0.879408411,0.879408411,0.000000000,0.734654458,-0.131154741,0.780340618,-0.088071335
3.700000000,1.353578476,0.146803082,1.478741543,-0.089706122,1.478741543,-0.089706122,0.000000000,1.000000000,0.000000000,0.000000000,False,0.000000000,False,0.000000000,0.267586242,2.359744990,0.002684920,0.133625438,True,0.136310358,0.201069456,0.879636205,0.879636205,0.000000000,0.738052798,-0.142769272,0.782713031,-0.095845773
3.750000000,1.356673766,0.143725715,1.478741543,-0.089706122,1.478741543,-0.089706122,0.000000000,1.000000000,0.000000000,0.000000000,False,0.000000000,False,0.000000000,0.263421648,-0.083291879,0.002143585,0.133646982,True,0.135790566,0.202743205,0.880113531,0.880113531,0.000000000,0.721691872,-0.126520295,0.772190007,-0.082411109
3.801000000,1.408846870,0.138910340,1.478741543,-0.089706122,1.478741543,-0.089706122,0.000000000,1.000000000,0.000000000,0.000000000,False,0.000000000,False,0.000000000,0.239062234,-0.477635563,0.004415273,0.133691356,True,0.138106629,0.208417880,0.879848987,0.879848987,0.000000000,0.718369749,-0.131766719,0.771517578,-0.085660647
3.850000000,1.505367476,0.154081199,1.559946388,-0.003823109,1.559946388,-0.003823109,0.000000000,1.000000000,0.000000000,0.000000000,False,0.000000000,False,0.000000000,0.167070729,-1.469214396,0.006048629,0.133752146,True,0.139800775,0.212037009,0.880244060,0.880244060,0.000000000,0.714051270,-0.131680104,0.769030038,-0.084709493
3.900000000,1.499501473,0.149297453,1.559946388,-0.003823109,1.559946388,-0.003823109,0.000000000,1.000000000,0.000000000,0.000000000,False,0.000000000,False,0.000000000,0.164619241,-0.049029763,0.005028605,0.133802684,True,0.138831288,0.213188515,0.880117885,0.880117885,0.000000000,0.715562677,-0.135539391,0.771775630,-0.086810613
3.950000000,1.509655660,0.148877883,1.548410711,-0.058597709,1.548410711,-0.058597709,0.000000000,1.000000000,0.000000000,0.000000000,False,0.000000000,False,0.000000000,0.211064150,0.928898181,0.006753265,0.133870555,True,0.140623820,0.217354580,0.880331078,0.880331078,0.000000000,0.719908675,-0.146654921,0.775141341,-0.093328335
4.000000000,1.472197905,0.138360204,1.743099162,-0.043457042,1.743099162,-0.043457042,0.000000000,1.000000000,0.000000000,0.000000000,False,0.000000000,False,0.000000000,0.326259102,2.303899049,0.008634389,0.133957332,True,0.142591721,0.221011293,0.880144099,0.880144099,0.000000000,0.715093545,-0.146984034,0.771815621,-0.092721840
4.051000000,1.493354678,0.136153087,1.743099162,-0.043457042,1.743099162,-0.043457042,0.000000000,1.000000000,0.000000000,0.000000000,False,0.000000000,False,0.000000000,0.307623318,-0.365407535,0.011391742,0.134071821,True,0.145463563,0.227695930,0.880132347,0.880132347,0.000000000,0.692833685,-0.129478367,0.757950617,-0.078938414
4.100000000,1.621507962,0.141191286,1.743099162,-0.043457042,1.743099162,-0.043457042,0.000000000,1.000000000,0.000000000,0.000000000,False,0.000000000,False,0.000000000,0.221086917,-1.766048998,0.011142889,0.134183809,True,0.145326698,0.229160106,0.879477780,0.879477780,0.000000000,0.704625032,-0.148124511,0.765131384,-0.089692534
4.150000000,1.527546734,0.128446328,1.934620788,-0.029756772,1.934620788,-0.029756772,0.000000000,1.000000000,0.000000000,0.000000000,False,0.000000000,False,0.000000000,0.436735053,4.312962714,0.012420775,0.134308640,True,0.146729415,0.233371368,0.880607856,0.880607856,0.000000000,0.685487042,-0.128023683,0.754486536,-0.074986225
4.200000000,1.655182859,0.136977242,1.934620788,-0.029756772,1.934620788,-0.029756772,0.000000000,1.000000000,0.000000000,0.000000000,False,0.000000000,False,0.000000000,0.325400965,-2.226681760,0.014443128,0.134453796,True,0.148896924,0.237994879,0.879594881,0.879594881,0.000000000,0.669154006,-0.111158447,0.744908926,-0.063482183
4.250000000,1.617303140,0.136394843,1.873409524,-0.011025678,1.873409524,-0.011025678,0.000000000,1.000000000,0.000000000,0.000000000,False,0.000000000,False,0.000000000,0.295505143,-0.597916432,0.014551376,0.134600040,True,0.149151415,0.242065870,0.880061982,0.880061982,0.000000000,0.680115438,-0.136445098,0.752625031,-0.077498182
4.300000000,1.652928068,0.134432855,1.873409524,-0.011025678,1.873409524,-0.011025678,0.000000000,1.000000000,0.000000000,0.000000000,False,0.000000000,False,0.000000000,0.264140601,-0.627290841,0.018242845,0.134783383,True,0.153026229,0.248731297,0.880203683,0.880203683,0.000000000,0.693101984,-0.163890856,0.759404011,-0.093938629
4.352000000,1.601749533,0.125292598,1.816517390,0.054003344,1.816517390,0.054003344,0.000000000,1.000000000,0.000000000,0.000000000,False,0.000000000,False,0.000000000,0.226290500,-0.727886556,0.018617596,0.134970493,True,0.153588089,0.253436554,0.880640654,0.880640654,0.000000000,0.686563942,-0.162985634,0.756097604,-0.089879529
4.400000000,1.624213862,0.122712866,2.164637402,-0.087144358,2.164637402,-0.087144358,0.000000000,1.000000000,0.000000000,0.000000000,False,0.000000000,False,0.000000000,0.579739302,7.363516697,0.017931102,0.135150704,True,0.153081805,0.254472278,0.879842929,0.879842929,0.000000000,0.671967665,-0.146778796,0.748523128,-0.078671144
4.450000000,1.680435242,0.112497126,2.164637402,-0.087144358,2.164637402,-0.087144358,0.000000000,1.000000000,0.000000000,0.000000000,False,0.000000000,False,0.000000000,0.523744647,-1.119893102,0.018455534,0.135336185,True,0.153791719,0.258479123,0.880167503,0.880167503,0.000000000,0.653641323,-0.124488342,0.739396905,-0.061931669
4.503000000,1.810423475,0.128029298,2.167408155,-0.022630814,2.167408155,-0.022630814,0.000000000,1.000000000,0.000000000,0.000000000,False,0.000000000,False,0.000000000,0.387474555,-2.571133800,0.019406668,0.135531225,True,0.154937894,0.260830077,0.851635257,0.851635257,0.000000000,0.627841468,-0.133972642,0.711804889,-0.066732443
4.551000000,1.710909942,0.100552839,2.167408155,-0.022630814,2.167408155,-0.022630814,0.000000000,1.000000000,0.000000000,0.000000000,False,0.000000000,False,0.000000000,0.472826427,1.778164007,0.021071696,0.135742999,True,0.156814695,0.265165492,0.816884412,0.816884412,0.000000000,0.581899653,-0.122861308,0.671713029,-0.059296865
4.600000000,1.625638825,-0.019863137,2.167408155,-0.022630814,2.167408155,-0.022630814,0.000000000,1.000000000,0.000000000,0.000000000,False,0.000000000,False,0.000000000,0.541776399,1.407142276,0.020723670,0.135951276,True,0.156674946,0.266426299,0.767996394,0.767996394,0.000000000,0.548813497,-0.151465607,0.630401358,-0.074930932
4.650000000,1.439742229,-0.100144689,2.235346912,0.166957431,2.235346912,0.166957431,0.000000000,1.000000000,0.000000000,0.000000000,False,0.000000000,False,0.000000000,0.839243918,5.949350384,0.027559455,0.136228253,True,0.163787708,0.277470497,0.736431619,0.736431619,0.000000000,0.485017574,-0.117391885,0.582366228,-0.055590181
4.700000000,1.638280324,-0.035674495,2.235346912,0.166957431,2.235346912,0.166957431,0.000000000,1.000000000,0.000000000,0.000000000,False,0.000000000,False,0.000000000,0.630514241,-4.174593539,0.028075462,0.136510416,True,0.164585877,0.279867318,0.736914097,0.736914097,0.000000000,0.481930840,-0.115365742,0.581092388,-0.052991567
4.750000000,1.786745249,0.073302895,2.418437253,-0.018712143,2.418437253,-0.018712143,0.000000000,1.000000000,0.000000000,0.000000000,False,0.000000000,False,0.000000000,0.638358484,0.156884859,0.027688572,0.136788691,True,0.164477262,0.281966495,0.663492266,0.663492266,0.000000000,0.414880398,-0.133030986,0.510384019,-0.060088554
4.800000000,1.555946328,-0.063362097,2.418437253,-0.018712143,2.418437253,-0.018712143,0.000000000,1.000000000,0.000000000,0.000000000,False,0.000000000,False,0.000000000,0.863645884,4.505748003,0.027014539,0.137060191,True,0.164074730,0.282958658,0.623157450,0.623157450,0.000000000,0.376126069,-0.137989489,0.471665801,-0.063014264
4.851000000,1.462157099,-0.130356620,2.448392734,0.056141091,2.448392734,0.056141091,0.000000000,1.000000000,0.000000000,0.000000000,False,0.000000000,False,0.000000000,1.003714164,2.746436864,0.024924120,0.137310683,True,0.162234803,0.283879427,0.585552784,0.585552784,0.000000000,0.326553868,-0.116220008,0.430815413,-0.048749124
4.900000000,1.545934957,-0.093184242,2.376210656,-0.180882288,2.376210656,-0.180882288,0.000000000,1.000000000,0.000000000,0.000000000,False,0.000000000,False,0.000000000,0.834894415,-3.445301010,0.024053765,0.137552427,True,0.161606192,0.284691578,0.562196065,0.562196065,0.000000000,0.303367761,-0.118563078,0.408246680,-0.049154330
4.950000000,1.570868714,-0.073935369,2.376210656,-0.180882288,2.376210656,-0.180882288,0.000000000,1.000000000,0.000000000,0.000000000,False,0.000000000,False,0.000000000,0.812412018,-0.449647934,0.025521543,0.137808923,True,0.163330466,0.289304753,0.540240459,0.540240459,0.000000000,0.282912851,-0.132210976,0.387777548,-0.058582434
5.000000000,1.576995644,-0.066743727,2.376210656,-0.180882288,2.376210656,-0.180882288,0.000000000,1.000000000,0.000000000,0.000000000,False,0.000000000,False,0.000000000,0.807324127,-0.101757832,0.024325623,0.138053400,True,0.162379022,0.290217908,0.507592283,0.507592283,0.000000000,0.253201273,-0.139684102,0.358118097,-0.063438274
5.052000000,1.523749862,-0.100763103,2.525673455,-0.001908765,2.525673455,-0.001908765,0.000000000,1.000000000,0.000000000,0.000000000,False,0.000000000,False,0.000000000,1.006788491,3.835853153,0.027950522,0.138334307,True,0.166284829,0.298291774,0.486687322,0.486687322,0.000000000,0.215090077,-0.123340662,0.329626839,-0.054613630
5.100000000,1.608195938,-0.075589559,2.525673455,-0.001908765,2.525673455,-0.001908765,0.000000000,1.000000000,0.000000000,0.000000000,False,0.000000000,False,0.000000000,0.920431340,-1.799107296,0.026919098,0.138604848,True,0.165523947,0.299171053,0.486995752,0.486995752,0.000000000,0.224264387,-0.143092799,0.335472209,-0.066624265
5.150000000,1.609272915,-0.093054955,2.499238134,0.067044698,2.499238134,0.067044698,0.000000000,1.000000000,0.000000000,0.000000000,False,0.000000000,False,0.000000000,0.904251066,-0.323605483,0.029933163,0.138905682,True,0.168838844,0.306576203,0.429799012,0.429799012,0.000000000,0.160961793,-0.147361859,0.276154225,-0.069998819
5.201000000,1.529227685,-0.110650898,2.585951697,-0.092785703,2.541264061,-0.093541201,0.042288843,0.957711157,0.089711385,0.000000000,False,0.000000000,False,0.000000000,1.056875017,2.992626495,0.030758189,0.139214807,True,0.169972996,0.309795565,0.412484167,0.412484167,0.000000000,0.131614159,-0.130710868,0.253419621,-0.059910680
5.250000000,1.592555484,-0.078285251,2.585951697,-0.092785703,2.546437991,-0.092208928,0.039776381,0.960223619,0.000000000,0.000000000,False,0.000000000,False,0.000000000,0.993502038,-1.293326110,0.029093225,0.139507198,True,0.168600423,0.310372893,0.396148000,0.396148000,0.000000000,0.124305437,-0.149776345,0.242690063,-0.069833833
5.300000000,1.559675706,-0.091559331,2.585951697,-0.092785703,2.547603405,-0.092739878,0.037366452,0.962633548,0.000000000,0.000000000,False,0.000000000,False,0.000000000,1.026276724,0.655493724,0.029616456,0.139804849,True,0.169421304,0.312591330,0.372155166,0.372155166,0.000000000,0.096914866,-0.148175964,0.216917023,-0.067857918
5.350000000,1.529381867,-0.114716755,2.630983839,0.059740874,2.592314819,0.053616969,0.035102533,0.964897467,0.000000000,0.000000000,False,0.000000000,False,0.000000000,1.115330610,1.781077710,0.028772397,0.140094016,True,0.168866413,0.314476728,0.356490989,0.356490989,0.000000000,0.070108953,-0.129926679,0.197530792,-0.056987027
5.401000000,1.604455492,-0.084284234,2.630983839,0.059740874,2.597175555,0.054997467,0.032934584,0.967065416,0.000000000,0.000000000,False,0.000000000,False,0.000000000,1.036582693,-1.544076800,0.027602537,0.140371426,True,0.167973964,0.315263311,0.356758062,0.356758062,0.000000000,0.084043641,-0.158170161,0.205357730,-0.072754325
5.450000000,1.640137245,-0.033356858,2.788749642,0.026132082,2.753168069,0.024289241,0.030977877,0.969022123,0.000000000,0.000000000,False,0.000000000,False,0.000000000,1.150151892,2.317738754,0.028113388,0.140653970,True,0.168767359,0.319130834,0.425637008,0.425637008,0.000000000,0.132573312,-0.126325609,0.265337248,-0.052786440
5.500000000,2.055254456,0.272395497,2.728950019,-0.025942549,2.709344789,-0.017260607,0.029101022,0.970898978,0.000000000,0.000000000,False,0.000000000,False,0.000000000,0.736798006,-8.267077721,0.029715153,0.140952613,True,0.170667766,0.322754802,0.429485282,0.429485282,0.000000000,0.131276576,-0.123459428,0.266492159,-0.050603638
5.551000000,1.762167738,-0.007503334,2.728950019,-0.025942549,2.702553257,-0.025439090,0.027303729,0.972696271,0.000000000,0.000000000,False,0.000000000,False,0.000000000,0.966958108,4.512943178,0.029784518,0.141251952,True,0.171036470,0.326722336,0.442502720,0.442502720,0.000000000,0.124288706,-0.074076483,0.273071951,-0.023381365
5.601000000,1.934734151,0.066503639,2.735649918,0.127586669,2.689088790,0.124035615,0.058134862,0.941865138,0.093644537,0.000000000,False,0.000000000,False,0.000000000,0.803241683,-3.274328501,0.032106699,0.141574630,True,0.173681328,0.332386881,0.450704796,0.450704796,0.000000000,0.133069344,-0.097922205,0.281114241,-0.037473288
5.650000000,1.847178496,0.003127541,2.735649918,0.127586669,2.666829555,0.117946153,0.077459287,0.922540713,0.100327394,0.000000000,False,0.000000000,False,0.000000000,0.897146332,1.916421419,0.034397964,0.141920335,True,0.176318299,0.339524560,0.462544458,0.462544458,0.000000000,0.126214080,-0.046462921,0.286527528,-0.010304496
5.700000000,1.987471695,0.069960739,2.853468395,0.042251423,2.779514814,0.044617717,0.085397071,0.914602929,0.094539393,0.000000000,False,0.000000000,False,0.000000000,0.866439895,-0.614128745,0.032413506,0.142246096,True,0.174659602,0.339971293,0.468358348,0.468358348,0.000000000,0.129800058,-0.030963916,0.293708965,-0.001889295
5.750000000,1.977692278,0.048838397,2.853468395,0.042251423,2.775699139,0.042836349,0.088800385,0.911199615,0.092720143,0.000000000,False,0.000000000,False,0.000000000,0.875800888,0.187219868,0.031789763,0.142565589,True,0.174355352,0.341251354,0.477174866,0.477174866,0.000000000,0.136616791,-0.021741310,0.302826853,0.001599747
5.800000000,2.046287653,0.076073807,2.907531316,0.051696650,2.829762558,0.053897864,0.090298207,0.909701793,0.092023319,0.000000000,False,0.000000000,False,0.000000000,0.861588587,-0.284246026,0.031550852,0.142882680,True,0.174433532,0.343136333,0.482801467,0.482801467,0.000000000,0.142534312,-0.044280986,0.308669674,-0.010255529
5.850000000,1.993733860,0.036682503,2.907531316,0.051696650,2.830016331,0.050423041,0.084827315,0.915172685,0.000000000,0.000000000,False,0.000000000,False,0.000000000,0.913920793,1.046644115,0.029712978,0.143181300,True,0.172894279,0.345022550,0.489921742,0.489921742,0.000000000,0.145114187,0.012178285,0.317997352,0.018287582
5.900000000,2.126369737,0.103593984,2.907531316,0.051696650,2.845282200,0.055832239,0.079687888,0.920312112,0.000000000,0.000000000,False,0.000000000,False,0.000000000,0.782883610,-2.620743664,0.028821239,0.143470959,True,0.172292198,0.347054355,0.496659272,0.496659272,0.000000000,0.150828731,0.029119789,0.326260688,0.025473985
5.950000000,2.189023401,0.119307238,2.915794034,0.140039887,2.861388098,0.138487844,0.074859843,0.925140157,0.000000000,0.000000000,False,0.000000000,False,0.000000000,0.727066293,-1.116346324,0.029197099,0.143764394,True,0.172961493,0.348330374,0.496922015,0.496922015,0.000000000,0.148756664,0.010720924,0.324790182,0.016920701
6.000000000,2.112377845,0.075980019,2.915794034,0.140039887,2.859294341,0.135534921,0.070324314,0.929675686,0.000000000,0.000000000,False,0.000000000,False,0.000000000,0.805966029,1.577994701,0.029300497,0.144058869,True,0.173359366,0.351572103,0.504405455,0.504405455,0.000000000,0.153403926,0.020021753,0.332366821,0.021358331
6.050000000,2.143216829,0.091260204,2.903670727,0.132189988,2.853432420,0.129486020,0.066063579,0.933936421,0.000000000,0.000000000,False,0.000000000,False,0.000000000,0.761554579,-0.888228983,0.027546348,0.144335715,True,0.171882062,0.352811348,0.507447187,0.507447187,0.000000000,0.157880042,0.047735298,0.339080243,0.034583458
6.100000000,2.231598152,0.130368318,2.903670727,0.132189988,2.861961238,0.132076933,0.062060990,0.937939010,0.000000000,0.000000000,False,0.000000000,False,0.000000000,0.672075044,-1.789590705,0.024333876,0.144580274,True,0.168914150,0.352385399,0.511550053,0.511550053,0.000000000,0.163037627,0.052101425,0.346719932,0.036919117
6.150000000,2.214151643,0.117464303,3.118164250,0.273693682,3.065459498,0.264585368,0.058300904,0.941699096,0.000000000,0.000000000,False,0.000000000,False,0.000000000,0.917412892,4.906756953,0.024350333,0.144824999,True,0.169175332,0.354951347,0.515880612,0.515880612,0.000000000,0.162305812,0.031230109,0.348560179,0.024983308
6.200000000,2.225538247,0.128415386,3.118164250,0.273693682,3.069276346,0.265736988,0.054768631,0.945231369,0.000000000,0.000000000,False,0.000000000,False,0.000000000,0.904371033,-0.260837179,0.023230590,0.145058470,True,0.168289060,0.356245295,0.518624107,0.518624107,0.000000000,0.167987139,0.062963691,0.355096059,0.039746514
6.250000000,2.256902079,0.139673084,3.066779471,0.095804887,3.025110981,0.098061922,0.051450367,0.948549633,0.000000000,0.000000000,False,0.000000000,False,0.000000000,0.811064614,-1.866128384,0.020031761,0.145259793,True,0.165291553,0.354955267,0.521329245,0.521329245,0.000000000,0.169012427,0.043198401,0.358675998,0.029414605
6.300000000,2.281895011,0.157272140,3.066779471,0.095804887,3.028843534,0.098775793,0.048333147,0.951666853,0.000000000,0.000000000,False,0.000000000,False,0.000000000,0.787287646,-0.475539343,0.017756442,0.145438248,True,0.163194691,0.354333910,0.522984267,0.522984267,0.000000000,0.173657792,0.059359362,0.364245480,0.037874857
6.350000000,2.318132344,0.170478955,3.034209074,0.121786146,3.001695761,0.123997033,0.045404790,0.954595210,0.000000000,0.000000000,False,0.000000000,False,0.000000000,0.717730362,-1.391145688,0.017960661,0.145618756,True,0.163579417,0.357210378,0.524856274,0.524856274,0.000000000,0.173431621,0.064030988,0.365703157,0.037795649
6.400000000,2.337093557,0.184233542,3.213783357,0.171304267,3.176389159,0.171855750,0.042653853,0.957346147,0.000000000,0.000000000,False,0.000000000,False,0.000000000,0.876785133,3.181095428,0.017495025,0.145794584,True,0.163289608,0.360217419,0.526022408,0.526022408,0.000000000,0.182320563,0.107822218,0.373339661,0.057891925
6.450000000,2.418280682,0.216369675,3.213783357,0.171304267,3.181907893,0.173110019,0.040069586,0.959930414,0.000000000,0.000000000,False,0.000000000,False,0.000000000,0.796778135,-1.600139969,0.018527326,0.145980786,True,0.164508112,0.364449223,0.528761626,0.528761626,0.000000000,0.170579746,0.067297672,0.368914592,0.038882448
6.500000000,2.358528558,0.194077741,3.213783357,0.171304267,3.181589947,0.172161503,0.037641893,0.962358107,0.000000000,0.000000000,False,0.000000000,False,0.000000000,0.855557947,1.175596248,0.016138103,0.146142977,True,0.162281080,0.364854925,0.530360064,0.530360064,0.000000000,0.171908704,0.068056875,0.373171685,0.040335622
6.550000000,2.389925575,0.213867914,3.077822438,0.245101855,3.053497521,0.243997383,0.035361286,0.964638714,0.000000000,0.000000000,False,0.000000000,False,0.000000000,0.688605586,-3.339047224,0.015973445,0.146303513,True,0.162276958,0.367440466,0.531230119,0.531230119,0.000000000,0.169688630,0.065576272,0.373345786,0.037501311
6.601000000,2.388869443,0.214639946,3.077822438,0.245101855,3.054964799,0.244091210,0.033177356,0.966822644,0.000000000,0.000000000,False,0.000000000,False,0.000000000,0.689626099,0.020010061,0.018191299,0.146486338,True,0.164677637,0.371936202,0.533219681,0.533219681,0.000000000,0.177026828,0.107066286,0.378022019,0.055067319
6.650000000,2.465422799,0.247462867,3.143770346,0.324943666,3.122601680,0.322525782,0.031206225,0.968793775,0.000000000,0.000000000,False,0.000000000,False,0.000000000,0.682758133,-0.140162578,0.017491928,0.146662135,True,0.164154064,0.373832155,0.534089518,0.534089518,0.000000000,0.173946920,0.100238664,0.378302139,0.051738276
6.700000000,2.449400479,0.248249343,3.235097990,0.253590380,3.212064847,0.253433804,0.029315536,0.970684464,0.000000000,0.000000000,False,0.000000000,False,0.000000000,0.785715664,2.059150629,0.018403185,0.146847090,True,0.165250275,0.376778266,0.534957524,0.534957524,0.000000000,0.164238232,0.067298353,0.374279569,0.038603735
6.750000000,2.449400479,0.248249343,3.235097990,0.253590380,3.213460354,0.253443291,0.027539397,0.972460603,0.000000000,0.000000000,False,0.000000000,False,0.000000000,0.785715664,0.000000000,0.022676503,0.147074993,True,0.169751496,0.386391725,0.536553572,0.536553572,0.000000000,0.174459024,0.134855862,0.380922733,0.067783571
6.800000000,2.549748379,0.288312996,3.235097990,0.253590380,3.217367400,0.254488684,0.025870869,0.974129131,0.000000000,0.000000000,False,0.000000000,False,0.000000000,0.686228642,-1.989740455,0.023016344,0.147306311,True,0.170322655,0.388864602,0.536510169,0.536510169,0.000000000,0.163257813,0.109079594,0.376144867,0.057382724
6.850000000,2.497371395,0.278886128,3.254936566,0.480685012,3.236525132,0.475780607,0.024303433,0.975696567,0.000000000,0.000000000,False,0.000000000,False,0.000000000,0.783982001,1.955067195,0.021883706,0.147526246,True,0.169409952,0.389776573,0.537620430,0.537620430,0.000000000,0.167417478,0.121965368,0.379764364,0.061491415
6.900000000,2.528866298,0.295312404,3.254936566,0.480685012,3.238359683,0.476452777,0.022830962,0.977169038,0.000000000,0.000000000,False,0.000000000,False,0.000000000,0.749360419,-0.692431641,0.021210889,0.147739419,True,0.168950308,0.391890211,0.537809744,0.537809744,0.000000000,0.172896774,0.142886185,0.383025329,0.067719949
6.950000000,2.564976042,0.309918455,3.130811616,0.433996461,3.118675742,0.431335273,0.021447704,0.978552296,0.000000000,0.000000000,False,0.000000000,False,0.000000000,0.579279939,-3.401609603,0.021826891,0.147958783,True,0.169785674,0.395164531,0.538747937,0.538747937,0.000000000,0.154499967,0.092241553,0.375249292,0.045775191
7.002000000,2.571136170,0.320619641,3.393377152,0.508014692,3.376851797,0.504248437,0.020097946,0.979902054,0.000000000,0.000000000,False,0.000000000,False,0.000000000,0.843325049,5.077790569,0.021761499,0.148177490,True,0.169938989,0.396831072,0.539397556,0.539397556,0.000000000,0.162598284,0.124487786,0.380024200,0.058986381
7.050000000,2.571136170,0.320619641,3.393377152,0.508014692,3.377814159,0.504467766,0.018927532,0.981072468,0.000000000,0.000000000,False,0.000000000,False,0.000000000,0.843325049,0.000000000,0.023724332,0.148415923,True,0.172140255,0.404039360,0.540380310,0.540380310,0.000000000,0.148959707,0.100188403,0.375219017,0.048518188
7.100000000,2.552661410,0.312223968,3.393377152,0.508014692,3.378428578,0.504533382,0.017780771,0.982219229,0.000000000,0.000000000,False,0.000000000,False,0.000000000,0.863213164,0.397762306,0.022004138,0.148637068,True,0.170641206,0.403971608,0.540742791,0.540742791,0.000000000,0.147850042,0.093959289,0.376067416,0.044726304
7.150000000,2.565633114,0.324669525,3.348636903,0.488524819,3.335558008,0.485787864,0.016703489,0.983296511,0.000000000,0.000000000,False,0.000000000,False,0.000000000,0.799964681,-1.264969668,0.021811208,0.148856275,True,0.170667482,0.406316911,0.540653528,0.540653528,0.000000000,0.150383973,0.113062402,0.378187477,0.052270180
7.200000000,2.600342613,0.344330228,3.348636903,0.488524819,3.336895061,0.486262193,0.015691476,0.984308524,0.000000000,0.000000000,False,0.000000000,False,0.000000000,0.762060644,-0.758080740,0.020614252,0.149063451,True,0.169677704,0.406418796,0.541335727,0.541335727,0.000000000,0.154575895,0.124872214,0.381554413,0.057100393
7.250000000,2.605330001,0.352890146,3.199391655,0.372082095,3.190634725,0.371799191,0.014740777,0.985259223,0.000000000,0.000000000,False,0.000000000,False,0.000000000,0.594371584,-3.353781200,0.022657776,0.149291166,True,0.171948942,0.410286775,0.541967881,0.541967881,0.000000000,0.147610031,0.113212737,0.377935204,0.051572467
7.300000000,2.615352453,0.361285113,3.199391655,0.372082095,3.191304068,0.371932582,0.013847679,0.986152321,0.000000000,0.000000000,False,0.000000000,False,0.000000000,0.584138994,-0.204651802,0.023216487,0.149524495,True,0.172740983,0.412315712,0.526423758,0.526423758,0.000000000,0.135445189,0.130919842,0.363633684,0.057782686
7.350000000,2.549543275,0.307971158,3.533643470,0.500385727,3.520841616,0.497882666,0.013008690,0.986991310,0.000000000,0.000000000,False,0.000000000,False,0.000000000,1.002734541,8.371910956,0.019781675,0.149723304,True,0.169504979,0.410748854,0.513785435,0.513785435,0.000000000,0.119009868,0.113432237,0.351892526,0.050225729
7.400000000,2.548206334,0.317320325,3.533643470,0.500385727,3.521600903,0.498148570,0.012220533,0.987779467,0.000000000,0.000000000,False,0.000000000,False,0.000000000,1.002297008,-0.008750677,0.019200335,0.149916271,True,0.169116606,0.412659529,0.495595781,0.495595781,0.000000000,0.095233140,0.099988214,0.332457136,0.044566909
7.450000000,2.516373327,0.302191149,3.336459077,0.550125269,3.327044387,0.547278954,0.011480129,0.988519871,0.000000000,0.000000000,False,0.000000000,False,0.000000000,0.856744983,-2.911040494,0.021375586,0.150131099,True,0.171506685,0.416588305,0.483291167,0.483291167,0.000000000,0.086781564,0.127773046,0.321183545,0.055996984
7.500000000,2.536345376,0.321567072,3.598291085,0.555808768,3.586838444,0.553282569,0.010784583,0.989215417,0.000000000,0.000000000,False,0.000000000,False,0.000000000,1.087473155,4.614563442,0.022783430,0.150360076,True,0.173143507,0.420116067,0.484012169,0.484012169,0.000000000,0.081260937,0.119536418,0.319432201,0.053778322
7.550000000,2.614165067,0.378874897,3.598291085,0.555808768,3.588320730,0.554016219,0.010131178,0.989868822,0.000000000,0.000000000,False,0.000000000,False,0.000000000,0.999904802,-1.751367051,0.025955648,0.150620935,True,0.176576583,0.429593512,0.454660456,0.454660456,0.000000000,0.035603571,0.094561688,0.283884361,0.044886690
7.600000000,2.525972882,0.325792661,3.598291085,0.555808768,3.588085446,0.553619622,0.009517361,0.990482639,0.000000000,0.000000000,False,0.000000000,False,0.000000000,1.096710417,1.936112287,0.021764078,0.150839668,True,0.172603745,0.427080539,0.437851804,0.437851804,0.000000000,0.026200611,0.113758880,0.272969192,0.051046814
7.650000000,2.515280196,0.326878479,3.401103266,0.583694520,3.393183358,0.581398397,0.008940733,0.991059267,0.000000000,0.000000000,False,0.000000000,False,0.000000000,0.922299837,-3.488211590,0.018649176,0.151027095,True,0.169676271,0.426350397,0.427366796,0.427366796,0.000000000,0.023461449,0.136510555,0.268234483,0.058880762
7.700000000,2.535255599,0.348636823,3.401103266,0.583694520,3.393830975,0.581720261,0.008399042,0.991600958,0.000000000,0.000000000,False,0.000000000,False,0.000000000,0.897186883,-0.502259079,0.019717153,0.151225256,True,0.170942409,0.428928464,0.411823149,0.411823149,0.000000000,-0.002644213,0.110437465,0.247983271,0.048762706
7.750000000,2.476378903,0.311803465,3.711556592,0.541371975,3.701810831,0.539560640,0.007890169,0.992109831,0.000000000,0.000000000,False,0.000000000,False,0.000000000,1.256330221,7.182866746,0.017995082,0.151406109,True,0.169401192,0.430822863,0.401403814,0.401403814,0.000000000,-0.011680336,0.122351233,0.240531587,0.053074383
7.801000000,2.522003383,0.350337434,3.472238163,0.628598427,3.465203700,0.626538498,0.007402869,0.992597131,0.000000000,0.000000000,False,0.000000000,False,0.000000000,0.990139040,-5.219434915,0.018710721,0.151594155,True,0.170304876,0.435827504,0.387316962,0.387316962,0.000000000,-0.021231251,0.151769466,0.229631828,0.064336223
7.852000000,2.601191845,0.412056060,3.472238163,0.628598427,3.466188168,0.627094397,0.006945664,0.993054336,0.000000000,0.000000000,False,0.000000000,False,0.000000000,0.897559071,-1.815293512,0.019163853,0.151786755,True,0.170950609,0.438826368,0.373332644,0.373332644,0.000000000,-0.046233154,0.128581191,0.211748191,0.055808381
7.900000000,2.556123056,0.394538945,3.472238163,0.628598427,3.466245689,0.627067402,0.006541180,0.993458820,0.000000000,0.000000000,False,0.000000000,False,0.000000000,0.945542559,0.999656007,0.016642344,0.151954013,True,0.168596357,0.438427627,0.355417831,0.355417831,0.000000000,-0.066379415,0.119607140,0.195118055,0.052237089
7.955000000,2.550473465,0.395121386,3.618438371,0.819259914,3.611916753,0.816669876,0.006106584,0.993893416,0.000000000,0.000000000,False,0.000000000,False,0.000000000,1.149105100,3.701137111,0.016094991,0.152115771,True,0.168210762,0.439076079,0.354631388,0.354631388,0.000000000,-0.060219566,0.143827987,0.197659331,0.060453567
8.000000000,2.505846414,0.373279447,3.553552800,0.816054589,3.547504840,0.813498637,0.005772571,0.994227429,0.000000000,0.000000000,False,0.000000000,False,0.000000000,1.137426260,-0.259529794,0.015572639,0.152272278,True,0.167844918,0.440323321,0.341910237,0.341910237,0.000000000,-0.083075108,0.115204534,0.181367484,0.048968776
8.050000000,2.505846414,0.373279447,3.553552800,0.816054589,3.547871267,0.813653495,0.005422829,0.994577171,0.000000000,0.000000000,False,0.000000000,False,0.000000000,1.137426260,0.000000000,0.015604925,0.152429111,True,0.168034036,0.444502453,0.334088991,0.334088991,0.000000000,-0.093082553,0.122910144,0.173870979,0.050652009
8.100000000,2.488958127,0.356907469,3.553552800,0.816054589,3.548129460,0.813715566,0.005094276,0.994905724,0.000000000,0.000000000,False,0.000000000,False,0.000000000,1.159386861,0.439212030,0.015036526,0.152580230,True,0.167616756,0.444956957,0.321219177,0.321219177,0.000000000,-0.099832662,0.143882042,0.163768252,0.057485501
8.151000000,2.469142808,0.348756156,3.586141438,0.812743537,3.580802574,0.810525839,0.004779651,0.995220349,0.000000000,0.000000000,False,0.000000000,False,0.000000000,1.209533062,0.983258852,0.014894447,0.152729922,True,0.167624369,0.446725468,0.309183887,0.309183887,0.000000000,-0.124341885,0.107791692,0.147222167,0.043201046
8.200000000,2.446237530,0.342134856,3.640237209,0.667235676,3.634869365,0.665774126,0.004495683,0.995504317,0.000000000,0.000000000,False,0.000000000,False,0.000000000,1.237467485,0.570090255,0.016145855,0.152892190,True,0.169038046,0.448954772,0.301733930,0.301733930,0.000000000,-0.131113930,0.119176835,0.139307061,0.046812106
8.250000000,2.466429194,0.360624678,3.640237209,0.667235676,3.635279862,0.665940765,0.004223303,0.995776697,0.000000000,0.000000000,False,0.000000000,False,0.000000000,1.213192301,-0.485503679,0.018832280,0.153081458,True,0.171913738,0.455237614,0.294019438,0.294019438,0.000000000,-0.150055148,0.100195048,0.126568827,0.038918200
8.300000000,2.457423376,0.355081896,3.671384491,0.837293758,3.666568189,0.835380618,0.003967426,0.996032574,0.000000000,0.000000000,False,0.000000000,False,0.000000000,1.306227341,1.860700810,0.015017319,0.153232384,True,0.168249704,0.452934179,0.283068051,0.283068051,0.000000000,-0.155878529,0.111692748,0.120047236,0.041619426
8.354000000,2.489278515,0.389136678,3.671384491,0.837293758,3.667000694,0.835631784,0.003708463,0.996291537,0.000000000,0.000000000,False,0.000000000,False,0.000000000,1.264206987,-0.778154708,0.014828128,0.153381410,True,0.168209537,0.455539820,0.273105308,0.273105308,0.000000000,-0.153894217,0.158707066,0.115694528,0.059298354
8.406000000,2.458881624,0.364562843,3.705556837,0.815012170,3.701224540,0.813446823,0.003475080,0.996524920,0.000000000,0.000000000,False,0.000000000,False,0.000000000,1.325557876,1.179824788,0.011669772,0.153498693,True,0.165168465,0.454320013,0.266959000,0.266959000,0.000000000,-0.168180181,0.130616107,0.109341388,0.049369120
8.452000000,2.475295819,0.382688713,3.705556837,0.815012170,3.701520474,0.813593761,0.003280899,0.996719101,0.000000000,0.000000000,False,0.000000000,False,0.000000000,1.304011405,-0.468401556,0.011040221,0.153609649,True,0.164649870,0.455927464,0.256911674,0.256911674,0.000000000,-0.193827541,0.068585799,0.094414804,0.026539534
8.500000000,2.398568142,0.332261258,3.705556837,0.815012170,3.701518458,0.813520550,0.003089835,0.996910165,0.000000000,0.000000000,False,0.000000000,False,0.000000000,1.393293900,1.860051989,0.007700208,0.153687037,True,0.161387245,0.455079629,0.256761132,0.256761132,0.000000000,-0.184514303,0.111236051,0.100566102,0.040607333
8.550000000,2.488720512,0.404101993,3.823965006,0.820245831,3.820089284,0.819037919,0.002902631,0.997097369,0.000000000,0.000000000,False,0.000000000,False,0.000000000,1.398589845,0.105918893,0.004751230,0.153734788,True,0.158486018,0.453406228,0.244687787,0.244687787,0.000000000,-0.189221170,0.131530320,0.093291736,0.046872740
8.601000000,2.467978072,0.390481548,3.823965006,0.820245831,3.820272161,0.819075427,0.002723363,0.997276637,0.000000000,0.000000000,False,0.000000000,False,0.000000000,1.422461917,0.468079852,0.003409482,0.153769054,True,0.157178536,0.455074525,0.235668939,0.235668939,0.000000000,-0.209152550,0.096055537,0.081887888,0.032503543
8.650000000,2.472308837,0.399025214,3.915553881,0.892321153,3.911856918,0.891057545,0.002561563,0.997438437,0.000000000,0.000000000,False,0.000000000,False,0.000000000,1.525220358,2.097111031,0.003609980,0.153805335,True,0.157415314,0.457678601,0.226762816,0.226762816,0.000000000,-0.214952425,0.119822148,0.074517384,0.040011367
8.700000000,2.412830508,0.355423976,3.915553881,0.892321153,3.911937779,0.891029182,0.002406366,0.997593634,0.000000000,0.000000000,False,0.000000000,False,0.000000000,1.595755656,1.410705965,0.001804979,0.153823475,True,0.155628454,0.458817039,0.221059710,0.221059710,0.000000000,-0.223245712,0.114480424,0.070049585,0.037631878
8.750000000,2.447649516,0.388651148,3.816216315,0.867499953,3.813122572,0.866417481,0.002260571,0.997739429,0.000000000,0.000000000,False,0.000000000,False,0.000000000,1.449921122,-2.916690676,0.000281612,0.153826305,True,0.154107917,0.458148275,0.213395119,0.213395119,0.000000000,-0.225900903,0.130072468,0.064641405,0.040268879
8.801000000,2.451398216,0.393331052,3.867331250,0.860543849,3.864328116,0.859552910,0.002120957,0.997879043,0.000000000,0.000000000,False,0.000000000,False,0.000000000,1.491024531,0.805949197,0.000000000,0.153821812,True,0.153374711,0.460679345,0.212503506,0.212503506,0.000000000,-0.234124732,0.112910033,0.062838862,0.033530526
8.854000000,2.471420843,0.410794744,3.867331250,0.860543849,3.864560371,0.859651098,0.001984997,0.998015003,0.000000000,0.000000000,False,0.000000000,False,0.000000000,1.466574281,-0.461325480,0.000000000,0.153800991,True,0.151729336,0.459879869,0.513720255,0.513720255,0.000000000,0.071058635,0.124660272,0.364964648,0.029892485
8.900000000,2.909234319,0.597613360,3.867331250,0.860543849,3.865535700,0.860051096,0.001874079,0.998125921,0.000000000,0.000000000,False,0.000000000,False,0.000000000,0.993520091,-10.283786748,0.000000000,0.153758491,True,0.149529680,0.459288149,0.514134177,0.514134177,0.000000000,0.086371742,0.167227099,0.371356013,0.044424329
8.950000000,2.909234319,0.597613360,3.752885166,0.894458922,3.751399889,0.893936315,0.001760535,0.998239465,0.000000000,0.000000000,False,0.000000000,False,0.000000000,0.894351183,-1.983378151,0.000000000,0.153712239,True,0.149110155,0.459980527,0.535826425,0.535826425,0.000000000,0.104054830,0.158604460,0.392565225,0.041352951
9.001000000,2.958771781,0.637877429,3.752885166,0.894458922,3.751573447,0.894035100,0.001651803,0.998348197,0.000000000,0.000000000,False,0.000000000,False,0.000000000,0.834535877,-1.172849134,0.000000000,0.153675433,True,0.150013142,0.462363565,0.558134626,0.558134626,0.000000000,0.144590057,0.206787224,0.418694860,0.055321734
9.050000000,3.085422014,0.742074057,3.845240322,1.082080230,3.844059818,1.081551973,0.001553666,0.998446334,0.000000000,0.000000000,False,0.000000000,False,0.000000000,0.832423005,-0.043119838,0.000685653,0.153682324,True,0.154367977,0.472639837,0.573856928,0.573856928,0.000000000,0.192073228,0.278620929,0.442551265,0.081168313
9.100000000,3.172705361,0.804572703,3.845240322,1.082080230,3.844258734,1.081675198,0.001459535,0.998540465,0.000000000,0.000000000,False,0.000000000,False,0.000000000,0.727539485,-2.097670405,0.000199499,0.153684329,True,0.153883827,0.474174788,0.595955833,0.595955833,0.000000000,0.185169213,0.236846115,0.456949273,0.066010669
9.151000000,3.159286467,0.796224293,3.913594425,0.933422575,3.912561481,0.933234696,0.001369393,0.998630607,0.000000000,0.000000000,False,0.000000000,False,0.000000000,0.766683680,0.767533229,0.003340718,0.153717903,True,0.157058622,0.482496148,0.618678423,0.618678423,0.000000000,0.273683849,0.337314805,0.498572760,0.101202967
9.202000000,3.235329240,0.896678410,3.994702814,1.092517474,3.993727157,1.092265857,0.001284819,0.998715181,0.000000000,0.000000000,False,0.000000000,False,0.000000000,0.784220100,0.343851374,0.006247388,0.153780691,True,0.160028079,0.485856253,0.634240107,0.634240107,0.000000000,0.285462230,0.338245902,0.511179490,0.102298927
9.250000000,3.306981225,0.973733720,3.994702814,1.092517474,3.993870674,1.092373746,0.001209997,0.998790003,0.000000000,0.000000000,False,0.000000000,False,0.000000000,0.697904410,-1.798243538,0.010209438,0.153883297,True,0.164092735,0.493977566,0.657119943,0.657119943,0.000000000,0.317702900,0.358900970,0.534604857,0.109162627
9.300000000,3.306981225,0.973733720,3.994702814,1.092517474,3.993921090,1.092382454,0.001136687,0.998863313,0.000000000,0.000000000,False,0.000000000,False,0.000000000,0.697904410,0.000000000,0.011921636,0.154003112,True,0.165924748,0.497131534,0.671230656,0.671230656,0.000000000,0.360372103,0.387951958,0.557243611,0.120573527
9.350000000,3.312429312,0.997405046,3.965163433,1.275786225,3.964466431,1.275488964,0.001067818,0.998932182,0.000000000,0.000000000,False,0.000000000,False,0.000000000,0.709618145,0.234274714,0.013171734,0.154135490,True,0.167307224,0.501020897,0.683792748,0.683792748,0.000000000,0.394857995,0.409314851,0.576646485,0.128496636
9.402000000,3.318304184,1.040082400,3.812036815,1.203572554,3.811542778,1.203408963,0.001000618,0.998999382,0.000000000,0.000000000,False,0.000000000,False,0.000000000,0.520097050,-3.644636451,0.017035961,0.154306704,True,0.171342665,0.511912337,0.701727858,0.701727858,0.000000000,0.420660840,0.427849941,0.594861318,0.133932265
9.451000000,3.361520956,1.087602238,3.812036815,1.203572554,3.811612804,1.203463407,0.000941169,0.999058831,0.000000000,0.000000000,False,0.000000000,False,0.000000000,0.465202810,-1.120290621,0.016344495,0.154470969,True,0.170815464,0.511888560,0.717291708,0.717291708,0.000000000,0.472943670,0.449804329,0.618616634,0.139431534
9.500000000,3.379240082,1.166772721,3.812036815,1.203572554,3.811653681,1.203539977,0.000885252,0.999114748,0.000000000,0.000000000,False,0.000000000,False,0.000000000,0.434358424,-0.629477256,0.016424740,0.154636040,True,0.171060780,0.512403243,0.717787834,0.717787834,0.000000000,0.472890605,0.450091580,0.616802581,0.138071609
9.553000000,3.324330585,1.120736774,3.901177508,1.253331938,3.900699588,1.253222083,0.000828505,0.999171495,0.000000000,0.000000000,False,0.000000000,False,0.000000000,0.591890066,2.972295127,0.014674754,0.154783524,True,0.169458278,0.511762852,0.734861091,0.734861091,0.000000000,0.514287195,0.461788234,0.640389008,0.140680964
9.600000000,3.373929759,1.218747498,3.910738017,1.335316995,3.910318645,1.335225927,0.000781233,0.999218767,0.000000000,0.000000000,False,0.000000000,False,0.000000000,0.549319173,-0.905763677,0.015886025,0.154943181,True,0.170829207,0.513054107,0.746041233,0.746041233,0.000000000,0.541587112,0.470556085,0.653967505,0.143892482
9.650000000,3.371043892,1.254546981,3.910738017,1.335316995,3.910341936,1.335257718,0.000733900,0.999266100,0.000000000,0.000000000,False,0.000000000,False,0.000000000,0.545704631,-0.072290843,0.016197372,0.155105968,True,0.171303339,0.514998564,0.753513613,0.753513613,0.000000000,0.549011829,0.472654780,0.660378182,0.143772826
9.700000000,3.386984091,1.300564893,3.910738017,1.335316995,3.910376923,1.335293035,0.000689435,0.999310565,0.000000000,0.000000000,False,0.000000000,False,0.000000000,0.524905595,-0.415980720,0.015397570,0.155260716,True,0.170658285,0.514605631,0.762492009,0.762492009,0.000000000,0.585712388,0.483288652,0.676825236,0.147598965
9.750000000,3.382172160,1.354995289,3.931061563,1.428989269,3.930706066,1.428941346,0.000647665,0.999352335,0.000000000,0.000000000,False,0.000000000,False,0.000000000,0.553854390,0.578975907,0.012177234,0.155383099,True,0.167560333,0.514578867,0.768990241,0.768990241,0.000000000,0.549223489,0.465289141,0.668656581,0.134199932
9.800000000,3.398227611,1.327082382,3.931061563,1.428989269,3.930737373,1.428927266,0.000608425,0.999391575,0.000000000,0.000000000,False,0.000000000,False,0.000000000,0.542491505,-0.227257694,0.011606783,0.155499749,True,0.167106532,0.518377150,0.775691947,0.775691947,0.000000000,0.600613035,0.487916226,0.688540844,0.142580779
9.850000000,3.385712866,1.404469305,3.764900726,1.434490501,3.764683996,1.434473342,0.000571562,0.999428438,0.000000000,0.000000000,False,0.000000000,False,0.000000000,0.380374428,-3.242341556,0.008024618,0.155580398,True,0.163605016,0.515568067,0.780732642,0.780732642,0.000000000,0.633024819,0.493956304,0.701719970,0.143260598
9.900000000,3.377726816,1.457575367,3.764900726,1.434490501,3.764692839,1.434502896,0.000536933,0.999463067,0.000000000,0.000000000,False,0.000000000,False,0.000000000,0.387861506,0.149741559,0.006533583,0.155646061,True,0.162179645,0.513974126,0.786356043,0.786356043,0.000000000,0.650969759,0.495822505,0.710331631,0.143256853
9.951000000,3.364416031,1.504346711,3.700940217,1.563998809,3.700770686,1.563968758,0.000503772,0.999496228,0.000000000,0.000000000,False,0.000000000,False,0.000000000,0.341770246,-0.903750189,0.005067791,0.155696994,True,0.160764784,0.513364828,0.790214113,0.790214113,0.000000000,0.629277257,0.487486179,0.706352339,0.137158736
10.001000000,3.361242970,1.537034146,3.839836628,1.671211806,3.839610134,1.671148307,0.000473250,0.999526750,0.000000000,0.000000000,False,0.000000000,False,0.000000000,0.497046812,3.105531322,0.006142953,0.155758731,True,0.161901684,0.517257415,0.795392979,0.795392979,0.000000000,0.655486085,0.497977203,0.715371616,0.140743514
10.051000000,3.361242970,1.537034146,3.839836628,1.671211806,3.839623856,1.671152154,0.000444577,0.999555423,0.000000000,0.000000000,False,0.000000000,False,0.000000000,0.497046812,0.000000000,0.010136617,0.155860606,True,0.165997223,0.526219740,0.797602026,0.797602026,0.000000000,0.652755525,0.505891990,0.713800206,0.143291077
10.102000000,3.362220912,1.578502221,3.839836628,1.671211806,3.839637405,1.671173135,0.000417120,0.999582880,0.000000000,0.000000000,False,0.000000000,False,0.000000000,0.486530409,-0.206203982,0.010833463,0.155969484,True,0.166802947,0.527930976,0.802084838,0.802084838,0.000000000,0.678620375,0.513290991,0.724647860,0.147738748
10.150000000,3.352010199,1.637694684,3.734775414,1.799138721,3.734625053,1.799075301,0.000392828,0.999607172,0.000000000,0.000000000,False,0.000000000,False,0.000000000,0.415419532,-1.481476613,0.013176817,0.156101913,True,0.169278730,0.534514508,0.804954386,0.804954386,0.000000000,0.667939952,0.516655401,0.722082186,0.147605849
10.200000000,3.335557170,1.625824851,3.734775414,1.799138721,3.734628091,1.799074763,0.000369028,0.999630972,0.000000000,0.000000000,False,0.000000000,False,0.000000000,0.435215928,0.395927921,0.011171031,0.156214184,True,0.167385215,0.532970422,0.808000103,0.808000103,0.000000000,0.698271652,0.521552622,0.732774528,0.149529004
10.250000000,3.333691559,1.694436724,3.685431775,1.850292994,3.685309837,1.850238963,0.000346670,0.999653330,0.000000000,0.000000000,False,0.000000000,False,0.000000000,0.384723740,-1.009843743,0.010265797,0.156317357,True,0.166583154,0.533198975,0.809724915,0.809724915,0.000000000,0.653322315,0.509744420,0.718996133,0.139707678
10.300000000,3.338219508,1.673827835,3.613866030,1.927594898,3.613776262,1.927512255,0.000325666,0.999674334,0.000000000,0.000000000,False,0.000000000,False,0.000000000,0.374671493,-0.201044951,0.010914011,0.156427045,True,0.167341056,0.533695929,0.812689955,0.812689955,0.000000000,0.689237749,0.519221435,0.729184811,0.145016964
10.351000000,3.318771977,1.743188542,3.613866030,1.927594898,3.613775864,1.927538552,0.000305553,0.999694447,0.000000000,0.000000000,False,0.000000000,False,0.000000000,0.347974431,-0.523471810,0.008446434,0.156511933,True,0.164958366,0.531341032,0.814736796,0.814736796,0.000000000,0.658375129,0.507813274,0.720538882,0.135417930
10.401000000,3.318771977,1.743188542,3.613866030,1.927594898,3.613781327,1.927541966,0.000287040,0.999712960,0.000000000,0.000000000,False,0.000000000,False,0.000000000,0.347974431,0.000000000,0.007317086,0.156585471,True,0.163902556,0.530926721,0.816455847,0.816455847,0.000000000,0.720225873,0.522133101,0.737461675,0.143610476
10.452000000,3.294282378,1.821500238,3.696993084,1.867545171,3.696884629,1.867532770,0.000269313,0.999730687,0.000000000,0.000000000,False,0.000000000,False,0.000000000,0.405334490,1.124707054,0.007899777,0.156664865,True,0.164564641,0.536418935,0.817801676,0.817801676,0.000000000,0.671932056,0.516204734,0.724392430,0.135485180
10.500000000,3.297528675,1.817934212,3.696993084,1.867545171,3.696891769,1.867532588,0.000253629,0.999746371,0.000000000,0.000000000,False,0.000000000,False,0.000000000,0.402533305,-0.058358032,0.008820413,0.156753511,True,0.165573924,0.539958070,0.819113202,0.819113202,0.000000000,0.635079688,0.507628194,0.714681534,0.128486385
10.550000000,3.305879638,1.813232316,3.394128860,2.043878336,3.394107834,2.043823382,0.000238262,0.999761738,0.000000000,0.000000000,False,0.000000000,False,0.000000000,0.246952449,-3.111617120,0.007795569,0.156831858,True,0.164627427,0.539562458,0.820859986,0.820859986,0.000000000,0.733842123,0.532499331,0.738921148,0.142787313
10.600000000,3.249788408,1.913920189,3.394128860,2.043878336,3.394096553,2.043849248,0.000223827,0.999776173,0.000000000,0.000000000,False,0.000000000,False,0.000000000,0.194224834,-1.054552297,0.007009522,0.156902305,True,0.163911827,0.541186335,0.822835273,0.822835273,0.000000000,0.690625909,0.524788846,0.727923871,0.133637244
10.653000000,3.233686126,1.945716425,3.565068632,2.152114798,3.564999214,2.152071562,0.000209479,0.999790521,0.000000000,0.000000000,False,0.000000000,False,0.000000000,0.390403193,3.701478478,0.003846167,0.156940960,True,0.160787126,0.536652669,0.823118725,0.823118725,0.000000000,0.702473791,0.522915755,0.729822894,0.130951853
10.700000000,3.233686126,1.945716425,3.537174116,2.227563265,3.537114169,2.227507593,0.000197527,0.999802473,0.000000000,0.000000000,False,0.000000000,False,0.000000000,0.414177017,0.505826031,0.007042967,0.157011743,True,0.164054710,0.547544261,0.825065961,0.825065961,0.000000000,0.705130177,0.534247251,0.728378417,0.132534775
10.750000000,3.249149867,1.998310459,3.537174116,2.227563265,3.537120670,2.227520725,0.000185559,0.999814441,0.000000000,0.000000000,False,0.000000000,False,0.000000000,0.368123372,-0.921072896,0.009160704,0.157103809,True,0.166264513,0.552075564,0.826152798,0.826152798,0.000000000,0.699840019,0.537431400,0.728064373,0.134248089
10.800000000,3.241867606,2.022882008,3.537174116,2.227563265,3.537122639,2.227527586,0.000174317,0.999825683,0.000000000,0.000000000,False,0.000000000,False,0.000000000,0.359305374,-0.176359954,0.009320763,0.157197484,True,0.166518247,0.551275295,0.826284734,0.826284734,0.000000000,0.684299898,0.532676972,0.722749046,0.130417361
10.850000000,3.204330437,2.038733096,3.446808943,2.206162529,3.446769236,2.206135112,0.000163755,0.999836245,0.000000000,0.000000000,False,0.000000000,False,0.000000000,0.294666661,-1.292774260,0.010809351,0.157306120,True,0.168115471,0.563130851,0.827231148,0.827231148,0.000000000,0.645761737,0.533090244,0.712773159,0.123134805
10.900000000,3.235332410,2.025318923,3.446808943,2.206162529,3.446776411,2.206134710,0.000153834,0.999846166,0.000000000,0.000000000,False,0.000000000,False,0.000000000,0.278256597,-0.328201287,0.015242893,0.157459314,True,0.172702207,0.585082787,0.827575763,0.827575763,0.000000000,0.632469762,0.551593615,0.706962989,0.123606679
10.955000000,3.198000342,2.062102929,3.348375823,2.311739823,3.348354228,2.311703972,0.000143613,0.999856387,0.000000000,0.000000000,False,0.000000000,False,0.000000000,0.291429862,0.239513915,0.015507123,0.157615163,True,0.173122286,0.587519001,0.828983515,0.828983515,0.000000000,0.691336593,0.571167140,0.719287400,0.133933148
11.000000000,3.197730127,2.151216064,3.348375823,2.311739823,3.348355372,2.311718031,0.000135758,0.999864242,0.000000000,0.000000000,False,0.000000000,False,0.000000000,0.220140871,-1.584199801,0.009335981,0.157708991,True,0.167044972,0.579614815,0.828030947,0.828030947,0.000000000,0.695847224,0.564341029,0.719876476,0.127305275
11.050000000,3.146673529,2.147731011,3.349116593,2.427335025,3.349090775,2.427299366,0.000127533,0.999872467,0.000000000,0.000000000,False,0.000000000,False,0.000000000,0.345197913,2.501140829,0.005089610,0.157760143,True,0.162849753,0.574137914,0.829566908,0.829566908,0.000000000,0.667206003,0.550702533,0.715166671,0.115899213
11.100000000,3.158424081,2.169869794,3.349116593,2.427335025,3.349093747,2.427304179,0.000119806,0.999880194,0.000000000,0.000000000,False,0.000000000,False,0.000000000,0.320393475,-0.496088743,0.006423704,0.157824702,True,0.164248406,0.577610695,0.829630017,0.829630017,0.000000000,0.647590240,0.548174822,0.710070034,0.112618601
11.150000000,3.167333962,2.174022173,3.315921832,2.431341647,3.315905109,2.431312687,0.000112547,0.999887453,0.000000000,0.000000000,False,0.000000000,False,0.000000000,0.297139138,-0.465086750,0.007430019,0.157899375,True,0.165329393,0.579603681,0.829261901,0.829261901,0.000000000,0.644783291,0.549461618,0.708179298,0.112573582
11.200000000,3.140755083,2.211134102,3.332658742,2.442788471,3.332638452,2.442763979,0.000105728,0.999894272,0.000000000,0.000000000,False,0.000000000,False,0.000000000,0.300816823,0.073553699,0.007016837,0.157969895,True,0.164986732,0.577651299,0.801366154,0.801366154,0.000000000,0.608639712,0.544552607,0.677388807,0.108858805
11.250000000,3.002424714,2.054995885,3.332658742,2.442788471,3.332625942,2.442749955,0.000099323,0.999900677,0.000000000,0.000000000,False,0.000000000,False,0.000000000,0.509350177,4.170667092,0.009268210,0.158063042,True,0.167331253,0.584654735,0.755642834,0.755642834,0.000000000,0.577867621,0.556971393,0.636194230,0.117182674
11.300000000,3.025173428,2.207593725,3.332658742,2.442788471,3.332630052,2.442766526,0.000093305,0.999906695,0.000000000,0.000000000,False,0.000000000,False,0.000000000,0.387122444,-2.444554670,0.000000000,0.157885186,True,0.140188315,0.572545465,0.713763728,0.713763728,0.000000000,0.573979589,0.555219510,0.635010832,0.115977347
11.366000000,2.994646585,2.209950555,3.021484828,2.552895161,3.021482522,2.552865696,0.000085916,0.999914084,0.000000000,0.000000000,False,0.000000000,False,0.000000000,0.343993159,-0.653474010,0.007064502,0.157956185,True,0.165020687,0.580753155,0.686482382,0.686482382,0.000000000,0.489918990,0.546476953,0.563511168,0.110045026
11.404000000,2.942546534,2.183861504,3.139369159,2.533264879,3.139353033,2.533236252,0.000081931,0.999918069,0.000000000,0.000000000,False,0.000000000,False,0.000000000,0.401026015,1.500864615,0.004480866,0.158001219,True,0.162482084,0.578346608,0.648023665,0.648023665,0.000000000,0.477753586,0.552714120,0.532172469,0.113925099
11.452000000,2.727309348,1.965349941,3.139369159,2.533264879,3.139337365,2.533221059,0.000077159,0.999922841,0.000000000,0.000000000,False,0.000000000,False,0.000000000,0.701655660,6.263117609,0.004942011,0.158050887,True,0.162992897,0.581296214,0.623999414,0.623999414,0.000000000,0.441724062,0.551979152,0.505476800,0.111888670
11.503000000,2.750198915,2.045649239,3.139369159,2.533264879,3.139340986,2.533229579,0.000072394,0.999927606,0.000000000,0.000000000,False,0.000000000,False,0.000000000,0.623876984,-1.525072075,0.006337896,0.158114584,True,0.164452480,0.582010460,0.600713488,0.600713488,0.000000000,0.400768158,0.546587633,0.476724226,0.108033704
11.550000000,2.750198915,2.045649239,3.173896630,2.809228846,3.173867707,2.809176722,0.000068263,0.999931737,0.000000000,0.000000000,False,0.000000000,False,0.000000000,0.873254585,5.305906395,0.007179051,0.158186734,True,0.165365785,0.582620497,0.578425581,0.578425581,0.000000000,0.399533080,0.554476435,0.457559538,0.112859393
11.600000000,2.705964418,2.059824819,3.173896630,2.809228846,3.173866623,2.809180789,0.000064127,0.999935873,0.000000000,0.000000000,False,0.000000000,False,0.000000000,0.883497001,0.204848322,0.014177628,0.158329222,True,0.172506850,0.599751741,0.545110596,0.545110596,0.000000000,0.307078985,0.550493509,0.409854354,0.107071763
11.650000000,2.640062630,1.945513927,3.156711222,2.647834098,3.156680098,2.647791789,0.000060242,0.999939758,0.000000000,0.000000000,False,0.000000000,False,0.000000000,0.871882670,-0.232286617,0.017346207,0.158503554,True,0.175849761,0.606457262,0.524937861,0.524937861,0.000000000,0.304716191,0.565060020,0.391437273,0.114458427
11.700000000,2.642295496,2.031337039,3.156711222,2.647834098,3.156682110,2.647799209,0.000056592,0.999943408,0.000000000,0.000000000,False,0.000000000,False,0.000000000,0.802927246,-1.379108474,0.017987982,0.158684336,True,0.176672318,0.608430447,0.494456770,0.494456770,0.000000000,0.287216809,0.572048256,0.362817885,0.117831710
11.750000000,2.554657763,1.975080872,2.998687806,2.751634329,2.998664200,2.751593044,0.000053164,0.999946836,0.000000000,0.000000000,False,0.000000000,False,0.000000000,0.894537842,1.832211913,0.021343352,0.158898841,True,0.180242192,0.618663796,0.475819066,0.475819066,0.000000000,0.240284069,0.572073559,0.336560448,0.114430263
11.800000000,2.556163918,2.008340341,2.998687806,2.751634329,2.998665705,2.751597207,0.000049943,0.999950057,0.000000000,0.000000000,False,0.000000000,False,0.000000000,0.865051063,-0.589735570,0.020551379,0.159105385,True,0.179656765,0.621226375,0.449095920,0.449095920,0.000000000,0.247442212,0.587586582,0.317301593,0.122093441
11.850000000,2.481314981,1.964980354,3.019541611,2.896212096,3.019516360,2.896168406,0.000046917,0.999953083,0.000000000,0.000000000,False,0.000000000,False,0.000000000,1.075583778,4.210654294,0.016043224,0.159266622,True,0.175309847,0.616610315,0.432239589,0.432239589,0.000000000,0.264085336,0.593238930,0.309202265,0.124881380
11.901000000,2.418886414,1.961586062,3.019541611,2.896212096,3.019515171,2.896170955,0.000044019,0.999955981,0.000000000,0.000000000,False,0.000000000,False,0.000000000,1.110996170,0.694360632,0.009884123,0.159365960,True,0.169250082,0.611888110,0.406910684,0.406910684,0.000000000,0.179184690,0.567933034,0.274298843,0.105165062
11.950000000,2.418886414,1.961586062,2.915640243,2.830384911,2.915619675,2.830348940,0.000041404,0.999958596,0.000000000,0.000000000,False,0.000000000,False,0.000000000,1.000787594,-2.249154628,0.010992211,0.159476433,True,0.170468644,0.614636254,0.384646889,0.384646889,0.000000000,0.153755640,0.569620010,0.251577698,0.106546463
12.000000000,2.397020316,1.949288392,2.915640243,2.830384911,2.915620071,2.830350641,0.000038895,0.999961105,0.000000000,0.000000000,False,0.000000000,False,0.000000000,1.022398017,0.432208476,0.010801532,0.159584990,True,0.170386523,0.616718189,0.369202561,0.369202561,0.000000000,0.161145078,0.580563010,0.240460120,0.111610712
12.050000000,2.395078765,1.986268764,2.897712144,2.821870860,2.897693779,2.821840328,0.000036539,0.999963461,0.000000000,0.000000000,False,0.000000000,False,0.000000000,0.975126236,-0.945435622,0.011612254,0.159701695,True,0.171313950,0.619787675,0.348533081,0.348533081,0.000000000,0.160932265,0.590713717,0.223421232,0.117027751
12.101000000,2.339744142,1.958971008,2.897712144,2.821870860,2.897693016,2.821841278,0.000034282,0.999965718,0.000000000,0.000000000,False,0.000000000,False,0.000000000,1.027581844,1.028541327,0.010003190,0.159802229,True,0.169805419,0.620522619,0.334777100,0.334777100,0.000000000,0.118822797,0.581731948,0.205493175,0.110088815
12.152000000,2.338465518,1.975171635,2.890686881,2.895848033,2.890669119,2.895818419,0.000032165,0.999967835,0.000000000,0.000000000,False,0.000000000,False,0.000000000,1.073589057,0.902102223,0.009062878,0.159893313,True,0.168956190,0.627621378,0.335857895,0.335857895,0.000000000,0.063797053,0.565589509,0.197016997,0.096277720
12.200000000,2.404402342,2.038307868,2.905264441,2.846995737,2.905249269,2.846971241,0.000030292,0.999969708,0.000000000,0.000000000,False,0.000000000,False,0.000000000,0.951230210,-2.549142656,0.008210781,0.159975832,True,0.168186613,0.633018116,0.341399334,0.341399334,0.000000000,0.159514012,0.606324718,0.219902645,0.116298286
12.250000000,2.386119991,2.092831666,2.905264441,2.846995737,2.905249668,2.846974276,0.000028456,0.999971544,0.000000000,0.000000000,False,0.000000000,False,0.000000000,0.915573266,-0.713138875,0.004498328,0.160021041,True,0.164519369,0.629232554,0.347563004,0.347563004,0.000000000,0.186872082,0.608368338,0.231627785,0.116728950
12.300000000,2.404823723,2.139890675,2.905264441,2.846995737,2.905251063,2.846976835,0.000026732,0.999973268,0.000000000,0.000000000,False,0.000000000,False,0.000000000,0.866278524,-0.985894849,0.003145430,0.160052653,True,0.163198083,0.628371499,0.353704289,0.353704289,0.000000000,0.217518577,0.613436381,0.243198270,0.120091774
12.350000000,2.419584638,2.175093998,2.915638008,2.924113705,2.915625551,2.924094895,0.000025113,0.999974887,0.000000000,0.000000000,False,0.000000000,False,0.000000000,0.898387147,0.642172475,0.000289792,0.160055566,True,0.160345358,0.626986162,0.361786117,0.361786117,0.000000000,0.243193092,0.615668208,0.254369804,0.119047762
12.400000000,2.406831617,2.193007919,2.915638008,2.924113705,2.915626005,2.924096457,0.000023591,0.999976409,0.000000000,0.000000000,False,0.000000000,False,0.000000000,0.890729821,-0.153146532,0.000082967,0.160056400,True,0.160139367,0.627904016,0.366838490,0.366838490,0.000000000,0.265765558,0.619715835,0.263466297,0.122306199
12.450000000,2.399141464,2.206683123,3.063624560,2.955327355,3.063609834,2.955310764,0.000022162,0.999977838,0.000000000,0.000000000,False,0.000000000,False,0.000000000,1.001002483,2.205453253,0.000000000,0.160031830,True,0.157587088,0.625403175,0.371602708,0.371602708,0.000000000,0.307098142,0.622067756,0.276902811,0.125958802
12.500000000,2.389458377,2.237458431,2.983404944,2.977227110,2.983392578,2.977211709,0.000020819,0.999979181,0.000000000,0.000000000,False,0.000000000,False,0.000000000,0.948699227,-1.046065133,0.000000000,0.160016851,True,0.158526496,0.627185412,0.377966684,0.377966684,0.000000000,0.383015452,0.627165091,0.296953098,0.136262425
12.550000000,2.375822805,2.271696726,2.983404944,2.977227110,2.983393061,2.977213311,0.000019558,0.999980442,0.000000000,0.000000000,False,0.000000000,False,0.000000000,0.931090317,-0.352178191,0.000000000,0.159983850,True,0.156700184,0.627286924,0.381670777,0.381670777,0.000000000,0.383624252,0.627283882,0.299777376,0.133597973
12.600000000,2.354046627,2.264516599,2.983404944,2.977227110,2.983393381,2.977214016,0.000018373,0.999981627,0.000000000,0.000000000,False,0.000000000,False,0.000000000,0.950814473,0.394483127,0.000000000,0.159923575,True,0.153926157,0.624903867,0.386424458,0.386424458,0.000000000,0.377843179,0.624844944,0.303223887,0.129502613
12.650000000,2.365830835,2.298171495,2.869065446,3.024521987,2.869056760,3.024509451,0.000017260,0.999982740,0.000000000,0.000000000,False,0.000000000,False,0.000000000,0.883645920,-1.343371075,0.000000000,0.159847931,True,0.152321315,0.623452134,0.389149669,0.389149669,0.000000000,0.447691014,0.620697570,0.321242755,0.136346741
12.700000000,2.334980971,2.311954443,2.774430744,3.039111390,2.774423619,3.039099600,0.000016214,0.999983786,0.000000000,0.000000000,False,0.000000000,False,0.000000000,0.849631290,-0.680292603,0.000000000,0.159749517,True,0.149957279,0.621936742,0.388759924,0.388759924,0.000000000,0.456850681,0.618198156,0.324487667,0.135485285
12.750000000,2.312629233,2.305478555,2.774430744,3.039111390,2.774423710,3.039100216,0.000015232,0.999984768,0.000000000,0.000000000,False,0.000000000,False,0.000000000,0.866878176,0.344937728,0.000000000,0.159647095,True,0.149456015,0.620048308,0.395733436,0.395733436,0.000000000,0.428996601,0.619155445,0.323280842,0.130720014
12.802000000,2.321302011,2.321965576,2.774430744,3.039111390,2.774424276,3.039101154,0.000014273,0.999985727,0.000000000,0.000000000,False,0.000000000,False,0.000000000,0.848306412,-0.357149316,0.000000000,0.159532966,True,0.148177042,0.621274951,0.399157186,0.399157186,0.000000000,0.481001684,0.615860409,0.339230253,0.135518259
12.853000000,2.314034681,2.362620389,2.812377028,2.931028407,2.812370354,2.931020795,0.000013392,0.999986608,0.000000000,0.000000000,False,0.000000000,False,0.000000000,0.755931722,-1.811268415,0.000000000,0.159406092,True,0.146781973,0.619779037,0.401183377,0.401183377,0.000000000,0.478939686,0.614882111,0.341604950,0.134146780
12.900000000,2.298486436,2.364216652,2.812377028,2.931028407,2.812370539,2.931021249,0.000012627,0.999987373,0.000000000,0.000000000,False,0.000000000,False,0.000000000,0.765087646,0.194806880,0.000000000,0.159251306,True,0.143849983,0.617968322,0.403644712,0.403644712,0.000000000,0.505853001,0.609457392,0.352675059,0.134517330
12.950000000,2.297272065,2.393033894,2.767268067,2.968647124,2.767262492,2.968640295,0.000011862,0.999988138,0.000000000,0.000000000,False,0.000000000,False,0.000000000,0.743119661,-0.439359685,0.000000000,0.159077790,True,0.141812818,0.615417232,0.406319998,0.406319998,0.000000000,0.509077764,0.606777728,0.355288243,0.132312643
13.000000000,2.277948226,2.389986242,2.767268067,2.968647124,2.767262614,2.968640675,0.000011144,0.999988856,0.000000000,0.000000000,False,0.000000000,False,0.000000000,0.757814174,0.293890253,0.000000000,0.158913529,True,0.142569400,0.614940158,0.407267270,0.407267270,0.000000000,0.550646116,0.597991559,0.363827084,0.135790221
13.050000000,2.248771527,2.399032696,2.804844597,2.999390114,2.804838776,2.999383829,0.000010469,0.999989531,0.000000000,0.000000000,False,0.000000000,False,0.000000000,0.818319185,1.210100220,0.000000000,0.158729607,True,0.140429265,0.614364689,0.408522127,0.408522127,0.000000000,0.577132862,0.590774400,0.370136627,0.135081205
13.100000000,2.233376465,2.420796913,2.813147011,3.137041134,2.813141309,3.137034090,0.000009834,0.999990166,0.000000000,0.000000000,False,0.000000000,False,0.000000000,0.921487747,2.063371245,0.000000000,0.158545629,True,0.140239662,0.613200201,0.410223877,0.410223877,0.000000000,0.524742284,0.602411837,0.358551060,0.130372861
13.150000000,2.232591664,2.409009076,2.813147011,3.137041134,2.813141647,3.137034408,0.000009238,0.999990762,0.000000000,0.000000000,False,0.000000000,False,0.000000000,0.931168721,0.193619471,0.000000000,0.158343495,True,0.138230953,0.611170438,0.410891929,0.410891929,0.000000000,0.528504054,0.599747190,0.360060501,0.128545565
13.202000000,2.234491738,2.435709776,2.515454107,3.077453053,2.515451675,3.077447497,0.000008657,0.999991343,0.000000000,0.000000000,False,0.000000000,False,0.000000000,0.700552843,-4.434920730,0.000000000,0.158130069,True,0.136894022,0.606562682,0.412804737,0.412804737,0.000000000,0.537813426,0.593541165,0.360748705,0.126610200
13.250000000,2.203261910,2.429661878,2.515454107,3.077453053,2.515451562,3.077447771,0.000008153,0.999991847,0.000000000,0.000000000,False,0.000000000,False,0.000000000,0.719094830,0.386291400,0.000000000,0.157919166,True,0.136934118,0.610585061,0.413011388,0.413011388,0.000000000,0.583603056,0.586270073,0.370438665,0.130148054
13.301000000,2.196869461,2.456249154,2.403595457,3.086453293,2.403593876,3.086448473,0.000007649,0.999992351,0.000000000,0.000000000,False,0.000000000,False,0.000000000,0.663244220,-1.095110008,0.000000000,0.157712212,True,0.137120077,0.609572250,0.414002397,0.414002397,0.000000000,0.523855827,0.599591988,0.356871272,0.124651314
13.350000000,2.183885813,2.443288771,2.403595457,3.086453293,2.403593877,3.086448666,0.000007195,0.999992805,0.000000000,0.000000000,False,0.000000000,False,0.000000000,0.679656479,0.334944073,0.000000000,0.157494611,True,0.135843153,0.609873281,0.414860768,0.414860768,0.000000000,0.513382206,0.601862896,0.353985292,0.121439443
13.400000000,2.178091875,2.448730869,2.403595457,3.086453293,2.403593933,3.086448983,0.000006759,0.999993241,0.000000000,0.000000000,False,0.000000000,False,0.000000000,0.676418329,-0.064763002,0.000000000,0.157281088,True,0.136035428,0.613351685,0.415566505,0.415566505,0.000000000,0.510622617,0.605941107,0.354780817,0.121699375
13.453000000,2.145851913,2.463869597,2.489310195,3.206188560,2.489308022,3.206183865,0.000006326,0.999993674,0.000000000,0.000000000,False,0.000000000,False,0.000000000,0.817924834,2.669934059,0.000000000,0.157075101,True,0.136579208,0.613510368,0.416025170,0.416025170,0.000000000,0.521028787,0.604457784,0.354223763,0.121796824
13.500000000,2.145851913,2.463869597,2.502596502,3.140179223,2.502594374,3.140175189,0.000005965,0.999994035,0.000000000,0.000000000,False,0.000000000,False,0.000000000,0.764631553,-1.133899604,0.000000000,0.156866883,True,0.136148992,0.610447061,0.417441898,0.417441898,0.000000000,0.553203001,0.595159254,0.358662462,0.122806864
13.550000000,2.123659380,2.475904602,2.502596502,3.140179223,2.502594378,3.140175501,0.000005603,0.999994397,0.000000000,0.000000000,False,0.000000000,False,0.000000000,0.764757553,0.002519996,0.000000000,0.156641331,True,0.134198711,0.609801727,0.417882285,0.417882285,0.000000000,0.590784781,0.584775917,0.368488091,0.124777833
13.600000000,2.119631283,2.504768237,2.502596502,3.140179223,2.502594486,3.140175879,0.000005264,0.999994736,0.000000000,0.000000000,False,0.000000000,False,0.000000000,0.741895869,-0.457233677,0.000000000,0.156411454,True,0.133538477,0.607634556,0.418031078,0.418031078,0.000000000,0.597864865,0.580413268,0.369741071,0.124501406
13.650000000,2.095159241,2.506824428,2.441421908,3.082678468,2.441420196,3.082675621,0.000004945,0.999995055,0.000000000,0.000000000,False,0.000000000,False,0.000000000,0.671941747,-1.399082448,0.000000000,0.156201616,True,0.135322641,0.612333462,0.418766189,0.418766189,0.000000000,0.507563235,0.605860837,0.350796405,0.117014211
13.700000000,2.119855397,2.499526907,2.544558190,3.175443031,2.544556217,3.175439891,0.000004645,0.999995355,0.000000000,0.000000000,False,0.000000000,False,0.000000000,0.798270048,2.526566028,0.000000000,0.155971771,True,0.133101971,0.612958600,0.419048156,0.419048156,0.000000000,0.562118669,0.596027746,0.361028920,0.119791081
13.750000000,2.082018827,2.513324666,2.544558190,3.175443031,2.544556172,3.175440142,0.000004364,0.999995636,0.000000000,0.000000000,False,0.000000000,False,0.000000000,0.807677777,0.188154580,0.000000000,0.155752958,True,0.133980833,0.615237166,0.419145331,0.419145331,0.000000000,0.559603318,0.598989419,0.361145750,0.120776291
13.800000000,2.078145860,2.528137125,2.544558190,3.175443031,2.544556278,3.175440377,0.000004100,0.999995900,0.000000000,0.000000000,False,0.000000000,False,0.000000000,0.797837952,-0.196796498,0.000000000,0.155534295,True,0.133777136,0.620540758,0.419633764,0.419633764,0.000000000,0.569097715,0.602271832,0.363134211,0.121260557
13.852000000,2.079799320,2.547184482,2.403094809,2.980668446,2.403093567,2.980666781,0.000003842,0.999996158,0.000000000,0.000000000,False,0.000000000,False,0.000000000,0.540766419,-4.943683318,0.000000000,0.155301972,True,0.132185693,0.618076336,0.419988930,0.419988930,0.000000000,0.521522227,0.609679709,0.354394284,0.114762362
13.901000000,2.062603897,2.538045989,2.284730113,3.056497153,2.284729311,3.056495279,0.000003613,0.999996387,0.000000000,0.000000000,False,0.000000000,False,0.000000000,0.564031618,0.474799963,0.000000000,0.155063891,True,0.131374631,0.618174044,0.419838693,0.419838693,0.000000000,0.542595642,0.605862922,0.359261387,0.116574799
13.951000000,2.034368391,2.560883379,2.284730113,3.056497153,2.284729263,3.056495470,0.000003394,0.999996606,0.000000000,0.000000000,False,0.000000000,False,0.000000000,0.555260303,-0.175426285,0.000000000,0.154804495,True,0.128994410,0.616575154,0.419915922,0.419915922,0.000000000,0.543765152,0.604008517,0.361366579,0.114941429
14.001000000,2.034368391,2.560883379,2.343578885,3.173216497,2.343577899,3.173214545,0.000003189,0.999996811,0.000000000,0.000000000,False,0.000000000,False,0.000000000,0.685975931,2.614312547,0.000000000,0.154523390,True,0.126553213,0.619354861,0.420092200,0.420092200,0.000000000,0.545689379,0.606486432,0.362505232,0.112691866
14.050000000,2.038933848,2.572165532,2.343578885,3.173216497,2.343577972,3.173214695,0.000002999,0.999997001,0.000000000,0.000000000,False,0.000000000,False,0.000000000,0.673847803,-0.247512813,0.000000000,0.154239165,True,0.125958499,0.617689756,0.420684605,0.420684605,0.000000000,0.525949603,0.608654183,0.359428162,0.110059945
14.100000000,2.016901327,2.572039106,2.357387505,3.172710777,2.357386546,3.172709085,0.000002818,0.999997182,0.000000000,0.000000000,False,0.000000000,False,0.000000000,0.690461654,0.332277013,0.000000000,0.153938197,True,0.123991594,0.615063829,0.421704244,0.421704244,0.000000000,0.559788380,0.599363233,0.366453429,0.111001183
14.150000000,2.010364421,2.590765667,2.357387505,3.172710777,2.357386587,3.172709237,0.000002647,0.999997353,0.000000000,0.000000000,False,0.000000000,False,0.000000000,0.677558214,-0.258068798,0.000000000,0.153653122,True,0.125287942,0.625802882,0.420594300,0.420594300,0.000000000,0.530642451,0.616050852,0.360884165,0.110144307
14.201000000,2.004016189,2.582669933,2.357387505,3.172710777,2.357386628,3.172709312,0.000002483,0.999997517,0.000000000,0.000000000,False,0.000000000,False,0.000000000,0.687764121,0.200115821,0.000000000,0.153365046,True,0.124701218,0.622855270,0.421440831,0.421440831,0.000000000,0.519885353,0.615026312,0.358804832,0.107829150
14.251000000,1.989705148,2.595072885,2.203714560,3.117024290,2.203714061,3.117023072,0.000002333,0.999997667,0.000000000,0.000000000,False,0.000000000,False,0.000000000,0.564121704,-2.472848335,0.000000000,0.153065417,True,0.123252097,0.630515056,0.421550235,0.421550235,0.000000000,0.540115848,0.619266850,0.362707598,0.108298770
14.301000000,1.981137090,2.612003343,2.203714560,3.117024290,2.203714072,3.117023183,0.000002192,0.999997808,0.000000000,0.000000000,False,0.000000000,False,0.000000000,0.551893909,-0.244555899,0.000000000,0.152736882,True,0.120047422,0.627205417,0.421375127,0.421375127,0.000000000,0.523878088,0.618772800,0.360218726,0.103301879
14.350000000,1.953574547,2.621717983,2.239990476,3.309831980,2.239989885,3.309830562,0.000002061,0.999997939,0.000000000,0.000000000,False,0.000000000,False,0.000000000,0.745342175,3.947923788,0.000000000,0.152442332,True,0.123134333,0.634259990,0.422233972,0.422233972,0.000000000,0.525530507,0.625791947,0.356611036,0.104190662
14.400000000,1.952075817,2.615202679,2.239990476,3.309831980,2.239989918,3.309830635,0.000001936,0.999998064,0.000000000,0.000000000,False,0.000000000,False,0.000000000,0.751933984,0.131836184,0.000000000,0.152162412,True,0.124310106,0.638115989,0.421619711,0.421619711,0.000000000,0.556276165,0.623746467,0.359955557,0.107937642
14.450000000,1.931411846,2.625814650,2.211740739,3.290710356,2.211740229,3.290709147,0.000001819,0.999998181,0.000000000,0.000000000,False,0.000000000,False,0.000000000,0.721575075,-0.607178172,0.000000000,0.151876143,True,0.123392225,0.637144246,0.421701133,0.421701133,0.000000000,0.577027698,0.617921069,0.361692409,0.107817412
14.500000000,1.916022523,2.637221868,2.211740739,3.290710356,2.211740234,3.290709240,0.000001709,0.999998291,0.000000000,0.000000000,False,0.000000000,False,0.000000000,0.717284092,-0.085819671,0.000000000,0.151636682,True,0.127810039,0.649580750,0.421695559,0.421695559,0.000000000,0.566984654,0.633124182,0.357751655,0.110664281
14.550000000,1.928250947,2.642347546,2.121283553,3.354384687,2.121283243,3.354383544,0.000001605,0.999998395,0.000000000,0.000000000,False,0.000000000,False,0.000000000,0.737738759,0.409093358,0.000000000,0.151378624,True,0.125701700,0.646860832,0.421700032,0.421700032,0.000000000,0.517974101,0.639656345,0.350205096,0.103389514
14.601000000,1.907156399,2.644259912,2.093512714,3.293852630,2.093512433,3.293851651,0.000001506,0.999998494,0.000000000,0.000000000,False,0.000000000,False,0.000000000,0.675795365,-1.214576368,0.000000000,0.151139524,True,0.127348828,0.653586304,0.421913950,0.421913950,0.000000000,0.504542594,0.648342166,0.347276791,0.103184391
14.650000000,1.887118900,2.647326427,2.093512714,3.293852630,2.093512421,3.293851714,0.000001417,0.999998583,0.000000000,0.000000000,False,0.000000000,False,0.000000000,0.678671155,0.058689603,0.000000000,0.150881214,True,0.125179154,0.650812588,0.422110075,0.422110075,0.000000000,0.540637949,0.639928252,0.353922216,0.104977314
14.702000000,1.869396433,2.663383504,2.093512714,3.293852630,2.093512416,3.293851793,0.000001328,0.999998672,0.000000000,0.000000000,False,0.000000000,False,0.000000000,0.669118395,-0.183706937,0.000000000,0.150620005,True,0.124629483,0.648372489,0.421884236,0.421884236,0.000000000,0.545415710,0.636495765,0.354213375,0.104657359
14.752000000,1.844673051,2.660293766,2.085166646,3.253322643,2.085166346,3.253321904,0.000001247,0.999998753,0.000000000,0.000000000,False,0.000000000,False,0.000000000,0.639937824,-0.583611410,0.000000000,0.150360230,True,0.124512453,0.645457416,0.422117149,0.422117149,0.000000000,0.540682108,0.634474292,0.352537647,0.103257173
14.802000000,1.837828563,2.664929424,2.087739227,3.237411073,2.087738934,3.237410402,0.000001172,0.999998828,0.000000000,0.000000000,False,0.000000000,False,0.000000000,0.624652366,-0.305709157,0.000000000,0.150083890,True,0.122587823,0.643138520,0.421788709,0.421788709,0.000000000,0.574950535,0.624634782,0.358545252,0.105014473
14.850000000,1.827197060,2.681808726,2.087739227,3.237411073,2.087738939,3.237410460,0.000001103,0.999998897,0.000000000,0.000000000,False,0.000000000,False,0.000000000,0.613658039,-0.229048479,0.000000000,0.149789979,True,0.120545583,0.644631773,0.421389880,0.421389880,0.000000000,0.505344012,0.639141476,0.348918923,0.096328594
14.900000000,1.836231669,2.681343052,2.071286788,3.322877346,2.071286545,3.322876681,0.000001037,0.999998963,0.000000000,0.000000000,False,0.000000000,False,0.000000000,0.683240192,1.391643049,0.000000000,0.149506721,True,0.121322295,0.648821185,0.421925304,0.421925304,0.000000000,0.497590496,0.644394063,0.346972587,0.095400155
14.950000000,1.836837357,2.688985123,2.071286788,3.322877346,2.071286560,3.322876728,0.000000974,0.999999026,0.000000000,0.000000000,False,0.000000000,False,0.000000000,0.675859368,-0.147616465,0.000000000,0.149220263,True,0.120717503,0.644306181,0.421910311,0.421910311,0.000000000,0.518235399,0.637065093,0.348144715,0.095558110
15.000000000,1.799165104,2.694932171,2.071286788,3.322877346,2.071286540,3.322876771,0.000000915,0.999999085,0.000000000,0.000000000,False,0.000000000,False,0.000000000,0.684372233,0.170257296,0.000000000,0.148912421,True,0.118281811,0.640571351,0.418854520,0.418854520,0.000000000,0.485358706,0.637109762,0.341280044,0.089290467
15.050000000,1.786087738,2.681487179,1.954340915,3.358173333,1.954340770,3.358172752,0.000000859,0.999999141,0.000000000,0.000000000,False,0.000000000,False,0.000000000,0.697289957,0.258354470,0.000000000,0.148598726,True,0.117385885,0.641369875,0.410850423,0.410850423,0.000000000,0.537510720,0.628738806,0.343170303,0.095910622
15.100000000,1.725468755,2.662669394,1.954340915,3.358173333,1.954340730,3.358172772,0.000000807,0.999999193,0.000000000,0.000000000,False,0.000000000,False,0.000000000,0.732194096,0.698082794,0.000000000,0.148275423,True,0.116106470,0.635347293,0.399101791,0.399101791,0.000000000,0.520185749,0.623702539,0.327904917,0.091715415
15.151000000,1.674388839,2.619152836,1.769031064,3.226204116,1.769030993,3.226203656,0.000000757,0.999999243,0.000000000,0.000000000,False,0.000000000,False,0.000000000,0.614384576,-2.309990600,0.000000000,0.147994675,True,0.120059992,0.645420357,0.392047100,0.392047100,0.000000000,0.460487597,0.641781377,0.308753101,0.086466822
15.201000000,1.711474513,2.642094468,1.769031064,3.226204116,1.769031023,3.226203700,0.000000712,0.999999288,0.000000000,0.000000000,False,0.000000000,False,0.000000000,0.586938529,-0.548920927,0.000000000,0.147694171,True,0.117793739,0.644313704,0.380379979,0.380379979,0.000000000,0.502605256,0.632614520,0.305499486,0.090930064
15.250000000,1.646317302,2.620082910,1.834197122,3.245900393,1.834196997,3.245899974,0.000000669,0.999999331,0.000000000,0.000000000,False,0.000000000,False,0.000000000,0.653411317,1.356587492,0.000000000,0.147385493,True,0.116671794,0.645223797,0.373418065,0.373418065,0.000000000,0.417317123,0.643728686,0.288954338,0.080487181
15.300000000,1.677466914,2.633221169,1.834197122,3.245900393,1.834197024,3.245900008,0.000000629,0.999999371,0.000000000,0.000000000,False,0.000000000,False,0.000000000,0.632408246,-0.420061403,0.000000000,0.147095470,True,0.118237961,0.653080174,0.362488645,0.362488645,0.000000000,0.457617425,0.646114718,0.283973918,0.088406182
15.350000000,1.629767262,2.619743684,1.828404169,3.343602020,1.828404052,3.343601592,0.000000591,0.999999409,0.000000000,0.000000000,False,0.000000000,False,0.000000000,0.750618086,2.364196783,0.000000000,0.146793436,True,0.116740773,0.653197210,0.354845085,0.354845085,0.000000000,0.469702259,0.643019771,0.279730195,0.089365325
15.400000000,1.608344086,2.629585636,1.828404169,3.343602020,1.828404047,3.343601624,0.000000555,0.999999445,0.000000000,0.000000000,False,0.000000000,False,0.000000000,0.747158509,-0.069191539,0.000000000,0.146492907,True,0.116590024,0.652234646,0.345205607,0.345205607,0.000000000,0.433596065,0.646217580,0.266892113,0.086372625
15.450000000,1.620507821,2.664203267,1.833481704,3.431551405,1.833481593,3.431551005,0.000000521,0.999999479,0.000000000,0.000000000,False,0.000000000,False,0.000000000,0.796354845,0.983926731,0.000000000,0.146191578,True,0.116209124,0.651494562,0.338782990,0.338782990,0.000000000,0.441090886,0.643411422,0.261740205,0.086999827
15.501000000,1.578692805,2.621128752,1.833481704,3.431551405,1.833481579,3.431551009,0.000000489,0.999999511,0.000000000,0.000000000,False,0.000000000,False,0.000000000,0.849530611,1.042662077,0.000000000,0.145878866,True,0.114763787,0.647630153,0.329800116,0.329800116,0.000000000,0.361662724,0.646845877,0.242789489,0.074832331
15.550000000,1.607313172,2.646129874,1.637419507,3.454976047,1.637419493,3.454975675,0.000000460,0.999999540,0.000000000,0.000000000,False,0.000000000,False,0.000000000,0.809406278,-0.818863948,0.000000000,0.145583659,True,0.116210251,0.654110294,0.319691302,0.319691302,0.000000000,0.357040633,0.653043110,0.231293425,0.075436315
15.601000000,1.543631496,2.580342979,1.631947642,3.346784525,1.631947604,3.346784194,0.000000432,0.999999568,0.000000000,0.000000000,False,0.000000000,False,0.000000000,0.771513049,-0.743004489,0.000000000,0.145287137,True,0.115782981,0.654795576,0.313514638,0.313514638,0.000000000,0.482180930,0.632699714,0.241112776,0.090353024
15.650000000,1.523760415,2.597107699,1.631947642,3.346784525,1.631947598,3.346784221,0.000000406,0.999999594,0.000000000,0.000000000,False,0.000000000,False,0.000000000,0.757442949,-0.287144902,0.000000000,0.145015341,True,0.117971464,0.659917240,0.307431929,0.307431929,0.000000000,0.350990821,0.658478084,0.217626892,0.076500469
15.700000000,1.521338511,2.593080373,1.631947642,3.346784525,1.631947599,3.346784238,0.000000381,0.999999619,0.000000000,0.000000000,False,0.000000000,False,0.000000000,0.761777086,0.086682744,0.000000000,0.144730547,True,0.116393274,0.660474934,0.299103592,0.299103592,0.000000000,0.400315801,0.652673906,0.216342888,0.081841676
15.750000000,1.481023114,2.589167667,1.631373562,3.344262588,1.631373509,3.344262318,0.000000358,0.999999642,0.000000000,0.000000000,False,0.000000000,False,0.000000000,0.769917917,0.162816617,0.000000000,0.144411199,True,0.112635813,0.656376864,0.293479822,0.293479822,0.000000000,0.419980696,0.644071516,0.216693826,0.082405930
15.800000000,1.446688270,2.566260949,1.653014284,3.398585195,1.653014214,3.398584915,0.000000337,0.999999663,0.000000000,0.000000000,False,0.000000000,False,0.000000000,0.857516224,1.751966155,0.000000000,0.144095864,True,0.112719770,0.656599591,0.284338362,0.284338362,0.000000000,0.381700940,0.649340859,0.203811052,0.078873942
15.850000000,1.446688270,2.566260949,1.653014284,3.398585195,1.653014219,3.398584932,0.000000316,0.999999684,0.000000000,0.000000000,False,0.000000000,False,0.000000000,0.857516224,0.000000000,0.000000000,0.143760337,True,0.110375078,0.650974573,0.279493750,0.279493750,0.000000000,0.362974842,0.645599568,0.196899701,0.073218037
15.909000000,1.450863807,2.587478437,1.653014284,3.398585195,1.653014224,3.398584957,0.000000294,0.999999706,0.000000000,0.000000000,False,0.000000000,False,0.000000000,0.835918051,-0.366070728,0.000000000,0.143410289,True,0.108580228,0.648594114,0.271920375,0.271920375,0.000000000,0.341341952,0.644868180,0.189507948,0.070695529
15.951000000,1.458547411,2.611288543,1.633183140,3.481000502,1.633183092,3.481000260,0.000000279,0.999999721,0.000000000,0.000000000,False,0.000000000,False,0.000000000,0.887071885,1.217948414,0.000000000,0.143041281,True,0.106324695,0.646535503,0.263529928,0.263529928,0.000000000,0.346980198,0.641127296,0.184722812,0.071374920
16.001000000,1.421713305,2.575330833,1.633183140,3.481000502,1.633183085,3.481000265,0.000000262,0.999999738,0.000000000,0.000000000,False,0.000000000,False,0.000000000,0.930030666,0.859175635,0.000000000,0.142643780,True,0.103092088,0.650261609,0.258634970,0.258634970,0.000000000,0.304778806,0.648622314,0.180355967,0.067084843
16.050000000,1.440646406,2.599967291,1.514078046,3.528451554,1.514078028,3.528451325,0.000000246,0.999999754,0.000000000,0.000000000,False,0.000000000,False,0.000000000,0.931383505,0.027608941,0.000000000,0.142300906,True,0.108184683,0.652828762,0.251670210,0.251670210,0.000000000,0.288463043,0.651791132,0.167120292,0.067492495
16.102000000,1.385443713,2.542314341,1.526787638,3.407393272,1.526787606,3.407393073,0.000000231,0.999999769,0.000000000,0.000000000,False,0.000000000,False,0.000000000,0.876549863,-1.054493099,0.000000000,0.141967142,True,0.108757292,0.658682514,0.246375458,0.246375458,0.000000000,0.337079419,0.652407423,0.168991976,0.076419535
16.150000000,1.381052466,2.569774037,1.526787638,3.407393272,1.526787607,3.407393090,0.000000217,0.999999783,0.000000000,0.000000000,False,0.000000000,False,0.000000000,0.850202754,-0.548898111,0.000000000,0.141629913,True,0.108075383,0.657938336,0.239824616,0.239824616,0.000000000,0.289029754,0.656095808,0.158441398,0.071113011
16.201000000,1.358614212,2.543860388,1.526787638,3.407393272,1.526787604,3.407393096,0.000000204,0.999999796,0.000000000,0.000000000,False,0.000000000,False,0.000000000,0.879756412,0.579483485,0.000000000,0.141274919,True,0.105952678,0.654145406,0.239779972,0.239779972,0.000000000,0.332777247,0.647501135,0.163841459,0.073887160
16.251000000,1.377857683,2.594595436,1.528771705,3.516907788,1.528771676,3.516907611,0.000000191,0.999999809,0.000000000,0.000000000,False,0.000000000,False,0.000000000,0.934577507,1.096421906,0.000000000,0.140919631,True,0.105568181,0.649597038,0.228942808,0.228942808,0.000000000,0.344902435,0.639163263,0.153713112,0.074061688
16.300000000,1.342643513,2.562834644,1.528771705,3.516907788,1.528771672,3.516907616,0.000000180,0.999999820,0.000000000,0.000000000,False,0.000000000,False,0.000000000,0.972059292,0.764934395,0.000000000,0.140580748,True,0.106861600,0.650010539,0.224188001,0.224188001,0.000000000,0.346354888,0.638426936,0.146927743,0.073825836
16.350000000,1.326227144,2.551085062,1.611903407,3.383468352,1.611903358,3.383468212,0.000000169,0.999999831,0.000000000,0.000000000,False,0.000000000,False,0.000000000,0.880041403,-1.840357799,0.000000000,0.140231896,True,0.105520874,0.650762249,0.218116185,0.218116185,0.000000000,0.332220749,0.640680617,0.139721142,0.070631948
16.400000000,1.314877921,2.543020469,1.494799865,3.476815288,1.494799837,3.476815140,0.000000159,0.999999841,0.000000000,0.000000000,False,0.000000000,False,0.000000000,0.950970383,1.418579611,0.000000000,0.139883900,True,0.105257988,0.654109678,0.214025427,0.214025427,0.000000000,0.281461348,0.650624213,0.131123608,0.064857787
16.450000000,1.322999947,2.567972358,1.494799865,3.476815288,1.494799840,3.476815152,0.000000149,0.999999851,0.000000000,0.000000000,False,0.000000000,False,0.000000000,0.924938206,-0.520643548,0.000000000,0.139531618,True,0.104479255,0.654962355,0.207575047,0.207575047,0.000000000,0.307442413,0.647303789,0.130196767,0.070203394
16.500000000,1.290387963,2.538549323,1.494799865,3.476815288,1.494799837,3.476815157,0.000000140,0.999999860,0.000000000,0.000000000,False,0.000000000,False,0.000000000,0.960274569,0.706727265,0.000000000,0.139160775,True,0.102261622,0.655011603,0.203698789,0.203698789,0.000000000,0.351627044,0.638088890,0.132918781,0.073808061
16.550000000,1.292391287,2.557036637,1.466023449,3.454864251,1.466023426,3.454864132,0.000000132,0.999999868,0.000000000,0.000000000,False,0.000000000,False,0.000000000,0.914462985,-0.916231675,0.000000000,0.138808506,True,0.103757474,0.664331641,0.199799658,0.199799658,0.000000000,0.326665845,0.652105436,0.126911615,0.073844070
16.601000000,1.281048619,2.553692107,1.466023449,3.454864251,1.466023426,3.454864139,0.000000124,0.999999876,0.000000000,0.000000000,False,0.000000000,False,0.000000000,0.919960282,0.107790134,0.000000000,0.138478350,True,0.105627518,0.673776495,0.194116905,0.194116905,0.000000000,0.307406638,0.664183861,0.120142088,0.075398270
16.650000000,1.292716323,2.569360857,1.308813543,3.405339332,1.308813541,3.405339234,0.000000116,0.999999884,0.000000000,0.000000000,False,0.000000000,False,0.000000000,0.836133441,-1.710751862,0.000000000,0.138181321,True,0.108626713,0.679296535,0.188382672,0.188382672,0.000000000,0.217652688,0.678665638,0.103349484,0.067595264
16.700000000,1.252941807,2.518582105,1.342473394,3.544094513,1.342473384,3.544094401,0.000000109,0.999999891,0.000000000,0.000000000,False,0.000000000,False,0.000000000,1.029413233,3.865595840,0.000000000,0.137878653,True,0.107762946,0.677071924,0.184963696,0.184963696,0.000000000,0.252614113,0.673683762,0.103016770,0.069982527
16.750000000,1.243843990,2.527416623,1.342473394,3.544094513,1.342473384,3.544094409,0.000000103,0.999999897,0.000000000,0.000000000,False,0.000000000,False,0.000000000,1.021450778,-0.159249095,0.000000000,0.137559011,True,0.105754302,0.677943103,0.181450737,0.181450737,0.000000000,0.242873399,0.675154877,0.099972379,0.067418466
16.801000000,1.242646634,2.534402506,1.342473394,3.544094513,1.342473384,3.544094416,0.000000096,0.999999904,0.000000000,0.000000000,False,0.000000000,False,0.000000000,1.014614868,-0.134037441,0.000000000,0.137252727,True,0.106777214,0.676270506,0.175983721,0.175983721,0.000000000,0.276623208,0.668740227,0.097233803,0.072109804
16.850000000,1.214685229,2.515003834,1.418277281,3.468950010,1.418277263,3.468949924,0.000000091,0.999999909,0.000000000,0.000000000,False,0.000000000,False,0.000000000,0.975429665,-0.799698037,0.000000000,0.136978035,True,0.109645986,0.680006489,0.172689117,0.172689117,0.000000000,0.218886303,0.678435439,0.087383614,0.068885509
16.901000000,1.220373805,2.522153661,1.418277281,3.468950010,1.418277264,3.468949930,0.000000085,0.999999915,0.000000000,0.000000000,False,0.000000000,False,0.000000000,0.967258555,-0.160217828,0.000000000,0.136697514,True,0.108785432,0.679691786,0.168349287,0.168349287,0.000000000,0.228887892,0.676990400,0.085653547,0.070680158
16.950000000,1.203144955,2.513620617,1.471414027,3.289745226,1.471414005,3.289745164,0.000000080,0.999999920,0.000000000,0.000000000,False,0.000000000,False,0.000000000,0.821180676,-2.981181214,0.000000000,0.136398078,True,0.106603982,0.679790076,0.165312708,0.165312708,0.000000000,0.262384650,0.672823592,0.089206358,0.074647387
17.001000000,1.205509218,2.538959007,1.325690342,3.500595051,1.325690333,3.500594979,0.000000075,0.999999925,0.000000000,0.000000000,False,0.000000000,False,0.000000000,0.969116806,2.900708435,0.000000000,0.136100981,True,0.106539540,0.679301787,0.164473985,0.164473985,0.000000000,0.254614458,0.673294596,0.088573516,0.074764914
17.050000000,1.205509218,2.538959007,1.325690342,3.500595051,1.325690333,3.500594983,0.000000071,0.999999929,0.000000000,0.000000000,False,0.000000000,False,0.000000000,0.969116806,0.000000000,0.000000000,0.135949251,True,0.120852042,0.694915174,0.590110339,0.590110339,0.000000000,0.695831738,0.686826095,0.514905607,0.094601608
17.100000000,2.417623027,3.655720189,1.319939382,3.504772109,1.319939455,3.504772119,0.000000066,0.999999934,0.000000000,0.000000000,False,0.000000000,False,0.000000000,1.108013856,2.777941002,0.000000000,0.135809788,True,0.121933077,0.689711599,0.596489857,0.596489857,0.000000000,0.708864412,0.680495444,0.518161324,0.093446864
17.150000000,1.612318432,3.101352862,1.319939382,3.504772109,1.319939400,3.504772084,0.000000062,0.999999938,0.000000000,0.000000000,False,0.000000000,False,0.000000000,0.498229463,-12.195687859,0.000000000,0.135694923,True,0.124265796,0.692972531,0.609320677,0.609320677,0.000000000,0.837149660,0.654450062,0.548218635,0.108205954
17.203000000,1.589638811,3.154566013,1.319939382,3.504772109,1.319939398,3.504772089,0.000000058,0.999999942,0.000000000,0.000000000,False,0.000000000,False,0.000000000,0.442020466,-1.060547128,0.000000000,0.135586377,True,0.124785921,0.698670636,0.629609409,0.629609409,0.000000000,0.905312059,0.641972512,0.575218574,0.112308340
17.250000000,1.334127575,3.228433258,1.311822268,3.440203038,1.311822269,3.440203026,0.000000055,0.999999945,0.000000000,0.000000000,False,0.000000000,False,0.000000000,0.212941228,-4.874026333,0.000000000,0.135449658,True,0.121846029,0.697020904,0.645868089,0.645868089,0.000000000,0.861669289,0.662772950,0.583345924,0.104582186
17.300000000,1.626860862,3.250843451,1.311822268,3.440203038,1.311822284,3.440203028,0.000000052,0.999999948,0.000000000,0.000000000,False,0.000000000,False,0.000000000,0.367568183,3.092539093,0.000000000,0.135301665,True,0.120576214,0.696462408,0.656169104,0.656169104,0.000000000,0.946356280,0.633128177,0.604075675,0.108742347
17.351000000,1.304642818,3.303926421,1.160237264,3.518310791,1.160237271,3.518310781,0.000000048,0.999999952,0.000000000,0.000000000,False,0.000000000,False,0.000000000,0.258483312,-2.138919038,0.000000000,0.135137187,True,0.118771503,0.692310797,0.669463808,0.669463808,0.000000000,0.998517727,0.609112270,0.622588460,0.109130067
17.404000000,1.292872554,3.320375193,1.161898933,3.503359665,1.161898939,3.503359657,0.000000045,0.999999955,0.000000000,0.000000000,False,0.000000000,False,0.000000000,0.225027569,-0.631240435,0.000000000,0.134940668,True,0.115386800,0.687448143,0.677361574,0.677361574,0.000000000,1.035625018,0.586713093,0.635507485,0.107528364
17.450000000,1.219177847,3.312991953,1.161898933,3.503359665,1.161898936,3.503359657,0.000000043,0.999999957,0.000000000,0.000000000,False,0.000000000,False,0.000000000,0.198798239,-0.570202823,0.000000000,0.134733561,True,0.114126323,0.686818541,0.685542031,0.685542031,0.000000000,1.034093066,0.591803924,0.640457428,0.104843675
17.500000000,1.208563623,3.315864503,1.161898933,3.503359665,1.161898935,3.503359658,0.000000040,0.999999960,0.000000000,0.000000000,False,0.000000000,False,0.000000000,0.193214981,-0.111665147,0.000000000,0.134536117,True,0.114890208,0.685929874,0.695098678,0.695098678,0.000000000,1.098720444,0.554607305,0.659348958,0.109186617
17.550000000,1.178132092,3.323546109,1.053013692,3.387871283,1.053013697,3.387871281,0.000000038,0.999999962,0.000000000,0.000000000,False,0.000000000,False,0.000000000,0.140685259,-1.050594449,0.000000000,0.134347669,True,0.115596938,0.685221167,0.704182538,0.704182538,0.000000000,1.111567582,0.550967760,0.666685144,0.109346228
17.602000000,1.132514669,3.321135475,1.053013692,3.387871283,1.053013695,3.387871281,0.000000035,0.999999965,0.000000000,0.000000000,False,0.000000000,False,0.000000000,0.103798234,-0.709365869,0.000000000,0.134157950,True,0.115280817,0.681040430,0.708891132,0.708891132,0.000000000,1.097302240,0.559421915,0.666240220,0.107100731
17.650000000,1.100253222,3.299103222,0.890029625,3.427419566,0.890029632,3.427419562,0.000000033,0.999999967,0.000000000,0.000000000,False,0.000000000,False,0.000000000,0.246290571,2.968590350,0.000000000,0.133967528,True,0.115020385,0.677421472,0.716091068,0.716091068,0.000000000,1.123824285,0.540974559,0.674761468,0.107338497
17.700000000,1.077106638,3.307341060,0.898936602,3.345151838,0.898936607,3.345151837,0.000000031,0.999999969,0.000000000,0.000000000,False,0.000000000,False,0.000000000,0.182137906,-1.283053283,0.000000000,0.133794301,True,0.116558037,0.679279109,0.720664105,0.720664105,0.000000000,1.154700232,0.522525358,0.681886578,0.109918512
17.751000000,1.070587150,3.296861783,0.898936602,3.345151838,0.898936607,3.345151837,0.000000029,0.999999971,0.000000000,0.000000000,False,0.000000000,False,0.000000000,0.178313881,-0.074980893,0.000000000,0.133648739,True,0.119165191,0.681467036,0.724774558,0.724774558,0.000000000,1.132665777,0.545913982,0.679556480,0.110252747
17.800000000,1.057636996,3.303036294,0.898936602,3.345151838,0.898936606,3.345151837,0.000000028,0.999999972,0.000000000,0.000000000,False,0.000000000,False,0.000000000,0.164193588,-0.288169240,0.000000000,0.133497821,True,0.118481374,0.689405898,0.729798144,0.729798144,0.000000000,1.148540753,0.547663327,0.686931389,0.110454866
17.850000000,1.054531526,3.317314164,0.841044797,3.453895507,0.841044803,3.453895503,0.000000026,0.999999974,0.000000000,0.000000000,False,0.000000000,False,0.000000000,0.253438448,1.784897191,0.000000000,0.133309855,True,0.114607107,0.679438454,0.733308979,0.733308979,0.000000000,1.187172698,0.505612834,0.694773167,0.107934147
17.904000000,0.957310925,3.283059043,0.937710457,3.295712465,0.937710457,3.295712465,0.000000024,0.999999976,0.000000000,0.000000000,False,0.000000000,False,0.000000000,0.023329968,-4.261268133,0.000000000,0.133085110,True,0.110722796,0.677646286,0.737459422,0.737459422,0.000000000,1.225747811,0.469871194,0.707332264,0.106545258
17.950000000,0.936447602,3.262059062,0.937710457,3.295712465,0.937710457,3.295712464,0.000000023,0.999999977,0.000000000,0.000000000,False,0.000000000,False,0.000000000,0.033677089,0.224937409,0.000000000,0.132838773,True,0.108327972,0.672751864,0.741618765,0.741618765,0.000000000,1.183936880,0.506902116,0.700761191,0.100327504
18.000000000,0.928986177,3.279800484,0.937710457,3.295712465,0.937710457,3.295712465,0.000000022,0.999999978,0.000000000,0.000000000,False,0.000000000,False,0.000000000,0.018146741,-0.310606973,0.000000000,0.132581173,True,0.106949730,0.667882177,0.744121762,0.744121762,0.000000000,1.185570533,0.501188174,0.702385697,0.098470025
18.050000000,0.911263621,3.282820725,0.663888986,3.240787206,0.663888991,3.240787207,0.000000020,0.999999980,0.000000000,0.000000000,False,0.000000000,False,0.000000000,0.250920359,4.655472373,0.000000000,0.132328353,True,0.107172569,0.662372922,0.745905880,0.745905880,0.000000000,1.211894589,0.470736030,0.706237324,0.099560862
18.101000000,0.856676688,3.256571015,0.618946505,3.242224512,0.618946509,3.242224512,0.000000019,0.999999981,0.000000000,0.000000000,False,0.000000000,False,0.000000000,0.238162680,-0.250150573,0.000000000,0.132096857,True,0.109062864,0.667119342,0.748842269,0.748842269,0.000000000,1.249053768,0.441403074,0.711584483,0.102501540
18.150000000,0.817970063,3.228543902,0.618946505,3.242224512,0.618946508,3.242224512,0.000000018,0.999999982,0.000000000,0.000000000,False,0.000000000,False,0.000000000,0.199493198,-0.789173111,0.000000000,0.131895836,True,0.111894011,0.664301399,0.751842741,0.751842741,0.000000000,1.201731129,0.488770690,0.700600709,0.099471221
18.200000000,0.830700390,3.244099438,0.618946505,3.242224512,0.618946508,3.242224512,0.000000017,0.999999983,0.000000000,0.000000000,False,0.000000000,False,0.000000000,0.211762186,0.245379764,0.000000000,0.131672823,True,0.109482894,0.659712826,0.753194138,0.753194138,0.000000000,1.191433566,0.493119880,0.700051119,0.095720027
18.250000000,0.820945497,3.250535153,0.651658355,3.194858960,0.651658357,3.194858961,0.000000016,0.999999984,0.000000000,0.000000000,False,0.000000000,False,0.000000000,0.178207674,-0.671090234,0.000000000,0.131501001,True,0.114404560,0.657580901,0.754752003,0.754752003,0.000000000,1.244718096,0.438572536,0.707020309,0.103971576
18.300000000,0.763743183,3.202544913,0.651658355,3.194858960,0.651658356,3.194858960,0.000000015,0.999999985,0.000000000,0.000000000,False,0.000000000,False,0.000000000,0.112348042,-1.317192639,0.000000000,0.131316449,True,0.112953422,0.653839613,0.756588835,0.756588835,0.000000000,1.223396239,0.457817744,0.703488796,0.099693838
18.351000000,0.737438404,3.217835961,0.607904133,3.022990388,0.607904135,3.022990391,0.000000014,0.999999986,0.000000000,0.000000000,False,0.000000000,False,0.000000000,0.233974197,2.384826561,0.000000000,0.131123833,True,0.111958375,0.652201410,0.757890234,0.757890234,0.000000000,1.222282362,0.457937365,0.701218669,0.096555743
18.400000000,0.728522647,3.204227758,0.463914644,2.927040245,0.463914647,2.927040248,0.000000013,0.999999987,0.000000000,0.000000000,False,0.000000000,False,0.000000000,0.383210533,3.045639517,0.000000000,0.130964371,True,0.115097755,0.656804940,0.759825877,0.759825877,0.000000000,1.201982191,0.485685622,0.693550570,0.094101418
18.450000000,0.766508087,3.211365368,0.463914644,2.927040245,0.463914647,2.927040248,0.000000012,0.999999988,0.000000000,0.000000000,False,0.000000000,False,0.000000000,0.415215086,0.640091054,0.000000000,0.130794344,True,0.113876444,0.649187987,0.760588205,0.760588205,0.000000000,1.216574508,0.462083905,0.694831555,0.092972617
18.500000000,0.671587518,3.179061062,0.276368372,3.210590559,0.276368377,3.210590558,0.000000012,0.999999988,0.000000000,0.000000000,False,0.000000000,False,0.000000000,0.396474820,-0.374805324,0.000000000,0.130645803,True,0.115865894,0.648474027,0.761716738,0.761716738,0.000000000,1.210782831,0.467822838,0.694619977,0.094461262
18.550000000,0.674539615,3.185741204,0.276368372,3.210590559,0.276368377,3.210590558,0.000000011,0.999999989,0.000000000,0.000000000,False,0.000000000,False,0.000000000,0.398945898,0.049421561,0.000000000,0.130507187,True,0.116714760,0.648949750,0.762912479,0.762912479,0.000000000,1.232365096,0.448051357,0.695414532,0.095217447
18.601000000,0.662682781,3.155181353,0.389854154,3.278888596,0.389854157,3.278888595,0.000000010,0.999999990,0.000000000,0.000000000,False,0.000000000,False,0.000000000,0.299564587,-1.948653160,0.000000000,0.130346128,True,0.114320614,0.642045471,0.763317865,0.763317865,0.000000000,1.221307183,0.449964633,0.692451505,0.089705974
18.650000000,0.602219493,3.149158514,0.389854154,3.278888596,0.389854157,3.278888595,0.000000010,0.999999990,0.000000000,0.000000000,False,0.000000000,False,0.000000000,0.248855241,-1.034884599,0.000000000,0.130241877,True,0.119868847,0.635611671,0.763627129,0.763627129,0.000000000,1.231279028,0.430469392,0.688431446,0.093349610
18.700000000,0.583207688,3.119579027,0.389854154,3.278888596,0.389854156,3.278888594,0.000000009,0.999999991,0.000000000,0.000000000,False,0.000000000,False,0.000000000,0.250529694,0.033489057,0.000000000,0.130143863,True,0.120391425,0.638410935,0.765283799,0.765283799,0.000000000,1.219595930,0.448518684,0.683782442,0.088609390
18.752000000,0.578736351,3.122854714,0.339668951,3.053268217,0.339668953,3.053268217,0.000000008,0.999999992,0.000000000,0.000000000,False,0.000000000,False,0.000000000,0.248988960,-0.029629493,0.000000000,0.130069670,True,0.122687316,0.634909447,0.766386105,0.766386105,0.000000000,1.176100273,0.485019903,0.674868054,0.081710610
18.800000000,0.585379089,3.135787984,0.199219650,3.050583452,0.199219653,3.050583453,0.000000008,0.999999992,0.000000000,0.000000000,False,0.000000000,False,0.000000000,0.395447752,3.051224826,0.000000000,0.129994855,True,0.122550757,0.631931027,0.766341887,0.766341887,0.000000000,1.212500413,0.447525858,0.680012969,0.086982791
18.850000000,0.506531369,3.106541292,0.199219650,3.050583452,0.199219652,3.050583453,0.000000007,0.999999993,0.000000000,0.000000000,False,0.000000000,False,0.000000000,0.312364807,-1.661658897,0.000000000,0.129935426,True,0.124022148,0.627402756,0.767517919,0.767517919,0.000000000,1.213492163,0.441294904,0.677747591,0.085573251
18.901000000,0.483785843,3.092176544,0.199219650,3.050583452,0.199219652,3.050583453,0.000000007,0.999999993,0.000000000,0.000000000,False,0.000000000,False,0.000000000,0.287589819,-0.485784089,0.000000000,0.129870777,True,0.123438135,0.624970884,0.752347934,0.752347934,0.000000000,1.191664715,0.444510260,0.661096988,0.083127842
18.950000000,0.478886400,3.073605868,0.129254373,2.950734822,0.129254375,2.950734823,0.000000007,0.999999993,0.000000000,0.000000000,False,0.000000000,False,0.000000000,0.370593913,1.693961116,0.000000000,0.129863174,True,0.129106747,0.627094860,0.713931994,0.713931994,0.000000000,1.137473054,0.462451007,0.617584234,0.085939869
19.000000000,0.269721015,2.798689666,0.129254373,2.950734822,0.129254374,2.950734821,0.000000006,0.999999994,0.000000000,0.000000000,False,0.000000000,False,0.000000000,0.206999050,-3.271897257,0.002527514,0.129888576,True,0.132416090,0.633838447,0.689355450,0.689355450,0.000000000,1.089034566,0.491942863,0.587364675,0.084450595
19.050000000,0.284052270,2.847602690,0.132261552,3.016854559,0.132261553,3.016854558,0.000000006,0.999999994,0.000000000,0.000000000,False,0.000000000,False,0.000000000,0.227346909,0.406957173,0.005786891,0.129946735,True,0.135733626,0.625736904,0.666063037,0.666063037,0.000000000,1.094480310,0.456075996,0.565354871,0.091002651
19.100000000,0.284052270,2.847602690,0.073466034,2.811236608,0.073466035,2.811236608,0.000000005,0.999999995,0.000000000,0.000000000,False,0.000000000,False,0.000000000,0.213703193,-0.272874321,0.006980879,0.130016894,True,0.136997774,0.626092117,0.631555163,0.631555163,0.000000000,1.020334035,0.490756892,0.521979144,0.082228255
19.151000000,0.217255626,2.749470602,0.073466034,2.811236608,0.073466035,2.811236608,0.000000005,0.999999995,0.000000000,0.000000000,False,0.000000000,False,0.000000000,0.156494364,-1.121741740,0.008269097,0.130100000,True,0.138369097,0.627139778,0.609464352,0.609464352,0.000000000,1.042741675,0.453403863,0.504905655,0.090628285
19.202000000,0.217255626,2.749470602,0.104489379,2.762185801,0.104489380,2.762185801,0.000000005,0.999999995,0.000000000,0.000000000,False,0.000000000,False,0.000000000,0.113480847,-0.843402305,0.007522561,0.130175603,True,0.137698165,0.623770630,0.577252499,0.577252499,0.000000000,0.994537376,0.463641165,0.471404626,0.088073903
19.250000000,0.167542339,2.678573968,0.104489379,2.762185801,0.104489380,2.762185801,0.000000005,0.999999995,0.000000000,0.000000000,False,0.000000000,False,0.000000000,0.104721604,-0.182484222,0.007855548,0.130254553,True,0.138110101,0.621009851,0.557393483,0.557393483,0.000000000,0.979956659,0.455075376,0.452450099,0.089784665
19.300000000,0.184737312,2.715694971,0.104489379,2.762185801,0.104489380,2.762185801,0.000000004,0.999999996,0.000000000,0.000000000,False,0.000000000,False,0.000000000,0.092742267,-0.239586750,0.009043576,0.130345442,True,0.139389018,0.622160731,0.527792453,0.527792453,0.000000000,0.917603292,0.484903583,0.417537267,0.085282427
19.350000000,0.153034279,2.643298480,-0.018754768,2.780090848,-0.018754767,2.780090847,0.000000004,0.999999996,0.000000000,0.000000000,False,0.000000000,False,0.000000000,0.219598789,2.537130456,0.006952724,0.130415318,True,0.137368043,0.622078032,0.509463105,0.509463105,0.000000000,0.964060055,0.424644193,0.414788003,0.099531926
19.400000000,0.124696189,2.638577986,-0.018754768,2.780090848,-0.018754767,2.780090847,0.000000004,0.999999996,0.000000000,0.000000000,False,0.000000000,False,0.000000000,0.201504509,-0.361885602,0.007594157,0.130491641,True,0.138085798,0.628569395,0.482996598,0.482996598,0.000000000,0.865591180,0.498719230,0.373622379,0.084290970
19.450000000,0.110370410,2.587800033,-0.092030035,2.758401666,-0.092030034,2.758401665,0.000000004,0.999999996,0.000000000,0.000000000,False,0.000000000,False,0.000000000,0.264709005,1.264089908,0.006828697,0.130560270,True,0.137388968,0.629530031,0.465906011,0.465906011,0.000000000,0.903747516,0.452330495,0.367077884,0.095439665
19.500000000,0.110370410,2.587800033,-0.150974360,2.729921283,-0.150974359,2.729921282,0.000000003,0.999999997,0.000000000,0.000000000,False,0.000000000,False,0.000000000,0.297488720,0.655594299,0.012024143,0.130681115,True,0.142705258,0.642447626,0.442193677,0.442193677,0.000000000,0.866543014,0.482355255,0.335026754,0.094233972
19.553000000,0.125501642,2.588258913,-0.150974360,2.729921283,-0.150974359,2.729921282,0.000000003,0.999999997,0.000000000,0.000000000,False,0.000000000,False,0.000000000,0.310656090,0.248440960,0.010900214,0.130790664,True,0.141690879,0.631199535,0.418563417,0.418563417,0.000000000,0.808176442,0.496603004,0.302642943,0.081478518
19.603000000,0.125501642,2.588258913,-0.150974360,2.729921283,-0.150974359,2.729921282,0.000000003,0.999999997,0.000000000,0.000000000,False,0.000000000,False,0.000000000,0.310656090,0.000000000,0.000000000,0.130751303,True,0.126834819,0.644052666,0.397185249,0.397185249,0.000000000,0.835961117,0.471465347,0.306386607,0.088558896
19.650000000,0.025747182,2.471797203,-0.181655532,2.711328211,-0.181655531,2.711328211,0.000000003,0.999999997,0.000000000,0.000000000,False,0.000000000,False,0.000000000,0.316845372,0.131686830,0.009110377,0.130842864,True,0.139953241,0.625333152,0.383113793,0.383113793,0.000000000,0.801381768,0.464858529,0.269720821,0.082030138
19.700000000,0.041446213,2.485159509,-0.181655532,2.711328211,-0.181655531,2.711328211,0.000000003,0.999999997,0.000000000,0.000000000,False,0.000000000,False,0.000000000,0.317689582,0.016884203,0.008016135,0.130923427,True,0.138939562,0.623726935,0.369148137,0.369148137,0.000000000,0.808759625,0.442466982,0.260257876,0.086296656
19.750000000,0.010726290,2.449179125,-0.214415432,2.689625452,-0.214415431,2.689625451,0.000000002,0.999999998,0.000000000,0.000000000,False,0.000000000,False,0.000000000,0.329398287,0.234174096,0.005709603,0.130980810,True,0.136690413,0.621129630,0.356223192,0.356223192,0.000000000,0.757926057,0.473747639,0.241706768,0.074634157
19.800000000,0.009349732,2.433553221,-0.214415432,2.689625452,-0.214415431,2.689625451,0.000000002,0.999999998,0.000000000,0.000000000,False,0.000000000,False,0.000000000,0.340064459,0.213323441,0.007683355,0.131058029,True,0.138741383,0.618434741,0.337301635,0.337301635,0.000000000,0.753751687,0.457198954,0.224287251,0.080479315
19.850000000,-0.032929981,2.373704733,-0.248823905,2.665636728,-0.248823905,2.665636727,0.000000002,0.999999998,0.000000000,0.000000000,False,0.000000000,False,0.000000000,0.363090177,0.460514364,0.004632697,0.131104588,True,0.135737285,0.611860486,0.326107862,0.326107862,0.000000000,0.714652041,0.472659153,0.209620729,0.069680401
19.901000000,-0.009068549,2.406927528,-0.269515267,2.650901463,-0.269515266,2.650901462,0.000000002,0.999999998,0.000000000,0.000000000,False,0.000000000,False,0.000000000,0.356869407,-0.121975877,0.005108312,0.131155927,True,0.136264240,0.614106329,0.308848585,0.308848585,0.000000000,0.684060578,0.486150742,0.190088150,0.066812440
19.951000000,-0.039893389,2.342651149,-0.269515267,2.650901463,-0.269515266,2.650901462,0.000000002,0.999999998,0.000000000,0.000000000,False,0.000000000,False,0.000000000,0.384375419,0.550120241,0.006543164,0.131221687,True,0.137764852,0.618728671,0.308981918,0.308981918,0.000000000,0.732509287,0.451054027,0.197683477,0.081189971
20.001000000,0.435321689,2.839519645,-0.294002930,2.632897798,-0.294002929,2.632897798,0.000000002,0.999999998,0.000000000,0.000000000,False,0.000000000,False,0.000000000,0.758028356,7.473058738,0.001729091,0.131239065,True,0.132968156,0.613949771,0.394848948,0.394848948,0.000000000,0.804011582,0.457733831,0.283038616,0.071965131
20.050000000,0.435321689,2.839519645,-0.294002930,2.632897798,-0.294002929,2.632897798,0.000000002,0.999999998,0.000000000,0.000000000,False,0.000000000,False,0.000000000,0.758028356,0.000000000,0.005241858,0.131291746,True,0.136533604,0.618038104,0.398002784,0.398002784,0.000000000,0.872361174,0.396175739,0.296491408,0.091306438
20.102000000,0.031687690,2.541405366,-0.294002930,2.632897798,-0.294002930,2.632897797,0.000000002,0.999999998,0.000000000,0.000000000,False,0.000000000,False,0.000000000,0.338297569,-8.071745902,0.005621898,0.131348247,True,0.136970146,0.617089540,0.407653826,0.407653826,0.000000000,0.886647766,0.389055658,0.309166195,0.095189325
20.151000000,0.031687690,2.541405366,-0.321092087,2.609236782,-0.321092087,2.609236782,0.000000001,0.999999999,0.000000000,0.000000000,False,0.000000000,False,0.000000000,0.359241802,0.427433329,0.006646911,0.131415050,True,0.138061961,0.618873722,0.414646017,0.414646017,0.000000000,0.904685709,0.377975903,0.317336779,0.097938845
20.200000000,0.003712336,2.512990117,-0.321092087,2.609236782,-0.321092087,2.609236782,0.000000001,0.999999999,0.000000000,0.000000000,False,0.000000000,False,0.000000000,0.338764422,-0.417905716,0.000000000,0.131400286,True,0.129931250,0.622529725,0.414871008,0.414871008,0.000000000,0.923540913,0.358884641,0.330041909,0.098418259
20.250000000,-0.004672855,2.518167094,-0.348270034,2.580682618,-0.348270033,2.580682618,0.000000001,0.999999999,0.000000000,0.000000000,False,0.000000000,False,0.000000000,0.349238045,0.209472468,0.004558580,0.131446100,True,0.136004681,0.615051342,0.431134410,0.431134410,0.000000000,0.923495853,0.368603259,0.336182530,0.097372551
20.300000000,-0.005189216,2.517831665,-0.348270034,2.580682618,-0.348270034,2.580682618,0.000000001,0.999999999,0.000000000,0.000000000,False,0.000000000,False,0.000000000,0.348790324,-0.008954437,0.001614190,0.131462323,True,0.133076514,0.617165051,0.435190209,0.435190209,0.000000000,0.975359560,0.298512600,0.357563315,0.108089887
20.359000000,-0.022923641,2.476748215,-0.374314211,2.547911322,-0.374314210,2.547911322,0.000000001,0.999999999,0.000000000,0.000000000,False,0.000000000,False,0.000000000,0.358524086,0.164979021,0.001208538,0.131474469,True,0.132683007,0.618426128,0.439491922,0.439491922,0.000000000,0.993492556,0.274834810,0.366479111,0.110787679
20.400000000,-0.022923641,2.476748215,-0.374314211,2.547911322,-0.374314210,2.547911322,0.000000001,0.999999999,0.000000000,0.000000000,False,0.000000000,False,0.000000000,0.358524086,0.000000000,0.000000000,0.131433441,True,0.127351086,0.614130048,0.439364241,0.439364241,0.000000000,0.992938444,0.265915998,0.368545849,0.105844482
20.451000000,-0.074243174,2.441678007,-0.398760113,2.511886967,-0.398760112,2.511886967,0.000000001,0.999999999,0.000000000,0.000000000,False,0.000000000,False,0.000000000,0.332024911,-0.519591655,0.000000000,0.131366787,True,0.124734634,0.611088502,0.449372468,0.449372468,0.000000000,0.973837707,0.313632539,0.369217139,0.095571189
20.501000000,-0.059637753,2.468685501,-0.421651060,2.473412365,-0.421651059,2.473412365,0.000000001,0.999999999,0.000000000,0.000000000,False,0.000000000,False,0.000000000,0.362044165,0.600385081,0.000000000,0.131319994,True,0.126664030,0.608061657,0.452272530,0.452272530,0.000000000,0.984034390,0.294903887,0.374292859,0.099814565
20.550000000,-0.082549044,2.441378420,-0.421651060,2.473412365,-0.421651059,2.473412365,0.000000001,0.999999999,0.000000000,0.000000000,False,0.000000000,False,0.000000000,0.340611730,-0.437396635,0.000000000,0.131265798,True,0.125873272,0.612775260,0.456072219,0.456072219,0.000000000,0.996696860,0.288476198,0.378779470,0.099347428
20.602000000,-0.113893769,2.396276918,-0.443161981,2.433094373,-0.443161981,2.433094373,0.000000001,0.999999999,0.000000000,0.000000000,False,0.000000000,False,0.000000000,0.331320208,-0.178683124,0.000000000,0.131217372,True,0.126398967,0.610965123,0.458079897,0.458079897,0.000000000,1.026772286,0.223309984,0.390126620,0.106578849
20.650000000,-0.113893769,2.396276918,-0.443161981,2.433094373,-0.443161981,2.433094373,0.000000001,0.999999999,0.000000000,0.000000000,False,0.000000000,False,0.000000000,0.331320208,0.000000000,0.000000000,0.131187209,True,0.128186000,0.601795281,0.461000086,0.461000086,0.000000000,1.035801143,0.178217016,0.394942702,0.109854780
20.700000000,-0.121878930,2.360949713,-0.443161981,2.433094373,-0.443161981,2.433094373,0.000000001,0.999999999,0.000000000,0.000000000,False,0.000000000,False,0.000000000,0.329283541,-0.040733337,0.000000000,0.131135138,True,0.125954003,0.600329575,0.462504609,0.462504609,0.000000000,1.033754388,0.184578679,0.396152997,0.107060144
20.750000000,-0.142029363,2.348197123,-0.467386578,2.383007400,-0.467386577,2.383007400,0.000000001,0.999999999,0.000000000,0.000000000,False,0.000000000,False,0.000000000,0.327214108,-0.041388663,0.000000000,0.131098186,True,0.127421464,0.593531384,0.466276349,0.466276349,0.000000000,1.030427776,0.184425246,0.395889623,0.106216469
20.800000000,-0.140461376,2.344101739,-0.467386578,2.383007400,-0.467386577,2.383007400,0.000000001,0.999999999,0.000000000,0.000000000,False,0.000000000,False,0.000000000,0.329232042,0.040358691,0.000000000,0.131054967,True,0.126754591,0.590298264,0.467541933,0.467541933,0.000000000,1.019879811,0.208266437,0.391447127,0.101372120
20.850000000,-0.136340487,2.344674153,-0.482745055,2.348816466,-0.482745055,2.348816466,0.000000001,0.999999999,0.000000000,0.000000000,False,0.000000000,False,0.000000000,0.346429334,0.343945824,0.000000000,0.131030401,True,0.128586069,0.585530372,0.468307666,0.468307666,0.000000000,1.031330938,0.160781255,0.399745951,0.108782665
20.900000000,-0.154593878,2.308297349,-0.501185015,2.305427764,-0.501185014,2.305427764,0.000000001,0.999999999,0.000000000,0.000000000,False,0.000000000,False,0.000000000,0.346603016,0.003473638,0.000000000,0.131003938,True,0.128370821,0.580212865,0.470347569,0.470347569,0.000000000,1.014253336,0.202023476,0.390792397,0.100747419
20.952000000,-0.164101430,2.311409935,-0.501185015,2.305427764,-0.501185014,2.305427764,0.000000001,0.999999999,0.000000000,0.000000000,False,0.000000000,False,0.000000000,0.337136663,-0.182045250,0.000000000,0.130972750,True,0.127869598,0.581254501,0.470970412,0.470970412,0.000000000,1.032139852,0.151478236,0.400798882,0.106895231
21.000000000,-0.167682784,2.283031681,-0.501185015,2.305427764,-0.501185014,2.305427764,0.000000001,0.999999999,0.000000000,0.000000000,False,0.000000000,False,0.000000000,0.334253380,-0.060068384,0.000000000,0.130942918,True,0.127974557,0.579136477,0.472962634,0.472962634,0.000000000,1.026065235,0.171687428,0.398645036,0.104184364
21.050000000,-0.174186777,2.271868393,-0.518923529,2.261463277,-0.518923529,2.261463277,0.000000000,1.000000000,0.000000000,0.000000000,False,0.000000000,False,0.000000000,0.344893744,0.212807284,0.000000000,0.130914860,True,0.128123058,0.579243303,0.473882889,0.473882889,0.000000000,1.015997661,0.204045039,0.394694958,0.100721346
21.102000000,-0.165556928,2.272979474,-0.518923529,2.261463277,-0.518923529,2.261463277,0.000000000,1.000000000,0.000000000,0.000000000,False,0.000000000,False,0.000000000,0.353554208,0.166547369,0.000000000,0.130877106,True,0.127120554,0.577520548,0.474984802,0.474984802,0.000000000,1.011126307,0.214667811,0.392896473,0.097062564
21.150000000,-0.176232143,2.259493821,-0.539471914,2.208098254,-0.539471914,2.208098254,0.000000000,1.000000000,0.000000000,0.000000000,False,0.000000000,False,0.000000000,0.366857786,0.277157885,0.000000000,0.130829793,True,0.126122159,0.573150381,0.475840746,0.475840746,0.000000000,1.006244419,0.217194159,0.392695148,0.094834638
21.203000000,-0.189807573,2.244588680,-0.539471914,2.208098254,-0.539471914,2.208098254,0.000000000,1.000000000,0.000000000,0.000000000,False,0.000000000,False,0.000000000,0.351563227,-0.288576588,0.000000000,0.130779561,True,0.125781394,0.572108333,0.476733935,0.476733935,0.000000000,1.027376514,0.155243987,0.405403690,0.103599977
21.250000000,-0.201586474,2.213489308,-0.556105633,2.163263867,-0.556105633,2.163263867,0.000000000,1.000000000,0.000000000,0.000000000,False,0.000000000,False,0.000000000,0.358059254,0.138213333,0.000000000,0.130722013,True,0.124995963,0.571428227,0.477565322,0.477565322,0.000000000,1.038196798,0.110555720,0.416165737,0.108876451
21.300000000,-0.198332304,2.189527679,-0.569161704,2.127200748,-0.569161704,2.127200748,0.000000000,1.000000000,0.000000000,0.000000000,False,0.000000000,False,0.000000000,0.376030704,0.359429007,0.000000000,0.130656051,True,0.124092787,0.570292193,0.477529997,0.477529997,0.000000000,1.022259742,0.168827398,0.405376512,0.100959865
21.350000000,-0.199311860,2.199187084,-0.569161704,2.127200748,-0.569161704,2.127200748,0.000000000,1.000000000,0.000000000,0.000000000,False,0.000000000,False,0.000000000,0.376790313,0.015192175,0.000000000,0.130590715,True,0.124089704,0.567005795,0.478173541,0.478173541,0.000000000,1.029785468,0.131224442,0.411538781,0.104680769
21.400000000,-0.210010666,2.162498209,-0.585220553,2.081948271,-0.585220553,2.081948271,0.000000000,1.000000000,0.000000000,0.000000000,False,0.000000000,False,0.000000000,0.383758716,0.139368062,0.000000000,0.130508396,True,0.122317557,0.567418882,0.478800696,0.478800696,0.000000000,1.017645268,0.177794025,0.405301357,0.097772346
21.451000000,-0.216457691,2.178651010,-0.585220553,2.081948271,-0.585220553,2.081948271,0.000000000,1.000000000,0.000000000,0.000000000,False,0.000000000,False,0.000000000,0.381231515,-0.049552948,0.000000000,0.130422359,True,0.121861645,0.569361964,0.479063058,0.479063058,0.000000000,1.034889380,0.123410471,0.415303988,0.103851054
21.501000000,-0.202539888,2.144309132,-0.604197755,2.027432914,-0.604197755,2.027432914,0.000000000,1.000000000,0.000000000,0.000000000,False,0.000000000,False,0.000000000,0.418316976,0.741709214,0.000000000,0.130323308,True,0.120467654,0.568659081,0.479346076,0.479346076,0.000000000,1.036132090,0.115596215,0.417262643,0.103238089
21.550000000,-0.223660490,2.119618523,-0.604197755,2.027432914,-0.604197755,2.027432914,0.000000000,1.000000000,0.000000000,0.000000000,False,0.000000000,False,0.000000000,0.391544119,-0.546384842,0.000000000,0.130222299,True,0.120171789,0.569502974,0.480750154,0.480750154,0.000000000,1.030329685,0.149318373,0.411915337,0.098503943
21.601000000,-0.231616759,2.123352871,-0.604197755,2.027432914,-0.604197755,2.027432914,0.000000000,1.000000000,0.000000000,0.000000000,False,0.000000000,False,0.000000000,0.384730083,-0.133608545,0.000000000,0.130116643,True,0.119603821,0.569041005,0.481583529,0.481583529,0.000000000,1.036238858,0.127142173,0.417636226,0.101073322
21.650000000,-0.225987535,2.107923406,-0.616697240,1.990982719,-0.616697240,1.990982719,0.000000000,1.000000000,0.000000000,0.000000000,False,0.000000000,False,0.000000000,0.407834768,0.471524177,0.000000000,0.130034962,True,0.121907621,0.563223449,0.480765591,0.480765591,0.000000000,1.014100759,0.181036605,0.404560844,0.095154110
21.700000000,-0.255852817,2.085108214,-0.616697240,1.990982719,-0.616697240,1.990982719,0.000000000,1.000000000,0.000000000,0.000000000,False,0.000000000,False,0.000000000,0.372918633,-0.698322701,0.000000000,0.129941591,True,0.120651056,0.560904845,0.481001453,0.481001453,0.000000000,1.019893808,0.155593298,0.410082583,0.097607332
21.751000000,-0.245114778,2.086992149,-0.632173268,1.945337826,-0.632173268,1.945337826,0.000000000,1.000000000,0.000000000,0.000000000,False,0.000000000,False,0.000000000,0.412165285,0.769542200,0.000000000,0.129838934,True,0.119624502,0.556573651,0.481382154,0.481382154,0.000000000,1.012480500,0.166459532,0.408841171,0.095120068
21.800000000,-0.257029224,2.067617326,-0.647491602,1.899594816,-0.647491602,1.899594816,0.000000000,1.000000000,0.000000000,0.000000000,False,0.000000000,False,0.000000000,0.425079325,0.263551830,0.000000000,0.129728791,True,0.118769468,0.558809226,0.481638276,0.481638276,0.000000000,1.019169538,0.152734719,0.412544261,0.096603331
21.850000000,-0.241677468,2.062644068,-0.647491602,1.899594816,-0.647491602,1.899594816,0.000000000,1.000000000,0.000000000,0.000000000,False,0.000000000,False,0.000000000,0.437344452,0.245302555,0.000000000,0.129620235,True,0.118818849,0.552659688,0.481775580,0.481775580,0.000000000,1.011002421,0.159222112,0.409862322,0.094585422
21.902000000,-0.263154179,2.036127489,-0.665676491,1.844593147,-0.665676491,1.844593147,0.000000000,1.000000000,0.000000000,0.000000000,False,0.000000000,False,0.000000000,0.445768568,0.162002229,0.000000000,0.129496309,True,0.117165559,0.547717483,0.482105329,0.482105329,0.000000000,1.022556912,0.088918657,0.420340381,0.099563344
21.950000000,-0.258571785,1.996981773,-0.665676491,1.844593147,-0.665676491,1.844593147,0.000000000,1.000000000,0.000000000,0.000000000,False,0.000000000,False,0.000000000,0.434691310,-0.230776210,0.000000000,0.129380562,True,0.117863661,0.548494173,0.482099603,0.482099603,0.000000000,0.995697474,0.192517752,0.400328028,0.084883756
22.000000000,-0.263459675,2.019274917,-0.665676491,1.844593147,-0.665676491,1.844593147,0.000000000,1.000000000,0.000000000,0.000000000,False,0.000000000,False,0.000000000,0.438511218,0.076398149,0.000000000,0.129274878,True,0.118759174,0.549303761,0.482547430,0.482547430,0.000000000,1.023953411,0.092812640,0.416408991,0.098637966
22.051000000,-0.265837945,1.970552005,-0.677699357,1.807868941,-0.677699357,1.807868941,0.000000000,1.000000000,0.000000000,0.000000000,False,0.000000000,False,0.000000000,0.442826831,0.084619875,0.000000000,0.129160314,True,0.117761094,0.544643814,0.482919905,0.482919905,0.000000000,1.006418474,0.150286831,0.405153171,0.088430824
22.100000000,-0.285290454,1.977139976,-0.677699357,1.807868941,-0.677699357,1.807868941,0.000000000,1.000000000,0.000000000,0.000000000,False,0.000000000,False,0.000000000,0.427361008,-0.315629054,0.000000000,0.129037390,True,0.116806398,0.542293221,0.482880375,0.482880375,0.000000000,1.001579256,0.158219497,0.404790636,0.086866145
22.150000000,-0.294145781,1.956241632,-0.692633346,1.761922153,-0.692633346,1.761922153,0.000000000,1.000000000,0.000000000,0.000000000,False,0.000000000,False,0.000000000,0.443342306,0.319625958,0.000000000,0.128967417,True,0.122005032,0.549422136,0.482858948,0.482858948,0.000000000,1.000599859,0.183872326,0.396183514,0.085863827
22.206000000,-0.259276867,1.947726986,-0.692633346,1.761922153,-0.692633346,1.761922153,0.000000000,1.000000000,0.000000000,0.000000000,False,0.000000000,False,0.000000000,0.471509569,0.502986844,0.000000000,0.128916456,True,0.123845799,0.551419693,0.483266178,0.483266178,0.000000000,1.016590674,0.140102318,0.399791887,0.091486746
22.254000000,-0.301435935,1.900857207,-0.710452441,1.706730563,-0.710452441,1.706730563,0.000000000,1.000000000,0.000000000,0.000000000,False,0.000000000,False,0.000000000,0.452746790,-0.390891231,0.000000000,0.128866002,True,0.123845799,0.551419693,0.483266178,0.483266178,0.000000000,1.016590674,0.140102318,0.399791887,0.091486746
22.300000000,-0.301435935,1.900857207,-0.710452441,1.706730563,-0.710452441,1.706730563,0.000000000,1.000000000,0.000000000,0.000000000,False,0.000000000,False,0.000000000,0.452746790,0.000000000,0.000000000,0.128815050,True,0.123745282,0.540358466,0.482936717,0.482936717,0.000000000,1.000344121,0.155810300,0.393280893,0.085292017
22.350000000,-0.310047109,1.897676821,-0.722272793,1.669907115,-0.722272793,1.669907115,0.000000000,1.000000000,0.000000000,0.000000000,False,0.000000000,False,0.000000000,0.470966085,0.364385914,0.000000000,0.128788034,True,0.126099880,0.540050141,0.483677997,0.483677997,0.000000000,0.996008116,0.170798137,0.390240889,0.084679906
22.402000000,-0.301406310,1.883132600,-0.722272793,1.669907115,-0.722272793,1.669907115,0.000000000,1.000000000,0.000000000,0.000000000,False,0.000000000,False,0.000000000,0.471798372,0.016005506,0.000000000,0.128758030,True,0.125772653,0.541611169,0.482759328,0.482759328,0.000000000,1.000870304,0.157808980,0.391146575,0.086173452
22.452000000,-0.314150795,1.868466856,-0.739912531,1.614635649,-0.739912531,1.614635649,0.000000000,1.000000000,0.000000000,0.000000000,False,0.000000000,False,0.000000000,0.495684716,0.477726879,0.000000000,0.128726776,True,0.125616945,0.543338275,0.483091390,0.483091390,0.000000000,0.995940857,0.179448892,0.386217041,0.079968603
22.501000000,-0.307530252,1.860515929,-0.739912531,1.614635649,-0.739912531,1.614635649,0.000000000,1.000000000,0.000000000,0.000000000,False,0.000000000,False,0.000000000,0.497404812,0.035104002,0.000000000,0.128690993,True,0.125130540,0.545635540,0.483603012,0.483603012,0.000000000,0.999297367,0.178262374,0.388365339,0.081163032
22.550000000,-0.316486803,1.856321572,-0.754548984,1.568540920,-0.754548984,1.568540920,0.000000000,1.000000000,0.000000000,0.000000000,False,0.000000000,False,0.000000000,0.524133741,0.545488357,0.000000000,0.128669149,True,0.126495647,0.539621299,0.484222828,0.484222828,0.000000000,0.994060906,0.176794458,0.386191658,0.079943971
22.601000000,-0.332817098,1.827662137,-0.754548984,1.568540920,-0.754548984,1.568540920,0.000000000,1.000000000,0.000000000,0.000000000,False,0.000000000,False,0.000000000,0.494976352,-0.571713517,0.000000000,0.128619138,True,0.123643013,0.541004236,0.483089910,0.483089910,0.000000000,1.012815333,0.109893398,0.398322517,0.090011576
22.650000000,-0.318596182,1.804976755,-0.766220198,1.531644792,-0.766220198,1.531644792,0.000000000,1.000000000,0.000000000,0.000000000,False,0.000000000,False,0.000000000,0.524478429,0.602083198,0.000000000,0.128579976,True,0.124683309,0.551192206,0.483574931,0.483574931,0.000000000,1.005449809,0.177368147,0.386390397,0.078109500
22.701000000,-0.324242537,1.801644134,-0.780755849,1.485515123,-0.780755849,1.485515123,0.000000000,1.000000000,0.000000000,0.000000000,False,0.000000000,False,0.000000000,0.555285472,0.604059679,0.000000000,0.128534693,True,0.124028983,0.550433021,0.482892064,0.482892064,0.000000000,1.007666641,0.166096818,0.386140323,0.077603411
22.750000000,-0.339757937,1.777992693,-0.780755849,1.485515123,-0.780755849,1.485515123,0.000000000,1.000000000,0.000000000,0.000000000,False,0.000000000,False,0.000000000,0.529171321,-0.532941855,0.000000000,0.128511749,True,0.126228867,0.550245852,0.471764977,0.471764977,0.000000000,0.998961695,0.157588446,0.373716865,0.079500281
22.802000000,-0.373132817,1.694962165,-0.795102806,1.439886714,-0.795102806,1.439886714,0.000000000,1.000000000,0.000000000,0.000000000,False,0.000000000,False,0.000000000,0.493074191,-0.694175592,0.000000000,0.128457440,True,0.123053659,0.546907233,0.456843677,0.456843677,0.000000000,0.985483252,0.140170331,0.362978889,0.079571380
22.850000000,-0.353749856,1.719258707,-0.795102806,1.439886714,-0.795102806,1.439886714,0.000000000,1.000000000,0.000000000,0.000000000,False,0.000000000,False,0.000000000,0.522341973,0.609745461,0.000000000,0.128388621,True,0.121541077,0.546253557,0.441962447,0.441962447,0.000000000,0.975866401,0.115496826,0.350444362,0.079979206
22.900000000,-0.380333991,1.617623545,-0.811429957,1.387919584,-0.811429957,1.387919584,0.000000000,1.000000000,0.000000000,0.000000000,False,0.000000000,False,0.000000000,0.488474812,-0.677343214,0.000000000,0.128311918,True,0.120679877,0.546218008,0.427944696,0.427944696,0.000000000,0.956857081,0.136403083,0.331511209,0.072554911
22.950000000,-0.378152875,1.623261287,-0.811429957,1.387919584,-0.811429957,1.387919584,0.000000000,1.000000000,0.000000000,0.000000000,False,0.000000000,False,0.000000000,0.493066677,0.091837291,0.000000000,0.128223171,True,0.119392759,0.546844097,0.417777966,0.417777966,0.000000000,0.958085304,0.084299746,0.328527451,0.079303068
23.000000000,-0.374129441,1.595410504,-0.821648383,1.355354241,-0.821648383,1.355354241,0.000000000,1.000000000,0.000000000,0.000000000,False,0.000000000,False,0.000000000,0.507838766,0.295441796,0.000000000,0.128158361,True,0.121709741,0.544491097,0.408981849,0.408981849,0.000000000,0.937103625,0.132506397,0.309462130,0.070064873
23.050000000,-0.391875292,1.580942996,-0.821648383,1.355354241,-0.821648383,1.355354241,0.000000000,1.000000000,0.000000000,0.000000000,False,0.000000000,False,0.000000000,0.485381496,-0.449145415,0.000000000,0.128117876,True,0.124089522,0.543158137,0.400187038,0.400187038,0.000000000,0.916941703,0.167288307,0.295189911,0.066134809
23.100000000,-0.391076898,1.572615000,-0.821648383,1.355354241,-0.821648383,1.355354241,0.000000000,1.000000000,0.000000000,0.000000000,False,0.000000000,False,0.000000000,0.482280045,-0.062029020,0.000000000,0.128078078,True,0.124118217,0.538746550,0.386696702,0.386696702,0.000000000,0.912400039,0.117829736,0.286357512,0.073057367
23.150000000,-0.405792627,1.506007739,-0.833753901,1.316662658,-0.833753901,1.316662658,0.000000000,1.000000000,0.000000000,0.000000000,False,0.000000000,False,0.000000000,0.467976935,-0.286062188,0.000000000,0.128032902,True,0.123537787,0.538433781,0.378931804,0.378931804,0.000000000,0.894383094,0.155630667,0.274361650,0.065777411
23.201000000,-0.397462348,1.532848554,-0.833753901,1.316662658,-0.833753901,1.316662658,0.000000000,1.000000000,0.000000000,0.000000000,False,0.000000000,False,0.000000000,0.486915455,0.371343534,0.000000000,0.127972605,True,0.121973059,0.537741904,0.366470901,0.366470901,0.000000000,0.888937834,0.127258236,0.266238226,0.069504230
23.250000000,-0.402797775,1.484375440,-0.845157382,1.280177353,-0.845157382,1.280177353,0.000000000,1.000000000,0.000000000,0.000000000,False,0.000000000,False,0.000000000,0.487215435,0.006122038,0.000000000,0.127902392,True,0.120916130,0.534175721,0.359106621,0.359106621,0.000000000,0.870306672,0.154978092,0.256430899,0.063862402
23.300000000,-0.405613371,1.491877892,-0.845157382,1.280177353,-0.845157382,1.280177353,0.000000000,1.000000000,0.000000000,0.000000000,False,0.000000000,False,0.000000000,0.487868893,0.013069144,0.000000000,0.127842697,True,0.121903012,0.535984076,0.346472877,0.346472877,0.000000000,0.844876235,0.197162426,0.238417257,0.056429844
23.350000000,-0.408652042,1.451663878,-0.855909303,1.245806818,-0.855909303,1.245806818,0.000000000,1.000000000,0.000000000,0.000000000,False,0.000000000,False,0.000000000,0.492357784,0.089777827,0.000000000,0.127822427,True,0.125805560,0.537590083,0.335667022,0.335667022,0.000000000,0.824500875,0.223706420,0.221654625,0.053180938
23.400000000,-0.409904546,1.436361334,-0.866018638,1.213485729,-0.866018638,1.213485729,0.000000000,1.000000000,0.000000000,0.000000000,False,0.000000000,False,0.000000000,0.507655001,0.305944338,0.000000000,0.127789207,True,0.124483722,0.538825245,0.327903980,0.327903980,0.000000000,0.834929030,0.182368427,0.220022438,0.062110949
23.454000000,-0.413861477,1.435233390,-0.866018638,1.213485729,-0.866018638,1.213485729,0.000000000,1.000000000,0.000000000,0.000000000,False,0.000000000,False,0.000000000,0.503605126,-0.074997691,0.000000000,0.127755351,True,0.124386693,0.539695308,0.321007558,0.321007558,0.000000000,0.838058343,0.154691667,0.217502549,0.068983785
23.503000000,-0.417958042,1.402385147,-0.866018638,1.213485729,-0.866018638,1.213485729,0.000000000,1.000000000,0.000000000,0.000000000,False,0.000000000,False,0.000000000,0.486252288,-0.354139534,0.000000000,0.127697786,True,0.121970015,0.540499001,0.307051102,0.307051102,0.000000000,0.796989037,0.228254223,0.196550525,0.051636297
23.551000000,-0.423667300,1.384100491,-0.877431761,1.176977773,-0.877431761,1.176977773,0.000000000,1.000000000,0.000000000,0.000000000,False,0.000000000,False,0.000000000,0.498800568,0.261422491,0.000000000,0.127625075,True,0.120390252,0.540118077,0.300165409,0.300165409,0.000000000,0.816596452,0.158197711,0.198640358,0.064702989
23.602000000,-0.414419925,1.378412483,-0.877431761,1.176977773,-0.877431761,1.176977773,0.000000000,1.000000000,0.000000000,0.000000000,False,0.000000000,False,0.000000000,0.504931582,0.120215958,0.000000000,0.127543703,True,0.119447100,0.538420180,0.293267813,0.293267813,0.000000000,0.819234008,0.115134063,0.198268041,0.072406167
23.650000000,-0.417968041,1.352584766,-0.884572096,1.154106933,-0.884572096,1.154106933,0.000000000,1.000000000,0.000000000,0.000000000,False,0.000000000,False,0.000000000,0.507062909,0.044402655,0.000000000,0.127501046,True,0.123256623,0.539261180,0.287631841,0.287631841,0.000000000,0.817568491,0.099848725,0.189891583,0.075093522
23.700000000,-0.413800667,1.330530015,-0.884572096,1.154106933,-0.884572096,1.154106933,0.000000000,1.000000000,0.000000000,0.000000000,False,0.000000000,False,0.000000000,0.502743316,-0.086391855,0.000000000,0.127442521,True,0.121619244,0.542149535,0.277967627,0.277967627,0.000000000,0.784986894,0.191983286,0.170034459,0.056050618
23.750000000,-0.429041901,1.321399449,-0.893071535,1.126876894,-0.893071535,1.126876894,0.000000000,1.000000000,0.000000000,0.000000000,False,0.000000000,False,0.000000000,0.503152587,0.008185408,0.000000000,0.127374553,True,0.120611762,0.541348484,0.271731990,0.271731990,0.000000000,0.774511143,0.200677114,0.165321356,0.056780052
23.800000000,-0.425419012,1.324331259,-0.893071535,1.126876894,-0.893071535,1.126876894,0.000000000,1.000000000,0.000000000,0.000000000,False,0.000000000,False,0.000000000,0.507628909,0.089526432,0.000000000,0.127322584,True,0.122151625,0.539978111,0.262877530,0.262877530,0.000000000,0.770878109,0.183062206,0.158084584,0.062765102
23.850000000,-0.435677647,1.289034980,-0.901117844,1.101109746,-0.901117844,1.101109746,0.000000000,1.000000000,0.000000000,0.000000000,False,0.000000000,False,0.000000000,0.501946681,-0.113644550,0.000000000,0.127250237,True,0.120051611,0.536898990,0.257185774,0.257185774,0.000000000,0.783927245,0.103942042,0.163131792,0.074607223
23.900000000,-0.427724466,1.273288392,-0.901117844,1.101109746,-0.901117844,1.101109746,0.000000000,1.000000000,0.000000000,0.000000000,False,0.000000000,False,0.000000000,0.503732842,0.035723230,0.000000000,0.127202900,True,0.122492779,0.539460286,0.249101632,0.249101632,0.000000000,0.772503907,0.130642483,0.149312601,0.071039638
23.950000000,-0.431376551,1.254395573,-0.908732889,1.076733219,-0.908732889,1.076733219,0.000000000,1.000000000,0.000000000,0.000000000,False,0.000000000,False,0.000000000,0.509345644,0.112256037,0.000000000,0.127124670,True,0.119340807,0.538862478,0.243668634,0.243668634,0.000000000,0.746893166,0.192711805,0.137820176,0.055121068
24.000000000,-0.429128244,1.267518883,-0.908732889,1.076733219,-0.908732889,1.076733219,0.000000000,1.000000000,0.000000000,0.000000000,False,0.000000000,False,0.000000000,0.516158682,0.136260752,0.000000000,0.127124670,True,0.119826276,0.548946154,0.235543197,0.235543197,0.000000000,0.755952414,0.174688657,0.131152429,0.058829449
24.050000000,-0.433653287,1.235735337,-0.915936515,1.053677735,-0.915936515,1.053677735,0.000000000,1.000000000,0.000000000,0.000000000,False,0.000000000,False,0.000000000,0.515501778,-0.013138087,0.000000000,0.127124670,True,0.116200979,0.550585875,0.229995587,0.229995587,0.000000000,0.765086577,0.129701344,0.132764606,0.063630212
24.101000000,-0.426827988,1.229561231,-0.924066006,1.027659091,-0.924066006,1.027659091,0.000000000,1.000000000,0.000000000,0.000000000,False,0.000000000,False,0.000000000,0.536665743,0.414979720,0.000000000,0.127124670,True,0.116866221,0.547903056,0.222403918,0.222403918,0.000000000,0.747180981,0.157501724,0.120385119,0.057007705
24.150000000,-0.428633571,1.240909627,-0.924066006,1.027659091,-0.924066006,1.027659091,0.000000000,1.000000000,0.000000000,0.000000000,False,0.000000000,False,0.000000000,0.539378428,0.055360911,0.000000000,0.127124670,True,0.120465209,0.546627365,0.215609719,0.215609719,0.000000000,0.722014125,0.205805864,0.105623927,0.049142571
24.205000000,-0.443243104,1.205463641,-0.924066006,1.027659091,-0.924066006,1.027659091,0.000000000,1.000000000,0.000000000,0.000000000,False,0.000000000,False,0.000000000,0.512645220,-0.486058334,0.000000000,0.127124670,True,0.118227418,0.547858246,0.210655994,0.210655994,0.000000000,0.726395136,0.184829096,0.104463784,0.051970538
24.250000000,-0.432444933,1.221848529,-0.930418273,1.007321024,-0.930418273,1.007321024,0.000000000,1.000000000,0.000000000,0.000000000,False,0.000000000,False,0.000000000,0.542217206,0.657155245,0.000000000,0.127124670,True,0.116289270,0.544542227,0.210582177,0.210582177,0.000000000,0.724341824,0.180491722,0.105465538,0.049736169
24.300000000,-0.435483482,1.214135065,-0.930418273,1.007321024,-0.930418273,1.007321024,0.000000000,1.000000000,0.000000000,0.000000000,False,0.000000000,False,0.000000000,0.536407024,-0.116203637,0.000000000,0.127124670,True,0.114946291,0.538571845,0.199541884,0.199541884,0.000000000,0.711057908,0.168555595,0.095324456,0.048491006
24.351000000,-0.444364713,1.178911133,-0.936459749,0.987938200,-0.936459749,0.987938200,0.000000000,1.000000000,0.000000000,0.000000000,False,0.000000000,False,0.000000000,0.527852428,-0.167737174,0.000000000,0.127124670,True,0.113101690,0.539881763,0.192490572,0.192490572,0.000000000,0.720508006,0.112560683,0.095641777,0.058414924
24.421000000,-0.433344564,1.175400080,-0.936459749,0.987938200,-0.936459749,0.987938200,0.000000000,1.000000000,0.000000000,0.000000000,False,0.000000000,False,0.000000000,0.536904877,0.129320698,0.000000000,0.127124670,True,0.113824590,0.539605553,0.193239985,0.193239985,0.000000000,0.710223233,0.154604249,0.090898914,0.049823114
24.450000000,-0.436225175,1.168574590,-0.943323477,0.965904374,-0.943323477,0.965904374,0.000000000,1.000000000,0.000000000,0.000000000,False,0.000000000,False,0.000000000,0.546098805,0.317032005,0.016568111,0.127124670,True,0.143692781,0.551719966,0.607261564,0.607261564,0.000000000,1.133329440,0.166275408,0.508372093,0.104252040
24.501000000,0.498035812,2.200063440,-0.943323477,0.965904374,-0.943323477,0.965904374,0.000000000,1.000000000,0.000000000,0.000000000,False,0.000000000,False,0.000000000,1.897541884,26.498883915,0.018170539,0.127124670,True,0.145295209,0.546808137,0.612836533,0.612836533,0.000000000,1.141669736,0.139048849,0.515432300,0.107810543
24.550000000,-0.398084201,1.544264197,-0.950612737,0.937797575,-0.950612737,0.937797575,0.000000000,1.000000000,0.000000000,0.000000000,False,0.000000000,False,0.000000000,0.820420347,-21.982072186,0.020439492,0.127124670,True,0.147564163,0.542158701,0.627617460,0.627617460,0.000000000,1.152388452,0.136203757,0.529481447,0.110202110
24.600000000,-0.394304383,1.577447200,-0.950612737,0.937797575,-0.950612737,0.937797575,0.000000000,1.000000000,0.000000000,0.000000000,False,0.000000000,False,0.000000000,0.847720843,0.546009914,0.018911209,0.127124670,True,0.146035879,0.542230456,0.641505244,0.641505244,0.000000000,1.175065353,0.096578870,0.554534665,0.117314093
24.650000000,-0.376050408,1.557601830,-0.959094824,0.881003806,-0.959094824,0.881003806,0.000000000,1.000000000,0.000000000,0.000000000,False,0.000000000,False,0.000000000,0.893154900,0.908681145,0.022426715,0.127124670,True,0.149551385,0.551043700,0.663188489,0.663188489,0.000000000,1.213686519,0.024516898,0.588564335,0.129602672
24.707000000,-0.421329087,1.384750739,-0.959094824,0.881003806,-0.959094824,0.881003806,0.000000000,1.000000000,0.000000000,0.000000000,False,0.000000000,False,0.000000000,0.736853419,-2.742131254,0.021715705,0.127124670,True,0.148840375,0.550207851,0.663494006,0.663494006,0.000000000,1.213695866,-0.002567614,0.594998489,0.132143185
24.750000000,-0.418362786,1.376651306,-0.958950382,0.814263058,-0.958950382,0.814263058,0.000000000,1.000000000,0.000000000,0.000000000,False,0.000000000,False,0.000000000,0.780074029,1.005130460,0.025807951,0.127124670,True,0.152932621,0.546144186,0.699247444,0.699247444,0.000000000,1.244312674,-0.034312775,0.639406678,0.140739012
24.800000000,-0.301712312,1.515182903,-0.958950382,0.814263058,-0.958950382,0.814263058,0.000000000,1.000000000,0.000000000,0.000000000,False,0.000000000,False,0.000000000,0.960859256,3.615704542,0.025565402,0.127124670,True,0.152690073,0.545999072,0.714451389,0.714451389,0.000000000,1.258137001,-0.050208979,0.657972759,0.141860575
24.850000000,-0.362473395,1.403547897,-0.950489899,0.757796902,-0.950489899,0.757796902,0.000000000,1.000000000,0.000000000,0.000000000,False,0.000000000,False,0.000000000,0.873360038,-1.749984354,0.028142517,0.127124670,True,0.155267187,0.542884227,0.727713712,0.727713712,0.000000000,1.245091902,-0.164447842,0.701320257,0.153007467
24.900000000,-0.343958576,1.270010859,-0.950489899,0.757796902,-0.950489899,0.757796902,0.000000000,1.000000000,0.000000000,0.000000000,False,0.000000000,False,0.000000000,0.793878695,-1.589626853,0.028711989,0.127124670,True,0.155836659,0.534015489,0.748112027,0.748112027,0.000000000,1.261322709,-0.147605345,0.711922705,0.151576375
24.955000000,-0.369967913,1.206587490,-0.923139847,0.671574775,-0.923139847,0.671574775,0.000000000,1.000000000,0.000000000,0.000000000,False,0.000000000,False,0.000000000,0.769569876,-0.441978539,0.027121036,0.127124670,True,0.154245706,0.530974742,0.764647437,0.764647437,0.000000000,1.273236411,-0.152549766,0.728277071,0.149896412
25.000000000,-0.287434171,1.322329912,-0.888214897,0.600908570,-0.888214897,0.600908570,0.000000000,1.000000000,0.000000000,0.000000000,False,0.000000000,False,0.000000000,0.938821726,3.761152235,0.024539047,0.127124670,True,0.151663718,0.526503822,0.780046665,0.780046665,0.000000000,1.255284838,-0.226616313,0.759843309,0.150312034
25.050000000,-0.310167048,1.148984192,-0.888214897,0.600908570,-0.888214897,0.600908570,0.000000000,1.000000000,0.000000000,0.000000000,False,0.000000000,False,0.000000000,0.796571530,-2.845003918,0.024896468,0.127124670,True,0.152021138,0.522369227,0.788832178,0.788832178,0.000000000,1.249641703,-0.246016647,0.773790912,0.151275202
25.100000000,-0.282081285,1.078537466,-0.888214897,0.600908570,-0.888214897,0.600908570,0.000000000,1.000000000,0.000000000,0.000000000,False,0.000000000,False,0.000000000,0.771704165,-0.497347300,0.024014890,0.127124670,True,0.151139561,0.515098020,0.800877615,0.800877615,0.000000000,1.247057331,-0.257390037,0.786876564,0.150489659
25.153000000,-0.245967680,1.094236784,-0.844148808,0.532821853,-0.844148808,0.532821853,0.000000000,1.000000000,0.000000000,0.000000000,False,0.000000000,False,0.000000000,0.820370274,0.918228460,0.024714225,0.127124670,True,0.151838896,0.512924892,0.812455354,0.812455354,0.000000000,1.247564247,-0.271610374,0.801421610,0.151437468
25.227000000,-0.157340772,1.117018453,-0.792735608,0.468028272,-0.792735608,0.468028272,0.000000000,1.000000000,0.000000000,0.000000000,False,0.000000000,False,0.000000000,0.908248232,1.187539978,0.024801892,0.127124670,True,0.151926562,0.509903967,0.821233083,0.821233083,0.000000000,1.241203922,-0.289182555,0.814074728,0.151757828
25.288000000,-0.150221199,0.921536010,-0.792735608,0.468028272,-0.792735608,0.468028272,0.000000000,1.000000000,0.000000000,0.000000000,False,0.000000000,False,0.000000000,0.786443916,-1.996792071,0.019690629,0.127124670,True,0.146815299,0.507366574,0.821889933,0.821889933,0.000000000,1.224224386,-0.309108117,0.817604613,0.146752745
25.300000000,-0.150221199,0.921536010,-0.792735608,0.468028272,-0.792735608,0.468028272,0.000000000,1.000000000,0.000000000,0.000000000,False,0.000000000,False,0.000000000,0.786443916,0.000000000,0.016791644,0.127124670,True,0.143916315,0.501837442,0.816067377,0.816067377,0.000000000,1.218794171,-0.299419351,0.804748407,0.143470508
25.350000000,-0.203107744,0.892444263,-0.735452525,0.406868137,-0.735452525,0.406868137,0.000000000,1.000000000,0.000000000,0.000000000,False,0.000000000,False,0.000000000,0.720538090,-1.318116511,0.012350008,0.127124670,True,0.139474679,0.501518905,0.779777237,0.779777237,0.000000000,1.144596696,-0.344133657,0.780889491,0.139470244
25.420000000,-0.186140221,0.636804242,-0.735452525,0.406868137,-0.735452525,0.406868137,0.000000000,1.000000000,0.000000000,0.000000000,False,0.000000000,False,0.000000000,0.595495272,-1.786325976,0.010023025,0.127124670,True,0.137147695,0.499652288,0.779184625,0.779184625,0.000000000,1.154261600,-0.330105547,0.775616764,0.137101279
25.450000000,-0.151207951,0.828224059,-0.675143407,0.350777651,-0.675143407,0.350777651,0.000000000,1.000000000,0.000000000,0.000000000,False,0.000000000,False,0.000000000,0.708846552,3.778376016,0.000401706,0.127124670,True,0.127526376,0.499695436,0.742497837,0.742497837,0.000000000,1.101862511,-0.347206797,0.737324207,0.127421388
25.501000000,-0.132078270,0.787059608,-0.675143407,0.350777651,-0.675143407,0.350777651,0.000000000,1.000000000,0.000000000,0.000000000,False,0.000000000,False,0.000000000,0.696607270,-0.239985934,0.001275765,0.127124670,True,0.128400436,0.494560507,0.706063962,0.706063962,0.000000000,1.050609790,-0.354793274,0.701201366,0.128308328
25.550000000,-0.128718883,0.693611823,-0.627948491,0.311343396,-0.627948491,0.311343396,0.000000000,1.000000000,0.000000000,0.000000000,False,0.000000000,False,0.000000000,0.628776074,-1.384310110,0.002518712,0.127124670,True,0.129643383,0.489573260,0.683764424,0.683764424,0.000000000,1.028910894,-0.347211594,0.669273726,0.128830999
25.600000000,-0.160006287,0.626166241,-0.571184491,0.268208857,-0.571184491,0.268208857,0.000000000,1.000000000,0.000000000,0.000000000,False,0.000000000,False,0.000000000,0.545161447,-1.672292539,0.000000000,0.127124670,True,0.125014036,0.490859647,0.647325483,0.647325483,0.000000000,0.956218354,-0.381481832,0.644109441,0.124972662
25.651000000,-0.134694619,0.520703448,-0.571184491,0.268208857,-0.571184491,0.268208857,0.000000000,1.000000000,0.000000000,0.000000000,False,0.000000000,False,0.000000000,0.504258789,-0.802012910,0.000000000,0.127124670,True,0.119078544,0.497955743,0.624425848,0.624425848,0.000000000,0.908629264,-0.408886708,0.621410121,0.119040351
25.700000000,-0.081103605,0.546920186,-0.571184491,0.268208857,-0.571184491,0.268208857,0.000000000,1.000000000,0.000000000,0.000000000,False,0.000000000,False,0.000000000,0.563790102,1.214924758,0.000000000,0.127124670,True,0.116348349,0.498758789,0.590557074,0.590557074,0.000000000,0.881697769,-0.404965955,0.582658164,0.116079910
25.750000000,-0.109021469,0.465858434,-0.517912297,0.231371847,-0.517912297,0.231371847,0.000000000,1.000000000,0.000000000,0.000000000,False,0.000000000,False,0.000000000,0.471355140,-1.848699238,0.000000000,0.127124670,True,0.112929526,0.496982387,0.559972944,0.559972944,0.000000000,0.847175364,-0.405593716,0.547286815,0.112214705
25.800000000,-0.111645584,0.459695096,-0.517912297,0.231371847,-0.517912297,0.231371847,0.000000000,1.000000000,0.000000000,0.000000000,False,0.000000000,False,0.000000000,0.466030201,-0.106498790,0.000000000,0.127124670,True,0.108687858,0.499952802,0.539318007,0.539318007,0.000000000,0.794207689,-0.430097726,0.533220018,0.108516658
25.850000000,-0.053298203,0.482856851,-0.468778340,0.200145033,-0.468778340,0.200145033,0.000000000,1.000000000,0.000000000,0.000000000,False,0.000000000,False,0.000000000,0.502543249,0.730260955,0.000000000,0.127124670,True,0.109784622,0.504571711,0.519631923,0.519631923,0.000000000,0.803181653,-0.417363345,0.503620259,0.108610726
25.900000000,-0.069156567,0.465029474,-0.468778340,0.200145033,-0.468778340,0.200145033,0.000000000,1.000000000,0.000000000,0.000000000,False,0.000000000,False,0.000000000,0.479438556,-0.462093858,0.000000000,0.127124670,True,0.108548690,0.501996865,0.490944088,0.490944088,0.000000000,0.729347714,-0.441774336,0.480646347,0.108059126
25.950000000,-0.071677946,0.389740428,-0.423510741,0.173475913,-0.423510741,0.173475913,0.000000000,1.000000000,0.000000000,0.000000000,False,0.000000000,False,0.000000000,0.412985056,-1.329069988,0.000000000,0.127124670,True,0.104841497,0.503022772,0.471783148,0.471783148,0.000000000,0.689225881,-0.453597363,0.465933096,0.104678156
26.000000000,-0.029323578,0.390353312,-0.373890500,0.146383210,-0.373890500,0.146383210,0.000000000,1.000000000,0.000000000,0.000000000,False,0.000000000,False,0.000000000,0.422194001,0.184178894,0.000000000,0.127124670,True,0.104454723,0.498968655,0.445392607,0.445392607,0.000000000,0.672835518,-0.444116472,0.435374894,0.103973239
26.052000000,-0.066707846,0.314460954,-0.373890500,0.146383210,-0.373890500,0.146383210,0.000000000,1.000000000,0.000000000,0.000000000,False,0.000000000,False,0.000000000,0.350158979,-1.385288876,0.000000000,0.127124670,True,0.105667812,0.493296976,0.445334211,0.445334211,0.000000000,0.656078856,-0.446014127,0.437493069,0.105376482
26.100000000,0.015066930,0.473502713,-0.373890500,0.146383210,-0.373890500,0.146383210,0.000000000,1.000000000,0.000000000,0.000000000,False,0.000000000,False,0.000000000,0.508227362,3.293091305,0.000000000,0.127124670,True,0.107361460,0.492832735,0.402694166,0.402694166,0.000000000,0.595729023,-0.453455234,0.396953049,0.107207848
26.150000000,0.036494962,0.444000935,-0.336386683,0.127282998,-0.336386683,0.127282998,0.000000000,1.000000000,0.000000000,0.000000000,False,0.000000000,False,0.000000000,0.489235089,-0.379845451,0.000000000,0.127124670,True,0.106642253,0.490512073,0.379290793,0.379290793,0.000000000,0.556995834,-0.457190346,0.375045457,0.106557718
26.206000000,-0.029628523,0.298759598,-0.302723747,0.111090423,-0.302723747,0.111090423,0.000000000,1.000000000,0.000000000,0.000000000,False,0.000000000,False,0.000000000,0.331361918,-2.819163779,0.000000000,0.127124670,True,0.107199178,0.485770730,0.364680807,0.364680807,0.000000000,0.576643814,-0.437086817,0.352207734,0.106471058
26.250000000,0.016171308,0.430450953,-0.302723747,0.111090423,-0.302723747,0.111090423,0.000000000,1.000000000,0.000000000,0.000000000,False,0.000000000,False,0.000000000,0.451314972,2.726205788,0.000000000,0.127124670,True,0.107080532,0.482316970,0.365090838,0.365090838,0.000000000,0.568098694,-0.437512823,0.351914300,0.106266736
26.301000000,0.024786430,0.416027558,-0.302723747,0.111090423,-0.302723747,0.111090423,0.000000000,1.000000000,0.000000000,0.000000000,False,0.000000000,False,0.000000000,0.447492539,-0.074949686,0.000000000,0.127124670,True,0.095010221,0.490348432,0.613740556,0.613740556,0.000000000,0.803656333,-0.452076965,0.602157074,0.094301459
26.350000000,0.149818492,0.474964016,-0.269217836,0.095684494,-0.269217836,0.095684494,0.000000000,1.000000000,0.000000000,0.000000000,False,0.000000000,False,0.000000000,0.565194126,2.402073206,0.000000000,0.127124670,True,0.096719406,0.491962228,0.612832318,0.612832318,0.000000000,0.862504100,-0.423899558,0.587648746,0.093383249
26.400000000,0.113466975,0.481610859,-0.269217836,0.095684494,-0.269217836,0.095684494,0.000000000,1.000000000,0.000000000,0.000000000,False,0.000000000,False,0.000000000,0.543495008,-0.433982359,0.000000000,0.127124670,True,0.097775528,0.488749791,0.612832318,0.612832318,0.000000000,0.819753157,-0.442786771,0.589650649,0.094987705
26.450000000,0.124579729,0.449850455,-0.231245127,0.077875830,-0.231245127,0.077875830,0.000000000,1.000000000,0.000000000,0.000000000,False,0.000000000,False,0.000000000,0.514758633,-0.574727497,0.000000000,0.127124670,True,0.097510480,0.482909031,0.615210709,0.615210709,0.000000000,0.790724335,-0.449884540,0.595952513,0.095589831
26.500000000,0.155300564,0.432331429,-0.231245127,0.077875830,-0.231245127,0.077875830,0.000000000,1.000000000,0.000000000,0.000000000,False,0.000000000,False,0.000000000,0.524458143,0.193990198,0.000000000,0.127124670,True,0.099340235,0.477660443,0.617404891,0.617404891,0.000000000,0.809696558,-0.437245255,0.592791825,0.096242814
26.550000000,0.164265302,0.436752053,-0.177935765,0.051895633,-0.177935765,0.051895633,0.000000000,1.000000000,0.000000000,0.000000000,False,0.000000000,False,0.000000000,0.514991294,-0.189336965,0.000000000,0.127124670,True,0.097616267,0.476680103,0.618514598,0.618514598,0.000000000,0.813873343,-0.434809017,0.587868942,0.092681063
26.600000000,0.176566618,0.422496794,-0.177935765,0.051895633,-0.177935765,0.051895633,0.000000000,1.000000000,0.000000000,0.000000000,False,0.000000000,False,0.000000000,0.512851986,-0.042786173,0.000000000,0.127124670,True,0.098068726,0.474037356,0.620619376,0.620619376,0.000000000,0.840310567,-0.420056181,0.583668922,0.090841284
26.650000000,0.172172656,0.438347539,-0.122551064,0.023579681,-0.122551064,0.023579681,0.000000000,1.000000000,0.000000000,0.000000000,False,0.000000000,False,0.000000000,0.508816713,-0.080705465,0.000000000,0.127124670,True,0.097764791,0.474701459,0.621926386,0.621926386,0.000000000,0.807089166,-0.437099783,0.587744267,0.091594416
26.700000000,0.209334039,0.410105433,-0.122551064,0.023579681,-0.122551064,0.023579681,0.000000000,1.000000000,0.000000000,0.000000000,False,0.000000000,False,0.000000000,0.509460379,0.012873334,0.000000000,0.127124670,True,0.100390069,0.471735343,0.622612985,0.622612985,0.000000000,0.839775617,-0.418777536,0.577292167,0.089577840
26.750000000,0.184317520,0.407154173,-0.066811637,-0.006110446,-0.066811637,-0.006110446,0.000000000,1.000000000,0.000000000,0.000000000,False,0.000000000,False,0.000000000,0.483584014,-0.517527296,0.000000000,0.127124670,True,0.100768357,0.467717801,0.623868764,0.623868764,0.000000000,0.809313993,-0.429383288,0.579862440,0.090651559
26.800000000,0.216171457,0.376615673,-0.066811637,-0.006110446,-0.066811637,-0.006110446,0.000000000,1.000000000,0.000000000,0.000000000,False,0.000000000,False,0.000000000,0.475981842,-0.152043451,0.000000000,0.127124670,True,0.100592268,0.465529467,0.625187350,0.625187350,0.000000000,0.789963379,-0.435392403,0.584482967,0.091988900
26.850000000,0.228058439,0.381874917,-0.000165040,-0.042831768,-0.000165040,-0.042831768,0.000000000,1.000000000,0.000000000,0.000000000,False,0.000000000,False,0.000000000,0.482142847,0.123220096,0.000000000,0.127124670,True,0.101012711,0.467843468,0.625756665,0.625756665,0.000000000,0.808712201,-0.430586556,0.578925732,0.089501014
26.903000000,0.289650127,0.333304696,0.044036679,-0.067761653,0.044036679,-0.067761653,0.000000000,1.000000000,0.000000000,0.000000000,False,0.000000000,False,0.000000000,0.470297972,-0.223488199,0.000000000,0.127124670,True,0.100715745,0.466311974,0.625808493,0.625808493,0.000000000,0.783615503,-0.438798137,0.584470558,0.091841366
26.951000000,0.272678872,0.335627874,0.044036679,-0.067761653,0.044036679,-0.067761653,0.000000000,1.000000000,0.000000000,0.000000000,False,0.000000000,False,0.000000000,0.463681316,-0.137847007,0.000000000,0.127124670,True,0.099113961,0.463204414,0.627529063,0.627529063,0.000000000,0.849222068,-0.406706947,0.570543925,0.081094213
27.000000000,0.272678872,0.335627874,0.044036679,-0.067761653,0.044036679,-0.067761653,0.000000000,1.000000000,0.000000000,0.000000000,False,0.000000000,False,0.000000000,0.463681316,0.000000000,0.000000000,0.127124670,True,0.098355710,0.462013872,0.628011477,0.628011477,0.000000000,0.816217810,-0.421942169,0.576284968,0.083655328
27.050000000,0.279416766,0.325571407,0.099025969,-0.099277365,0.099025969,-0.099277365,0.000000000,1.000000000,0.000000000,0.000000000,False,0.000000000,False,0.000000000,0.461559658,-0.042433149,0.000000000,0.127124670,True,0.099779386,0.464922565,0.628208784,0.628208784,0.000000000,0.800775438,-0.431710251,0.578440978,0.086481740
27.100000000,0.354694890,0.315728624,0.099025969,-0.099277365,0.099025969,-0.099277365,0.000000000,1.000000000,0.000000000,0.000000000,False,0.000000000,False,0.000000000,0.487438784,0.517582506,0.000000000,0.127124670,True,0.100269862,0.464928423,0.628917061,0.628917061,0.000000000,0.769747163,-0.443086133,0.583510317,0.089399512
27.150000000,0.406792018,0.288107539,0.164710991,-0.137540509,0.164710991,-0.137540509,0.000000000,1.000000000,0.000000000,0.000000000,False,0.000000000,False,0.000000000,0.489672834,0.044681012,0.000000000,0.127124670,True,0.099453248,0.466544305,0.629085961,0.629085961,0.000000000,0.830457435,-0.420848093,0.569209486,0.079408792
27.200000000,0.310658127,0.292829702,0.164710991,-0.137540509,0.164710991,-0.137540509,0.000000000,1.000000000,0.000000000,0.000000000,False,0.000000000,False,0.000000000,0.454443709,-0.704582506,0.000000000,0.127124670,True,0.101458438,0.462884855,0.630119027,0.630119027,0.000000000,0.780053090,-0.437929408,0.580709178,0.088614228
27.250000000,0.387337618,0.269151385,0.208364392,-0.163243990,0.208364392,-0.163243990,0.000000000,1.000000000,0.000000000,0.000000000,False,0.000000000,False,0.000000000,0.467971342,0.270552653,0.000000000,0.127124670,True,0.101036437,0.468306186,0.630188366,0.630188366,0.000000000,0.845171281,-0.416044506,0.563395294,0.075809281
27.300000000,0.344364553,0.279283861,0.181334338,-0.063016676,0.181334338,-0.063016676,0.000000000,1.000000000,0.000000000,0.000000000,False,0.000000000,False,0.000000000,0.379141805,-1.776590726,0.000000000,0.127124670,True,0.100876284,0.467682903,0.631149913,0.631149913,0.000000000,0.832417939,-0.422159306,0.563321619,0.074668249
27.350000000,0.341766674,0.258190647,0.181334338,-0.063016676,0.181334338,-0.063016676,0.000000000,1.000000000,0.000000000,0.000000000,False,0.000000000,False,0.000000000,0.359044118,-0.401953756,0.000000000,0.127124670,True,0.099393349,0.467346561,0.630351940,0.630351940,0.000000000,0.809966564,-0.431452657,0.564627253,0.074560737
27.400000000,0.377282248,0.236767662,0.181334338,-0.063016676,0.181334338,-0.063016676,0.000000000,1.000000000,0.000000000,0.000000000,False,0.000000000,False,0.000000000,0.358142754,-0.018027264,0.000000000,0.127124670,True,0.102041623,0.464104905,0.630832961,0.630832961,0.000000000,0.788457534,-0.436517876,0.565574373,0.078446221
27.451000000,0.415851319,0.218418873,0.209454290,-0.256664435,0.209454290,-0.256664435,0.000000000,1.000000000,0.000000000,0.000000000,False,0.000000000,False,0.000000000,0.517980582,3.134075058,0.000000000,0.127124670,True,0.099176275,0.464036477,0.630651314,0.630651314,0.000000000,0.788307239,-0.436433799,0.562952636,0.072476359
27.500000000,0.410609679,0.207191723,0.209454290,-0.256664435,0.209454290,-0.256664435,0.000000000,1.000000000,0.000000000,0.000000000,False,0.000000000,False,0.000000000,0.505594725,-0.252772597,0.000000000,0.127124670,True,0.098952963,0.462997402,0.631762430,0.631762430,0.000000000,0.808530917,-0.427924639,0.558012261,0.065974248
27.552000000,0.412731790,0.197651652,0.356757201,-0.208257440,0.356757201,-0.208257440,0.000000000,1.000000000,0.000000000,0.000000000,False,0.000000000,False,0.000000000,0.409750346,-1.843161144,0.000000000,0.127124670,True,0.100422468,0.460002545,0.631419396,0.631419396,0.000000000,0.819357681,-0.419858955,0.552383067,0.061951035
27.600000000,0.412731790,0.197651652,0.356757201,-0.208257440,0.356757201,-0.208257440,0.000000000,1.000000000,0.000000000,0.000000000,False,0.000000000,False,0.000000000,0.409750346,0.000000000,0.000000000,0.127124670,True,0.101680890,0.460928898,0.631833702,0.631833702,0.000000000,0.821938788,-0.419899399,0.551214117,0.061963586
27.651000000,0.429627231,0.193941473,0.433427901,-0.351976915,0.433427901,-0.351976915,0.000000000,1.000000000,0.000000000,0.000000000,False,0.000000000,False,0.000000000,0.545931618,2.670221032,0.000000000,0.127124670,True,0.102999178,0.457761648,0.632306730,0.632306730,0.000000000,0.804053921,-0.424321374,0.551016409,0.063251201
27.700000000,0.442294955,0.166848698,0.419335660,-0.195552473,0.419335660,-0.195552473,0.000000000,1.000000000,0.000000000,0.000000000,False,0.000000000,False,0.000000000,0.363127716,-3.730691883,0.000000000,0.127124670,True,0.101553583,0.456433724,0.631936028,0.631936028,0.000000000,0.795118316,-0.426266684,0.554452927,0.065646776
27.750000000,0.482696963,0.166111779,0.419335660,-0.195552473,0.419335660,-0.195552473,0.000000000,1.000000000,0.000000000,0.000000000,False,0.000000000,False,0.000000000,0.367172556,0.080896804,0.000000000,0.127124670,True,0.105440566,0.456999436,0.632520005,0.632520005,0.000000000,0.774876181,-0.434261676,0.551743888,0.067771173
27.802000000,0.493661060,0.133839962,0.419335660,-0.195552473,0.419335660,-0.195552473,0.000000000,1.000000000,0.000000000,0.000000000,False,0.000000000,False,0.000000000,0.337673868,-0.567282460,0.000000000,0.127124670,True,0.105689383,0.455277553,0.632580091,0.632580091,0.000000000,0.792561655,-0.426243533,0.548454776,0.063977942
27.852000000,0.488591007,0.138230863,0.494370091,-0.412882469,0.494370091,-0.412882469,0.000000000,1.000000000,0.000000000,0.000000000,False,0.000000000,False,0.000000000,0.551143632,4.269395270,0.000000000,0.127124670,True,0.105073994,0.452473959,0.632736998,0.632736998,0.000000000,0.778770406,-0.428260350,0.549189004,0.063720303
27.901000000,0.515702936,0.116040730,0.494370091,-0.412882469,0.494370091,-0.412882469,0.000000000,1.000000000,0.000000000,0.000000000,False,0.000000000,False,0.000000000,0.529353229,-0.444702094,0.000000000,0.127124670,True,0.101301235,0.452700782,0.632841233,0.632841233,0.000000000,0.781873315,-0.427466298,0.551995801,0.061040613
27.950000000,0.538170354,0.113909592,0.572950815,-0.432221302,0.572950815,-0.432221302,0.000000000,1.000000000,0.000000000,0.000000000,False,0.000000000,False,0.000000000,0.547237273,0.364980494,0.000000000,0.127124670,True,0.100939142,0.449479340,0.632640075,0.632640075,0.000000000,0.778491085,-0.425157806,0.551398861,0.059904721
28.000000000,0.543486168,0.103762341,0.572950815,-0.432221302,0.572950815,-0.432221302,0.000000000,1.000000000,0.000000000,0.000000000,False,0.000000000,False,0.000000000,0.536792912,-0.208887219,0.000000000,0.127124670,True,0.102483848,0.451615468,0.632526180,0.632526180,0.000000000,0.749399153,-0.436230718,0.554000426,0.065853209
28.050000000,0.624079471,0.085155481,0.563253492,-0.402267286,0.563253492,-0.402267286,0.000000000,1.000000000,0.000000000,0.000000000,False,0.000000000,False,0.000000000,0.491203373,-0.911790785,0.000000000,0.127124670,True,0.107299513,0.454894993,0.632638902,0.632638902,0.000000000,0.764630932,-0.435324659,0.547593537,0.065425311
28.102000000,0.609102044,0.078024596,0.563253492,-0.402267286,0.563253492,-0.402267286,0.000000000,1.000000000,0.000000000,0.000000000,False,0.000000000,False,0.000000000,0.482475265,-0.167848231,0.000000000,0.127124670,True,0.111127634,0.460390872,0.633391575,0.633391575,0.000000000,0.781727741,-0.435839577,0.539348379,0.059204969
28.150000000,0.582508073,0.064802950,0.788515473,-0.432005380,0.788515473,-0.432005380,0.000000000,1.000000000,0.000000000,0.000000000,False,0.000000000,False,0.000000000,0.537826706,1.153155015,0.000000000,0.127124670,True,0.111446354,0.461368009,0.633164029,0.633164029,0.000000000,0.785246120,-0.435581768,0.537313179,0.056858637
28.200000000,0.588520888,0.062204712,0.788515473,-0.432005380,0.788515473,-0.432005380,0.000000000,1.000000000,0.000000000,0.000000000,False,0.000000000,False,0.000000000,0.533142991,-0.093674304,0.000000000,0.127124670,True,0.111372582,0.462713786,0.632748214,0.632748214,0.000000000,0.771277388,-0.441490335,0.538399441,0.059179061
28.250000000,0.606804688,0.042840000,0.705006759,-0.505783292,0.705006759,-0.505783292,0.000000000,1.000000000,0.000000000,0.000000000,False,0.000000000,False,0.000000000,0.557342950,0.483999189,0.000000000,0.127124670,True,0.113067451,0.459108305,0.632984168,0.632984168,0.000000000,0.770246045,-0.438109134,0.534989934,0.056403711
28.300000000,0.614523737,0.034647042,0.705006759,-0.505783292,0.705006759,-0.505783292,0.000000000,1.000000000,0.000000000,0.000000000,False,0.000000000,False,0.000000000,0.547952666,-0.187805685,0.000000000,0.127124670,True,0.114541010,0.458786333,0.633039116,0.633039116,0.000000000,0.744270164,-0.445098364,0.536334290,0.061382567
28.350000000,0.644595353,0.013768485,0.810898630,-0.521605659,0.810898630,-0.521605659,0.000000000,1.000000000,0.000000000,0.000000000,False,0.000000000,False,0.000000000,0.560608824,0.253123155,0.000000000,0.127124670,True,0.115028448,0.457459132,0.633402462,0.633402462,0.000000000,0.750403577,-0.442243820,0.532674838,0.055547184
28.400000000,0.645938689,0.001698473,0.930023141,-0.487420646,0.930023141,-0.487420646,0.000000000,1.000000000,0.000000000,0.000000000,False,0.000000000,False,0.000000000,0.565633705,0.100497635,0.000000000,0.127124670,True,0.116441508,0.454933244,0.633610346,0.633610346,0.000000000,0.686408100,-0.451859109,0.539796974,0.068975910
28.450000000,0.718044596,-0.026086579,0.930023141,-0.487420646,0.930023141,-0.487420646,0.000000000,1.000000000,0.000000000,0.000000000,False,0.000000000,False,0.000000000,0.507704663,-1.158580852,0.000000000,0.127124670,True,0.116304618,0.461235676,0.632910122,0.632910122,0.000000000,0.774891922,-0.438838829,0.526718901,0.047436155
28.500000000,0.655067452,-0.004431157,0.930023141,-0.487420646,0.930023141,-0.487420646,0.000000000,1.000000000,0.000000000,0.000000000,False,0.000000000,False,0.000000000,0.555769266,0.961292063,0.000000000,0.127124670,True,0.120631564,0.458908149,0.633621450,0.633621450,0.000000000,0.754755476,-0.442632169,0.523188176,0.048543448
28.550000000,0.660584363,-0.031640027,0.932820255,-0.637443890,0.932820255,-0.637443890,0.000000000,1.000000000,0.000000000,0.000000000,False,0.000000000,False,0.000000000,0.664161653,2.167847747,0.000000000,0.127124670,True,0.119590482,0.455885880,0.633396917,0.633396917,0.000000000,0.732549706,-0.444972651,0.525842155,0.052286297
28.602000000,0.701452694,-0.040211856,1.051949366,-0.525382688,1.051949366,-0.525382688,0.000000000,1.000000000,0.000000000,0.000000000,False,0.000000000,False,0.000000000,0.598530412,-1.262139255,0.000000000,0.127124670,True,0.118374683,0.453808471,0.632961892,0.632961892,0.000000000,0.734478676,-0.442308118,0.526037325,0.050790770
28.650000000,0.714869125,-0.043611019,1.051949366,-0.525382688,1.051949366,-0.525382688,0.000000000,1.000000000,0.000000000,0.000000000,False,0.000000000,False,0.000000000,0.587985570,-0.219684211,0.000000000,0.127124670,True,0.117020040,0.458109759,0.633190339,0.633190339,0.000000000,0.730351720,-0.447687633,0.527401999,0.050025165
28.700000000,0.772209900,-0.051432382,1.051949366,-0.525382688,1.051949366,-0.525382688,0.000000000,1.000000000,0.000000000,0.000000000,False,0.000000000,False,0.000000000,0.550348128,-0.752748837,0.000000000,0.127124670,True,0.119942873,0.455863247,0.633574642,0.633574642,0.000000000,0.733616572,-0.444750393,0.523873008,0.048495816
28.750000000,0.744414066,-0.075538023,1.086082475,-0.627745348,1.086082475,-0.627745348,0.000000000,1.000000000,0.000000000,0.000000000,False,0.000000000,False,0.000000000,0.649361402,1.980265481,0.000000000,0.127124670,True,0.122642547,0.450350052,0.632949215,0.632949215,0.000000000,0.672599859,-0.448601154,0.528661645,0.064539114
28.800000000,0.812474479,-0.097532224,1.086082475,-0.627745348,1.086082475,-0.627745348,0.000000000,1.000000000,0.000000000,0.000000000,False,0.000000000,False,0.000000000,0.596646707,-1.054293912,0.000122194,0.127124670,True,0.127246865,0.461675627,0.632948804,0.632948804,0.000000000,0.716432077,-0.454064893,0.518947726,0.056528920
28.851000000,0.819436724,-0.088463439,0.995557238,-0.644442611,0.995557238,-0.644442611,0.000000000,1.000000000,0.000000000,0.000000000,False,0.000000000,False,0.000000000,0.583207746,-0.263509034,0.002219989,0.127124670,True,0.129344660,0.458565199,0.633225941,0.633225941,0.000000000,0.711508793,-0.451833860,0.516910968,0.056576215
28.901000000,0.801680804,-0.101850050,1.062676196,-0.768829974,1.062676196,-0.768829974,0.000000000,1.000000000,0.000000000,0.000000000,False,0.000000000,False,0.000000000,0.716226790,2.660380887,0.005788091,0.127124670,True,0.132912761,0.462639030,0.634279972,0.634279972,0.000000000,0.741252515,-0.450101930,0.509712211,0.046353803
28.950000000,0.798278350,-0.098737006,1.062676196,-0.768829974,1.062676196,-0.768829974,0.000000000,1.000000000,0.000000000,0.000000000,False,0.000000000,False,0.000000000,0.720368522,0.084525141,0.006350614,0.127124670,True,0.133475285,0.463287393,0.616576834,0.616576834,0.000000000,0.679571852,-0.458984571,0.495006922,0.055103613
29.000000000,0.755038766,-0.199187390,1.062676196,-0.768829974,1.062676196,-0.768829974,0.000000000,1.000000000,0.000000000,0.000000000,False,0.000000000,False,0.000000000,0.647405176,-1.459266922,0.006850483,0.127124670,True,0.133975153,0.460206952,0.598576159,0.598576159,0.000000000,0.665978153,-0.455244341,0.475798726,0.053619433
29.050000000,0.756731043,-0.207641799,1.347709509,-0.761888911,1.347709509,-0.761888911,0.000000000,1.000000000,0.000000000,0.000000000,False,0.000000000,False,0.000000000,0.810213187,3.256160224,0.005827718,0.127124670,True,0.132952389,0.460399037,0.581494853,0.581494853,0.000000000,0.642363314,-0.456357649,0.458647259,0.050840991
29.101000000,0.779513606,-0.213097622,1.347709509,-0.761888911,1.347709509,-0.761888911,0.000000000,1.000000000,0.000000000,0.000000000,False,0.000000000,False,0.000000000,0.789948393,-0.397348908,0.008778286,0.127124670,True,0.135902956,0.456316319,0.556625484,0.556625484,0.000000000,0.652391967,-0.446153969,0.426755687,0.040043091
29.150000000,0.836080048,-0.158626573,1.190173408,-0.995406150,1.190173408,-0.995406150,0.000000000,1.000000000,0.000000000,0.000000000,False,0.000000000,False,0.000000000,0.908615523,2.421778165,0.008688805,0.127124670,True,0.135813475,0.459165291,0.532153611,0.532153611,0.000000000,0.626412648,-0.449386247,0.403079808,0.042252261
29.200000000,0.742665279,-0.260206200,1.190173408,-0.995406150,1.190173408,-0.995406150,0.000000000,1.000000000,0.000000000,0.000000000,False,0.000000000,False,0.000000000,0.860687221,-0.958566042,0.006540517,0.127124670,True,0.133665187,0.457202892,0.531433998,0.531433998,0.000000000,0.582053437,-0.454392074,0.409655108,0.055102490
29.250000000,0.866104590,-0.189443499,1.347479673,-0.952921768,1.347479673,-0.952921768,0.000000000,1.000000000,0.000000000,0.000000000,False,0.000000000,False,0.000000000,0.902563592,0.837527418,0.008208454,0.127124670,True,0.135333124,0.453833026,0.502454892,0.502454892,0.000000000,0.557249407,-0.450513015,0.378851650,0.055111642
29.300000000,0.804295063,-0.257403957,1.347479673,-0.952921768,1.347479673,-0.952921768,0.000000000,1.000000000,0.000000000,0.000000000,False,0.000000000,False,0.000000000,0.882493369,-0.401404462,0.005006005,0.127124670,True,0.132130675,0.454271567,0.480401844,0.480401844,0.000000000,0.525995431,-0.451977744,0.360573859,0.055675572
29.350000000,0.793858752,-0.294993398,1.381781244,-0.838129477,1.381781244,-0.838129477,0.000000000,1.000000000,0.000000000,0.000000000,False,0.000000000,False,0.000000000,0.800405933,-1.641748713,0.007455665,0.127124670,True,0.134580335,0.454052800,0.466458446,0.466458446,0.000000000,0.531236760,-0.449408184,0.342127602,0.051514153
29.400000000,0.815337339,-0.271907419,1.381781244,-0.838129477,1.381781244,-0.838129477,0.000000000,1.000000000,0.000000000,0.000000000,False,0.000000000,False,0.000000000,0.800915799,0.010197311,0.004698662,0.127124670,True,0.131823332,0.451815726,0.446309297,0.446309297,0.000000000,0.513842646,-0.446740078,0.325004753,0.051600373
29.450000000,0.815189716,-0.281963838,1.312246997,-0.826738555,1.312246997,-0.826738555,0.000000000,1.000000000,0.000000000,0.000000000,False,0.000000000,False,0.000000000,0.737458767,-1.269140638,0.004351075,0.127124670,True,0.131475746,0.454525236,0.433175198,0.433175198,0.000000000,0.432885121,-0.454525144,0.320827666,0.068292780
29.500000000,0.888857176,-0.301289086,1.312246997,-0.826738555,1.312246997,-0.826738555,0.000000000,1.000000000,0.000000000,0.000000000,False,0.000000000,False,0.000000000,0.674800774,-1.253159854,0.006310690,0.127124670,True,0.133435360,0.452449876,0.415476166,0.415476166,0.000000000,0.478764061,-0.448001711,0.292830666,0.052564975
29.550000000,0.800489254,-0.328235626,1.313932889,-0.852611809,1.313932889,-0.852611809,0.000000000,1.000000000,0.000000000,0.000000000,False,0.000000000,False,0.000000000,0.733890147,1.181787464,0.006813758,0.127124670,True,0.133938429,0.454677602,0.403530294,0.403530294,0.000000000,0.440177173,-0.453198332,0.282566280,0.057508347
29.600000000,0.860129244,-0.313395910,1.313932889,-0.852611809,1.313932889,-0.852611809,0.000000000,1.000000000,0.000000000,0.000000000,False,0.000000000,False,0.000000000,0.704763459,-0.582533758,0.006558900,0.127124670,True,0.133683570,0.454585892,0.385760869,0.385760869,0.000000000,0.473843749,-0.445970559,0.258987238,0.042423383
29.650000000,0.806966767,-0.327525323,1.360693262,-0.885025069,1.360693262,-0.885025069,0.000000000,1.000000000,0.000000000,0.000000000,False,0.000000000,False,0.000000000,0.785760139,1.619933604,0.008085948,0.127124670,True,0.135210618,0.456548297,0.374612039,0.374612039,0.000000000,0.435910019,-0.452414528,0.248418143,0.048549067
29.705000000,0.838225434,-0.318119779,1.360693262,-0.885025069,1.360693262,-0.885025069,0.000000000,1.000000000,0.000000000,0.000000000,False,0.000000000,False,0.000000000,0.770943732,-0.269389219,0.006126322,0.127124670,True,0.133250992,0.454009549,0.358723875,0.358723875,0.000000000,0.420857052,-0.449737856,0.235731862,0.051271744
29.750000000,0.891700040,-0.286292785,1.348793233,-1.000549387,1.348793233,-1.000549387,0.000000000,1.000000000,0.000000000,0.000000000,False,0.000000000,False,0.000000000,0.847995684,1.712265588,0.007263714,0.127124670,True,0.134388385,0.450732302,0.342685158,0.342685158,0.000000000,0.378668098,-0.449293708,0.221897906,0.058912459
29.800000000,0.836919972,-0.355330360,1.469421516,-0.886700531,1.469421516,-0.886700531,0.000000000,1.000000000,0.000000000,0.000000000,False,0.000000000,False,0.000000000,0.826082600,-0.438261673,0.006430479,0.127124670,True,0.133555150,0.452470645,0.333302259,0.333302259,0.000000000,0.335440839,-0.452465591,0.217564670,0.066646743
29.850000000,0.891004364,-0.345425073,1.469421516,-0.886700531,1.469421516,-0.886700531,0.000000000,1.000000000,0.000000000,0.000000000,False,0.000000000,False,0.000000000,0.792177710,-0.678097810,0.005544793,0.127124670,True,0.132669464,0.457595363,0.322983222,0.322983222,0.000000000,0.380082379,-0.454018945,0.201559310,0.053454843
29.901000000,0.861933747,-0.342347570,1.469421516,-0.886700531,1.469421516,-0.886700531,0.000000000,1.000000000,0.000000000,0.000000000,False,0.000000000,False,0.000000000,0.815696963,0.461161839,0.006158294,0.127124670,True,0.133282965,0.454958541,0.310279731,0.310279731,0.000000000,0.385227725,-0.448742769,0.186865169,0.050330851
29.952000000,0.828546841,-0.375893432,1.556345337,-0.967093471,1.556345337,-0.967093471,0.000000000,1.000000000,0.000000000,0.000000000,False,0.000000000,False,0.000000000,0.937660992,2.391451533,0.005290150,0.127124670,True,0.132414821,0.455886075,0.296391602,0.296391602,0.000000000,0.348954357,-0.452845746,0.175242386,0.053446724
30.000000000,0.859392038,-0.369732574,1.556345337,-0.967093471,1.556345337,-0.967093471,0.000000000,1.000000000,0.000000000,0.000000000,False,0.000000000,False,0.000000000,0.917923712,-0.411193323,0.006923486,0.127124670,True,0.134048157,0.455358398,0.287595958,0.287595958,0.000000000,0.340481364,-0.452276911,0.163129876,0.049770502
30.050000000,0.856895962,-0.368822593,1.645919036,-1.051857851,1.645919036,-1.051857851,0.000000000,1.000000000,0.000000000,0.000000000,False,0.000000000,False,0.000000000,1.043596941,2.513464585,0.007268135,0.127124670,True,0.134392805,0.461707082,0.279401311,0.279401311,0.000000000,0.345317609,-0.456977539,0.153699049,0.047543322
30.101000000,0.874873491,-0.359053115,1.497155073,-1.042280109,1.497155073,-1.042280109,0.000000000,1.000000000,0.000000000,0.000000000,False,0.000000000,False,0.000000000,0.924139325,-2.342306199,0.007204779,0.127124670,True,0.134329450,0.459884425,0.267885159,0.267885159,0.000000000,0.348662947,-0.452734617,0.141123606,0.044451207
30.150000000,0.956397258,-0.343950301,1.497155073,-1.042280109,1.497155073,-1.042280109,0.000000000,1.000000000,0.000000000,0.000000000,False,0.000000000,False,0.000000000,0.883223378,-0.835019328,0.005786162,0.127124670,True,0.132910833,0.463099138,0.255834423,0.255834423,0.000000000,0.299354345,-0.461049702,0.135248187,0.055894984
30.200000000,0.873632907,-0.384779128,1.497155073,-1.042280109,1.497155073,-1.042280109,0.000000000,1.000000000,0.000000000,0.000000000,False,0.000000000,False,0.000000000,0.906138749,0.458307413,0.006620393,0.127124670,True,0.133745064,0.464158349,0.248176580,0.248176580,0.000000000,0.282284452,-0.462903474,0.127264553,0.057166632
30.250000000,0.890318228,-0.397922483,1.442041973,-1.074857368,1.442041973,-1.074857368,0.000000000,1.000000000,0.000000000,0.000000000,False,0.000000000,False,0.000000000,0.873292580,-0.656923381,0.002190102,0.127124670,True,0.129314772,0.462030526,0.248655302,0.248655302,0.000000000,0.285383151,-0.460568423,0.131745637,0.055266994
30.300000000,0.924334668,-0.356677731,1.442041973,-1.074857368,1.442041973,-1.074857368,0.000000000,1.000000000,0.000000000,0.000000000,False,0.000000000,False,0.000000000,0.885326406,0.240676529,0.000000000,0.127124670,True,0.122160876,0.496297504,0.654600373,0.654600373,0.000000000,0.731976291,-0.490228701,0.532755613,0.008782601
30.350000000,1.875890121,0.737553097,1.561516735,-1.064381574,1.561516735,-1.064381574,0.000000000,1.000000000,0.000000000,0.000000000,False,0.000000000,False,0.000000000,1.829152587,18.876523614,0.000000000,0.127124670,True,0.119984254,0.496759354,0.662004076,0.662004076,0.000000000,0.678702528,-0.496478617,0.544508126,0.024308908
30.400000000,1.128782736,-0.242931537,1.561516735,-1.064381574,1.561516735,-1.064381574,0.000000000,1.000000000,0.000000000,0.000000000,False,0.000000000,False,0.000000000,0.928460488,-18.013841978,0.000000000,0.127124670,True,0.122721482,0.498172959,0.687778390,0.687778390,0.000000000,0.662927256,-0.497552729,0.569281002,0.031920702
30.450000000,1.235261560,-0.197118857,1.718845756,-1.096473902,1.718845756,-1.096473902,0.000000000,1.000000000,0.000000000,0.000000000,False,0.000000000,False,0.000000000,1.021123485,1.853259950,0.000687355,0.127124670,True,0.127812026,0.498825944,0.703865885,0.703865885,0.000000000,0.611624703,-0.490223303,0.584137698,0.044733379
30.500000000,1.270092220,-0.250752088,1.718845756,-1.096473902,1.718845756,-1.096473902,0.000000000,1.000000000,0.000000000,0.000000000,False,0.000000000,False,0.000000000,0.957405412,-1.274361462,0.003298360,0.127124670,True,0.130423030,0.503627993,0.729072784,0.729072784,0.000000000,0.585436182,-0.482710764,0.610769103,0.054903605
30.550000000,1.316131390,-0.303911597,1.701725252,-1.109068530,1.701725252,-1.109068530,0.000000000,1.000000000,0.000000000,0.000000000,False,0.000000000,False,0.000000000,0.892726337,-1.293581512,0.003020923,0.127124670,True,0.130145593,0.507050119,0.753456082,0.753456082,0.000000000,0.538001912,-0.458998174,0.643732364,0.069989864
30.603000000,1.522984570,-0.203322141,1.862411721,-1.109838191,1.862411721,-1.109838191,0.000000000,1.000000000,0.000000000,0.000000000,False,0.000000000,False,0.000000000,0.967978378,1.419849829,0.002180626,0.127124670,True,0.129305296,0.506865062,0.768741635,0.768741635,0.000000000,0.570253757,-0.466384769,0.656844997,0.064799707
30.650000000,1.414415784,-0.293182231,1.862411721,-1.109838191,1.862411721,-1.109838191,0.000000000,1.000000000,0.000000000,0.000000000,False,0.000000000,False,0.000000000,0.931465144,-0.776877305,0.007061268,0.127124670,True,0.134185939,0.518943822,0.788836268,0.788836268,0.000000000,0.539827162,-0.455298974,0.676805568,0.073857894
30.700000000,1.585997354,-0.217938676,1.862411721,-1.109838191,1.862411721,-1.109838191,0.000000000,1.000000000,0.000000000,0.000000000,False,0.000000000,False,0.000000000,0.933750313,0.045703365,0.008021000,0.127124670,True,0.135145670,0.520362528,0.801407933,0.801407933,0.000000000,0.543355813,-0.451869742,0.688951614,0.074952840
30.750000000,1.577354911,-0.247212008,1.950446143,-1.249317791,1.950446143,-1.249317791,0.000000000,1.000000000,0.000000000,0.000000000,False,0.000000000,False,0.000000000,1.069304947,2.711092688,0.011950030,0.127124670,True,0.139074700,0.541762205,0.812941023,0.812941023,0.000000000,0.478000377,-0.425818096,0.705560604,0.088381094
30.800000000,1.691901040,-0.240953443,1.950446143,-1.249317791,1.950446143,-1.249317791,0.000000000,1.000000000,0.000000000,0.000000000,False,0.000000000,False,0.000000000,1.040982339,-0.566452160,0.014299631,0.127124670,True,0.141424301,0.539937826,0.828227176,0.828227176,0.000000000,0.465108990,-0.399597347,0.725364515,0.097057230
30.851000000,1.783272934,-0.222603232,2.043221127,-1.089611648,2.043221127,-1.089611648,0.000000000,1.000000000,0.000000000,0.000000000,False,0.000000000,False,0.000000000,0.905139027,-2.663594359,0.015648619,0.127124670,True,0.142773289,0.540673141,0.837212597,0.837212597,0.000000000,0.466265787,-0.393352144,0.734426820,0.099092362
30.901000000,1.829871656,-0.219920680,2.043221127,-1.089611648,2.043221127,-1.089611648,0.000000000,1.000000000,0.000000000,0.000000000,False,0.000000000,False,0.000000000,0.895477736,-0.193225806,0.017350371,0.127124670,True,0.144475042,0.543103126,0.849637243,0.849637243,0.000000000,0.469314628,-0.387705705,0.745822246,0.100476286
30.950000000,1.869236140,-0.215464024,2.131564058,-0.905207769,2.131564058,-0.905207769,0.000000000,1.000000000,0.000000000,0.000000000,False,0.000000000,False,0.000000000,0.737944693,-3.214960073,0.022148114,0.127124670,True,0.149272784,0.552177194,0.857047599,0.857047599,0.000000000,0.475305237,-0.398964187,0.744599854,0.098172647
31.000000000,1.849727515,-0.222583480,2.131564058,-0.905207769,2.131564058,-0.905207769,0.000000000,1.000000000,0.000000000,0.000000000,False,0.000000000,False,0.000000000,0.738517269,0.011451525,0.023351358,0.127124670,True,0.150476028,0.557489919,0.867018940,0.867018940,0.000000000,0.445112697,-0.364403803,0.761539135,0.107317501
31.050000000,1.984176654,-0.199148988,2.080502177,-0.977343659,2.080502177,-0.977343659,0.000000000,1.000000000,0.000000000,0.000000000,False,0.000000000,False,0.000000000,0.784133632,0.912327260,0.026343530,0.127124670,True,0.153468200,0.562751040,0.873820855,0.873820855,0.000000000,0.438845908,-0.357051157,0.767212783,0.110395685
31.100000000,2.012793012,-0.201068367,2.080502177,-0.977343659,2.080502177,-0.977343659,0.000000000,1.000000000,0.000000000,0.000000000,False,0.000000000,False,0.000000000,0.779222600,-0.098220650,0.025527534,0.127124670,True,0.152652205,0.565570241,0.881284139,0.881284139,0.000000000,0.429299868,-0.339970465,0.777058574,0.111533525
31.150000000,2.028638898,-0.178902412,2.221242620,-0.956121687,2.221242620,-0.956121687,0.000000000,1.000000000,0.000000000,0.000000000,False,0.000000000,False,0.000000000,0.800728416,0.430116325,0.024866387,0.127124670,True,0.151991057,0.570562611,0.886855258,0.886855258,0.000000000,0.411603533,-0.315717423,0.786854988,0.114460594
31.200000000,2.107571767,-0.176927452,2.221242620,-0.956121687,2.221242620,-0.956121687,0.000000000,1.000000000,0.000000000,0.000000000,False,0.000000000,False,0.000000000,0.787441883,-0.265730651,0.029382973,0.127124670,True,0.156507644,0.581524180,0.893463989,0.893463989,0.000000000,0.382270314,-0.277220847,0.798371632,0.124306420
31.250000000,2.259188726,-0.136893374,2.184832603,-1.037434984,2.188215577,-0.996463120,0.045496913,0.954503087,0.097897863,0.000000000,False,0.000000000,False,0.000000000,0.903606122,2.323284770,0.033564982,0.127124670,True,0.160689652,0.597874327,0.898940828,0.898940828,0.000000000,0.398793171,-0.327575996,0.789745226,0.117887594
31.300000000,2.143691643,-0.153749409,2.184832603,-1.037434984,2.181995238,-0.976489931,0.068966898,0.931033102,0.095998391,0.000000000,False,0.000000000,False,0.000000000,0.884642738,-0.379267683,0.032913734,0.127124670,True,0.160038404,0.602575788,0.902934620,0.902934620,0.000000000,0.385185189,-0.308274403,0.796868983,0.119843112
31.350000000,2.220803347,-0.140962094,2.298096427,-0.889341946,2.291473264,-0.825214063,0.085688950,0.914311050,0.104948529,0.000000000,False,0.000000000,False,0.000000000,0.752360701,-2.645640741,0.035982353,0.127124670,True,0.163107023,0.612472488,0.905951463,0.905951463,0.000000000,0.367475996,-0.291833379,0.798089193,0.122350447
31.400000000,2.236121589,-0.130952395,2.298096427,-0.889341946,2.291866047,-0.813100438,0.100530801,0.899469199,0.117624863,0.000000000,False,0.000000000,False,0.000000000,0.760917599,0.171137958,0.040328525,0.127124670,True,0.167453195,0.619663378,0.910398191,0.910398191,0.000000000,0.352927144,-0.270571125,0.802736519,0.128255748
31.450000000,2.319577045,-0.115607901,2.399941518,-0.904356090,2.391204191,-0.818602391,0.108721262,0.891278738,0.118154605,0.000000000,False,0.000000000,False,0.000000000,0.792831731,0.638282654,0.040510150,0.127124670,True,0.167634821,0.620470543,0.913464813,0.913464813,0.000000000,0.356636891,-0.273726798,0.803749587,0.126743846
31.500000000,2.309861531,-0.103664371,2.399941518,-0.904356090,2.389813344,-0.814330039,0.112435347,0.887564653,0.116713034,0.000000000,False,0.000000000,False,0.000000000,0.805742907,0.258223522,0.040015897,0.127124670,True,0.167140568,0.624878423,0.916575866,0.916575866,0.000000000,0.370737727,-0.304193638,0.797457770,0.117246956
31.550000000,2.294914495,-0.114776517,2.546044483,-0.818215761,2.517262602,-0.737594944,0.114609496,0.885390504,0.117113566,0.000000000,False,0.000000000,False,0.000000000,0.746922379,-1.176410572,0.040153223,0.127124670,True,0.167277893,0.625987502,0.921349545,0.921349545,0.000000000,0.369180645,-0.294906526,0.802100296,0.117309463
31.600000000,2.349200447,-0.086294433,2.546044483,-0.818215761,2.522768296,-0.731668369,0.118246851,0.881753149,0.122436165,0.000000000,False,0.000000000,False,0.000000000,0.757929023,0.220132885,0.041978114,0.127124670,True,0.169102784,0.626014049,0.920830430,0.920830430,0.000000000,0.358175358,-0.274431884,0.803518655,0.121793674
31.650000000,2.354073802,-0.094795093,2.659239988,-0.849033953,2.622732111,-0.758802266,0.119632773,0.880367227,0.121229006,0.000000000,False,0.000000000,False,0.000000000,0.813635459,1.114128714,0.041564231,0.127124670,True,0.168688901,0.636172410,0.923799910,0.923799910,0.000000000,0.342708094,-0.258935584,0.807032597,0.121742925
31.700000000,2.456082236,-0.064724748,2.659239988,-0.849033953,2.633950848,-0.751402900,0.124480310,0.875519690,0.130063448,0.000000000,False,0.000000000,False,0.000000000,0.810193805,-0.068833076,0.044593182,0.127124670,True,0.171717853,0.642354454,0.926710816,0.926710816,0.000000000,0.342343656,-0.266710080,0.802806561,0.118889682
31.750000000,2.436590234,-0.066394118,2.694303750,-0.615222946,2.661143400,-0.544604391,0.128671366,0.871328634,0.133498404,0.000000000,False,0.000000000,False,0.000000000,0.606324450,-4.077387103,0.045770881,0.127124670,True,0.172895552,0.648659130,0.927353056,0.927353056,0.000000000,0.335909964,-0.266371426,0.798551391,0.115338644
31.800000000,2.451078518,-0.053240341,2.694303750,-0.615222946,2.662514563,-0.541772629,0.130698559,0.869301441,0.133033374,0.000000000,False,0.000000000,False,0.000000000,0.612358524,0.120681482,0.045611442,0.127124670,True,0.172736113,0.652832399,0.929673701,0.929673701,0.000000000,0.342033323,-0.284374625,0.795623825,0.108942165
31.851000000,2.473637411,-0.042691005,2.826652937,-0.717150226,2.778482377,-0.625117225,0.136454508,0.863545492,0.142909206,0.000000000,False,0.000000000,False,0.000000000,0.761258960,2.919616389,0.048997442,0.127124670,True,0.176122113,0.677128197,0.931422635,0.931422635,0.000000000,0.333032083,-0.316909043,0.787655108,0.101734442
31.900000000,2.508059842,-0.021697163,2.826652937,-0.717150226,2.781687431,-0.618995559,0.141137732,0.858862268,0.146679757,0.000000000,False,0.000000000,False,0.000000000,0.764955243,0.075434350,0.050290203,0.127124670,True,0.177414873,0.682724989,0.932901395,0.932901395,0.000000000,0.316606209,-0.293757815,0.788741539,0.103411667
31.950000000,2.529150643,-0.013433236,2.851278562,-0.662551468,2.804656611,-0.568603826,0.144731172,0.855268828,0.148869907,0.000000000,False,0.000000000,False,0.000000000,0.724652244,-0.806059986,0.051041111,0.127124670,True,0.178165781,0.685521230,0.935412838,0.935412838,0.000000000,0.313892881,-0.289227073,0.789908539,0.102818016
32.000000000,2.554088794,-0.003695935,2.851278562,-0.662551468,2.807770532,-0.566096243,0.146398141,0.853601859,0.148318068,0.000000000,False,0.000000000,False,0.000000000,0.722780998,-0.037424914,0.050851909,0.127124670,True,0.177976579,0.686012632,0.935058059,0.935058059,0.000000000,0.312258249,-0.287634713,0.789366717,0.102223754
32.051000000,2.579895514,0.007647652,2.863664125,-0.753559258,2.820713420,-0.638344354,0.151358195,0.848641805,0.156920381,0.000000000,False,0.000000000,False,0.000000000,0.812379581,1.756834970,0.053801273,0.127124670,True,0.180925944,0.695306958,0.935605754,0.935605754,0.000000000,0.268392329,-0.195647669,0.802891562,0.122968046
32.100000000,2.701481339,0.047073619,2.863664125,-0.753559258,2.838871532,-0.631167940,0.152868214,0.847131786,0.154655138,0.000000000,False,0.000000000,False,0.000000000,0.816894277,0.092136647,0.053024619,0.127124670,True,0.180149289,0.702589435,0.936481377,0.936481377,0.000000000,0.290600461,-0.276531656,0.787719886,0.101606029
32.150000000,2.641825402,0.036921695,3.116251394,-0.726649616,3.041704668,-0.606669383,0.157130357,0.842869643,0.162039270,0.000000000,False,0.000000000,False,0.000000000,0.898955599,1.641226431,0.055556321,0.127124670,True,0.182680991,0.705900441,0.938099124,0.938099124,0.000000000,0.273009640,-0.236540505,0.791778300,0.109373494
32.200000000,2.686393476,0.050854225,3.116251394,-0.726649616,3.048813473,-0.604671540,0.156884211,0.843115789,0.153067658,0.000000000,False,0.000000000,False,0.000000000,0.888419975,-0.210712477,0.052480340,0.127124670,True,0.179605010,0.705453230,0.884154781,0.884154781,0.000000000,0.218452779,-0.233463284,0.739652833,0.106663709
32.250000000,2.321952592,-0.162807006,3.004088898,-0.504226960,2.897341951,-0.450798434,0.156489174,0.843510826,0.150364042,0.000000000,False,0.000000000,False,0.000000000,0.762808970,-2.512220088,0.051553386,0.127124670,True,0.178678056,0.712684980,0.846765690,0.846765690,0.000000000,0.179202127,-0.249557148,0.698779568,0.100129693
32.300000000,2.449060497,-0.084814583,3.004088898,-0.504226960,2.917303255,-0.438646581,0.156362527,0.843637473,0.154398844,0.000000000,False,0.000000000,False,0.000000000,0.695674686,-1.342685688,0.052936746,0.127124670,True,0.180061417,0.713302637,0.792721193,0.792721193,0.000000000,0.119020782,-0.234368105,0.645253545,0.103321859
32.350000000,2.310355113,-0.152990461,3.200487360,-0.495138595,3.061526524,-0.441724969,0.156112574,0.843887426,0.152236999,0.000000000,False,0.000000000,False,0.000000000,0.953625064,5.159007551,0.052195543,0.127124670,True,0.179320213,0.714780836,0.758579733,0.758579733,0.000000000,0.093172064,-0.261044590,0.606048663,0.094286858
32.402000000,2.312329774,-0.141352724,3.200487360,-0.495138595,3.062355375,-0.440115539,0.155526437,0.844473563,0.146798844,0.000000000,False,0.000000000,False,0.000000000,0.956027373,0.046198269,0.050331032,0.127124670,True,0.177455703,0.714884621,0.709869454,0.709869454,0.000000000,0.029761864,-0.220258229,0.563883900,0.100889764
32.451000000,2.312329774,-0.141352724,3.132505055,-0.466679572,3.005562994,-0.416327334,0.154774308,0.845225692,0.142866875,0.000000000,False,0.000000000,False,0.000000000,0.882340665,-1.503810370,0.048982929,0.127124670,True,0.176107599,0.715398793,0.665800027,0.665800027,0.000000000,-0.017308644,-0.212504060,0.521510100,0.100966842
32.500000000,2.353338701,-0.113706209,3.304631051,-0.305761712,3.158226976,-0.276204333,0.153900192,0.846099808,0.140061501,0.000000000,False,0.000000000,False,0.000000000,0.970485678,1.798877802,0.048021086,0.127124670,True,0.175145757,0.716819037,0.637078244,0.637078244,0.000000000,-0.028872007,-0.265216506,0.484947197,0.086788136
32.550000000,2.362746062,-0.088974373,3.304631051,-0.305761712,3.160222659,-0.272524203,0.153318498,0.846681502,0.144299209,0.000000000,False,0.000000000,False,0.000000000,0.966511294,-0.079487667,0.049474014,0.127124670,True,0.176598685,0.720383131,0.610284775,0.610284775,0.000000000,-0.081187274,-0.202035297,0.463932518,0.098833761
32.600000000,2.409981859,-0.069890014,3.304631051,-0.305761712,3.167969125,-0.269731186,0.152754764,0.847245236,0.144013960,0.000000000,False,0.000000000,False,0.000000000,0.925220316,-0.825819565,0.049376215,0.127124670,True,0.176500885,0.721725251,0.570448146,0.570448146,0.000000000,-0.127919931,-0.182124594,0.425637638,0.100908271
32.650000000,2.310888967,-0.120012321,3.480475256,-0.382489394,3.301983232,-0.342432440,0.152611249,0.847388751,0.150386015,0.000000000,False,0.000000000,False,0.000000000,1.198676896,5.469131599,0.051560919,0.127124670,True,0.178685590,0.728156537,0.545773493,0.545773493,0.000000000,-0.151298785,-0.210480838,0.394263405,0.094727153
32.700000000,2.367116952,-0.081120116,3.480475256,-0.382489394,3.310862210,-0.336577704,0.152343630,0.847656370,0.148194150,0.000000000,False,0.000000000,False,0.000000000,1.153425401,-0.905029906,0.050809423,0.127124670,True,0.177934093,0.728210394,0.511167249,0.511167249,0.000000000,-0.178282184,-0.234413858,0.356734769,0.088380714
32.750000000,2.272517111,-0.122670928,3.493263849,-0.394749906,3.307693618,-0.353390173,0.152013703,0.847986297,0.146898104,0.000000000,False,0.000000000,False,0.000000000,1.250699632,1.945484617,0.050365064,0.127124670,True,0.177489735,0.728953463,0.488334706,0.488334706,0.000000000,-0.208781890,-0.213076518,0.337450813,0.093470085
32.801000000,2.349155625,-0.073535353,3.321845057,-0.208588077,3.172800263,-0.187894005,0.153229581,0.846770419,0.154593061,0.000000000,False,0.000000000,False,0.000000000,0.982020350,-5.268221201,0.053003335,0.127124670,True,0.180128006,0.739583825,0.457680729,0.457680729,0.000000000,-0.234398863,-0.260787409,0.298257617,0.083847299
32.850000000,2.258376258,-0.117556975,3.321845057,-0.208588077,3.159105241,-0.194657828,0.153027354,0.846972646,0.149825772,0.000000000,False,0.000000000,False,0.000000000,1.067357741,1.741579401,0.051368836,0.127124670,True,0.178493507,0.749780441,0.438354418,0.438354418,0.000000000,-0.292744352,-0.166328886,0.291431895,0.101359281
32.900000000,2.375488766,-0.061013172,3.321845057,-0.208588077,3.177414330,-0.186065533,0.152617706,0.847382294,0.146266040,0.000000000,False,0.000000000,False,0.000000000,0.957793601,-2.191282796,0.050148357,0.127124670,True,0.177273027,0.749304524,0.409929407,0.409929407,0.000000000,-0.288967845,-0.270184940,0.252092575,0.080704774
32.950000000,2.268293206,-0.097255483,3.412545297,-0.369263583,3.238327921,-0.327849163,0.152254365,0.847745635,0.146620684,0.000000000,False,0.000000000,False,0.000000000,1.176138280,4.366893579,0.050269949,0.127124670,True,0.177394619,0.757819497,0.391879238,0.391879238,0.000000000,-0.331419496,-0.226117956,0.236771705,0.086084285
33.000000000,2.306631681,-0.082080845,3.412545297,-0.369263583,3.244495616,-0.325624580,0.151955522,0.848044478,0.147321903,0.000000000,False,0.000000000,False,0.000000000,1.142593039,-0.670904832,0.050510367,0.127124670,True,0.177635037,0.761926030,0.391969244,0.391969244,0.000000000,-0.336008322,-0.224899842,0.237136241,0.087068638
33.050000000,2.408756163,-0.009571797,3.507592705,-0.295143990,3.341737862,-0.252040644,0.150936774,0.849063226,0.135140866,0.000000000,False,0.000000000,False,0.000000000,1.135338374,-0.145093297,0.046334011,0.127124670,True,0.173458682,0.773099384,0.225390247,0.225390247,0.000000000,-0.530039476,-0.164342906,0.077522284,0.090680647
33.101000000,1.436117450,-0.442082047,3.507592705,-0.295143990,3.197889627,-0.317112473,0.149508461,0.850491539,0.127810126,0.000000000,False,0.000000000,False,0.000000000,2.076680168,18.457682250,0.043820615,0.127124670,True,0.170945285,0.770267041,0.229422708,0.229422708,0.000000000,-0.521930605,-0.169645255,0.082896068,0.088046774
33.150000000,2.280975525,-0.041799887,3.619971130,-0.262375942,3.421293911,-0.229647353,0.148377798,0.851622202,0.130477552,0.000000000,False,0.000000000,False,0.000000000,1.357042013,-14.686492963,0.044735161,0.127124670,True,0.171859831,0.775908976,0.237528066,0.237528066,0.000000000,-0.523442394,-0.151521279,0.091810715,0.091116711
33.200000000,2.320742058,-0.021141843,3.619971130,-0.262375942,3.428399657,-0.226805947,0.147450113,0.852549887,0.133066156,0.000000000,False,0.000000000,False,0.000000000,1.321434853,-0.712143204,0.045622682,0.127124670,True,0.172747352,0.783341572,0.250654382,0.250654382,0.000000000,-0.522382728,-0.126639819,0.106507340,0.095201250
33.250000000,2.375674701,0.009614812,3.459427488,-0.189699093,3.300861173,-0.160537026,0.146312255,0.853687745,0.128669544,0.000000000,False,0.000000000,False,0.000000000,1.101928371,-4.390129633,0.044115272,0.127124670,True,0.171239943,0.787559673,0.258814267,0.258814267,0.000000000,-0.526191785,0.063369847,0.142531969,0.125704197
33.300000000,2.424292502,0.026908019,3.459427488,-0.189699093,3.308587691,-0.158135120,0.145719929,0.854280071,0.136535790,0.000000000,False,0.000000000,False,0.000000000,1.057555237,-0.887462686,0.046812271,0.127124670,True,0.173936941,0.795262155,0.271220834,0.271220834,0.000000000,-0.519875759,0.081290071,0.156819196,0.131020322
33.350000000,2.462306976,0.046585741,3.590245603,-0.200409753,3.426483628,-0.164549229,0.145186955,0.854813045,0.136923074,0.000000000,False,0.000000000,False,0.000000000,1.154665457,1.942204404,0.046945054,0.127124670,True,0.174069724,0.804022279,0.280103685,0.280103685,0.000000000,-0.498009242,0.202465053,0.186246274,0.146598279
33.401000000,2.487666896,0.063488182,3.590245603,-0.200409753,3.430355016,-0.162140561,0.145015123,0.854984877,0.142404723,0.000000000,False,0.000000000,False,0.000000000,1.133720390,-0.410687590,0.048824476,0.127124670,True,0.175949147,0.808861085,0.292904569,0.292904569,0.000000000,-0.492735331,0.192421938,0.193657766,0.145286525
33.457000000,2.541009395,0.101263305,3.487527051,-0.270079213,3.350484534,-0.216314011,0.144786012,0.855213988,0.141626224,0.000000000,False,0.000000000,False,0.000000000,1.016755103,-2.088665852,0.048557563,0.127124670,True,0.175682233,0.811530380,0.305515588,0.305515588,0.000000000,-0.445568905,0.307333111,0.228208196,0.157758721
33.500000000,2.581955737,0.123811745,3.487527051,-0.270079213,3.356515110,-0.213093730,0.144673245,0.855326755,0.142631135,0.000000000,False,0.000000000,False,0.000000000,0.987526958,-0.679724301,0.048902104,0.127124670,True,0.176026774,0.811445281,0.305445199,0.305445199,0.000000000,-0.439393305,0.321961250,0.229887563,0.158985750
33.550000000,2.507535918,0.078453654,3.520126257,-0.105323240,3.373856391,-0.078776451,0.144451177,0.855548823,0.141007954,0.000000000,False,0.000000000,False,0.000000000,1.029132227,0.832105393,0.048345584,0.127124670,True,0.175470255,0.820147616,0.322605468,0.322605468,0.000000000,-0.386693825,0.411748256,0.264761231,0.165661868
33.600000000,2.592501329,0.140647531,3.484568969,-0.082912895,3.356266379,-0.050759076,0.143826079,0.856173921,0.134133801,0.000000000,False,0.000000000,False,0.000000000,0.919654250,-2.189559550,0.045988732,0.127124670,True,0.173113402,0.821351068,0.334565452,0.334565452,0.000000000,-0.401790248,0.363865166,0.265580090,0.158774273
33.650000000,2.638966762,0.172932459,3.484568969,-0.082912895,3.358897454,-0.044889729,0.148617772,0.851382228,0.154136591,0.000000000,False,0.000000000,False,0.000000000,0.883459076,-0.723903480,0.052846831,0.127124670,True,0.179971502,0.859703840,0.347292687,0.347292687,0.000000000,-0.342236907,0.513458501,0.302797982,0.174384525
33.700000000,2.689438635,0.209782303,3.484568969,-0.082912895,3.366270517,-0.039366086,0.148778694,0.851221306,0.148964035,0.000000000,False,0.000000000,False,0.000000000,0.847291407,-0.723353376,0.051073383,0.127124670,True,0.178198054,0.857133797,0.354969335,0.354969335,0.000000000,-0.353272369,0.482775347,0.303861926,0.170711977
33.750000000,2.666309547,0.204425184,3.612300942,0.027500618,3.470234105,0.054070748,0.150177727,0.849822273,0.151789060,0.000000000,False,0.000000000,False,0.000000000,0.962393902,2.302049903,0.052041964,0.127124670,True,0.179166634,0.864803825,0.361587764,0.361587764,0.000000000,-0.212366866,0.646886186,0.353488662,0.178983483
33.800000000,2.694221912,0.248209852,3.612300942,0.027500618,3.474868751,0.060539772,0.149695382,0.850304618,0.142216524,0.000000000,False,0.000000000,False,0.000000000,0.944236026,-0.363157530,0.048759951,0.127124670,True,0.175884621,0.861221326,0.371983372,0.371983372,0.000000000,-0.229036780,0.616828136,0.355902003,0.175147908
33.850000000,2.707057803,0.262771511,3.488260888,-0.087141494,3.372101212,-0.035111770,0.148693315,0.851306685,0.133156049,0.000000000,False,0.000000000,False,0.000000000,0.855989119,-1.764938136,0.045653502,0.127124670,True,0.172778173,0.864794049,0.379233936,0.379233936,0.000000000,-0.172653643,0.665799405,0.375045729,0.172727404
33.900000000,2.715054473,0.279568149,3.488260888,-0.087141494,3.374210105,-0.033050477,0.147503669,0.852496331,0.129057961,0.000000000,False,0.000000000,False,0.000000000,0.855759383,-0.004594715,0.044248444,0.127124670,True,0.171373114,0.868907743,0.386038875,0.386038875,0.000000000,-0.172461433,0.665641098,0.373233927,0.170894054
33.951000000,2.721602797,0.300206914,3.604159897,0.023724388,3.475115412,0.064150719,0.146216585,0.853783415,0.126663745,0.000000000,False,0.000000000,False,0.000000000,0.924851135,1.354740236,0.043427570,0.127124670,True,0.170552240,0.865222547,0.392120009,0.392120009,0.000000000,-0.170624549,0.657212765,0.379938343,0.170116647
34.000000000,2.721602797,0.300206914,3.604159897,0.023724388,3.476236721,0.063799441,0.144946062,0.855053938,0.124831599,0.000000000,False,0.000000000,False,0.000000000,0.924851135,0.000000000,0.042799405,0.127124670,True,0.169924076,0.865283783,0.395577064,0.395577064,0.000000000,-0.093781340,0.713613605,0.401791327,0.169810407
34.050000000,2.712326658,0.321697401,3.604276551,-0.043431755,3.476235700,0.008983126,0.143551618,0.856448382,0.121930481,0.000000000,False,0.000000000,False,0.000000000,0.963791425,0.778805799,0.041804736,0.127124670,True,0.168929407,0.872303776,0.401093803,0.401093803,0.000000000,-0.000770906,0.774221308,0.428074197,0.166760915
34.101000000,2.728767864,0.360511728,3.663781307,0.129614349,3.530488024,0.162530528,0.142557611,0.857442389,0.127457062,0.000000000,False,0.000000000,False,0.000000000,0.963101104,-0.013535697,0.043699564,0.127124670,True,0.170824235,0.875280540,0.404286484,0.404286484,0.000000000,-0.007530918,0.772348659,0.426912955,0.169319113
34.150000000,2.728767864,0.360511728,3.663781307,0.129614349,3.532089970,0.162134934,0.140844324,0.859155676,0.113720199,0.000000000,False,0.000000000,False,0.000000000,0.963101104,0.000000000,0.038989783,0.127124670,True,0.166114453,0.876028672,0.407661755,0.407661755,0.000000000,-0.089424014,0.721340400,0.407099673,0.166113502
34.201000000,2.738752408,0.389203576,3.663781307,0.129614349,3.535336963,0.165659459,0.138854412,0.861145588,0.108624488,0.000000000,False,0.000000000,False,0.000000000,0.960762734,-0.045850401,0.037242682,0.127124670,True,0.164367352,0.874660644,0.411222239,0.411222239,0.000000000,-0.020491862,0.760693221,0.425993838,0.163702249
34.250000000,2.738752408,0.389203576,3.601328000,0.128250969,3.483473354,0.163905209,0.136631093,0.863368907,0.101432319,0.000000000,False,0.000000000,False,0.000000000,0.901184174,-1.215888976,0.034776795,0.127124670,True,0.161901466,0.872204957,0.413384635,0.413384635,0.000000000,0.014858838,0.775834181,0.433457663,0.160652289
34.303000000,2.733829307,0.406290233,3.601328000,0.128250969,3.485061434,0.165515198,0.134025062,0.865974938,0.095977369,0.000000000,False,0.000000000,False,0.000000000,0.910966418,0.184570645,0.032906527,0.127124670,True,0.160031197,0.870756088,0.417175840,0.417175840,0.000000000,0.035970197,0.782878293,0.438110609,0.158655978
34.350000000,2.726533522,0.418345163,3.550976738,0.229374379,3.442639790,0.254206311,0.131406197,0.868593803,0.088126393,0.000000000,False,0.000000000,False,0.000000000,0.845823016,-1.386029838,0.030214763,0.127124670,True,0.157339434,0.866986196,0.420047781,0.420047781,0.000000000,0.083541003,0.799017054,0.448573462,0.154731971
34.401000000,2.724219852,0.434367661,3.550976738,0.229374379,3.444347576,0.255812939,0.128972815,0.871027185,0.092005869,0.000000000,False,0.000000000,False,0.000000000,0.851791755,0.117034104,0.031544869,0.127124670,True,0.158669540,0.871655159,0.421726874,0.421726874,0.000000000,0.039781965,0.783518221,0.442266257,0.157334537
34.450000000,2.737273700,0.440341608,3.573355176,0.147057608,3.471929890,0.182635975,0.121310290,0.878689710,0.000000000,0.000000000,False,0.000000000,False,0.000000000,0.886029198,0.698723321,0.027968577,0.127124670,True,0.155093247,0.872184646,0.423092349,0.423092349,0.000000000,0.037342581,0.782242401,0.442370096,0.153890493
34.500000000,2.722824186,0.447249426,3.514032907,0.229054026,3.423866389,0.253919677,0.113960471,0.886039529,0.000000000,0.000000000,False,0.000000000,False,0.000000000,0.820743854,-1.305706887,0.028473683,0.127124670,True,0.155598353,0.872181107,0.425382522,0.425382522,0.000000000,0.053986788,0.789154669,0.448785110,0.153828367
34.550000000,2.736973094,0.469863335,3.514032907,0.229054026,3.430844027,0.254834097,0.107055955,0.892944045,0.000000000,0.000000000,False,0.000000000,False,0.000000000,0.813517718,-0.144522714,0.024593848,0.127124670,True,0.151718518,0.869805108,0.426103848,0.426103848,0.000000000,0.058239040,0.788185517,0.448987047,0.149982892
34.600000000,2.718895720,0.474185758,3.422685997,0.215235662,3.351905976,0.241278212,0.100569763,0.899430237,0.000000000,0.000000000,False,0.000000000,False,0.000000000,0.749917266,-1.272009037,0.023014114,0.127124670,True,0.150138784,0.870474830,0.427950364,0.427950364,0.000000000,0.169241093,0.831141349,0.472797996,0.143284139
34.650000000,2.738199302,0.513640741,3.422685997,0.215235662,3.358018056,0.243427944,0.094476549,0.905523451,0.000000000,0.000000000,False,0.000000000,False,0.000000000,0.746704510,-0.064255117,0.020002701,0.127124670,True,0.147127371,0.867347517,0.429079222,0.429079222,0.000000000,0.113848889,0.808035613,0.462458855,0.143290835
34.700000000,2.718204990,0.512467676,3.422685997,0.215235662,3.360161543,0.241615747,0.088752504,0.911247496,0.000000000,0.000000000,False,0.000000000,False,0.000000000,0.764617786,0.358265517,0.018361493,0.127124670,True,0.145486164,0.867311623,0.429680735,0.429680735,0.000000000,0.098644512,0.801651090,0.460673522,0.142146653
34.750000000,2.729968937,0.523358299,3.508714308,0.227902304,3.443786209,0.252536025,0.083375262,0.916624738,0.000000000,0.000000000,False,0.000000000,False,0.000000000,0.832909718,1.365838638,0.014876802,0.127124670,True,0.142001473,0.869139412,0.431318978,0.431318978,0.000000000,0.054860385,0.783378736,0.452187650,0.140459663
34.801000000,2.715738936,0.519831555,3.508714308,0.227902304,3.446683044,0.250738752,0.078225966,0.921774034,0.000000000,0.000000000,False,0.000000000,False,0.000000000,0.845004514,0.237152858,0.015049280,0.127124670,True,0.142173951,0.871345668,0.432270265,0.432270265,0.000000000,0.171303654,0.831348123,0.473223189,0.136148046
34.850000000,2.715865031,0.559251454,3.484256561,0.378701765,3.427719534,0.391986324,0.073578410,0.926421590,0.000000000,0.000000000,False,0.000000000,False,0.000000000,0.789318525,-1.136448750,0.010235966,0.127124670,True,0.137360637,0.876228290,0.433541966,0.433541966,0.000000000,0.109076352,0.813939851,0.458812302,0.135016127
34.900000000,2.695473541,0.549556837,3.484256561,0.378701765,3.429735469,0.390511356,0.069120520,0.930879480,0.000000000,0.000000000,False,0.000000000,False,0.000000000,0.807075032,0.355130150,0.006224604,0.127124670,True,0.133349275,0.876207267,0.433191276,0.433191276,0.000000000,0.136219749,0.824346460,0.463882467,0.129769333
34.950000000,2.704728235,0.569982468,3.314596299,0.378797277,3.274995907,0.391211451,0.064932719,0.935067281,0.000000000,0.000000000,False,0.000000000,False,0.000000000,0.639132875,-3.358843140,0.002671789,0.127124670,True,0.129796459,0.871244321,0.434334602,0.434334602,0.000000000,0.165125346,0.828609101,0.467301067,0.125540165
35.000000000,2.689705978,0.587190494,3.314596299,0.378797277,3.276478836,0.391508981,0.060998644,0.939001356,0.000000000,0.000000000,False,0.000000000,False,0.000000000,0.658722738,0.391797260,0.000745336,0.127124670,True,0.127870007,0.870196310,0.435164418,0.435164418,0.000000000,0.162730583,0.826451101,0.463286910,0.124739184
35.050000000,2.665909544,0.608595557,3.411167819,0.409328206,3.368462341,0.420746808,0.057302923,0.942697077,0.000000000,0.000000000,False,0.000000000,False,0.000000000,0.771438509,2.254315418,0.000000000,0.127124670,True,0.123313432,0.866281312,0.434937311,0.434937311,0.000000000,0.212503808,0.837237510,0.467986962,0.118802033
35.101000000,2.665909544,0.608595557,3.411167819,0.409328206,3.371099852,0.420041589,0.053763868,0.946236132,0.000000000,0.000000000,False,0.000000000,False,0.000000000,0.771438509,0.000000000,0.000000000,0.127124670,True,0.121386669,0.888751246,0.436383110,0.436383110,0.000000000,0.141153968,0.838283084,0.459175216,0.119227695
35.150000000,2.695688238,0.611122136,3.349673532,0.436348397,3.316601723,0.445186644,0.050569652,0.949430348,0.000000000,0.000000000,False,0.000000000,False,0.000000000,0.676936205,-1.928618461,0.000000000,0.127124670,True,0.121592007,0.898230568,0.436077492,0.436077492,0.000000000,0.125069567,0.842669701,0.452009602,0.120543702
35.200000000,2.666378523,0.616063047,3.349673532,0.436348397,3.317213062,0.444885883,0.047505792,0.952494208,0.000000000,0.000000000,False,0.000000000,False,0.000000000,0.706533386,0.591943616,0.000000000,0.127124670,True,0.117895339,0.897136164,0.436588703,0.436588703,0.000000000,0.110699134,0.835852430,0.448903670,0.117250384
35.252000000,2.667094811,0.624189105,3.101132822,0.375122628,3.081811129,0.386210104,0.044516132,0.955483868,0.000000000,0.000000000,False,0.000000000,False,0.000000000,0.500422926,-3.963662681,0.000000000,0.127124670,True,0.116929919,0.896135159,0.437232375,0.437232375,0.000000000,0.138392904,0.844839152,0.452582578,0.115917976
35.300000000,2.664282116,0.648741506,3.158340174,0.458629871,3.137627425,0.466600057,0.041923714,0.958076286,0.000000000,0.000000000,False,0.000000000,False,0.000000000,0.529373024,0.603127030,0.000000000,0.127124670,True,0.110790436,0.889234273,0.437608657,0.437608657,0.000000000,0.144989983,0.839709416,0.451679289,0.109893303
35.351000000,2.646424728,0.682211758,3.158340174,0.458629871,3.138204243,0.467424349,0.039334486,0.960665514,0.000000000,0.000000000,False,0.000000000,False,0.000000000,0.558611031,0.573294261,0.000000000,0.127124670,True,0.111295036,0.889356403,0.437750448,0.437750448,0.000000000,0.198727956,0.856634729,0.458045868,0.109428886
35.400000000,2.646424728,0.682211758,3.158340174,0.458629871,3.139400558,0.466901852,0.036997548,0.963002452,0.000000000,0.000000000,False,0.000000000,False,0.000000000,0.558611031,0.000000000,0.000000000,0.127124670,True,0.110433528,0.895375748,0.438253078,0.438253078,0.000000000,0.189412197,0.860102288,0.456876166,0.108851939
35.450000000,2.662832850,0.697181746,3.172019994,0.520675599,3.154322696,0.526810243,0.034755980,0.965244020,0.000000000,0.000000000,False,0.000000000,False,0.000000000,0.538911837,-0.393983878,0.000000000,0.127124670,True,0.106825330,0.891456695,0.437862102,0.437862102,0.000000000,0.189459456,0.856149031,0.453187330,0.105720332
35.500000000,2.631160925,0.697785256,3.172019994,0.520675599,3.154360826,0.526458269,0.032650222,0.967349778,0.000000000,0.000000000,False,0.000000000,False,0.000000000,0.569118935,0.604141968,0.000000000,0.127124670,True,0.105036630,0.891744610,0.438238096,0.438238096,0.000000000,0.109842054,0.829074477,0.441000200,0.105000307
35.550000000,2.628875657,0.696065123,3.160310960,0.565544703,3.144010753,0.569548031,0.030672045,0.969327955,0.000000000,0.000000000,False,0.000000000,False,0.000000000,0.547228528,-0.437808156,0.000000000,0.127124670,True,0.105012760,0.898467340,0.438070430,0.438070430,0.000000000,0.101790808,0.833162395,0.437056602,0.105007866
35.600000000,2.629755730,0.702464519,3.138127824,0.603297181,3.123479734,0.606154561,0.028813719,0.971186281,0.000000000,0.000000000,False,0.000000000,False,0.000000000,0.517954001,-0.585490532,0.000000000,0.127124670,True,0.105029425,0.898003076,0.438730799,0.438730799,0.000000000,0.139666185,0.846740740,0.439723784,0.105024731
35.650000000,2.618983321,0.725766347,3.138127824,0.603297181,3.124075629,0.606612175,0.027067984,0.972932016,0.000000000,0.000000000,False,0.000000000,False,0.000000000,0.533394519,0.308810352,0.000000000,0.127124670,True,0.103698863,0.899395463,0.438960012,0.438960012,0.000000000,0.215562543,0.871209371,0.449874094,0.103122922
35.700000000,2.613479225,0.750339812,3.138127824,0.603297181,3.124787050,0.607036184,0.025428018,0.974571982,0.000000000,0.000000000,False,0.000000000,False,0.000000000,0.544864835,0.229406329,0.000000000,0.127124670,True,0.100273188,0.897816923,0.438720148,0.438720148,0.000000000,0.209553838,0.868077203,0.449143765,0.099729938
35.751000000,2.612117975,0.769624753,3.111981771,0.638361000,3.100056234,0.641492635,0.023857572,0.976142428,0.000000000,0.000000000,False,0.000000000,False,0.000000000,0.516811365,-0.550068046,0.000000000,0.127124670,True,0.102676666,0.901663587,0.439126315,0.439126315,0.000000000,0.077411226,0.825929427,0.429181786,0.102193953
35.803000000,2.602004466,0.739879794,3.111981771,0.638361000,3.100580639,0.640630570,0.022356154,0.977643846,0.000000000,0.000000000,False,0.000000000,False,0.000000000,0.519983574,0.061004020,0.000000000,0.127124670,True,0.100738662,0.902527057,0.439173967,0.439173967,0.000000000,0.143965732,0.852881696,0.435697263,0.100678650
35.850000000,2.603327310,0.772076640,3.078720521,0.679160236,3.068698962,0.681118966,0.021080567,0.978919433,0.000000000,0.000000000,False,0.000000000,False,0.000000000,0.484388443,-0.757343214,0.000000000,0.127124670,True,0.097884408,0.896832361,0.439094881,0.439094881,0.000000000,0.138680468,0.845020392,0.433318043,0.097713793
35.900000000,2.579146671,0.774489288,3.078720521,0.679160236,3.068827280,0.681048071,0.019803360,0.980196640,0.000000000,0.000000000,False,0.000000000,False,0.000000000,0.508587908,0.483989303,0.000000000,0.127124670,True,0.094805186,0.891395448,0.439319467,0.439319467,0.000000000,0.123106417,0.833423753,0.433083577,0.094599879
35.950000000,2.588726711,0.788858378,3.056120649,0.706072040,3.047425469,0.707612158,0.018603535,0.981396465,0.000000000,0.000000000,False,0.000000000,False,0.000000000,0.474669012,-0.678377922,0.000000000,0.127124670,True,0.091283502,0.885528649,0.439069291,0.439069291,0.000000000,0.159552615,0.840256755,0.436215887,0.091238894
36.000000000,2.575156461,0.805754061,3.056120649,0.706072040,3.047715124,0.707814123,0.017476404,0.982523596,0.000000000,0.000000000,False,0.000000000,False,0.000000000,0.491185358,0.330326918,0.000000000,0.127124670,True,0.091825631,0.885202678,0.439126085,0.439126085,0.000000000,0.199894223,0.852262810,0.441256913,0.091800905
36.051000000,2.577875334,0.829805829,3.027664204,0.739577697,3.020288992,0.741057172,0.016397053,0.983602947,0.000000000,0.000000000,False,0.000000000,False,0.000000000,0.458749543,-0.635996358,0.000000000,0.127124670,True,0.089936774,0.886103797,0.439121447,0.439121447,0.000000000,0.093484940,0.815913810,0.427805674,0.089222064
36.100000000,2.566429361,0.815754068,3.027664204,0.739577697,3.020550638,0.740752555,0.015422873,0.984577127,0.000000000,0.000000000,False,0.000000000,False,0.000000000,0.467483069,0.178235213,0.000000000,0.127124670,True,0.090879583,0.891244778,0.439614956,0.439614956,0.000000000,0.233797535,0.867154221,0.441324985,0.090863493
36.151000000,2.554975611,0.855463434,2.999078551,0.772997916,2.992652226,0.774191221,0.014470349,0.985529651,0.000000000,0.000000000,False,0.000000000,False,0.000000000,0.451694568,-0.309578441,0.000000000,0.127124670,True,0.092318581,0.890214215,0.438928941,0.438928941,0.000000000,0.178274894,0.851199633,0.434723212,0.092222731
36.200000000,2.550278501,0.859172853,2.999078551,0.772997916,2.992970096,0.774170812,0.013610637,0.986389363,0.000000000,0.000000000,False,0.000000000,False,0.000000000,0.456998473,0.108242953,0.000000000,0.127124670,True,0.089178670,0.886302552,0.439312732,0.439312732,0.000000000,0.111499099,0.823450324,0.427282304,0.088363476
36.252000000,2.553119438,0.854954387,2.970437186,0.806377640,2.965114680,0.806997192,0.012754085,0.987245915,0.000000000,0.000000000,False,0.000000000,False,0.000000000,0.420135458,-0.708904132,0.000000000,0.127124670,True,0.086286396,0.885483136,0.439857612,0.439857612,0.000000000,0.138808924,0.832736496,0.428733626,0.085566343
36.302000000,2.544113340,0.874709743,2.936027682,0.846408115,2.931332017,0.846747207,0.011981354,0.988018646,0.000000000,0.000000000,False,0.000000000,False,0.000000000,0.392934898,-0.544011210,0.000000000,0.127124670,True,0.088269664,0.890295925,0.439960019,0.439960019,0.000000000,0.110757631,0.827195637,0.423580917,0.086736720
36.350000000,2.539731930,0.882162490,2.936027682,0.846408115,2.931556033,0.846811554,0.011283615,0.988716385,0.000000000,0.000000000,False,0.000000000,False,0.000000000,0.397905388,0.103551889,0.000000000,0.127124670,True,0.088928395,0.907468179,0.439579609,0.439579609,0.000000000,0.192588408,0.873208934,0.431210560,0.088533714
36.400000000,2.558606658,0.923521016,2.936027682,0.846408115,2.932027028,0.847225510,0.010599975,0.989400025,0.000000000,0.000000000,False,0.000000000,False,0.000000000,0.385218157,-0.253744618,0.000000000,0.127124670,True,0.092198868,0.920629173,0.440098409,0.440098409,0.000000000,0.083452698,0.848741368,0.418566104,0.089649267
36.451000000,2.528990595,0.897456086,2.913050646,0.873070381,2.909231047,0.873312904,0.009945316,0.990054684,0.000000000,0.000000000,False,0.000000000,False,0.000000000,0.384833451,-0.007543263,0.000000000,0.127124670,True,0.091904214,0.917723154,0.439123976,0.439123976,0.000000000,0.082190464,0.845466886,0.416302235,0.089025573
36.501000000,2.515191025,0.909722473,2.913050646,0.873070381,2.909333539,0.873412812,0.009342759,0.990657241,0.000000000,0.000000000,False,0.000000000,False,0.000000000,0.399544307,0.294217124,0.000000000,0.127124670,True,0.089478499,0.914062891,0.439863653,0.439863653,0.000000000,0.134728050,0.861628245,0.421121742,0.087493672
36.550000000,2.511245858,0.958411051,2.878557190,0.913040525,2.875329372,0.913439227,0.008787688,0.991212312,0.000000000,0.000000000,False,0.000000000,False,0.000000000,0.370102822,-0.600846636,0.000000000,0.127124670,True,0.089707764,0.925330639,0.440158318,0.440158318,0.000000000,0.045302322,0.836854548,0.410273422,0.084583544
36.600000000,2.504097101,0.924244291,2.878557190,0.913040525,2.875465921,0.913133015,0.008255269,0.991744731,0.000000000,0.000000000,False,0.000000000,False,0.000000000,0.374627659,0.090496731,0.000000000,0.127124670,True,0.090014815,0.925914577,0.439962191,0.439962191,0.000000000,0.069423175,0.848539123,0.413020307,0.085888310
36.650000000,2.508678750,0.948941822,2.855551227,0.939683126,2.852861194,0.939754928,0.007755107,0.992244893,0.000000000,0.000000000,False,0.000000000,False,0.000000000,0.346996021,-0.552632741,0.000000000,0.127124670,True,0.088081432,0.920695472,0.439648195,0.439648195,0.000000000,0.071997998,0.844105138,0.409970019,0.082930963
36.701000000,2.481889526,0.950031735,2.855551227,0.939683126,2.852832409,0.939758424,0.007276148,0.992723852,0.000000000,0.000000000,False,0.000000000,False,0.000000000,0.373804976,0.525665784,0.000000000,0.127124670,True,0.087670526,0.919340311,0.439569284,0.439569284,0.000000000,0.092841798,0.851449740,0.410679741,0.082773881
36.750000000,2.488327017,0.972001507,2.826798036,0.972981214,2.824481589,0.972974509,0.006843858,0.993156142,0.000000000,0.000000000,False,0.000000000,False,0.000000000,0.338472437,-0.721072224,0.000000000,0.127124670,True,0.085061393,0.916502456,0.440279888,0.440279888,0.000000000,0.088429966,0.846273232,0.407983626,0.078691753
36.800000000,2.482056273,0.983582114,2.826798036,0.972981214,2.824581619,0.973049370,0.006429210,0.993570790,0.000000000,0.000000000,False,0.000000000,False,0.000000000,0.344904715,0.128645548,0.000000000,0.127124670,True,0.088157554,0.931799607,0.439535312,0.439535312,0.000000000,0.113243894,0.872802623,0.407476383,0.082121736
36.852000000,2.471743381,0.994753072,2.798041570,1.006283243,2.796075753,1.006213779,0.006024603,0.993975397,0.000000000,0.000000000,False,0.000000000,False,0.000000000,0.326501843,-0.353901388,0.000000000,0.127124670,True,0.088872400,0.930269405,0.439944899,0.439944899,0.000000000,0.106962337,0.868633282,0.405350248,0.081862773
36.900000000,2.460153062,1.009680719,2.786533116,1.019600492,2.784681314,1.019544210,0.005673758,0.994326242,0.000000000,0.000000000,False,0.000000000,False,0.000000000,0.326530766,0.000602564,0.000000000,0.127124670,True,0.088872400,0.930269405,0.439944899,0.439944899,0.000000000,0.106962337,0.868633282,0.405350248,0.081862773
36.950000000,2.460153062,1.009680719,2.786533116,1.019600492,2.784793509,1.019547620,0.005330002,0.994669998,0.000000000,0.000000000,False,0.000000000,False,0.000000000,0.326530766,0.000000000,0.000000000,0.127124670,True,0.088872400,0.930269405,0.439944899,0.439944899,0.000000000,0.106962337,0.868633282,0.405350248,0.081862773
37.000000000,2.460153062,1.009680719,2.735846457,1.079906004,2.734466040,1.079554381,0.005007074,0.994992926,0.000000000,0.000000000,False,0.000000000,False,0.000000000,0.284496817,-0.840678983,0.000000000,0.127124670,True,0.088872400,0.930269405,0.439944899,0.439944899,0.000000000,0.106962337,0.868633282,0.405350248,0.081862773
