stamp,source,forced_dropout,x,y
0.150000000,gps,False,-0.043174858,0.080488199
0.200000000,gps,False,0.037157049,-0.001890041
0.251000000,gps,False,0.130766659,0.030697438
0.300000000,gps,False,0.079010724,-0.026845734
0.350000000,gps,False,-0.013794214,-0.045012226
0.406000000,gps,False,-0.063328826,-0.052432486
0.450000000,gps,False,-0.025936433,0.131150766
0.500000000,gps,False,0.012839752,-0.015872625
0.551000000,gps,False,0.150217961,0.017943848
0.602000000,gps,False,-0.066210056,0.035456021
0.650000000,gps,False,0.129450566,-0.044186908
0.700000000,gps,False,0.113765128,-0.072827128
0.750000000,gps,False,-0.010429571,-0.239772112
0.804000000,gps,False,0.078270071,0.020039520
0.861000000,gps,False,0.053132014,0.068314283
0.900000000,gps,False,0.034419969,-0.022959877
0.951000000,gps,False,-0.003543326,0.247951215
1.000000000,gps,False,-0.164593399,0.057382143
1.050000000,gps,False,-0.146539902,0.135075796
1.102000000,gps,False,-0.018119776,0.190641186
1.150000000,gps,False,-0.031375080,-0.089612278
1.201000000,gps,False,0.116499177,-0.056365445
1.259000000,gps,False,0.047778690,-0.088473505
1.300000000,gps,False,0.097130557,-0.008685057
1.352000000,gps,False,0.052755167,0.041639943
1.407000000,gps,False,-0.073986675,-0.106142822
1.455000000,gps,False,0.277745885,-0.053913202
1.501000000,gps,False,0.305453429,-0.026024087
1.551000000,gps,False,0.155283969,0.186042727
1.600000000,gps,False,0.386254468,0.025514589
1.650000000,gps,False,0.448163661,-0.023428409
1.700000000,gps,False,0.369011309,0.147398450
1.751000000,gps,False,0.389318283,-0.150906573
1.800000000,gps,False,0.416062219,0.027500583
1.851000000,gps,False,0.460338860,0.214839625
1.901000000,gps,False,0.701685631,0.075616812
1.950000000,gps,False,0.602507865,-0.070017080
2.000000000,gps,False,0.609041284,0.020596916
2.050000000,gps,False,0.718110231,-0.254281639
2.107000000,gps,False,0.891519872,-0.059066383
2.150000000,gps,False,0.770666178,-0.005998231
2.200000000,gps,False,0.673625058,0.133573898
2.250000000,gps,False,1.022023125,0.075012356
2.303000000,gps,False,0.918365800,-0.053317903
2.350000000,gps,False,0.939478576,0.023984671
2.402000000,gps,False,1.019741303,0.048910446
2.458000000,gps,False,1.036545113,0.015469832
2.500000000,gps,False,0.922898548,0.144367031
2.550000000,gps,False,1.155472643,0.016615079
2.601000000,gps,False,0.921367874,-0.162556845
2.650000000,gps,False,1.301954411,-0.008839338
2.702000000,gps,False,1.422153797,0.150537086
2.750000000,gps,False,1.277027845,-0.012213444
2.800000000,gps,False,1.406346767,0.063068316
2.850000000,gps,False,1.557509094,-0.070905243
2.900000000,gps,False,1.520187187,0.172469005
2.950000000,gps,False,1.389175836,0.148161502
3.000000000,gps,False,1.500616288,0.119397950
3.050000000,gps,False,1.307051865,0.072513222
3.100000000,gps,False,1.647336716,-0.057539458
3.150000000,gps,False,1.749808297,-0.124944666
3.200000000,gps,False,1.760087442,0.032126766
3.250000000,gps,False,1.579459277,-0.089648578
3.301000000,gps,False,1.742033607,-0.112996733
3.350000000,gps,False,1.817015161,0.003139577
3.400000000,gps,False,1.910041757,-0.161228534
3.450000000,gps,False,1.914653764,0.027293704
3.500000000,gps,False,1.917098153,0.022710847
3.550000000,gps,False,1.889889077,-0.081830421
3.601000000,gps,False,2.120405582,-0.076473681
3.650000000,gps,False,2.087000687,-0.042394364
3.700000000,gps,False,2.170884362,-0.061799674
3.750000000,gps,False,2.367095298,0.093561414
3.801000000,gps,False,2.273942290,-0.081431309
3.850000000,gps,False,2.202035252,-0.096722151
3.902000000,gps,False,2.302987372,0.009296157
3.950000000,gps,False,2.329515361,0.052764633
4.000000000,gps,False,2.448088369,0.059791275
4.056000000,gps,False,2.446127734,0.069386934
4.101000000,gps,False,2.601156307,-0.025765135
4.150000000,gps,False,2.576027805,0.157143902
4.200000000,gps,False,2.575908211,-0.198307975
4.250000000,gps,False,2.768353488,0.128564505
4.300000000,gps,False,2.755932243,-0.205048904
4.351000000,gps,False,2.669778750,0.144695012
4.400000000,gps,False,2.748585087,0.013627835
4.450000000,gps,False,2.906122647,0.045731964
4.500000000,gps,False,2.873239450,-0.029581367
4.551000000,gps,False,2.928120419,0.220017269
4.600000000,gps,False,2.996666014,0.292311748
4.650000000,gps,False,2.826884269,-0.003740383
4.700000000,gps,False,2.968178328,0.346846322
4.750000000,gps,False,2.940349536,0.387403791
4.800000000,gps,False,2.930732169,0.516657989
4.851000000,gps,False,2.717652188,0.112966150
4.900000000,gps,False,3.101429595,0.521936398
4.951000000,gps,False,3.059670617,0.691390629
5.000000000,gps,False,2.970871631,0.560680263
5.052000000,gps,False,2.964850052,0.691754557
5.105000000,gps,False,3.069435746,0.607836014
5.150000000,gps,False,2.820306663,0.669247923
5.201000000,gps,False,2.991754856,0.854129615
5.250000000,gps,False,3.009478684,0.652220847
5.300000000,gps,False,2.994509243,0.744782400
5.350000000,gps,False,3.166567056,0.795304360
5.400000000,gps,False,2.988969434,0.876554690
5.450000000,gps,False,3.008593586,1.115142657
5.504000000,gps,False,3.032992017,0.938283681
5.556000000,gps,False,2.952936195,0.950299981
5.600000000,gps,False,3.122235630,1.155491121
5.651000000,gps,False,3.077131024,1.104677616
5.703000000,gps,False,2.941662617,1.245858246
5.751000000,gps,False,3.106803368,1.247059682
5.800000000,gps,False,2.982057161,1.271985260
5.850000000,gps,False,2.911206396,1.330787170
5.900000000,gps,False,2.983281720,1.414138600
5.950000000,gps,False,3.100195898,1.450099391
6.000000000,gps,False,2.909595925,1.539245327
6.050000000,gps,False,2.758345837,1.494932963
6.100000000,gps,False,3.036207972,1.681725204
6.151000000,gps,False,2.830073949,1.499520454
6.200000000,gps,False,3.087896206,1.515105942
6.252000000,gps,False,3.024157809,1.543391376
6.300000000,gps,False,3.175408972,1.714061643
6.350000000,gps,False,3.055392377,1.758453045
6.400000000,gps,False,3.077333344,1.546452548
6.450000000,gps,False,3.019829732,1.873423970
6.500000000,gps,False,3.112230762,1.915941617
6.550000000,gps,False,3.142217226,1.829558877
6.610000000,gps,False,3.041297803,2.002705423
6.650000000,gps,False,3.066361778,1.885600223
6.700000000,gps,False,3.128029159,1.879087624
6.750000000,gps,False,3.083150397,2.014826011
6.800000000,gps,False,3.128119769,2.149022569
6.850000000,gps,False,2.982647150,2.178830584
6.900000000,gps,False,3.033665506,2.018872130
6.954000000,gps,False,2.822491016,2.341569350
7.000000000,gps,False,3.116209799,2.095046574
7.050000000,gps,False,2.974431720,2.046224116
7.100000000,gps,False,3.171523305,2.364681012
7.151000000,gps,False,3.066087729,2.295708140
7.202000000,gps,False,3.275128851,2.515484369
7.251000000,gps,False,2.971994202,2.486747800
7.300000000,gps,False,2.974847634,2.441279772
7.350000000,gps,False,2.942247062,2.372246540
7.402000000,gps,False,3.139680954,2.420406027
7.450000000,gps,False,3.223021728,2.742083791
7.500000000,gps,False,3.083607945,2.730318403
7.550000000,gps,False,2.949125654,2.695523092
7.606000000,gps,False,3.042829391,3.030995905
7.652000000,gps,False,2.977860030,2.917872534
7.700000000,gps,False,2.753365126,2.770618825
7.750000000,gps,False,2.816484974,2.945431489
7.803000000,gps,False,2.794017571,2.774693302
7.850000000,gps,False,2.901282193,3.085888662
7.900000000,gps,False,2.792472065,2.923286990
7.950000000,gps,False,2.798332726,2.963190680
8.000000000,gps,False,2.680286000,2.861990165
8.051000000,gps,False,2.504247100,2.916470611
8.100000000,gps,False,2.594197627,2.902369830
8.150000000,gps,False,2.674767577,2.976732771
8.200000000,gps,False,2.450674987,3.075368066
8.250000000,gps,False,2.577363659,3.017279565
8.300000000,gps,False,2.551375149,3.151104187
8.351000000,gps,False,2.384229717,2.842238675
8.400000000,gps,False,2.378747889,3.020822037
8.461000000,gps,False,2.204526279,2.967810855
8.500000000,gps,False,2.226951879,3.046433841
8.550000000,gps,False,2.131716558,2.873870878
8.601000000,gps,False,2.240301517,3.161521895
8.650000000,gps,False,2.078831464,3.016594877
8.700000000,gps,False,1.898064058,2.872491641
8.751000000,gps,False,2.079987401,3.113624195
8.801000000,gps,False,2.148903795,3.175857676
8.850000000,gps,False,2.006153732,2.935341902
8.900000000,gps,False,2.010992098,3.122519562
8.951000000,gps,False,1.811716460,3.012898781
9.000000000,gps,False,1.954720345,3.046851269
9.050000000,gps,False,1.787142225,3.013714317
9.100000000,gps,False,1.728871922,2.951783198
9.150000000,gps,False,1.653261240,2.963982650
9.200000000,gps,False,1.559709567,2.957313389
9.250000000,gps,False,1.375952952,2.881374277
9.302000000,gps,False,1.722362364,3.167568305
9.350000000,gps,False,1.488498432,2.969538916
9.400000000,gps,False,1.460237947,3.104621914
9.450000000,gps,False,1.566913914,3.175952204
9.500000000,gps,False,1.279544148,2.905080090
9.550000000,gps,False,1.326054021,3.027115809
9.605000000,gps,False,1.325492234,3.090504562
9.650000000,gps,False,1.150498284,3.020310760
9.700000000,gps,False,1.253509176,3.035894622
9.752000000,gps,False,0.969479826,2.951883131
9.803000000,gps,False,1.179737705,3.052428015
9.851000000,gps,False,1.050003455,3.038801705
9.900000000,gps,False,0.893666152,2.980233842
9.950000000,gps,False,0.980675056,2.869509789
10.000000000,gps,False,0.807588411,3.177033033
10.051000000,gps,False,1.025451772,2.974520247
10.100000000,gps,False,0.732486289,2.991867918
10.150000000,gps,False,0.732040595,2.914424106
10.200000000,gps,False,0.671296222,2.882764343
10.250000000,gps,False,0.772612971,2.967093949
10.302000000,gps,False,0.810001152,3.227313898
10.352000000,gps,False,0.532688212,3.041145622
10.400000000,gps,False,0.585676335,3.128051641
10.450000000,gps,False,0.458955356,2.813314951
10.500000000,gps,False,0.361528058,2.944436998
10.550000000,gps,False,0.354703043,2.848298326
10.601000000,gps,False,0.486714923,2.996056136
10.650000000,gps,False,0.518290368,2.994480547
10.700000000,gps,False,0.231208394,2.975341576
10.750000000,gps,False,0.172372617,2.938911543
10.803000000,gps,False,0.157345990,2.838280600
10.851000000,gps,False,0.276489520,2.914000492
10.903000000,gps,False,0.143036435,2.916729975
10.956000000,gps,False,0.138221193,2.716011654
11.002000000,gps,False,0.081928514,2.937952460
11.050000000,gps,False,0.158656652,2.908533065
11.100000000,gps,False,0.045029243,2.791103761
11.150000000,gps,False,-0.029518923,2.760808273
11.200000000,gps,False,0.006098061,2.498939719
11.251000000,gps,False,-0.060022523,2.615642328
11.300000000,gps,False,-0.052680767,2.567009109
11.350000000,gps,False,0.039849403,2.442781510
11.400000000,gps,False,-0.032762054,2.551939827
11.450000000,gps,False,-0.061676428,2.462673641
11.500000000,gps,False,-0.004386930,2.423878135
11.556000000,gps,False,0.091688868,2.255507436
11.600000000,gps,False,0.042572975,2.239318047
11.655000000,gps,False,0.168451934,2.092867307
11.700000000,gps,False,0.084192567,2.274665397
11.755000000,gps,False,0.125551029,2.190712096
11.803000000,gps,False,-0.019681809,2.167558672
11.851000000,gps,False,0.007658562,2.096762738
11.906000000,gps,False,0.181666243,1.986815487
11.953000000,gps,False,-0.078618495,1.870138300
12.000000000,gps,False,-0.117865420,1.785307755
12.050000000,gps,False,-0.106829004,1.890013866
12.100000000,gps,False,0.136757018,1.702451052
12.150000000,gps,False,0.260035795,1.990620409
12.201000000,gps,False,-0.109250184,1.680932540
12.250000000,gps,False,0.088259849,1.832521000
12.302000000,gps,False,-0.003419999,1.310455771
12.350000000,gps,False,0.080355610,1.604735977
12.400000000,gps,False,0.197723678,1.745481671
12.450000000,gps,False,0.183382921,1.544732667
12.500000000,gps,False,0.089141352,1.621210906
12.550000000,gps,False,0.221474411,1.559890784
12.600000000,gps,False,0.172300628,1.328886691
12.650000000,gps,False,0.020135843,1.280019786
12.700000000,gps,False,0.092760073,1.549389371
12.750000000,gps,False,0.090727967,1.373187481
12.800000000,gps,False,0.034108110,1.243006020
12.850000000,gps,False,-0.013280858,1.236235324
12.900000000,gps,False,0.179722351,0.931556764
12.950000000,gps,False,-0.079473856,0.982958946
13.001000000,gps,False,0.009806241,0.923631068
13.050000000,gps,False,0.044177223,0.896448491
13.101000000,gps,False,-0.115537932,0.833395953
13.153000000,gps,False,-0.167397375,0.991721036
13.200000000,gps,False,0.159030421,0.863138091
13.250000000,gps,False,0.070004893,0.614994505
13.300000000,gps,False,0.117085852,0.833890144
13.350000000,gps,False,-0.080834579,0.679114505
13.400000000,gps,False,-0.019678900,0.638295528
13.455000000,gps,False,0.145407408,0.718394574
13.500000000,gps,False,0.104267042,0.499414428
13.550000000,gps,False,0.286159350,0.440874283
13.600000000,gps,False,-0.126673534,0.490599307
13.650000000,gps,False,-0.075372865,0.406420710
13.700000000,gps,False,-0.132158525,0.275186822
13.750000000,gps,False,-0.150474603,0.293674363
13.802000000,gps,False,0.015353164,0.308422208
13.850000000,gps,False,0.039691707,0.352801793
13.900000000,gps,False,0.012045067,0.263288310
13.950000000,gps,False,0.084750864,0.263495448
14.000000000,gps,False,-0.008300896,0.106941007
14.050000000,gps,False,0.175910100,0.025656529
14.100000000,gps,False,0.115917848,0.030227553
14.150000000,gps,False,0.263065494,0.064545864
14.200000000,gps,False,0.190547330,0.152880344
14.251000000,gps,False,0.223836861,0.012422047
14.300000000,gps,False,0.295701202,0.056664856
14.351000000,gps,False,0.192406161,0.103002687
14.404000000,gps,False,0.424122563,-0.065823510
14.460000000,gps,False,0.435162837,0.183013236
14.500000000,gps,False,0.435162837,0.183013236
14.550000000,gps,False,0.435204454,0.044110366
14.600000000,gps,False,0.504311748,0.097409524
14.650000000,gps,False,0.592451521,0.137822800
14.700000000,gps,False,0.655627523,0.048148217
14.751000000,gps,False,0.584577032,0.132266337
14.801000000,gps,False,0.855568204,-0.006698454
14.851000000,gps,False,0.814054446,-0.141651327
14.902000000,gps,False,0.697959266,-0.093692592
14.950000000,gps,False,0.940728435,-0.159955094
15.001000000,gps,False,0.813334764,-0.128710884
15.051000000,gps,False,0.884119269,-0.155753197
15.100000000,gps,False,1.019780751,-0.073680496
15.151000000,gps,False,1.058170601,-0.176262947
15.200000000,gps,False,0.858030619,-0.153770098
15.250000000,gps,False,1.205370445,-0.055039978
15.300000000,gps,False,1.209402374,-0.043839186
15.351000000,gps,False,1.155361794,-0.197666047
15.400000000,gps,False,1.231419855,-0.239679146
15.450000000,gps,False,1.344712583,0.181988809
15.500000000,gps,False,1.262494456,0.037634985
15.551000000,gps,False,1.221376800,-0.137869129
15.604000000,gps,False,1.474632154,-0.240735746
15.650000000,gps,False,1.409449216,-0.049205365
15.701000000,gps,False,1.422268335,-0.036935703
15.750000000,gps,False,1.788496555,-0.146293010
15.800000000,gps,False,1.723537833,-0.133498371
15.850000000,gps,False,1.773389135,-0.171409982
15.900000000,gps,False,1.684704349,-0.308512441
15.950000000,gps,False,1.955820976,-0.039871683
16.001000000,gps,False,1.888854096,-0.129651468
16.051000000,gps,False,1.855689232,-0.106385441
16.100000000,gps,False,1.824096235,-0.145242350
16.150000000,gps,False,1.873240994,-0.204809874
16.200000000,gps,False,2.039057947,-0.043842129
16.257000000,gps,False,1.999294882,-0.130913675
16.301000000,gps,False,2.239858936,-0.143487471
16.354000000,gps,False,2.106828061,-0.125296347
16.400000000,gps,False,2.176045140,-0.092830944
16.451000000,gps,False,2.323177956,0.000680535
16.507000000,gps,False,2.273245259,-0.240027478
16.577000000,gps,False,2.333204293,-0.057983772
16.600000000,gps,False,2.398480161,0.037209911
16.650000000,gps,False,2.301139946,-0.173152627
16.707000000,gps,False,2.414103141,-0.143304417
16.750000000,gps,False,2.302985784,-0.069647615
16.800000000,gps,False,2.679677797,-0.060101952
16.850000000,gps,False,2.620820602,0.089606503
16.900000000,gps,False,2.559946275,-0.204192651
16.970000000,gps,False,2.772448011,-0.144197453
17.000000000,gps,False,2.546305832,-0.104841985
17.050000000,gps,False,2.762021288,0.015979454
17.101000000,gps,False,2.781740427,0.049728589
17.150000000,gps,False,2.899347288,-0.102247030
17.200000000,gps,False,3.035970304,0.031656744
17.250000000,gps,False,2.944290990,0.120528476
17.300000000,gps,False,3.006081640,-0.011295243
17.350000000,gps,False,2.910293048,0.189159498
17.400000000,gps,False,3.067904971,0.055357451
17.451000000,gps,False,3.044509378,-0.091600434
17.501000000,gps,False,3.078303757,0.189071372
17.550000000,gps,False,3.087925534,0.158580125
17.600000000,gps,False,3.167785012,0.295745618
17.650000000,gps,False,3.163912802,0.426593528
17.700000000,gps,False,3.054663990,0.307555976
17.751000000,gps,False,3.138698721,0.314710416
17.800000000,gps,False,3.162979802,0.447348119
17.852000000,gps,False,3.290193851,0.521438143
17.900000000,gps,False,3.125563125,0.349080776
17.950000000,gps,False,3.118043106,0.611442423
18.000000000,gps,False,3.161302546,0.539271634
18.050000000,gps,False,3.083882690,0.710852938
18.100000000,gps,False,3.267195564,0.535248041
18.151000000,gps,False,3.092590810,0.792651176
18.200000000,gps,False,3.033666981,0.866808328
18.250000000,gps,False,2.921681095,0.758093018
18.300000000,gps,False,3.052886062,0.848003032
18.350000000,gps,False,3.063608522,0.986232823
18.400000000,gps,False,3.192953871,0.899212125
18.450000000,gps,False,3.147887598,0.821006796
18.500000000,gps,False,3.154002932,1.127713071
18.550000000,gps,False,3.152230487,0.898663001
18.600000000,gps,False,3.337349797,1.086310166
18.650000000,gps,False,3.140480453,1.224398570
18.702000000,gps,False,2.981499851,1.175718819
18.753000000,gps,False,3.023008700,1.136960572
18.801000000,gps,False,3.091046184,1.398343102
18.850000000,gps,False,2.958938314,1.254944037
18.900000000,gps,False,2.926700859,1.408661253
18.950000000,gps,False,3.080661533,1.455115363
19.006000000,gps,False,2.925330319,1.319404095
19.050000000,gps,False,3.184926537,1.576068188
19.100000000,gps,False,3.175169749,1.646669882
19.171000000,gps,False,3.145729205,1.462508999
19.222000000,gps,False,3.116780303,1.664572232
19.250000000,gps,False,2.940544833,1.715179646
19.303000000,gps,False,3.153107740,1.574305384
19.351000000,gps,False,3.114439938,1.875228513
19.401000000,gps,False,2.928472102,1.907826961
19.450000000,gps,False,3.183235660,1.893067144
19.500000000,gps,False,3.008199539,2.090375721
19.550000000,gps,False,3.043451713,1.731695221
19.600000000,gps,False,3.042304749,1.933139535
19.650000000,gps,False,3.065026941,2.012777621
19.701000000,gps,False,2.948052463,2.131181735
19.750000000,gps,False,3.037180804,2.099871880
19.804000000,gps,False,3.074558879,2.112227080
19.850000000,gps,False,2.933322694,2.079570928
19.900000000,gps,False,2.971294679,2.135075443
19.951000000,gps,False,2.853347155,2.346505404
20.001000000,gps,False,3.030033154,2.292114072
20.050000000,gps,False,2.940936079,2.519541664
20.101000000,gps,False,2.966313838,2.397199339
20.150000000,gps,False,3.015727726,2.619683889
20.204000000,gps,False,2.869610500,2.597762737
20.250000000,gps,False,2.963402736,2.545966445
20.300000000,gps,False,3.093008290,2.673156184
20.351000000,gps,False,3.194308570,2.660626254
20.445000000,gps,False,2.797540897,2.831536817
20.450000000,gps,False,2.797540897,2.831536817
20.507000000,gps,False,3.006501840,2.464983949
20.589000000,gps,False,2.965798053,2.958560233
20.601000000,gps,False,2.965798053,2.958560233
20.650000000,gps,False,2.781364961,2.870898366
20.725000000,gps,False,2.857147431,3.031783751
20.751000000,gps,False,2.741038575,3.122546122
20.800000000,gps,False,2.931973448,2.952515096
20.858000000,gps,False,2.683527282,2.883429438
20.902000000,gps,False,2.810459387,3.158442529
20.951000000,gps,False,2.686064638,3.019486104
21.000000000,gps,False,2.720135696,2.915665359
21.050000000,gps,False,2.656133679,2.872785770
21.100000000,gps,False,2.506593163,2.952023824
21.151000000,gps,False,2.604538331,3.122473591
21.200000000,gps,False,2.500539215,2.964958825
21.250000000,gps,False,2.453635346,3.323084768
21.300000000,gps,False,2.322993929,3.233553298
21.469000000,gps,False,2.285479851,2.933676839
21.500000000,gps,False,2.191511726,2.937287817
21.564000000,gps,False,2.088792501,3.241961586
21.601000000,gps,False,2.162697694,3.132782157
21.652000000,gps,False,1.888019052,3.184584297
21.700000000,gps,False,1.981298796,3.153066404
21.750000000,gps,False,1.998874008,3.108356631
21.801000000,gps,False,1.838141112,2.976910031
21.850000000,gps,False,1.780715222,2.871669258
21.902000000,gps,False,1.860175239,2.889150100
21.950000000,gps,False,1.745625227,3.167460614
22.000000000,gps,False,1.580977059,3.015557905
22.050000000,gps,False,1.708323553,3.020519540
22.100000000,gps,False,1.706713899,3.177193061
22.150000000,gps,False,1.637681581,2.989630538
22.200000000,gps,False,1.684316599,2.849456660
22.250000000,gps,False,1.407744265,2.825543903
22.300000000,gps,False,1.557762171,3.033983087
22.350000000,gps,False,1.369460789,3.008938975
22.400000000,gps,False,1.251307692,2.964252734
22.450000000,gps,False,1.396099448,2.924190646
22.500000000,gps,False,1.226731607,3.123462494
22.551000000,gps,False,1.226619044,2.949059254
22.600000000,gps,False,1.280347521,2.982803779
22.652000000,gps,False,1.103262113,3.001734704
22.730000000,gps,False,0.919786736,2.955457699
22.750000000,gps,False,0.931334602,3.116574591
22.824000000,gps,False,0.858283815,3.030939203
22.850000000,gps,False,0.956504161,3.179929837
22.902000000,gps,False,0.961851709,3.060010024
22.950000000,gps,False,0.819931793,3.234707318
23.001000000,gps,False,0.978678464,3.111374347
23.050000000,gps,False,0.778111508,3.091386385
23.100000000,gps,False,0.694129384,3.114026260
23.150000000,gps,False,0.768856581,2.887633666
23.200000000,gps,False,0.627024263,2.930240953
23.250000000,gps,False,0.836463591,2.855559910
23.300000000,gps,False,0.745019732,3.040872618
23.351000000,gps,False,0.631515978,3.134516165
23.400000000,gps,False,0.547361900,2.985466767
23.450000000,gps,False,0.384592210,2.976367821
23.500000000,gps,False,0.211800335,2.752145160
23.551000000,gps,False,0.414395379,3.016758537
23.600000000,gps,False,0.167691048,2.836390911
23.650000000,gps,False,0.418858041,2.944719056
23.700000000,gps,False,0.170168206,2.903280975
23.750000000,gps,False,0.097291297,2.940831487
23.800000000,gps,False,0.194131953,2.966539627
23.850000000,gps,False,-0.024432349,2.688286310
23.900000000,gps,False,0.276663271,2.923627838
23.950000000,gps,False,0.023691364,2.723806065
24.000000000,gps,False,0.160135812,2.912334538
24.050000000,gps,False,-0.144079086,2.457014644
24.100000000,gps,False,0.011436816,2.724597880
24.150000000,gps,False,0.005256678,2.627718947
24.200000000,gps,False,-0.114446422,2.512145295
24.250000000,gps,False,0.013433690,2.742688748
24.300000000,gps,False,-0.012761094,2.545499076
24.350000000,gps,False,-0.122854503,2.604571278
24.403000000,gps,False,0.051839734,2.332317395
24.450000000,gps,False,0.077557739,2.308194787
24.501000000,gps,False,0.087293519,2.243946626
24.550000000,gps,False,0.219531988,2.023837300
24.600000000,gps,False,-0.039796266,2.226382698
24.652000000,gps,False,0.047221340,2.331433971
24.719000000,gps,False,0.016545968,2.215114441
24.751000000,gps,False,-0.211517243,2.082698878
24.817000000,gps,False,0.029931938,2.087652621
24.850000000,gps,False,-0.070924896,2.266937805
24.900000000,gps,False,-0.026033614,1.855274464
24.950000000,gps,False,-0.201752372,1.884492479
25.000000000,gps,False,0.032871937,2.021163949
25.050000000,gps,False,-0.055213428,2.041782827
25.104000000,gps,False,-0.160154328,1.839232510
25.151000000,gps,False,-0.035774885,1.682755120
25.201000000,gps,False,0.009716416,1.672699780
25.264000000,gps,False,-0.073512312,1.726375811
25.303000000,gps,False,-0.229049894,1.457526006
25.351000000,gps,False,0.029824534,1.657231287
25.400000000,gps,False,0.030178698,1.614779329
25.452000000,gps,False,0.185998356,1.404421587
25.502000000,gps,False,0.079805345,1.271717606
25.550000000,gps,False,0.131807525,1.363159149
25.600000000,gps,False,0.042342367,1.535862002
25.650000000,gps,False,-0.028983332,1.292743395
25.701000000,gps,False,-0.131540929,1.383233412
25.750000000,gps,False,-0.030090954,1.312287232
25.800000000,gps,False,-0.057910907,1.074191975
25.851000000,gps,False,-0.237906831,1.215765238
25.900000000,gps,False,-0.078133970,0.968164986
25.950000000,gps,False,-0.174280382,1.035918176
26.000000000,gps,False,-0.189127179,0.910187137
26.050000000,gps,False,-0.004593159,1.025436195
26.102000000,gps,False,0.060655263,0.918391372
26.152000000,gps,False,0.030504860,0.930131161
26.200000000,gps,False,-0.158128732,0.825114693
26.250000000,gps,False,-0.185075577,0.619497835
26.300000000,gps,False,-0.095857498,0.898739682
26.350000000,gps,False,-0.002500195,0.628636730
26.404000000,gps,False,-0.140376068,0.777711810
26.450000000,gps,False,-0.053814320,0.655974308
26.502000000,gps,False,-0.019125885,0.487424932
26.550000000,gps,False,0.039591266,0.473342143
26.602000000,gps,False,0.132771118,0.392688259
26.652000000,gps,False,-0.101823055,0.389995491
26.700000000,gps,False,0.039806187,0.163683579
26.750000000,gps,False,-0.061356767,0.437280164
26.800000000,gps,False,-0.121951730,0.411933236
26.850000000,gps,False,-0.192974675,0.362226872
26.900000000,gps,False,0.099519009,0.208381730
26.950000000,gps,False,0.137208993,0.082733094
27.000000000,gps,False,0.027899504,0.194553600
27.055000000,gps,False,0.263737035,0.332402987
27.100000000,gps,False,0.137080588,0.054888172
27.150000000,gps,False,0.342263030,0.221745462
27.200000000,gps,False,0.265246641,0.102033378
27.250000000,gps,False,0.363954279,0.112729512
27.300000000,gps,False,0.439832824,0.161018564
27.350000000,gps,False,0.438026602,0.083497194
27.400000000,gps,False,0.430189917,0.071996826
27.450000000,gps,False,0.433828290,-0.086025664
27.502000000,gps,False,0.359382282,0.235203263
27.552000000,gps,False,0.639502064,0.150816651
27.601000000,gps,False,0.603879729,0.034743920
27.650000000,gps,False,0.728528099,0.012425255
27.700000000,gps,False,0.729097465,-0.121660177
27.750000000,gps,False,0.775629240,-0.001314492
27.800000000,gps,False,0.722342798,-0.095969520
27.850000000,gps,False,0.890879103,0.037449667
27.900000000,gps,False,0.961229272,0.138125132
27.950000000,gps,False,0.675892542,0.078328713
28.000000000,gps,False,0.828035856,0.130391992
28.051000000,gps,False,0.888399960,-0.185369451
28.101000000,gps,False,1.181565037,0.063790837
28.150000000,gps,False,1.201824803,0.168586842
28.200000000,gps,False,1.025022516,-0.039328545
28.250000000,gps,False,1.040794809,0.011293150
28.300000000,gps,False,1.269336974,0.040407612
28.355000000,gps,False,1.391590455,-0.239937815
28.400000000,gps,False,1.254562898,-0.085114248
28.450000000,gps,False,1.544419661,-0.115852154
28.500000000,gps,False,1.293555391,-0.149044739
28.550000000,gps,False,1.236465979,0.127218875
28.601000000,gps,False,1.513700164,-0.019788359
28.650000000,gps,False,1.467085587,-0.072272156
28.700000000,gps,False,1.549505535,0.050948898
28.750000000,gps,False,1.729651896,-0.035804415
28.801000000,gps,False,1.793422472,0.048271199
28.850000000,gps,False,1.668875244,-0.039881749
28.900000000,gps,False,1.730865759,-0.008879214
28.951000000,gps,False,1.852818279,0.008821479
29.001000000,gps,False,1.724244933,-0.195673827
29.055000000,gps,False,1.902000113,-0.064412806
29.103000000,gps,False,1.970402100,-0.012082290
29.151000000,gps,False,1.902826224,0.127004006
29.200000000,gps,False,2.148973195,0.110694517
29.250000000,gps,False,2.013497903,-0.030269757
29.301000000,gps,False,2.006352228,0.011382182
29.350000000,gps,False,2.168156691,0.063007587
29.400000000,gps,False,2.336647304,0.047323425
29.450000000,gps,False,2.280401359,-0.112644545
29.500000000,gps,False,2.420877126,0.003208328
29.550000000,gps,False,2.206372037,-0.111391306
29.600000000,gps,False,2.486371554,-0.014555440
29.653000000,gps,False,2.395284199,-0.044219305
29.700000000,gps,False,2.556716102,0.012110397
29.750000000,gps,False,2.520402702,-0.130906593
29.800000000,gps,False,2.557427997,0.012637669
29.850000000,gps,False,2.658754678,0.063230402
29.901000000,gps,False,2.669490383,0.130433386
29.957000000,gps,False,2.711134299,-0.030025807
30.000000000,gps,False,2.865610753,0.008794604
30.050000000,gps,False,2.709776892,0.275100555
30.100000000,gps,False,2.733789394,0.121196202
30.150000000,gps,False,2.715219830,0.296813809
30.200000000,gps,False,2.857994656,0.253265509
30.250000000,gps,False,3.157852158,0.145827558
30.306000000,gps,False,2.851666021,0.265661115
30.350000000,gps,False,2.912591438,0.170147991
30.400000000,gps,False,3.072236009,0.373568478
30.450000000,gps,False,2.975703168,0.453280038
30.513000000,gps,False,2.946277351,0.492659806
30.550000000,gps,False,2.906986447,0.589675271
30.600000000,gps,False,3.067402824,0.485580097
30.650000000,gps,False,3.041588270,0.529416283
30.700000000,gps,False,2.843224774,0.582914680
30.750000000,gps,False,3.078456374,0.640101986
30.806000000,gps,False,2.874720389,0.646519822
30.850000000,gps,False,2.911202978,0.900805460
30.900000000,gps,False,3.039360518,0.691522661
30.950000000,gps,False,2.956102951,0.891249903
31.000000000,gps,False,2.911149052,0.977829520
31.052000000,gps,False,3.177121239,0.882129513
31.101000000,gps,False,3.125580904,0.952209162
31.150000000,gps,False,2.998396824,0.953763643
31.204000000,gps,False,2.958703661,0.978699578
31.250000000,gps,False,2.898975652,1.031637194
31.301000000,gps,False,3.045533129,1.161526485
31.350000000,gps,False,2.925729139,1.250630467
31.401000000,gps,False,2.927535591,1.174963775
31.450000000,gps,False,2.891026527,1.245667229
31.502000000,gps,False,3.228319934,1.339650032
31.550000000,gps,False,2.775636603,1.467013620
31.600000000,gps,False,2.912671798,1.469817300
31.650000000,gps,False,3.208385296,1.345032370
31.700000000,gps,False,2.911109384,1.531372981
31.750000000,gps,False,2.953845916,1.561496069
31.811000000,gps,False,2.884326262,1.416060712
31.851000000,gps,False,2.985439982,1.599870662
31.901000000,gps,False,2.803283644,1.479441245
31.950000000,gps,False,2.971790952,1.771414248
32.000000000,gps,False,2.917919395,1.836903928
32.050000000,gps,False,2.802387412,1.815263760
32.106000000,gps,False,2.739018425,1.732967301
32.150000000,gps,False,2.880543190,1.977956484
32.202000000,gps,False,2.932953585,1.861471950
32.250000000,gps,False,2.882496539,1.860441868
32.303000000,gps,False,2.957323366,2.040545451
32.350000000,gps,False,2.830313100,1.833960492
32.400000000,gps,False,2.958735012,2.027377514
32.450000000,gps,False,2.926016813,2.181985821
32.500000000,gps,False,2.852512035,2.315571815
32.550000000,gps,False,2.944211352,2.429835539
32.600000000,gps,False,3.062370811,2.115469763
32.650000000,gps,False,3.018759954,2.454084739
32.700000000,gps,False,2.916099166,2.437746038
32.750000000,gps,False,2.874882920,2.328069988
32.800000000,gps,False,2.913418176,2.587639591
32.850000000,gps,False,2.972385555,2.430142573
32.903000000,gps,False,2.885160025,2.597726998
32.965000000,gps,False,2.848330482,2.580365072
33.000000000,gps,False,2.898233390,2.665029101
33.051000000,gps,False,2.837457184,2.617310784
33.100000000,gps,False,2.683816154,2.635100191
33.150000000,gps,False,2.972623169,2.630539236
33.200000000,gps,False,2.893502055,2.670083410
33.250000000,gps,False,2.667686217,2.922345955
33.300000000,gps,False,2.681764499,2.937665126
33.355000000,gps,False,2.855339354,2.717254631
33.400000000,gps,False,2.608259255,2.894519140
33.450000000,gps,False,2.340741208,2.954015884
33.500000000,gps,False,2.477853687,2.953213921
33.553000000,gps,False,2.505438019,3.019215069
33.600000000,gps,False,2.481865718,2.694247102
33.650000000,gps,False,2.358287772,2.893902668
33.703000000,gps,False,2.295451766,2.762240689
33.750000000,gps,False,2.298439573,2.862792809
33.803000000,gps,False,2.120673659,2.792054648
33.850000000,gps,False,2.427966140,2.990189648
33.900000000,gps,False,2.137894169,2.822323653
33.950000000,gps,False,2.141455513,2.927250232
34.000000000,gps,False,1.965639459,2.885985237
34.056000000,gps,False,2.099809587,3.069873619
34.123000000,gps,False,1.976590727,3.091764192
34.150000000,gps,False,1.924878912,3.122945318
34.200000000,gps,False,1.766484354,2.933219150
34.251000000,gps,False,1.898695051,2.869650224
34.300000000,gps,False,1.888123006,2.938042869
34.350000000,gps,False,1.952209828,2.846190832
34.400000000,gps,False,1.673025210,2.966466691
34.450000000,gps,False,1.729235230,3.018502851
34.500000000,gps,False,1.573450934,3.034461110
34.551000000,gps,False,1.676220674,2.953208757
34.600000000,gps,False,1.662626111,2.949318302
34.650000000,gps,False,1.462191713,2.879169245
34.701000000,gps,False,1.509921502,2.992943853
34.750000000,gps,False,1.279410642,2.872750562
34.800000000,gps,False,1.339859453,3.005920982
34.850000000,gps,False,1.467668747,3.031161067
34.900000000,gps,False,1.251525909,3.103210857
34.951000000,gps,False,1.274831876,2.993151482
35.000000000,gps,False,1.357833800,2.954023975
35.050000000,gps,False,1.179321085,2.921686563
35.101000000,gps,False,1.151825013,3.102511875
35.153000000,gps,False,1.060778594,3.207813652
35.200000000,gps,False,0.984894269,3.014395185
35.250000000,gps,False,0.925071881,2.966940739
35.300000000,gps,False,0.913032457,3.012796708
35.350000000,gps,False,1.006760216,3.252724796
35.403000000,gps,False,0.896762104,2.889102915
35.453000000,gps,False,0.898732842,2.998739973
35.500000000,gps,False,0.737515494,3.069681420
35.550000000,gps,False,0.683307145,3.107470045
35.600000000,gps,False,0.675957769,3.127884168
35.650000000,gps,False,0.693069315,2.973474985
35.701000000,gps,False,0.626364331,3.045200545
35.750000000,gps,False,0.619560752,2.921354697
35.801000000,gps,False,0.672677867,3.088021358
35.850000000,gps,False,0.477910731,3.097242785
35.900000000,gps,False,0.485912612,2.868451725
35.950000000,gps,False,0.427849805,3.098420864
36.005000000,gps,False,0.271410634,3.012699350
36.050000000,gps,False,0.199626541,2.832641269
36.100000000,gps,False,0.297203785,2.758291472
36.150000000,gps,False,0.391745199,2.881219604
36.201000000,gps,False,0.093244627,2.911180421
36.250000000,gps,False,0.042012039,2.871852281
36.300000000,gps,False,0.305559862,2.990818746
36.351000000,gps,False,0.051809708,2.807054520
36.403000000,gps,False,0.045967437,2.739992221
36.450000000,gps,False,-0.031769174,2.766888189
36.500000000,gps,False,0.057276012,2.785805657
36.550000000,gps,False,0.005211218,2.717561704
36.600000000,gps,False,-0.199602013,2.494046531
36.652000000,gps,False,0.239176228,2.499111207
36.703000000,gps,False,0.076097416,2.600618052
36.750000000,gps,False,0.076004253,2.414091541
36.800000000,gps,False,-0.094329728,2.506232025
36.850000000,gps,False,0.114568189,2.400884646
36.900000000,gps,False,0.189767040,2.397232907
36.950000000,gps,False,0.069690158,2.157256323
37.000000000,gps,False,-0.143394838,2.286114364
37.050000000,gps,False,0.019658829,2.346145981
37.100000000,gps,False,0.157589412,2.105945614
37.154000000,gps,False,-0.130679896,2.103751930
37.201000000,gps,False,-0.094558847,2.123467652
37.251000000,gps,False,0.115795945,2.101541216
37.300000000,gps,False,-0.047339587,2.032824454
37.350000000,gps,False,-0.094055011,1.795793470
37.424000000,gps,False,-0.129697659,1.961157319
37.455000000,gps,False,0.146674214,1.795484682
37.501000000,gps,False,0.014950068,1.858907029
37.551000000,gps,False,-0.090209191,1.608799057
37.609000000,gps,False,-0.090209191,1.608799057
37.650000000,gps,False,-0.006167995,1.529923111
37.700000000,gps,False,-0.146524024,1.724944543
37.750000000,gps,False,0.053614838,1.573368270
37.800000000,gps,False,-0.050673734,1.479359557
37.850000000,gps,False,0.051584301,1.498845116
37.900000000,gps,False,-0.056577074,1.501253918
37.951000000,gps,False,0.058171203,1.263770635
38.002000000,gps,False,0.033714797,1.307686024
38.053000000,gps,False,0.042438888,1.299093841
38.100000000,gps,False,0.158925730,1.249607670
38.151000000,gps,False,0.064750961,1.323103313
38.200000000,gps,False,0.059785433,1.141945604
38.252000000,gps,False,0.076521110,1.065987932
38.301000000,gps,False,0.031235496,1.179551085
38.350000000,gps,False,0.229198371,1.032964331
38.400000000,gps,False,0.127588591,0.899983228
38.450000000,gps,False,-0.088566187,1.016532794
38.500000000,gps,False,0.025291101,1.031363969
38.551000000,gps,False,0.021246237,1.049392909
38.600000000,gps,False,0.023667526,0.843049618
38.651000000,gps,False,-0.130670357,0.877167712
38.700000000,gps,False,-0.167154489,0.736443108
38.750000000,gps,False,0.006123723,0.878098903
38.800000000,gps,False,0.039874330,0.909521406
38.850000000,gps,False,-0.164569454,0.711800102
38.900000000,gps,False,-0.016762536,0.608752774
38.950000000,gps,False,-0.110181840,0.460617463
39.000000000,gps,False,0.125563422,0.504082698
39.050000000,gps,False,0.051281603,0.575808268
39.100000000,gps,False,0.003841362,0.590077165
39.150000000,gps,False,0.010058879,0.491872658
39.201000000,gps,False,0.147210522,0.428118180
39.250000000,gps,False,0.035059175,0.250841678
39.301000000,gps,False,-0.089452713,0.160234226
39.350000000,gps,False,0.205683747,0.271342857
39.400000000,gps,False,-0.056949408,0.147522969
39.450000000,gps,False,0.233859909,0.363787158
39.500000000,gps,False,0.251328677,0.089317406
39.550000000,gps,False,0.386775500,0.056198596
39.600000000,gps,False,0.281484900,0.070145816
39.650000000,gps,False,0.295376893,-0.086424841
39.700000000,gps,False,0.396337308,-0.071803046
39.750000000,gps,False,0.435046094,-0.152380885
39.800000000,gps,False,0.437468852,0.198046264
39.850000000,gps,False,0.410989182,-0.161144901
39.901000000,gps,False,0.353655076,0.005366152
39.950000000,gps,False,0.622768941,0.016267649
40.000000000,gps,False,0.580725840,-0.136447745
40.050000000,gps,False,0.633735113,-0.176214862
40.100000000,gps,False,0.676595688,-0.099655748
40.150000000,gps,False,0.677614931,-0.098937063
40.200000000,gps,False,0.799671320,-0.128195818
40.250000000,gps,False,0.864982392,0.001007861
40.300000000,gps,False,0.994373102,0.009317263
40.352000000,gps,False,0.986828383,-0.199100479
40.400000000,gps,False,1.103231418,0.048957597
40.450000000,gps,False,0.944890815,-0.073119329
40.500000000,gps,False,1.028978035,-0.202588441
40.551000000,gps,False,1.105772774,-0.097034013
40.600000000,gps,False,1.136282130,-0.014335021
40.650000000,gps,False,1.152957884,0.050887378
40.700000000,gps,False,1.182538786,0.045142341
40.750000000,gps,False,1.303938648,-0.046465954
40.802000000,gps,False,1.224853407,0.083152732
40.850000000,gps,False,1.470778059,0.122348644
40.901000000,gps,False,1.455356606,0.076348893
40.950000000,gps,False,1.445085074,0.039549035
41.000000000,gps,False,1.433061394,0.116168837
41.050000000,gps,False,1.604655463,0.254149776
41.100000000,gps,False,1.617200499,-0.038688111
41.150000000,gps,False,1.756846903,0.095588224
41.200000000,gps,False,1.674202264,0.036420576
41.250000000,gps,False,1.677157475,0.056958723
41.300000000,gps,False,1.621536243,0.092190577
41.350000000,gps,False,1.741672645,-0.016723837
41.400000000,gps,False,1.917295955,-0.112477826
41.450000000,gps,False,1.759703402,0.273798681
41.500000000,gps,False,1.904102504,0.112440725
41.550000000,gps,False,2.058301659,-0.118834452
41.600000000,gps,False,2.216537662,-0.110974592
41.650000000,gps,False,2.159010272,0.101940807
41.701000000,gps,False,2.136034477,0.079106041
41.752000000,gps,False,2.099075723,0.065038851
41.800000000,gps,False,2.198458028,-0.018080622
41.850000000,gps,False,2.311596569,-0.088694416
41.900000000,gps,False,2.286301038,0.073805062
41.950000000,gps,False,2.345038546,0.103895263
42.000000000,gps,False,2.415939973,0.032613008
42.051000000,gps,False,2.489383773,0.067150367
42.102000000,gps,False,2.406817041,0.105566042
42.150000000,gps,False,2.578815930,-0.014948105
42.203000000,gps,False,2.603933253,-0.087403525
42.250000000,gps,False,2.465793671,-0.107303089
42.300000000,gps,False,2.748694251,0.249131923
42.350000000,gps,False,2.832141849,0.053869854
42.400000000,gps,False,2.575640167,0.239891112
42.450000000,gps,False,2.887492351,0.080860460
42.501000000,gps,False,2.531461079,0.166393244
42.550000000,gps,False,2.671104678,0.268122015
42.600000000,gps,False,2.820556622,0.218188476
42.650000000,gps,False,2.779234293,0.345832513
42.700000000,gps,False,3.097893401,0.220274993
42.750000000,gps,False,2.877833002,0.082697443
42.800000000,gps,False,3.015238955,0.401970854
42.851000000,gps,False,2.960142238,0.352193540
42.900000000,gps,False,2.940148402,0.273123075
42.950000000,gps,False,3.057898808,0.259874684
43.000000000,gps,False,3.109158571,0.401370383
43.050000000,gps,False,3.011615805,0.297766619
43.100000000,gps,False,3.076859341,0.413647776
43.151000000,gps,False,3.153329974,0.676192530
43.200000000,gps,False,2.839059772,0.656522136
43.250000000,gps,False,3.111463694,0.506291698
43.300000000,gps,False,2.977011394,0.700107470
43.350000000,gps,False,2.975384260,0.612914346
43.400000000,gps,False,3.004816728,0.686218784
43.450000000,gps,False,3.113212659,0.806661662
43.500000000,gps,False,3.064054814,0.891559010
43.550000000,gps,False,3.176765790,0.884158341
43.600000000,gps,False,3.094508577,0.857111796
43.657000000,gps,False,3.131217291,0.839530649
43.725000000,gps,False,3.030444643,1.192275601
43.750000000,gps,False,2.869291809,1.052493999
43.800000000,gps,False,3.073574598,1.304931104
43.850000000,gps,False,2.973891162,1.186106233
43.902000000,gps,False,3.006334952,1.453396000
43.951000000,gps,False,2.982848665,1.487837537
44.031000000,gps,False,3.005443612,1.427740063
44.050000000,gps,False,3.059775599,1.237872583
44.100000000,gps,False,3.159625441,1.470320154
44.150000000,gps,False,3.083604356,1.353347393
44.200000000,gps,False,3.040983208,1.332704072
44.250000000,gps,False,3.096346760,1.525261527
44.300000000,gps,False,3.262609441,1.480638702
44.350000000,gps,False,2.829828578,1.495172550
44.400000000,gps,False,2.881001471,1.687310144
44.450000000,gps,False,2.918467442,1.776369759
44.502000000,gps,False,3.155081343,1.810899315
44.551000000,gps,False,3.108257342,1.894252367
44.600000000,gps,False,3.194067710,1.862071138
44.651000000,gps,False,2.992598822,1.924913073
44.700000000,gps,False,3.032544754,1.914311889
44.750000000,gps,False,2.984013864,1.961145242
44.800000000,gps,False,3.013403836,1.915854931
44.850000000,gps,False,2.938807632,2.259699162
44.902000000,gps,False,3.050070940,2.070859904
44.950000000,gps,False,2.943749196,2.208074685
45.001000000,gps,False,2.796561753,2.148790951
45.050000000,hold,True,2.913403059,2.003575587
45.100000000,dropout_no_gps,True,2.913403059,2.003575587
45.150000000,dropout_no_gps,True,2.913403059,2.003575587
45.201000000,dropout_no_gps,True,2.913403059,2.003575587
45.250000000,dropout_no_gps,True,2.913403059,2.003575587
45.312000000,dropout_no_gps,True,2.913403059,2.003575587
45.350000000,dropout_no_gps,True,2.913403059,2.003575587
45.400000000,dropout_no_gps,True,2.913403059,2.003575587
45.450000000,dropout_no_gps,True,2.913403059,2.003575587
45.501000000,dropout_no_gps,True,2.913403059,2.003575587
45.550000000,dropout_no_gps,True,2.913403059,2.003575587
45.601000000,dropout_no_gps,True,2.913403059,2.003575587
45.650000000,dropout_no_gps,True,2.913403059,2.003575587
45.700000000,dropout_no_gps,True,2.913403059,2.003575587
45.750000000,dropout_no_gps,True,2.913403059,2.003575587
45.800000000,dropout_no_gps,True,2.913403059,2.003575587
45.850000000,dropout_no_gps,True,2.913403059,2.003575587
45.904000000,dropout_no_gps,True,2.913403059,2.003575587
45.951000000,dropout_no_gps,True,2.913403059,2.003575587
46.000000000,dropout_no_gps,True,2.913403059,2.003575587
46.050000000,dropout_no_gps,True,2.913403059,2.003575587
46.100000000,dropout_no_gps,True,2.913403059,2.003575587
46.174000000,dropout_no_gps,True,2.913403059,2.003575587
46.207000000,dropout_no_gps,True,2.913403059,2.003575587
46.250000000,dropout_no_gps,True,2.913403059,2.003575587
46.300000000,dropout_no_gps,True,2.913403059,2.003575587
46.350000000,dropout_no_gps,True,2.913403059,2.003575587
46.400000000,dropout_no_gps,True,2.913403059,2.003575587
46.450000000,dropout_no_gps,True,2.913403059,2.003575587
46.500000000,dropout_no_gps,True,2.913403059,2.003575587
46.550000000,dropout_no_gps,True,2.913403059,2.003575587
46.601000000,dropout_no_gps,True,2.913403059,2.003575587
46.650000000,dropout_no_gps,True,2.913403059,2.003575587
46.702000000,dropout_no_gps,True,2.913403059,2.003575587
46.750000000,dropout_no_gps,True,2.913403059,2.003575587
46.800000000,dropout_no_gps,True,2.913403059,2.003575587
46.851000000,dropout_no_gps,True,2.913403059,2.003575587
46.900000000,dropout_no_gps,True,2.913403059,2.003575587
46.950000000,dropout_no_gps,True,2.913403059,2.003575587
47.001000000,dropout_no_gps,True,2.913403059,2.003575587
47.055000000,dropout_no_gps,True,2.913403059,2.003575587
47.130000000,dropout_no_gps,True,2.913403059,2.003575587
47.163000000,dropout_no_gps,True,2.913403059,2.003575587
47.209000000,dropout_no_gps,True,2.913403059,2.003575587
47.250000000,dropout_no_gps,True,2.913403059,2.003575587
47.300000000,dropout_no_gps,True,2.913403059,2.003575587
47.351000000,dropout_no_gps,True,2.913403059,2.003575587
47.400000000,dropout_no_gps,True,2.913403059,2.003575587
47.450000000,dropout_no_gps,True,2.913403059,2.003575587
47.501000000,dropout_no_gps,True,2.913403059,2.003575587
47.550000000,dropout_no_gps,True,2.913403059,2.003575587
47.600000000,dropout_no_gps,True,2.913403059,2.003575587
47.650000000,dropout_no_gps,True,2.913403059,2.003575587
47.700000000,dropout_no_gps,True,2.913403059,2.003575587
47.750000000,dropout_no_gps,True,2.913403059,2.003575587
47.802000000,dropout_no_gps,True,2.913403059,2.003575587
47.852000000,dropout_no_gps,True,2.913403059,2.003575587
47.917000000,dropout_no_gps,True,2.913403059,2.003575587
47.951000000,dropout_no_gps,True,2.913403059,2.003575587
48.005000000,dropout_no_gps,True,2.913403059,2.003575587
48.050000000,dropout_no_gps,True,2.913403059,2.003575587
48.105000000,dropout_no_gps,True,2.913403059,2.003575587
48.150000000,dropout_no_gps,True,2.913403059,2.003575587
48.200000000,dropout_no_gps,True,2.913403059,2.003575587
48.251000000,dropout_no_gps,True,2.913403059,2.003575587
48.300000000,dropout_no_gps,True,2.913403059,2.003575587
48.351000000,dropout_no_gps,True,2.913403059,2.003575587
48.400000000,dropout_no_gps,True,2.913403059,2.003575587
48.450000000,dropout_no_gps,True,2.913403059,2.003575587
48.500000000,dropout_no_gps,True,2.913403059,2.003575587
48.550000000,dropout_no_gps,True,2.913403059,2.003575587
48.600000000,dropout_no_gps,True,2.913403059,2.003575587
48.650000000,dropout_no_gps,True,2.913403059,2.003575587
48.700000000,dropout_no_gps,True,2.913403059,2.003575587
48.750000000,dropout_no_gps,True,2.913403059,2.003575587
48.800000000,dropout_no_gps,True,2.913403059,2.003575587
48.850000000,dropout_no_gps,True,2.913403059,2.003575587
48.904000000,dropout_no_gps,True,2.913403059,2.003575587
48.950000000,dropout_no_gps,True,2.913403059,2.003575587
49.000000000,dropout_no_gps,True,2.913403059,2.003575587
49.051000000,dropout_no_gps,True,2.913403059,2.003575587
49.103000000,dropout_no_gps,True,2.913403059,2.003575587
49.151000000,dropout_no_gps,True,2.913403059,2.003575587
49.200000000,dropout_no_gps,True,2.913403059,2.003575587
49.250000000,dropout_no_gps,True,2.913403059,2.003575587
49.300000000,dropout_no_gps,True,2.913403059,2.003575587
49.351000000,dropout_no_gps,True,2.913403059,2.003575587
49.400000000,dropout_no_gps,True,2.913403059,2.003575587
49.450000000,dropout_no_gps,True,2.913403059,2.003575587
49.500000000,dropout_no_gps,True,2.913403059,2.003575587
49.550000000,dropout_no_gps,True,2.913403059,2.003575587
49.600000000,dropout_no_gps,True,2.913403059,2.003575587
49.651000000,dropout_no_gps,True,2.913403059,2.003575587
49.700000000,dropout_no_gps,True,2.913403059,2.003575587
49.751000000,dropout_no_gps,True,2.913403059,2.003575587
49.800000000,dropout_no_gps,True,2.913403059,2.003575587
49.850000000,dropout_no_gps,True,2.913403059,2.003575587
49.900000000,dropout_no_gps,True,2.913403059,2.003575587
49.951000000,dropout_no_gps,True,2.913403059,2.003575587
50.000000000,dropout_no_gps,True,2.913403059,2.003575587
50.050000000,dropout_no_gps,True,2.913403059,2.003575587
50.100000000,dropout_no_gps,True,2.913403059,2.003575587
50.150000000,dropout_no_gps,True,2.913403059,2.003575587
50.201000000,dropout_no_gps,True,2.913403059,2.003575587
50.251000000,dropout_no_gps,True,2.913403059,2.003575587
50.300000000,dropout_no_gps,True,2.913403059,2.003575587
50.350000000,dropout_no_gps,True,2.913403059,2.003575587
50.400000000,dropout_no_gps,True,2.913403059,2.003575587
50.450000000,dropout_no_gps,True,2.913403059,2.003575587
50.500000000,dropout_no_gps,True,2.913403059,2.003575587
50.550000000,dropout_no_gps,True,2.913403059,2.003575587
50.600000000,dropout_no_gps,True,2.913403059,2.003575587
50.650000000,dropout_no_gps,True,2.913403059,2.003575587
50.703000000,dropout_no_gps,True,2.913403059,2.003575587
50.750000000,dropout_no_gps,True,2.913403059,2.003575587
50.800000000,dropout_no_gps,True,2.913403059,2.003575587
50.851000000,dropout_no_gps,True,2.913403059,2.003575587
50.905000000,dropout_no_gps,True,2.913403059,2.003575587
50.950000000,dropout_no_gps,True,2.913403059,2.003575587
51.000000000,dropout_no_gps,True,2.913403059,2.003575587
51.050000000,dropout_no_gps,True,2.913403059,2.003575587
51.100000000,dropout_no_gps,True,2.913403059,2.003575587
51.150000000,dropout_no_gps,True,2.913403059,2.003575587
51.200000000,dropout_no_gps,True,2.913403059,2.003575587
51.250000000,dropout_no_gps,True,2.913403059,2.003575587
51.301000000,dropout_no_gps,True,2.913403059,2.003575587
51.350000000,dropout_no_gps,True,2.913403059,2.003575587
51.401000000,dropout_no_gps,True,2.913403059,2.003575587
51.452000000,dropout_no_gps,True,2.913403059,2.003575587
51.500000000,dropout_no_gps,True,2.913403059,2.003575587
51.551000000,dropout_no_gps,True,2.913403059,2.003575587
51.600000000,dropout_no_gps,True,2.913403059,2.003575587
51.655000000,dropout_no_gps,True,2.913403059,2.003575587
51.700000000,dropout_no_gps,True,2.913403059,2.003575587
51.750000000,dropout_no_gps,True,2.913403059,2.003575587
51.800000000,dropout_no_gps,True,2.913403059,2.003575587
51.851000000,dropout_no_gps,True,2.913403059,2.003575587
51.900000000,dropout_no_gps,True,2.913403059,2.003575587
51.950000000,dropout_no_gps,True,2.913403059,2.003575587
52.000000000,dropout_no_gps,True,2.913403059,2.003575587
52.050000000,dropout_no_gps,True,2.913403059,2.003575587
52.100000000,dropout_no_gps,True,2.913403059,2.003575587
52.152000000,dropout_no_gps,True,2.913403059,2.003575587
52.201000000,dropout_no_gps,True,2.913403059,2.003575587
52.250000000,dropout_no_gps,True,2.913403059,2.003575587
52.302000000,dropout_no_gps,True,2.913403059,2.003575587
52.354000000,dropout_no_gps,True,2.913403059,2.003575587
52.407000000,dropout_no_gps,True,2.913403059,2.003575587
52.451000000,dropout_no_gps,True,2.913403059,2.003575587
52.500000000,dropout_no_gps,True,2.913403059,2.003575587
52.550000000,dropout_no_gps,True,2.913403059,2.003575587
52.600000000,dropout_no_gps,True,2.913403059,2.003575587
52.650000000,dropout_no_gps,True,2.913403059,2.003575587
52.700000000,dropout_no_gps,True,2.913403059,2.003575587
52.750000000,dropout_no_gps,True,2.913403059,2.003575587
52.800000000,dropout_no_gps,True,2.913403059,2.003575587
52.851000000,dropout_no_gps,True,2.913403059,2.003575587
52.900000000,dropout_no_gps,True,2.913403059,2.003575587
52.950000000,dropout_no_gps,True,2.913403059,2.003575587
53.000000000,dropout_no_gps,True,2.913403059,2.003575587
53.050000000,dropout_no_gps,True,2.913403059,2.003575587
53.102000000,dropout_no_gps,True,2.913403059,2.003575587
53.150000000,dropout_no_gps,True,2.913403059,2.003575587
53.207000000,dropout_no_gps,True,2.913403059,2.003575587
53.251000000,dropout_no_gps,True,2.913403059,2.003575587
53.300000000,dropout_no_gps,True,2.913403059,2.003575587
53.351000000,dropout_no_gps,True,2.913403059,2.003575587
53.413000000,dropout_no_gps,True,2.913403059,2.003575587
53.450000000,dropout_no_gps,True,2.913403059,2.003575587
53.500000000,dropout_no_gps,True,2.913403059,2.003575587
53.553000000,dropout_no_gps,True,2.913403059,2.003575587
53.600000000,dropout_no_gps,True,2.913403059,2.003575587
53.652000000,dropout_no_gps,True,2.913403059,2.003575587
53.700000000,dropout_no_gps,True,2.913403059,2.003575587
53.752000000,dropout_no_gps,True,2.913403059,2.003575587
53.800000000,dropout_no_gps,True,2.913403059,2.003575587
53.850000000,dropout_no_gps,True,2.913403059,2.003575587
53.900000000,dropout_no_gps,True,2.913403059,2.003575587
53.950000000,dropout_no_gps,True,2.913403059,2.003575587
54.000000000,dropout_no_gps,True,2.913403059,2.003575587
54.055000000,dropout_no_gps,True,2.913403059,2.003575587
54.100000000,dropout_no_gps,True,2.913403059,2.003575587
54.150000000,dropout_no_gps,True,2.913403059,2.003575587
54.200000000,dropout_no_gps,True,2.913403059,2.003575587
54.250000000,dropout_no_gps,True,2.913403059,2.003575587
54.300000000,dropout_no_gps,True,2.913403059,2.003575587
54.350000000,dropout_no_gps,True,2.913403059,2.003575587
54.401000000,dropout_no_gps,True,2.913403059,2.003575587
54.450000000,dropout_no_gps,True,2.913403059,2.003575587
54.501000000,dropout_no_gps,True,2.913403059,2.003575587
54.550000000,dropout_no_gps,True,2.913403059,2.003575587
54.600000000,dropout_no_gps,True,2.913403059,2.003575587
54.651000000,dropout_no_gps,True,2.913403059,2.003575587
54.700000000,dropout_no_gps,True,2.913403059,2.003575587
54.751000000,dropout_no_gps,True,2.913403059,2.003575587
54.806000000,dropout_no_gps,True,2.913403059,2.003575587
54.858000000,dropout_no_gps,True,2.913403059,2.003575587
54.900000000,dropout_no_gps,True,2.913403059,2.003575587
54.950000000,dropout_no_gps,True,2.913403059,2.003575587
55.004000000,dropout_no_gps,True,2.913403059,2.003575587
55.054000000,dropout_no_gps,True,2.913403059,2.003575587
55.110000000,dropout_no_gps,True,2.913403059,2.003575587
55.151000000,dropout_no_gps,True,2.913403059,2.003575587
55.202000000,dropout_no_gps,True,2.913403059,2.003575587
55.250000000,dropout_no_gps,True,2.913403059,2.003575587
55.300000000,dropout_no_gps,True,2.913403059,2.003575587
55.350000000,dropout_no_gps,True,2.913403059,2.003575587
55.400000000,dropout_no_gps,True,2.913403059,2.003575587
55.450000000,dropout_no_gps,True,2.913403059,2.003575587
55.511000000,dropout_no_gps,True,2.913403059,2.003575587
55.550000000,dropout_no_gps,True,2.913403059,2.003575587
55.600000000,dropout_no_gps,True,2.913403059,2.003575587
55.652000000,dropout_no_gps,True,2.913403059,2.003575587
55.700000000,dropout_no_gps,True,2.913403059,2.003575587
55.760000000,dropout_no_gps,True,2.913403059,2.003575587
55.800000000,dropout_no_gps,True,2.913403059,2.003575587
55.850000000,dropout_no_gps,True,2.913403059,2.003575587
55.902000000,dropout_no_gps,True,2.913403059,2.003575587
55.950000000,dropout_no_gps,True,2.913403059,2.003575587
56.000000000,dropout_no_gps,True,2.913403059,2.003575587
56.051000000,dropout_no_gps,True,2.913403059,2.003575587
56.100000000,dropout_no_gps,True,2.913403059,2.003575587
56.150000000,dropout_no_gps,True,2.913403059,2.003575587
56.200000000,dropout_no_gps,True,2.913403059,2.003575587
56.250000000,dropout_no_gps,True,2.913403059,2.003575587
56.300000000,dropout_no_gps,True,2.913403059,2.003575587
56.352000000,dropout_no_gps,True,2.913403059,2.003575587
56.400000000,dropout_no_gps,True,2.913403059,2.003575587
56.451000000,dropout_no_gps,True,2.913403059,2.003575587
56.500000000,dropout_no_gps,True,2.913403059,2.003575587
56.550000000,dropout_no_gps,True,2.913403059,2.003575587
56.600000000,dropout_no_gps,True,2.913403059,2.003575587
56.650000000,dropout_no_gps,True,2.913403059,2.003575587
56.700000000,dropout_no_gps,True,2.913403059,2.003575587
56.751000000,dropout_no_gps,True,2.913403059,2.003575587
56.800000000,dropout_no_gps,True,2.913403059,2.003575587
56.850000000,dropout_no_gps,True,2.913403059,2.003575587
56.900000000,dropout_no_gps,True,2.913403059,2.003575587
56.950000000,dropout_no_gps,True,2.913403059,2.003575587
57.000000000,dropout_no_gps,True,2.913403059,2.003575587
57.052000000,dropout_no_gps,True,2.913403059,2.003575587
57.100000000,dropout_no_gps,True,2.913403059,2.003575587
57.150000000,dropout_no_gps,True,2.913403059,2.003575587
57.200000000,dropout_no_gps,True,2.913403059,2.003575587
57.250000000,dropout_no_gps,True,2.913403059,2.003575587
57.300000000,dropout_no_gps,True,2.913403059,2.003575587
57.350000000,dropout_no_gps,True,2.913403059,2.003575587
57.400000000,dropout_no_gps,True,2.913403059,2.003575587
57.451000000,dropout_no_gps,True,2.913403059,2.003575587
57.500000000,dropout_no_gps,True,2.913403059,2.003575587
57.550000000,dropout_no_gps,True,2.913403059,2.003575587
57.600000000,dropout_no_gps,True,2.913403059,2.003575587
57.650000000,dropout_no_gps,True,2.913403059,2.003575587
57.700000000,dropout_no_gps,True,2.913403059,2.003575587
57.750000000,dropout_no_gps,True,2.913403059,2.003575587
57.800000000,dropout_no_gps,True,2.913403059,2.003575587
57.850000000,dropout_no_gps,True,2.913403059,2.003575587
57.900000000,dropout_no_gps,True,2.913403059,2.003575587
57.950000000,dropout_no_gps,True,2.913403059,2.003575587
58.000000000,dropout_no_gps,True,2.913403059,2.003575587
58.050000000,dropout_no_gps,True,2.913403059,2.003575587
58.100000000,dropout_no_gps,True,2.913403059,2.003575587
58.151000000,dropout_no_gps,True,2.913403059,2.003575587
58.201000000,dropout_no_gps,True,2.913403059,2.003575587
58.250000000,dropout_no_gps,True,2.913403059,2.003575587
58.301000000,dropout_no_gps,True,2.913403059,2.003575587
58.350000000,dropout_no_gps,True,2.913403059,2.003575587
58.400000000,dropout_no_gps,True,2.913403059,2.003575587
58.450000000,dropout_no_gps,True,2.913403059,2.003575587
58.501000000,dropout_no_gps,True,2.913403059,2.003575587
58.550000000,dropout_no_gps,True,2.913403059,2.003575587
58.601000000,dropout_no_gps,True,2.913403059,2.003575587
58.650000000,dropout_no_gps,True,2.913403059,2.003575587
58.701000000,dropout_no_gps,True,2.913403059,2.003575587
58.750000000,dropout_no_gps,True,2.913403059,2.003575587
58.800000000,dropout_no_gps,True,2.913403059,2.003575587
58.850000000,dropout_no_gps,True,2.913403059,2.003575587
58.900000000,dropout_no_gps,True,2.913403059,2.003575587
58.950000000,dropout_no_gps,True,2.913403059,2.003575587
59.000000000,dropout_no_gps,True,2.913403059,2.003575587
59.050000000,dropout_no_gps,True,2.913403059,2.003575587
59.100000000,dropout_no_gps,True,2.913403059,2.003575587
59.151000000,dropout_no_gps,True,2.913403059,2.003575587
59.200000000,dropout_no_gps,True,2.913403059,2.003575587
59.250000000,dropout_no_gps,True,2.913403059,2.003575587
59.300000000,dropout_no_gps,True,2.913403059,2.003575587
59.354000000,dropout_no_gps,True,2.913403059,2.003575587
59.406000000,dropout_no_gps,True,2.913403059,2.003575587
59.450000000,dropout_no_gps,True,2.913403059,2.003575587
59.500000000,dropout_no_gps,True,2.913403059,2.003575587
59.550000000,dropout_no_gps,True,2.913403059,2.003575587
59.600000000,dropout_no_gps,True,2.913403059,2.003575587
59.651000000,dropout_no_gps,True,2.913403059,2.003575587
59.703000000,dropout_no_gps,True,2.913403059,2.003575587
59.750000000,dropout_no_gps,True,2.913403059,2.003575587
59.801000000,dropout_no_gps,True,2.913403059,2.003575587
59.856000000,dropout_no_gps,True,2.913403059,2.003575587
59.902000000,dropout_no_gps,True,2.913403059,2.003575587
59.950000000,dropout_no_gps,True,2.913403059,2.003575587
60.000000000,dropout_no_gps,True,2.913403059,2.003575587
60.050000000,dropout_no_gps,True,2.913403059,2.003575587
60.100000000,dropout_no_gps,True,2.913403059,2.003575587
60.153000000,dropout_no_gps,True,2.913403059,2.003575587
60.200000000,dropout_no_gps,True,2.913403059,2.003575587
60.250000000,dropout_no_gps,True,2.913403059,2.003575587
60.300000000,dropout_no_gps,True,2.913403059,2.003575587
60.350000000,dropout_no_gps,True,2.913403059,2.003575587
60.400000000,dropout_no_gps,True,2.913403059,2.003575587
60.450000000,dropout_no_gps,True,2.913403059,2.003575587
60.506000000,dropout_no_gps,True,2.913403059,2.003575587
60.550000000,dropout_no_gps,True,2.913403059,2.003575587
60.600000000,dropout_no_gps,True,2.913403059,2.003575587
60.650000000,dropout_no_gps,True,2.913403059,2.003575587
60.700000000,dropout_no_gps,True,2.913403059,2.003575587
60.750000000,dropout_no_gps,True,2.913403059,2.003575587
60.801000000,dropout_no_gps,True,2.913403059,2.003575587
60.850000000,dropout_no_gps,True,2.913403059,2.003575587
60.900000000,dropout_no_gps,True,2.913403059,2.003575587
60.950000000,dropout_no_gps,True,2.913403059,2.003575587
61.000000000,dropout_no_gps,True,2.913403059,2.003575587
61.050000000,dropout_no_gps,True,2.913403059,2.003575587
61.100000000,dropout_no_gps,True,2.913403059,2.003575587
61.150000000,dropout_no_gps,True,2.913403059,2.003575587
61.200000000,dropout_no_gps,True,2.913403059,2.003575587
61.252000000,dropout_no_gps,True,2.913403059,2.003575587
61.300000000,dropout_no_gps,True,2.913403059,2.003575587
61.351000000,dropout_no_gps,True,2.913403059,2.003575587
61.400000000,dropout_no_gps,True,2.913403059,2.003575587
61.450000000,dropout_no_gps,True,2.913403059,2.003575587
61.500000000,dropout_no_gps,True,2.913403059,2.003575587
61.550000000,dropout_no_gps,True,2.913403059,2.003575587
61.600000000,dropout_no_gps,True,2.913403059,2.003575587
61.650000000,dropout_no_gps,True,2.913403059,2.003575587
61.702000000,dropout_no_gps,True,2.913403059,2.003575587
61.750000000,dropout_no_gps,True,2.913403059,2.003575587
61.800000000,dropout_no_gps,True,2.913403059,2.003575587
61.851000000,dropout_no_gps,True,2.913403059,2.003575587
61.900000000,dropout_no_gps,True,2.913403059,2.003575587
61.950000000,dropout_no_gps,True,2.913403059,2.003575587
62.001000000,dropout_no_gps,True,2.913403059,2.003575587
62.050000000,dropout_no_gps,True,2.913403059,2.003575587
62.100000000,dropout_no_gps,True,2.913403059,2.003575587
62.150000000,dropout_no_gps,True,2.913403059,2.003575587
62.200000000,dropout_no_gps,True,2.913403059,2.003575587
62.250000000,dropout_no_gps,True,2.913403059,2.003575587
62.300000000,dropout_no_gps,True,2.913403059,2.003575587
62.354000000,dropout_no_gps,True,2.913403059,2.003575587
62.400000000,dropout_no_gps,True,2.913403059,2.003575587
62.450000000,dropout_no_gps,True,2.913403059,2.003575587
62.500000000,dropout_no_gps,True,2.913403059,2.003575587
62.550000000,dropout_no_gps,True,2.913403059,2.003575587
62.600000000,dropout_no_gps,True,2.913403059,2.003575587
62.653000000,dropout_no_gps,True,2.913403059,2.003575587
62.700000000,dropout_no_gps,True,2.913403059,2.003575587
62.750000000,dropout_no_gps,True,2.913403059,2.003575587
62.800000000,dropout_no_gps,True,2.913403059,2.003575587
62.850000000,dropout_no_gps,True,2.913403059,2.003575587
62.900000000,dropout_no_gps,True,2.913403059,2.003575587
62.950000000,dropout_no_gps,True,2.913403059,2.003575587
63.000000000,dropout_no_gps,True,2.913403059,2.003575587
63.051000000,dropout_no_gps,True,2.913403059,2.003575587
63.100000000,dropout_no_gps,True,2.913403059,2.003575587
63.150000000,dropout_no_gps,True,2.913403059,2.003575587
63.200000000,dropout_no_gps,True,2.913403059,2.003575587
63.251000000,dropout_no_gps,True,2.913403059,2.003575587
63.300000000,dropout_no_gps,True,2.913403059,2.003575587
63.350000000,dropout_no_gps,True,2.913403059,2.003575587
63.400000000,dropout_no_gps,True,2.913403059,2.003575587
63.450000000,dropout_no_gps,True,2.913403059,2.003575587
63.501000000,dropout_no_gps,True,2.913403059,2.003575587
63.550000000,dropout_no_gps,True,2.913403059,2.003575587
63.600000000,dropout_no_gps,True,2.913403059,2.003575587
63.650000000,dropout_no_gps,True,2.913403059,2.003575587
63.701000000,dropout_no_gps,True,2.913403059,2.003575587
63.750000000,dropout_no_gps,True,2.913403059,2.003575587
63.800000000,dropout_no_gps,True,2.913403059,2.003575587
63.850000000,dropout_no_gps,True,2.913403059,2.003575587
63.900000000,dropout_no_gps,True,2.913403059,2.003575587
63.950000000,dropout_no_gps,True,2.913403059,2.003575587
64.000000000,dropout_no_gps,True,2.913403059,2.003575587
64.052000000,dropout_no_gps,True,2.913403059,2.003575587
64.100000000,dropout_no_gps,True,2.913403059,2.003575587
64.150000000,dropout_no_gps,True,2.913403059,2.003575587
64.203000000,dropout_no_gps,True,2.913403059,2.003575587
64.250000000,dropout_no_gps,True,2.913403059,2.003575587
64.312000000,dropout_no_gps,True,2.913403059,2.003575587
64.350000000,dropout_no_gps,True,2.913403059,2.003575587
64.400000000,dropout_no_gps,True,2.913403059,2.003575587
64.450000000,dropout_no_gps,True,2.913403059,2.003575587
64.523000000,dropout_no_gps,True,2.913403059,2.003575587
64.552000000,dropout_no_gps,True,2.913403059,2.003575587
64.600000000,dropout_no_gps,True,2.913403059,2.003575587
64.650000000,dropout_no_gps,True,2.913403059,2.003575587
64.700000000,dropout_no_gps,True,2.913403059,2.003575587
64.750000000,dropout_no_gps,True,2.913403059,2.003575587
64.800000000,dropout_no_gps,True,2.913403059,2.003575587
64.850000000,dropout_no_gps,True,2.913403059,2.003575587
64.900000000,dropout_no_gps,True,2.913403059,2.003575587
64.950000000,dropout_no_gps,True,2.913403059,2.003575587
65.001000000,dropout_no_gps,True,2.913403059,2.003575587
65.050000000,dropout_no_gps,True,2.913403059,2.003575587
65.100000000,dropout_no_gps,True,2.913403059,2.003575587
65.157000000,dropout_no_gps,True,2.913403059,2.003575587
65.202000000,dropout_no_gps,True,2.913403059,2.003575587
65.250000000,dropout_no_gps,True,2.913403059,2.003575587
65.301000000,dropout_no_gps,True,2.913403059,2.003575587
65.350000000,dropout_no_gps,True,2.913403059,2.003575587
65.400000000,dropout_no_gps,True,2.913403059,2.003575587
65.452000000,dropout_no_gps,True,2.913403059,2.003575587
65.500000000,dropout_no_gps,True,2.913403059,2.003575587
65.550000000,dropout_no_gps,True,2.913403059,2.003575587
65.600000000,dropout_no_gps,True,2.913403059,2.003575587
65.650000000,dropout_no_gps,True,2.913403059,2.003575587
65.701000000,dropout_no_gps,True,2.913403059,2.003575587
65.751000000,dropout_no_gps,True,2.913403059,2.003575587
65.800000000,dropout_no_gps,True,2.913403059,2.003575587
65.850000000,dropout_no_gps,True,2.913403059,2.003575587
65.900000000,dropout_no_gps,True,2.913403059,2.003575587
65.951000000,dropout_no_gps,True,2.913403059,2.003575587
66.000000000,dropout_no_gps,True,2.913403059,2.003575587
66.050000000,dropout_no_gps,True,2.913403059,2.003575587
66.100000000,dropout_no_gps,True,2.913403059,2.003575587
66.150000000,dropout_no_gps,True,2.913403059,2.003575587
66.200000000,dropout_no_gps,True,2.913403059,2.003575587
66.250000000,dropout_no_gps,True,2.913403059,2.003575587
66.300000000,dropout_no_gps,True,2.913403059,2.003575587
66.366000000,dropout_no_gps,True,2.913403059,2.003575587
66.401000000,dropout_no_gps,True,2.913403059,2.003575587
66.450000000,dropout_no_gps,True,2.913403059,2.003575587
66.500000000,dropout_no_gps,True,2.913403059,2.003575587
66.557000000,dropout_no_gps,True,2.913403059,2.003575587
66.600000000,dropout_no_gps,True,2.913403059,2.003575587
66.660000000,dropout_no_gps,True,2.913403059,2.003575587
66.701000000,dropout_no_gps,True,2.913403059,2.003575587
66.752000000,dropout_no_gps,True,2.913403059,2.003575587
66.800000000,dropout_no_gps,True,2.913403059,2.003575587
66.850000000,dropout_no_gps,True,2.913403059,2.003575587
66.900000000,dropout_no_gps,True,2.913403059,2.003575587
66.950000000,dropout_no_gps,True,2.913403059,2.003575587
67.000000000,dropout_no_gps,True,2.913403059,2.003575587
67.050000000,dropout_no_gps,True,2.913403059,2.003575587
67.100000000,dropout_no_gps,True,2.913403059,2.003575587
67.150000000,dropout_no_gps,True,2.913403059,2.003575587
67.200000000,dropout_no_gps,True,2.913403059,2.003575587
67.255000000,dropout_no_gps,True,2.913403059,2.003575587
67.301000000,dropout_no_gps,True,2.913403059,2.003575587
67.351000000,dropout_no_gps,True,2.913403059,2.003575587
67.400000000,dropout_no_gps,True,2.913403059,2.003575587
67.451000000,dropout_no_gps,True,2.913403059,2.003575587
67.500000000,dropout_no_gps,True,2.913403059,2.003575587
67.552000000,dropout_no_gps,True,2.913403059,2.003575587
67.600000000,dropout_no_gps,True,2.913403059,2.003575587
67.656000000,dropout_no_gps,True,2.913403059,2.003575587
67.701000000,dropout_no_gps,True,2.913403059,2.003575587
67.769000000,dropout_no_gps,True,2.913403059,2.003575587
67.806000000,dropout_no_gps,True,2.913403059,2.003575587
67.851000000,dropout_no_gps,True,2.913403059,2.003575587
67.901000000,dropout_no_gps,True,2.913403059,2.003575587
67.950000000,dropout_no_gps,True,2.913403059,2.003575587
68.001000000,dropout_no_gps,True,2.913403059,2.003575587
68.050000000,dropout_no_gps,True,2.913403059,2.003575587
68.100000000,dropout_no_gps,True,2.913403059,2.003575587
68.150000000,dropout_no_gps,True,2.913403059,2.003575587
68.200000000,dropout_no_gps,True,2.913403059,2.003575587
68.250000000,dropout_no_gps,True,2.913403059,2.003575587
68.300000000,dropout_no_gps,True,2.913403059,2.003575587
68.380000000,dropout_no_gps,True,2.913403059,2.003575587
68.400000000,dropout_no_gps,True,2.913403059,2.003575587
68.451000000,dropout_no_gps,True,2.913403059,2.003575587
68.508000000,dropout_no_gps,True,2.913403059,2.003575587
68.551000000,dropout_no_gps,True,2.913403059,2.003575587
68.609000000,dropout_no_gps,True,2.913403059,2.003575587
68.650000000,dropout_no_gps,True,2.913403059,2.003575587
68.703000000,dropout_no_gps,True,2.913403059,2.003575587
68.750000000,dropout_no_gps,True,2.913403059,2.003575587
68.800000000,dropout_no_gps,True,2.913403059,2.003575587
68.850000000,dropout_no_gps,True,2.913403059,2.003575587
68.901000000,dropout_no_gps,True,2.913403059,2.003575587
68.950000000,dropout_no_gps,True,2.913403059,2.003575587
69.000000000,dropout_no_gps,True,2.913403059,2.003575587
69.058000000,dropout_no_gps,True,2.913403059,2.003575587
69.100000000,dropout_no_gps,True,2.913403059,2.003575587
69.159000000,dropout_no_gps,True,2.913403059,2.003575587
69.200000000,dropout_no_gps,True,2.913403059,2.003575587
69.250000000,dropout_no_gps,True,2.913403059,2.003575587
69.300000000,dropout_no_gps,True,2.913403059,2.003575587
69.350000000,dropout_no_gps,True,2.913403059,2.003575587
69.403000000,dropout_no_gps,True,2.913403059,2.003575587
69.450000000,dropout_no_gps,True,2.913403059,2.003575587
69.509000000,dropout_no_gps,True,2.913403059,2.003575587
69.550000000,dropout_no_gps,True,2.913403059,2.003575587
69.600000000,dropout_no_gps,True,2.913403059,2.003575587
69.650000000,dropout_no_gps,True,2.913403059,2.003575587
69.700000000,dropout_no_gps,True,2.913403059,2.003575587
69.750000000,dropout_no_gps,True,2.913403059,2.003575587
69.801000000,dropout_no_gps,True,2.913403059,2.003575587
69.850000000,dropout_no_gps,True,2.913403059,2.003575587
69.900000000,dropout_no_gps,True,2.913403059,2.003575587
69.952000000,dropout_no_gps,True,2.913403059,2.003575587
70.000000000,dropout_no_gps,True,2.913403059,2.003575587
70.050000000,dropout_no_gps,True,2.913403059,2.003575587
70.100000000,dropout_no_gps,True,2.913403059,2.003575587
70.150000000,dropout_no_gps,True,2.913403059,2.003575587
70.200000000,dropout_no_gps,True,2.913403059,2.003575587
70.253000000,dropout_no_gps,True,2.913403059,2.003575587
70.341000000,dropout_no_gps,True,2.913403059,2.003575587
70.371000000,dropout_no_gps,True,2.913403059,2.003575587
70.400000000,dropout_no_gps,True,2.913403059,2.003575587
70.452000000,dropout_no_gps,True,2.913403059,2.003575587
70.500000000,dropout_no_gps,True,2.913403059,2.003575587
70.552000000,dropout_no_gps,True,2.913403059,2.003575587
70.600000000,dropout_no_gps,True,2.913403059,2.003575587
70.650000000,dropout_no_gps,True,2.913403059,2.003575587
70.700000000,dropout_no_gps,True,2.913403059,2.003575587
70.750000000,dropout_no_gps,True,2.913403059,2.003575587
70.800000000,dropout_no_gps,True,2.913403059,2.003575587
70.850000000,dropout_no_gps,True,2.913403059,2.003575587
70.900000000,dropout_no_gps,True,2.913403059,2.003575587
70.950000000,dropout_no_gps,True,2.913403059,2.003575587
71.000000000,dropout_no_gps,True,2.913403059,2.003575587
71.050000000,dropout_no_gps,True,2.913403059,2.003575587
71.100000000,dropout_no_gps,True,2.913403059,2.003575587
71.150000000,dropout_no_gps,True,2.913403059,2.003575587
71.200000000,dropout_no_gps,True,2.913403059,2.003575587
71.256000000,dropout_no_gps,True,2.913403059,2.003575587
71.300000000,dropout_no_gps,True,2.913403059,2.003575587
71.350000000,dropout_no_gps,True,2.913403059,2.003575587
71.400000000,dropout_no_gps,True,2.913403059,2.003575587
71.450000000,dropout_no_gps,True,2.913403059,2.003575587
71.500000000,dropout_no_gps,True,2.913403059,2.003575587
71.550000000,dropout_no_gps,True,2.913403059,2.003575587
71.600000000,dropout_no_gps,True,2.913403059,2.003575587
71.650000000,dropout_no_gps,True,2.913403059,2.003575587
71.701000000,dropout_no_gps,True,2.913403059,2.003575587
71.750000000,dropout_no_gps,True,2.913403059,2.003575587
71.800000000,dropout_no_gps,True,2.913403059,2.003575587
71.850000000,dropout_no_gps,True,2.913403059,2.003575587
71.901000000,dropout_no_gps,True,2.913403059,2.003575587
71.951000000,dropout_no_gps,True,2.913403059,2.003575587
72.004000000,dropout_no_gps,True,2.913403059,2.003575587
72.050000000,dropout_no_gps,True,2.913403059,2.003575587
72.100000000,dropout_no_gps,True,2.913403059,2.003575587
72.150000000,dropout_no_gps,True,2.913403059,2.003575587
72.201000000,dropout_no_gps,True,2.913403059,2.003575587
72.250000000,dropout_no_gps,True,2.913403059,2.003575587
72.300000000,dropout_no_gps,True,2.913403059,2.003575587
72.353000000,dropout_no_gps,True,2.913403059,2.003575587
72.400000000,dropout_no_gps,True,2.913403059,2.003575587
72.450000000,dropout_no_gps,True,2.913403059,2.003575587
72.500000000,dropout_no_gps,True,2.913403059,2.003575587
72.550000000,dropout_no_gps,True,2.913403059,2.003575587
72.600000000,dropout_no_gps,True,2.913403059,2.003575587
72.650000000,dropout_no_gps,True,2.913403059,2.003575587
72.706000000,dropout_no_gps,True,2.913403059,2.003575587
72.752000000,dropout_no_gps,True,2.913403059,2.003575587
72.800000000,dropout_no_gps,True,2.913403059,2.003575587
72.850000000,dropout_no_gps,True,2.913403059,2.003575587
72.900000000,dropout_no_gps,True,2.913403059,2.003575587
72.950000000,dropout_no_gps,True,2.913403059,2.003575587
73.002000000,dropout_no_gps,True,2.913403059,2.003575587
73.050000000,dropout_no_gps,True,2.913403059,2.003575587
73.104000000,dropout_no_gps,True,2.913403059,2.003575587
73.150000000,dropout_no_gps,True,2.913403059,2.003575587
73.204000000,dropout_no_gps,True,2.913403059,2.003575587
73.250000000,dropout_no_gps,True,2.913403059,2.003575587
73.300000000,dropout_no_gps,True,2.913403059,2.003575587
73.351000000,dropout_no_gps,True,2.913403059,2.003575587
73.404000000,dropout_no_gps,True,2.913403059,2.003575587
73.450000000,dropout_no_gps,True,2.913403059,2.003575587
73.514000000,dropout_no_gps,True,2.913403059,2.003575587
73.550000000,dropout_no_gps,True,2.913403059,2.003575587
73.653000000,dropout_no_gps,True,2.913403059,2.003575587
73.700000000,dropout_no_gps,True,2.913403059,2.003575587
73.750000000,dropout_no_gps,True,2.913403059,2.003575587
73.800000000,dropout_no_gps,True,2.913403059,2.003575587
73.850000000,dropout_no_gps,True,2.913403059,2.003575587
73.903000000,dropout_no_gps,True,2.913403059,2.003575587
73.950000000,dropout_no_gps,True,2.913403059,2.003575587
74.000000000,dropout_no_gps,True,2.913403059,2.003575587
74.050000000,dropout_no_gps,True,2.913403059,2.003575587
74.100000000,dropout_no_gps,True,2.913403059,2.003575587
74.150000000,dropout_no_gps,True,2.913403059,2.003575587
74.201000000,dropout_no_gps,True,2.913403059,2.003575587
74.251000000,dropout_no_gps,True,2.913403059,2.003575587
74.300000000,dropout_no_gps,True,2.913403059,2.003575587
74.350000000,dropout_no_gps,True,2.913403059,2.003575587
74.402000000,dropout_no_gps,True,2.913403059,2.003575587
74.450000000,dropout_no_gps,True,2.913403059,2.003575587
74.500000000,dropout_no_gps,True,2.913403059,2.003575587
74.550000000,dropout_no_gps,True,2.913403059,2.003575587
74.600000000,dropout_no_gps,True,2.913403059,2.003575587
74.653000000,dropout_no_gps,True,2.913403059,2.003575587
74.700000000,dropout_no_gps,True,2.913403059,2.003575587
74.757000000,dropout_no_gps,True,2.913403059,2.003575587
74.803000000,dropout_no_gps,True,2.913403059,2.003575587
74.887000000,dropout_no_gps,True,2.913403059,2.003575587
74.900000000,dropout_no_gps,True,2.913403059,2.003575587
74.950000000,dropout_no_gps,True,2.913403059,2.003575587
75.000000000,dropout_no_gps,True,2.913403059,2.003575587
75.050000000,dropout_no_gps,True,2.913403059,2.003575587
75.100000000,dropout_no_gps,True,2.913403059,2.003575587
75.151000000,dropout_no_gps,True,2.913403059,2.003575587
75.201000000,dropout_no_gps,True,2.913403059,2.003575587
75.250000000,dropout_no_gps,True,2.913403059,2.003575587
75.301000000,dropout_no_gps,True,2.913403059,2.003575587
75.351000000,dropout_no_gps,True,2.913403059,2.003575587
75.417000000,dropout_no_gps,True,2.913403059,2.003575587
75.450000000,dropout_no_gps,True,2.913403059,2.003575587
75.500000000,dropout_no_gps,True,2.913403059,2.003575587
75.550000000,dropout_no_gps,True,2.913403059,2.003575587
75.600000000,dropout_no_gps,True,2.913403059,2.003575587
75.650000000,dropout_no_gps,True,2.913403059,2.003575587
75.700000000,dropout_no_gps,True,2.913403059,2.003575587
75.750000000,dropout_no_gps,True,2.913403059,2.003575587
75.800000000,dropout_no_gps,True,2.913403059,2.003575587
75.850000000,dropout_no_gps,True,2.913403059,2.003575587
75.901000000,dropout_no_gps,True,2.913403059,2.003575587
75.952000000,dropout_no_gps,True,2.913403059,2.003575587
76.000000000,dropout_no_gps,True,2.913403059,2.003575587
76.050000000,dropout_no_gps,True,2.913403059,2.003575587
76.101000000,dropout_no_gps,True,2.913403059,2.003575587
76.150000000,dropout_no_gps,True,2.913403059,2.003575587
76.206000000,dropout_no_gps,True,2.913403059,2.003575587
76.268000000,dropout_no_gps,True,2.913403059,2.003575587
76.300000000,dropout_no_gps,True,2.913403059,2.003575587
76.441000000,dropout_no_gps,True,2.913403059,2.003575587
76.465000000,dropout_no_gps,True,2.913403059,2.003575587
76.524000000,dropout_no_gps,True,2.913403059,2.003575587
76.551000000,dropout_no_gps,True,2.913403059,2.003575587
76.600000000,dropout_no_gps,True,2.913403059,2.003575587
76.651000000,dropout_no_gps,True,2.913403059,2.003575587
76.704000000,dropout_no_gps,True,2.913403059,2.003575587
76.751000000,dropout_no_gps,True,2.913403059,2.003575587
76.800000000,dropout_no_gps,True,2.913403059,2.003575587
76.850000000,dropout_no_gps,True,2.913403059,2.003575587
76.901000000,dropout_no_gps,True,2.913403059,2.003575587
76.951000000,dropout_no_gps,True,2.913403059,2.003575587
77.002000000,dropout_no_gps,True,2.913403059,2.003575587
77.050000000,dropout_no_gps,True,2.913403059,2.003575587
77.100000000,dropout_no_gps,True,2.913403059,2.003575587
77.150000000,dropout_no_gps,True,2.913403059,2.003575587
77.200000000,dropout_no_gps,True,2.913403059,2.003575587
77.250000000,dropout_no_gps,True,2.913403059,2.003575587
77.300000000,dropout_no_gps,True,2.913403059,2.003575587
77.355000000,dropout_no_gps,True,2.913403059,2.003575587
77.400000000,dropout_no_gps,True,2.913403059,2.003575587
77.452000000,dropout_no_gps,True,2.913403059,2.003575587
77.500000000,dropout_no_gps,True,2.913403059,2.003575587
77.553000000,dropout_no_gps,True,2.913403059,2.003575587
77.600000000,dropout_no_gps,True,2.913403059,2.003575587
77.655000000,dropout_no_gps,True,2.913403059,2.003575587
77.700000000,dropout_no_gps,True,2.913403059,2.003575587
77.750000000,dropout_no_gps,True,2.913403059,2.003575587
77.800000000,dropout_no_gps,True,2.913403059,2.003575587
77.850000000,dropout_no_gps,True,2.913403059,2.003575587
77.900000000,dropout_no_gps,True,2.913403059,2.003575587
77.950000000,dropout_no_gps,True,2.913403059,2.003575587
78.000000000,dropout_no_gps,True,2.913403059,2.003575587
78.050000000,dropout_no_gps,True,2.913403059,2.003575587
78.100000000,dropout_no_gps,True,2.913403059,2.003575587
78.150000000,dropout_no_gps,True,2.913403059,2.003575587
78.200000000,dropout_no_gps,True,2.913403059,2.003575587
78.250000000,dropout_no_gps,True,2.913403059,2.003575587
78.300000000,dropout_no_gps,True,2.913403059,2.003575587
78.350000000,dropout_no_gps,True,2.913403059,2.003575587
78.402000000,dropout_no_gps,True,2.913403059,2.003575587
78.450000000,dropout_no_gps,True,2.913403059,2.003575587
78.500000000,dropout_no_gps,True,2.913403059,2.003575587
78.553000000,dropout_no_gps,True,2.913403059,2.003575587
78.600000000,dropout_no_gps,True,2.913403059,2.003575587
78.652000000,dropout_no_gps,True,2.913403059,2.003575587
78.740000000,dropout_no_gps,True,2.913403059,2.003575587
78.750000000,dropout_no_gps,True,2.913403059,2.003575587
78.800000000,dropout_no_gps,True,2.913403059,2.003575587
78.851000000,dropout_no_gps,True,2.913403059,2.003575587
78.900000000,dropout_no_gps,True,2.913403059,2.003575587
78.950000000,dropout_no_gps,True,2.913403059,2.003575587
79.000000000,dropout_no_gps,True,2.913403059,2.003575587
79.050000000,dropout_no_gps,True,2.913403059,2.003575587
79.100000000,dropout_no_gps,True,2.913403059,2.003575587
79.151000000,dropout_no_gps,True,2.913403059,2.003575587
79.201000000,dropout_no_gps,True,2.913403059,2.003575587
79.250000000,dropout_no_gps,True,2.913403059,2.003575587
79.300000000,dropout_no_gps,True,2.913403059,2.003575587
79.350000000,dropout_no_gps,True,2.913403059,2.003575587
79.400000000,dropout_no_gps,True,2.913403059,2.003575587
79.450000000,dropout_no_gps,True,2.913403059,2.003575587
79.500000000,dropout_no_gps,True,2.913403059,2.003575587
79.551000000,dropout_no_gps,True,2.913403059,2.003575587
79.600000000,dropout_no_gps,True,2.913403059,2.003575587
79.653000000,dropout_no_gps,True,2.913403059,2.003575587
79.700000000,dropout_no_gps,True,2.913403059,2.003575587
79.750000000,dropout_no_gps,True,2.913403059,2.003575587
79.800000000,dropout_no_gps,True,2.913403059,2.003575587
79.854000000,dropout_no_gps,True,2.913403059,2.003575587
79.901000000,dropout_no_gps,True,2.913403059,2.003575587
79.950000000,dropout_no_gps,True,2.913403059,2.003575587
80.001000000,dropout_no_gps,True,2.913403059,2.003575587
80.050000000,dropout_no_gps,True,2.913403059,2.003575587
80.100000000,dropout_no_gps,True,2.913403059,2.003575587
80.151000000,dropout_no_gps,True,2.913403059,2.003575587
80.200000000,dropout_no_gps,True,2.913403059,2.003575587
80.252000000,dropout_no_gps,True,2.913403059,2.003575587
80.301000000,dropout_no_gps,True,2.913403059,2.003575587
80.350000000,dropout_no_gps,True,2.913403059,2.003575587
80.401000000,dropout_no_gps,True,2.913403059,2.003575587
80.450000000,dropout_no_gps,True,2.913403059,2.003575587
80.500000000,dropout_no_gps,True,2.913403059,2.003575587
80.550000000,dropout_no_gps,True,2.913403059,2.003575587
80.600000000,dropout_no_gps,True,2.913403059,2.003575587
80.651000000,dropout_no_gps,True,2.913403059,2.003575587
80.701000000,dropout_no_gps,True,2.913403059,2.003575587
80.750000000,dropout_no_gps,True,2.913403059,2.003575587
80.801000000,dropout_no_gps,True,2.913403059,2.003575587
80.850000000,dropout_no_gps,True,2.913403059,2.003575587
80.900000000,dropout_no_gps,True,2.913403059,2.003575587
80.951000000,dropout_no_gps,True,2.913403059,2.003575587
81.000000000,dropout_no_gps,True,2.913403059,2.003575587
81.051000000,dropout_no_gps,True,2.913403059,2.003575587
81.115000000,dropout_no_gps,True,2.913403059,2.003575587
81.150000000,dropout_no_gps,True,2.913403059,2.003575587
81.200000000,dropout_no_gps,True,2.913403059,2.003575587
81.250000000,dropout_no_gps,True,2.913403059,2.003575587
81.300000000,dropout_no_gps,True,2.913403059,2.003575587
81.350000000,dropout_no_gps,True,2.913403059,2.003575587
81.400000000,dropout_no_gps,True,2.913403059,2.003575587
81.456000000,dropout_no_gps,True,2.913403059,2.003575587
81.504000000,dropout_no_gps,True,2.913403059,2.003575587
81.553000000,dropout_no_gps,True,2.913403059,2.003575587
81.600000000,dropout_no_gps,True,2.913403059,2.003575587
81.651000000,dropout_no_gps,True,2.913403059,2.003575587
81.700000000,dropout_no_gps,True,2.913403059,2.003575587
81.750000000,dropout_no_gps,True,2.913403059,2.003575587
81.803000000,dropout_no_gps,True,2.913403059,2.003575587
81.850000000,dropout_no_gps,True,2.913403059,2.003575587
81.900000000,dropout_no_gps,True,2.913403059,2.003575587
81.952000000,dropout_no_gps,True,2.913403059,2.003575587
82.000000000,dropout_no_gps,True,2.913403059,2.003575587
82.050000000,dropout_no_gps,True,2.913403059,2.003575587
82.100000000,dropout_no_gps,True,2.913403059,2.003575587
82.150000000,dropout_no_gps,True,2.913403059,2.003575587
82.200000000,dropout_no_gps,True,2.913403059,2.003575587
82.252000000,dropout_no_gps,True,2.913403059,2.003575587
82.300000000,dropout_no_gps,True,2.913403059,2.003575587
82.350000000,dropout_no_gps,True,2.913403059,2.003575587
82.400000000,dropout_no_gps,True,2.913403059,2.003575587
82.450000000,dropout_no_gps,True,2.913403059,2.003575587
82.505000000,dropout_no_gps,True,2.913403059,2.003575587
82.550000000,dropout_no_gps,True,2.913403059,2.003575587
82.600000000,dropout_no_gps,True,2.913403059,2.003575587
82.650000000,dropout_no_gps,True,2.913403059,2.003575587
82.703000000,dropout_no_gps,True,2.913403059,2.003575587
82.750000000,dropout_no_gps,True,2.913403059,2.003575587
82.828000000,dropout_no_gps,True,2.913403059,2.003575587
82.850000000,dropout_no_gps,True,2.913403059,2.003575587
82.900000000,dropout_no_gps,True,2.913403059,2.003575587
82.950000000,dropout_no_gps,True,2.913403059,2.003575587
83.001000000,dropout_no_gps,True,2.913403059,2.003575587
83.055000000,dropout_no_gps,True,2.913403059,2.003575587
83.100000000,dropout_no_gps,True,2.913403059,2.003575587
83.151000000,dropout_no_gps,True,2.913403059,2.003575587
83.200000000,dropout_no_gps,True,2.913403059,2.003575587
83.250000000,dropout_no_gps,True,2.913403059,2.003575587
83.300000000,dropout_no_gps,True,2.913403059,2.003575587
83.351000000,dropout_no_gps,True,2.913403059,2.003575587
83.400000000,dropout_no_gps,True,2.913403059,2.003575587
83.450000000,dropout_no_gps,True,2.913403059,2.003575587
83.500000000,dropout_no_gps,True,2.913403059,2.003575587
83.550000000,dropout_no_gps,True,2.913403059,2.003575587
83.600000000,dropout_no_gps,True,2.913403059,2.003575587
83.650000000,dropout_no_gps,True,2.913403059,2.003575587
83.703000000,dropout_no_gps,True,2.913403059,2.003575587
83.750000000,dropout_no_gps,True,2.913403059,2.003575587
83.801000000,dropout_no_gps,True,2.913403059,2.003575587
83.850000000,dropout_no_gps,True,2.913403059,2.003575587
83.900000000,dropout_no_gps,True,2.913403059,2.003575587
83.950000000,dropout_no_gps,True,2.913403059,2.003575587
84.006000000,dropout_no_gps,True,2.913403059,2.003575587
84.053000000,dropout_no_gps,True,2.913403059,2.003575587
84.100000000,dropout_no_gps,True,2.913403059,2.003575587
84.151000000,dropout_no_gps,True,2.913403059,2.003575587
84.201000000,dropout_no_gps,True,2.913403059,2.003575587
84.250000000,dropout_no_gps,True,2.913403059,2.003575587
84.302000000,dropout_no_gps,True,2.913403059,2.003575587
84.352000000,dropout_no_gps,True,2.913403059,2.003575587
84.400000000,dropout_no_gps,True,2.913403059,2.003575587
84.450000000,dropout_no_gps,True,2.913403059,2.003575587
84.501000000,dropout_no_gps,True,2.913403059,2.003575587
84.550000000,dropout_no_gps,True,2.913403059,2.003575587
84.600000000,dropout_no_gps,True,2.913403059,2.003575587
84.654000000,dropout_no_gps,True,2.913403059,2.003575587
84.704000000,dropout_no_gps,True,2.913403059,2.003575587
84.750000000,dropout_no_gps,True,2.913403059,2.003575587
84.800000000,dropout_no_gps,True,2.913403059,2.003575587
84.850000000,dropout_no_gps,True,2.913403059,2.003575587
84.900000000,dropout_no_gps,True,2.913403059,2.003575587
84.950000000,dropout_no_gps,True,2.913403059,2.003575587
85.000000000,dropout_no_gps,True,2.913403059,2.003575587
85.050000000,dropout_no_gps,True,2.913403059,2.003575587
85.100000000,dropout_no_gps,True,2.913403059,2.003575587
85.151000000,dropout_no_gps,True,2.913403059,2.003575587
85.206000000,dropout_no_gps,True,2.913403059,2.003575587
85.250000000,dropout_no_gps,True,2.913403059,2.003575587
85.304000000,dropout_no_gps,True,2.913403059,2.003575587
85.360000000,dropout_no_gps,True,2.913403059,2.003575587
85.400000000,dropout_no_gps,True,2.913403059,2.003575587
85.450000000,dropout_no_gps,True,2.913403059,2.003575587
85.501000000,dropout_no_gps,True,2.913403059,2.003575587
85.550000000,dropout_no_gps,True,2.913403059,2.003575587
85.600000000,dropout_no_gps,True,2.913403059,2.003575587
85.650000000,dropout_no_gps,True,2.913403059,2.003575587
85.703000000,dropout_no_gps,True,2.913403059,2.003575587
85.750000000,dropout_no_gps,True,2.913403059,2.003575587
85.800000000,dropout_no_gps,True,2.913403059,2.003575587
85.851000000,dropout_no_gps,True,2.913403059,2.003575587
85.900000000,dropout_no_gps,True,2.913403059,2.003575587
85.950000000,dropout_no_gps,True,2.913403059,2.003575587
86.000000000,dropout_no_gps,True,2.913403059,2.003575587
86.050000000,dropout_no_gps,True,2.913403059,2.003575587
86.103000000,dropout_no_gps,True,2.913403059,2.003575587
86.150000000,dropout_no_gps,True,2.913403059,2.003575587
86.200000000,dropout_no_gps,True,2.913403059,2.003575587
86.250000000,dropout_no_gps,True,2.913403059,2.003575587
86.300000000,dropout_no_gps,True,2.913403059,2.003575587
86.350000000,dropout_no_gps,True,2.913403059,2.003575587
86.400000000,dropout_no_gps,True,2.913403059,2.003575587
86.462000000,dropout_no_gps,True,2.913403059,2.003575587
86.500000000,dropout_no_gps,True,2.913403059,2.003575587
86.550000000,dropout_no_gps,True,2.913403059,2.003575587
86.600000000,dropout_no_gps,True,2.913403059,2.003575587
86.651000000,dropout_no_gps,True,2.913403059,2.003575587
86.700000000,dropout_no_gps,True,2.913403059,2.003575587
86.751000000,dropout_no_gps,True,2.913403059,2.003575587
86.800000000,dropout_no_gps,True,2.913403059,2.003575587
86.852000000,dropout_no_gps,True,2.913403059,2.003575587
86.900000000,dropout_no_gps,True,2.913403059,2.003575587
86.950000000,dropout_no_gps,True,2.913403059,2.003575587
87.000000000,dropout_no_gps,True,2.913403059,2.003575587
87.050000000,dropout_no_gps,True,2.913403059,2.003575587
87.101000000,dropout_no_gps,True,2.913403059,2.003575587
87.150000000,dropout_no_gps,True,2.913403059,2.003575587
87.201000000,dropout_no_gps,True,2.913403059,2.003575587
87.250000000,dropout_no_gps,True,2.913403059,2.003575587
87.307000000,dropout_no_gps,True,2.913403059,2.003575587
87.364000000,dropout_no_gps,True,2.913403059,2.003575587
87.400000000,dropout_no_gps,True,2.913403059,2.003575587
87.450000000,dropout_no_gps,True,2.913403059,2.003575587
87.501000000,dropout_no_gps,True,2.913403059,2.003575587
87.579000000,dropout_no_gps,True,2.913403059,2.003575587
87.600000000,dropout_no_gps,True,2.913403059,2.003575587
87.651000000,dropout_no_gps,True,2.913403059,2.003575587
87.700000000,dropout_no_gps,True,2.913403059,2.003575587
87.750000000,dropout_no_gps,True,2.913403059,2.003575587
87.800000000,dropout_no_gps,True,2.913403059,2.003575587
87.850000000,dropout_no_gps,True,2.913403059,2.003575587
87.900000000,dropout_no_gps,True,2.913403059,2.003575587
87.950000000,dropout_no_gps,True,2.913403059,2.003575587
88.000000000,dropout_no_gps,True,2.913403059,2.003575587
88.050000000,dropout_no_gps,True,2.913403059,2.003575587
88.100000000,dropout_no_gps,True,2.913403059,2.003575587
88.150000000,dropout_no_gps,True,2.913403059,2.003575587
88.200000000,dropout_no_gps,True,2.913403059,2.003575587
88.256000000,dropout_no_gps,True,2.913403059,2.003575587
88.300000000,dropout_no_gps,True,2.913403059,2.003575587
88.350000000,dropout_no_gps,True,2.913403059,2.003575587
88.400000000,dropout_no_gps,True,2.913403059,2.003575587
88.455000000,dropout_no_gps,True,2.913403059,2.003575587
88.500000000,dropout_no_gps,True,2.913403059,2.003575587
88.550000000,dropout_no_gps,True,2.913403059,2.003575587
88.601000000,dropout_no_gps,True,2.913403059,2.003575587
88.672000000,dropout_no_gps,True,2.913403059,2.003575587
88.700000000,dropout_no_gps,True,2.913403059,2.003575587
88.750000000,dropout_no_gps,True,2.913403059,2.003575587
88.812000000,dropout_no_gps,True,2.913403059,2.003575587
88.850000000,dropout_no_gps,True,2.913403059,2.003575587
88.900000000,dropout_no_gps,True,2.913403059,2.003575587
88.950000000,dropout_no_gps,True,2.913403059,2.003575587
89.000000000,dropout_no_gps,True,2.913403059,2.003575587
89.050000000,dropout_no_gps,True,2.913403059,2.003575587
89.100000000,dropout_no_gps,True,2.913403059,2.003575587
89.151000000,dropout_no_gps,True,2.913403059,2.003575587
89.200000000,dropout_no_gps,True,2.913403059,2.003575587
89.264000000,dropout_no_gps,True,2.913403059,2.003575587
89.300000000,dropout_no_gps,True,2.913403059,2.003575587
89.350000000,dropout_no_gps,True,2.913403059,2.003575587
89.400000000,dropout_no_gps,True,2.913403059,2.003575587
89.455000000,dropout_no_gps,True,2.913403059,2.003575587
89.506000000,dropout_no_gps,True,2.913403059,2.003575587
89.550000000,dropout_no_gps,True,2.913403059,2.003575587
89.600000000,dropout_no_gps,True,2.913403059,2.003575587
89.650000000,dropout_no_gps,True,2.913403059,2.003575587
89.700000000,dropout_no_gps,True,2.913403059,2.003575587
89.752000000,dropout_no_gps,True,2.913403059,2.003575587
89.802000000,dropout_no_gps,True,2.913403059,2.003575587
89.851000000,dropout_no_gps,True,2.913403059,2.003575587
89.902000000,dropout_no_gps,True,2.913403059,2.003575587
89.950000000,dropout_no_gps,True,2.913403059,2.003575587
90.000000000,dropout_no_gps,True,2.913403059,2.003575587
90.053000000,dropout_no_gps,True,2.913403059,2.003575587
90.104000000,dropout_no_gps,True,2.913403059,2.003575587
90.150000000,dropout_no_gps,True,2.913403059,2.003575587
90.200000000,dropout_no_gps,True,2.913403059,2.003575587
90.250000000,dropout_no_gps,True,2.913403059,2.003575587
90.300000000,dropout_no_gps,True,2.913403059,2.003575587
90.350000000,dropout_no_gps,True,2.913403059,2.003575587
90.400000000,dropout_no_gps,True,2.913403059,2.003575587
90.450000000,dropout_no_gps,True,2.913403059,2.003575587
90.500000000,dropout_no_gps,True,2.913403059,2.003575587
90.552000000,dropout_no_gps,True,2.913403059,2.003575587
90.609000000,dropout_no_gps,True,2.913403059,2.003575587
90.650000000,dropout_no_gps,True,2.913403059,2.003575587
90.701000000,dropout_no_gps,True,2.913403059,2.003575587
90.755000000,dropout_no_gps,True,2.913403059,2.003575587
90.800000000,dropout_no_gps,True,2.913403059,2.003575587
90.851000000,dropout_no_gps,True,2.913403059,2.003575587
90.900000000,dropout_no_gps,True,2.913403059,2.003575587
90.950000000,dropout_no_gps,True,2.913403059,2.003575587
91.000000000,dropout_no_gps,True,2.913403059,2.003575587
91.052000000,dropout_no_gps,True,2.913403059,2.003575587
91.100000000,dropout_no_gps,True,2.913403059,2.003575587
91.151000000,dropout_no_gps,True,2.913403059,2.003575587
91.203000000,dropout_no_gps,True,2.913403059,2.003575587
91.250000000,dropout_no_gps,True,2.913403059,2.003575587
91.300000000,dropout_no_gps,True,2.913403059,2.003575587
91.350000000,dropout_no_gps,True,2.913403059,2.003575587
91.400000000,dropout_no_gps,True,2.913403059,2.003575587
91.450000000,dropout_no_gps,True,2.913403059,2.003575587
91.500000000,dropout_no_gps,True,2.913403059,2.003575587
91.551000000,dropout_no_gps,True,2.913403059,2.003575587
91.600000000,dropout_no_gps,True,2.913403059,2.003575587
91.653000000,dropout_no_gps,True,2.913403059,2.003575587
91.701000000,dropout_no_gps,True,2.913403059,2.003575587
91.750000000,dropout_no_gps,True,2.913403059,2.003575587
91.801000000,dropout_no_gps,True,2.913403059,2.003575587
91.850000000,dropout_no_gps,True,2.913403059,2.003575587
91.900000000,dropout_no_gps,True,2.913403059,2.003575587
91.951000000,dropout_no_gps,True,2.913403059,2.003575587
92.009000000,dropout_no_gps,True,2.913403059,2.003575587
92.050000000,dropout_no_gps,True,2.913403059,2.003575587
92.100000000,dropout_no_gps,True,2.913403059,2.003575587
92.152000000,dropout_no_gps,True,2.913403059,2.003575587
92.200000000,dropout_no_gps,True,2.913403059,2.003575587
92.250000000,dropout_no_gps,True,2.913403059,2.003575587
92.300000000,dropout_no_gps,True,2.913403059,2.003575587
92.350000000,dropout_no_gps,True,2.913403059,2.003575587
92.405000000,dropout_no_gps,True,2.913403059,2.003575587
92.451000000,dropout_no_gps,True,2.913403059,2.003575587
92.503000000,dropout_no_gps,True,2.913403059,2.003575587
92.550000000,dropout_no_gps,True,2.913403059,2.003575587
92.600000000,dropout_no_gps,True,2.913403059,2.003575587
92.650000000,dropout_no_gps,True,2.913403059,2.003575587
92.703000000,dropout_no_gps,True,2.913403059,2.003575587
92.751000000,dropout_no_gps,True,2.913403059,2.003575587
92.800000000,dropout_no_gps,True,2.913403059,2.003575587
92.850000000,dropout_no_gps,True,2.913403059,2.003575587
92.900000000,dropout_no_gps,True,2.913403059,2.003575587
92.950000000,dropout_no_gps,True,2.913403059,2.003575587
93.000000000,dropout_no_gps,True,2.913403059,2.003575587
93.050000000,dropout_no_gps,True,2.913403059,2.003575587
93.100000000,dropout_no_gps,True,2.913403059,2.003575587
93.150000000,dropout_no_gps,True,2.913403059,2.003575587
93.200000000,dropout_no_gps,True,2.913403059,2.003575587
93.250000000,dropout_no_gps,True,2.913403059,2.003575587
93.300000000,dropout_no_gps,True,2.913403059,2.003575587
93.350000000,dropout_no_gps,True,2.913403059,2.003575587
93.400000000,dropout_no_gps,True,2.913403059,2.003575587
93.450000000,dropout_no_gps,True,2.913403059,2.003575587
93.500000000,dropout_no_gps,True,2.913403059,2.003575587
93.550000000,dropout_no_gps,True,2.913403059,2.003575587
93.600000000,dropout_no_gps,True,2.913403059,2.003575587
93.650000000,dropout_no_gps,True,2.913403059,2.003575587
93.700000000,dropout_no_gps,True,2.913403059,2.003575587
93.750000000,dropout_no_gps,True,2.913403059,2.003575587
93.800000000,dropout_no_gps,True,2.913403059,2.003575587
93.851000000,dropout_no_gps,True,2.913403059,2.003575587
93.900000000,dropout_no_gps,True,2.913403059,2.003575587
93.950000000,dropout_no_gps,True,2.913403059,2.003575587
94.000000000,dropout_no_gps,True,2.913403059,2.003575587
94.053000000,dropout_no_gps,True,2.913403059,2.003575587
94.100000000,dropout_no_gps,True,2.913403059,2.003575587
94.150000000,dropout_no_gps,True,2.913403059,2.003575587
94.200000000,dropout_no_gps,True,2.913403059,2.003575587
94.250000000,dropout_no_gps,True,2.913403059,2.003575587
94.300000000,dropout_no_gps,True,2.913403059,2.003575587
94.350000000,dropout_no_gps,True,2.913403059,2.003575587
94.403000000,dropout_no_gps,True,2.913403059,2.003575587
94.450000000,dropout_no_gps,True,2.913403059,2.003575587
94.501000000,dropout_no_gps,True,2.913403059,2.003575587
94.550000000,dropout_no_gps,True,2.913403059,2.003575587
94.600000000,dropout_no_gps,True,2.913403059,2.003575587
94.650000000,dropout_no_gps,True,2.913403059,2.003575587
94.700000000,dropout_no_gps,True,2.913403059,2.003575587
94.750000000,dropout_no_gps,True,2.913403059,2.003575587
94.801000000,dropout_no_gps,True,2.913403059,2.003575587
94.851000000,dropout_no_gps,True,2.913403059,2.003575587
94.900000000,dropout_no_gps,True,2.913403059,2.003575587
94.951000000,dropout_no_gps,True,2.913403059,2.003575587
95.000000000,dropout_no_gps,True,2.913403059,2.003575587
95.050000000,dropout_no_gps,True,2.913403059,2.003575587
95.100000000,dropout_no_gps,True,2.913403059,2.003575587
95.164000000,dropout_no_gps,True,2.913403059,2.003575587
95.200000000,dropout_no_gps,True,2.913403059,2.003575587
95.257000000,dropout_no_gps,True,2.913403059,2.003575587
95.303000000,dropout_no_gps,True,2.913403059,2.003575587
95.350000000,dropout_no_gps,True,2.913403059,2.003575587
95.400000000,dropout_no_gps,True,2.913403059,2.003575587
95.464000000,dropout_no_gps,True,2.913403059,2.003575587
95.500000000,dropout_no_gps,True,2.913403059,2.003575587
95.551000000,dropout_no_gps,True,2.913403059,2.003575587
95.600000000,dropout_no_gps,True,2.913403059,2.003575587
95.651000000,dropout_no_gps,True,2.913403059,2.003575587
95.700000000,dropout_no_gps,True,2.913403059,2.003575587
95.751000000,dropout_no_gps,True,2.913403059,2.003575587
95.800000000,dropout_no_gps,True,2.913403059,2.003575587
95.850000000,dropout_no_gps,True,2.913403059,2.003575587
95.900000000,dropout_no_gps,True,2.913403059,2.003575587
95.950000000,dropout_no_gps,True,2.913403059,2.003575587
96.000000000,dropout_no_gps,True,2.913403059,2.003575587
96.050000000,dropout_no_gps,True,2.913403059,2.003575587
96.101000000,dropout_no_gps,True,2.913403059,2.003575587
96.150000000,dropout_no_gps,True,2.913403059,2.003575587
96.201000000,dropout_no_gps,True,2.913403059,2.003575587
96.250000000,dropout_no_gps,True,2.913403059,2.003575587
96.300000000,dropout_no_gps,True,2.913403059,2.003575587
96.350000000,dropout_no_gps,True,2.913403059,2.003575587
96.400000000,dropout_no_gps,True,2.913403059,2.003575587
96.450000000,dropout_no_gps,True,2.913403059,2.003575587
96.500000000,dropout_no_gps,True,2.913403059,2.003575587
96.550000000,dropout_no_gps,True,2.913403059,2.003575587
96.600000000,dropout_no_gps,True,2.913403059,2.003575587
96.650000000,dropout_no_gps,True,2.913403059,2.003575587
96.700000000,dropout_no_gps,True,2.913403059,2.003575587
96.750000000,dropout_no_gps,True,2.913403059,2.003575587
96.800000000,dropout_no_gps,True,2.913403059,2.003575587
96.850000000,dropout_no_gps,True,2.913403059,2.003575587
96.900000000,dropout_no_gps,True,2.913403059,2.003575587
96.950000000,dropout_no_gps,True,2.913403059,2.003575587
97.000000000,dropout_no_gps,True,2.913403059,2.003575587
97.050000000,dropout_no_gps,True,2.913403059,2.003575587
97.100000000,dropout_no_gps,True,2.913403059,2.003575587
97.151000000,dropout_no_gps,True,2.913403059,2.003575587
97.201000000,dropout_no_gps,True,2.913403059,2.003575587
97.250000000,dropout_no_gps,True,2.913403059,2.003575587
97.304000000,dropout_no_gps,True,2.913403059,2.003575587
97.350000000,dropout_no_gps,True,2.913403059,2.003575587
97.400000000,dropout_no_gps,True,2.913403059,2.003575587
97.450000000,dropout_no_gps,True,2.913403059,2.003575587
97.502000000,dropout_no_gps,True,2.913403059,2.003575587
97.550000000,dropout_no_gps,True,2.913403059,2.003575587
97.600000000,dropout_no_gps,True,2.913403059,2.003575587
97.650000000,dropout_no_gps,True,2.913403059,2.003575587
97.700000000,dropout_no_gps,True,2.913403059,2.003575587
97.750000000,dropout_no_gps,True,2.913403059,2.003575587
97.800000000,dropout_no_gps,True,2.913403059,2.003575587
97.850000000,dropout_no_gps,True,2.913403059,2.003575587
97.907000000,dropout_no_gps,True,2.913403059,2.003575587
97.950000000,dropout_no_gps,True,2.913403059,2.003575587
98.000000000,dropout_no_gps,True,2.913403059,2.003575587
98.050000000,dropout_no_gps,True,2.913403059,2.003575587
98.100000000,dropout_no_gps,True,2.913403059,2.003575587
98.154000000,dropout_no_gps,True,2.913403059,2.003575587
98.200000000,dropout_no_gps,True,2.913403059,2.003575587
98.250000000,dropout_no_gps,True,2.913403059,2.003575587
98.300000000,dropout_no_gps,True,2.913403059,2.003575587
98.350000000,dropout_no_gps,True,2.913403059,2.003575587
98.401000000,dropout_no_gps,True,2.913403059,2.003575587
98.450000000,dropout_no_gps,True,2.913403059,2.003575587
98.500000000,dropout_no_gps,True,2.913403059,2.003575587
98.551000000,dropout_no_gps,True,2.913403059,2.003575587
98.600000000,dropout_no_gps,True,2.913403059,2.003575587
98.651000000,dropout_no_gps,True,2.913403059,2.003575587
98.700000000,dropout_no_gps,True,2.913403059,2.003575587
98.751000000,dropout_no_gps,True,2.913403059,2.003575587
98.800000000,dropout_no_gps,True,2.913403059,2.003575587
98.850000000,dropout_no_gps,True,2.913403059,2.003575587
98.901000000,dropout_no_gps,True,2.913403059,2.003575587
98.950000000,dropout_no_gps,True,2.913403059,2.003575587
99.000000000,dropout_no_gps,True,2.913403059,2.003575587
99.050000000,dropout_no_gps,True,2.913403059,2.003575587
99.102000000,dropout_no_gps,True,2.913403059,2.003575587
99.152000000,dropout_no_gps,True,2.913403059,2.003575587
99.201000000,dropout_no_gps,True,2.913403059,2.003575587
99.251000000,dropout_no_gps,True,2.913403059,2.003575587
99.300000000,dropout_no_gps,True,2.913403059,2.003575587
99.352000000,dropout_no_gps,True,2.913403059,2.003575587
99.400000000,dropout_no_gps,True,2.913403059,2.003575587
99.456000000,dropout_no_gps,True,2.913403059,2.003575587
99.500000000,dropout_no_gps,True,2.913403059,2.003575587
99.550000000,dropout_no_gps,True,2.913403059,2.003575587
99.600000000,dropout_no_gps,True,2.913403059,2.003575587
99.650000000,dropout_no_gps,True,2.913403059,2.003575587
99.700000000,dropout_no_gps,True,2.913403059,2.003575587
99.754000000,dropout_no_gps,True,2.913403059,2.003575587
99.802000000,dropout_no_gps,True,2.913403059,2.003575587
99.852000000,dropout_no_gps,True,2.913403059,2.003575587
99.900000000,dropout_no_gps,True,2.913403059,2.003575587
99.950000000,dropout_no_gps,True,2.913403059,2.003575587
100.000000000,dropout_no_gps,True,2.913403059,2.003575587
100.051000000,dropout_no_gps,True,2.913403059,2.003575587
100.100000000,dropout_no_gps,True,2.913403059,2.003575587
100.150000000,dropout_no_gps,True,2.913403059,2.003575587
100.200000000,dropout_no_gps,True,2.913403059,2.003575587
100.250000000,dropout_no_gps,True,2.913403059,2.003575587
100.300000000,dropout_no_gps,True,2.913403059,2.003575587
100.350000000,dropout_no_gps,True,2.913403059,2.003575587
100.401000000,dropout_no_gps,True,2.913403059,2.003575587
100.450000000,dropout_no_gps,True,2.913403059,2.003575587
100.500000000,dropout_no_gps,True,2.913403059,2.003575587
100.550000000,dropout_no_gps,True,2.913403059,2.003575587
100.600000000,dropout_no_gps,True,2.913403059,2.003575587
100.650000000,dropout_no_gps,True,2.913403059,2.003575587
100.700000000,dropout_no_gps,True,2.913403059,2.003575587
100.750000000,dropout_no_gps,True,2.913403059,2.003575587
100.800000000,dropout_no_gps,True,2.913403059,2.003575587
100.851000000,dropout_no_gps,True,2.913403059,2.003575587
100.900000000,dropout_no_gps,True,2.913403059,2.003575587
100.950000000,dropout_no_gps,True,2.913403059,2.003575587
101.000000000,dropout_no_gps,True,2.913403059,2.003575587
101.050000000,dropout_no_gps,True,2.913403059,2.003575587
101.100000000,dropout_no_gps,True,2.913403059,2.003575587
101.152000000,dropout_no_gps,True,2.913403059,2.003575587
101.201000000,dropout_no_gps,True,2.913403059,2.003575587
101.250000000,dropout_no_gps,True,2.913403059,2.003575587
101.301000000,dropout_no_gps,True,2.913403059,2.003575587
101.350000000,dropout_no_gps,True,2.913403059,2.003575587
101.400000000,dropout_no_gps,True,2.913403059,2.003575587
101.451000000,dropout_no_gps,True,2.913403059,2.003575587
101.500000000,dropout_no_gps,True,2.913403059,2.003575587
101.550000000,dropout_no_gps,True,2.913403059,2.003575587
101.600000000,dropout_no_gps,True,2.913403059,2.003575587
101.650000000,dropout_no_gps,True,2.913403059,2.003575587
101.700000000,dropout_no_gps,True,2.913403059,2.003575587
101.750000000,dropout_no_gps,True,2.913403059,2.003575587
101.801000000,dropout_no_gps,True,2.913403059,2.003575587
101.850000000,dropout_no_gps,True,2.913403059,2.003575587
101.900000000,dropout_no_gps,True,2.913403059,2.003575587
101.952000000,dropout_no_gps,True,2.913403059,2.003575587
102.000000000,dropout_no_gps,True,2.913403059,2.003575587
102.050000000,dropout_no_gps,True,2.913403059,2.003575587
102.100000000,dropout_no_gps,True,2.913403059,2.003575587
102.150000000,dropout_no_gps,True,2.913403059,2.003575587
102.200000000,dropout_no_gps,True,2.913403059,2.003575587
102.250000000,dropout_no_gps,True,2.913403059,2.003575587
102.302000000,dropout_no_gps,True,2.913403059,2.003575587
102.350000000,dropout_no_gps,True,2.913403059,2.003575587
102.400000000,dropout_no_gps,True,2.913403059,2.003575587
102.450000000,dropout_no_gps,True,2.913403059,2.003575587
102.500000000,dropout_no_gps,True,2.913403059,2.003575587
102.550000000,dropout_no_gps,True,2.913403059,2.003575587
102.600000000,dropout_no_gps,True,2.913403059,2.003575587
102.650000000,dropout_no_gps,True,2.913403059,2.003575587
102.700000000,dropout_no_gps,True,2.913403059,2.003575587
102.750000000,dropout_no_gps,True,2.913403059,2.003575587
102.803000000,dropout_no_gps,True,2.913403059,2.003575587
102.850000000,dropout_no_gps,True,2.913403059,2.003575587
102.900000000,dropout_no_gps,True,2.913403059,2.003575587
102.953000000,dropout_no_gps,True,2.913403059,2.003575587
103.000000000,dropout_no_gps,True,2.913403059,2.003575587
103.050000000,dropout_no_gps,True,2.913403059,2.003575587
103.100000000,dropout_no_gps,True,2.913403059,2.003575587
103.150000000,dropout_no_gps,True,2.913403059,2.003575587
103.200000000,dropout_no_gps,True,2.913403059,2.003575587
103.259000000,dropout_no_gps,True,2.913403059,2.003575587
103.300000000,dropout_no_gps,True,2.913403059,2.003575587
103.353000000,dropout_no_gps,True,2.913403059,2.003575587
103.402000000,dropout_no_gps,True,2.913403059,2.003575587
103.450000000,dropout_no_gps,True,2.913403059,2.003575587
103.501000000,dropout_no_gps,True,2.913403059,2.003575587
103.550000000,dropout_no_gps,True,2.913403059,2.003575587
103.600000000,dropout_no_gps,True,2.913403059,2.003575587
103.650000000,dropout_no_gps,True,2.913403059,2.003575587
103.702000000,dropout_no_gps,True,2.913403059,2.003575587
103.755000000,dropout_no_gps,True,2.913403059,2.003575587
103.800000000,dropout_no_gps,True,2.913403059,2.003575587
103.850000000,dropout_no_gps,True,2.913403059,2.003575587
103.900000000,dropout_no_gps,True,2.913403059,2.003575587
103.951000000,dropout_no_gps,True,2.913403059,2.003575587
104.002000000,dropout_no_gps,True,2.913403059,2.003575587
104.050000000,dropout_no_gps,True,2.913403059,2.003575587
104.100000000,dropout_no_gps,True,2.913403059,2.003575587
104.153000000,dropout_no_gps,True,2.913403059,2.003575587
104.200000000,dropout_no_gps,True,2.913403059,2.003575587
104.250000000,dropout_no_gps,True,2.913403059,2.003575587
104.303000000,dropout_no_gps,True,2.913403059,2.003575587
104.350000000,dropout_no_gps,True,2.913403059,2.003575587
104.400000000,dropout_no_gps,True,2.913403059,2.003575587
104.450000000,dropout_no_gps,True,2.913403059,2.003575587
104.500000000,dropout_no_gps,True,2.913403059,2.003575587
104.550000000,dropout_no_gps,True,2.913403059,2.003575587
104.600000000,dropout_no_gps,True,2.913403059,2.003575587
104.650000000,dropout_no_gps,True,2.913403059,2.003575587
104.700000000,dropout_no_gps,True,2.913403059,2.003575587
104.750000000,dropout_no_gps,True,2.913403059,2.003575587
104.800000000,dropout_no_gps,True,2.913403059,2.003575587
104.850000000,dropout_no_gps,True,2.913403059,2.003575587
104.900000000,dropout_no_gps,True,2.913403059,2.003575587
104.950000000,dropout_no_gps,True,2.913403059,2.003575587
105.003000000,dropout_no_gps,True,2.913403059,2.003575587
105.052000000,dropout_no_gps,True,2.913403059,2.003575587
105.101000000,dropout_no_gps,True,2.913403059,2.003575587
105.151000000,dropout_no_gps,True,2.913403059,2.003575587
105.219000000,dropout_no_gps,True,2.913403059,2.003575587
105.250000000,dropout_no_gps,True,2.913403059,2.003575587
105.300000000,dropout_no_gps,True,2.913403059,2.003575587
105.350000000,dropout_no_gps,True,2.913403059,2.003575587
105.400000000,dropout_no_gps,True,2.913403059,2.003575587
105.451000000,dropout_no_gps,True,2.913403059,2.003575587
105.500000000,dropout_no_gps,True,2.913403059,2.003575587
105.550000000,dropout_no_gps,True,2.913403059,2.003575587
105.600000000,dropout_no_gps,True,2.913403059,2.003575587
105.650000000,dropout_no_gps,True,2.913403059,2.003575587
105.701000000,dropout_no_gps,True,2.913403059,2.003575587
105.750000000,dropout_no_gps,True,2.913403059,2.003575587
105.800000000,dropout_no_gps,True,2.913403059,2.003575587
105.851000000,dropout_no_gps,True,2.913403059,2.003575587
105.900000000,dropout_no_gps,True,2.913403059,2.003575587
105.950000000,dropout_no_gps,True,2.913403059,2.003575587
106.000000000,dropout_no_gps,True,2.913403059,2.003575587
106.050000000,dropout_no_gps,True,2.913403059,2.003575587
106.100000000,dropout_no_gps,True,2.913403059,2.003575587
106.160000000,dropout_no_gps,True,2.913403059,2.003575587
106.200000000,dropout_no_gps,True,2.913403059,2.003575587
106.251000000,dropout_no_gps,True,2.913403059,2.003575587
106.300000000,dropout_no_gps,True,2.913403059,2.003575587
106.394000000,dropout_no_gps,True,2.913403059,2.003575587
106.401000000,dropout_no_gps,True,2.913403059,2.003575587
106.453000000,dropout_no_gps,True,2.913403059,2.003575587
106.501000000,dropout_no_gps,True,2.913403059,2.003575587
106.552000000,dropout_no_gps,True,2.913403059,2.003575587
106.611000000,dropout_no_gps,True,2.913403059,2.003575587
106.656000000,dropout_no_gps,True,2.913403059,2.003575587
106.700000000,dropout_no_gps,True,2.913403059,2.003575587
106.753000000,dropout_no_gps,True,2.913403059,2.003575587
106.800000000,dropout_no_gps,True,2.913403059,2.003575587
106.850000000,dropout_no_gps,True,2.913403059,2.003575587
106.900000000,dropout_no_gps,True,2.913403059,2.003575587
106.950000000,dropout_no_gps,True,2.913403059,2.003575587
107.000000000,dropout_no_gps,True,2.913403059,2.003575587
107.050000000,dropout_no_gps,True,2.913403059,2.003575587
107.100000000,dropout_no_gps,True,2.913403059,2.003575587
107.151000000,dropout_no_gps,True,2.913403059,2.003575587
